smelly	-5.41	0.67
stinky	-4.75	1.16
disgusting	-4.71	0.86
worse	-4.66	1.21
breath	-4.61	1.22
dirty	-4.60	1.18
suffer	-4.58	1.55
gross	-4.46	1.25
painful	-4.46	1.42
terrified	-4.36	1.04
dislike	-4.29	1.02
stink	-4.27	1.19
crappy	-4.24	1.51
smelling	-4.23	1.21
severe	-4.22	1.61
caused	-4.18	1.54
cruel	-4.17	1.41
conditions	-4.16	1.48
causes	-4.14	1.65
diseases	-4.14	1.86
disease	-4.08	1.76
filthy	-4.06	1.41
smell	-4.05	1.29
parasites	-4.04	2.02
fleas	-4.02	1.91
smells	-4.01	1.31
due	-4.00	1.65
smelled	-3.98	1.30
ticks	-3.94	2.01
bad	-3.92	1.29
infection	-3.92	1.96
suffering	-3.89	1.65
farts	-3.89	1.35
death	-3.87	1.66
worms	-3.86	1.99
brutal	-3.86	1.46
miserable	-3.84	1.61
abuse	-3.84	1.73
spray	-3.81	1.49
torture	-3.81	1.71
bacteria	-3.79	1.98
infected	-3.77	2.05
spread	-3.74	2.00
fart	-3.73	1.42
carry	-3.70	2.11
urine	-3.61	1.05
bath	-3.61	1.71
inevitable	-3.57	1.70
nightmare	-3.53	1.56
abusive	-3.53	1.75
vacuum	-3.50	1.64
spit	-3.50	1.79
skunk	-3.49	0.99
minor	-3.40	1.34
baths	-3.39	1.88
scent	-3.29	1.03
piss	-3.27	1.10
poo	-3.24	1.09
cuts	-3.24	2.07
vomit	-3.23	1.14
causing	-3.22	1.21
rabies	-3.17	1.81
shitty	-3.17	1.77
sucked	-3.15	1.62
raccoon	-3.15	2.12
afraid	-3.11	1.38
illness	-3.09	1.04
poop	-3.08	1.12
ferret	-3.07	1.02
cause	-3.06	1.29
scar	-3.01	2.04
associated	-3.01	1.18
poops	-2.98	0.92
rain	-2.98	1.88
clean	-2.96	0.81
unfortunate	-2.96	1.72
lead	-2.92	1.30
major	-2.91	1.70
leads	-2.91	1.31
infections	-2.90	1.49
fights	-2.89	2.09
complain	-2.88	1.68
luckily	-2.86	1.94
result	-2.86	1.31
scary	-2.86	1.58
covered	-2.81	1.23
brushed	-2.80	2.00
vicious	-2.79	1.75
plague	-2.78	1.72
slight	-2.78	1.51
awkward	-2.77	1.84
problems	-2.77	1.01
injuries	-2.77	1.01
refused	-2.74	1.84
injury	-2.73	0.92
pee	-2.72	1.02
ignored	-2.71	1.87
disorder	-2.70	1.25
shampoo	-2.70	1.05
horrifying	-2.70	1.44
extreme	-2.69	1.24
sucks	-2.68	1.35
depressing	-2.68	1.76
unhappy	-2.67	2.15
issues	-2.66	1.08
leading	-2.66	1.25
cruelty	-2.64	1.10
mouths	-2.64	0.93
freaks	-2.62	1.70
mild	-2.60	1.13
pisses	-2.58	1.82
everyday	-2.58	1.85
cringe	-2.58	1.39
ferrets	-2.57	1.06
popcorn	-2.57	1.17
depressed	-2.56	2.38
scared	-2.55	2.13
uncomfortable	-2.54	2.25
symptoms	-2.53	0.97
bats	-2.53	1.72
soap	-2.51	0.94
messy	-2.51	0.95
depression	-2.49	1.15
itt	-2.49	2.04
condition	-2.45	1.03
offended	-2.44	2.19
blame	-2.44	2.21
lonely	-2.44	2.39
practice	-2.42	1.74
damage	-2.42	1.05
cleaning	-2.41	0.77
pain	-2.41	1.18
prefers	-2.40	2.21
rid	-2.40	0.87
serious	-2.40	1.18
washing	-2.40	0.92
unnecessary	-2.38	1.12
pathetic	-2.38	1.77
hating	-2.38	2.14
scenario	-2.38	1.98
prevent	-2.37	1.20
offensive	-2.36	1.56
upset	-2.35	2.46
flea	-2.35	1.08
aids	-2.34	1.53
everybody	-2.33	1.70
hose	-2.33	0.91
breathing	-2.33	0.93
diarrhea	-2.33	1.01
washed	-2.32	0.93
board	-2.32	1.72
wash	-2.32	0.89
heartbreaking	-2.32	1.67
dirt	-2.31	1.20
massive	-2.29	1.69
diagnosed	-2.29	1.02
annoying	-2.29	1.52
annoyed	-2.29	2.39
separation	-2.28	1.12
cleaner	-2.28	0.79
bathe	-2.27	1.08
terrifying	-2.27	1.58
mental	-2.26	1.19
unfair	-2.26	1.91
concerned	-2.25	2.28
prone	-2.25	1.17
confused	-2.24	2.41
idiots	-2.24	2.14
worm	-2.24	1.57
allergies	-2.24	0.92
exposed	-2.23	1.16
everywhere	-2.23	1.02
angry	-2.23	2.36
assholes	-2.22	1.87
stereotype	-2.21	2.08
stupid	-2.20	1.66
effects	-2.20	1.09
secretly	-2.20	1.70
touched	-2.20	1.95
kidney	-2.19	1.05
abused	-2.19	1.22
associate	-2.19	1.94
led	-2.18	1.25
drool	-2.18	0.86
acts	-2.18	1.80
anxiety	-2.17	1.11
cases	-2.17	1.10
embarrassed	-2.17	2.50
stress	-2.16	1.22
stressed	-2.15	1.75
mud	-2.15	0.81
frightened	-2.15	1.67
possible	-2.15	1.99
irresponsible	-2.15	1.07
allergy	-2.14	0.82
contract	-2.09	1.47
spiders	-2.08	1.02
bunch	-2.08	2.23
syndrome	-2.08	1.02
allergic	-2.07	1.02
pointless	-2.07	1.10
fresh	-2.06	0.97
wet	-2.06	0.84
dried	-2.04	0.76
cleaned	-2.04	0.81
guilty	-2.04	2.17
occur	-2.04	1.08
hard	-2.04	2.00
haters	-2.03	2.29
exposure	-2.01	1.32
arthritis	-2.00	0.97
dealing	-2.00	1.84
cancer	-2.00	1.21
bathing	-2.00	0.98
trusted	-2.00	1.81
selfish	-2.00	1.02
nervous	-1.99	1.65
bastards	-1.98	1.71
content	-1.98	2.77
rule	-1.98	2.67
risk	-1.98	1.04
except	-1.97	1.72
deadly	-1.97	0.98
saliva	-1.95	1.09
dust	-1.95	0.74
people	-1.93	2.21
bugs	-1.93	1.47
failure	-1.92	1.04
anxious	-1.91	1.69
signs	-1.91	1.14
remind	-1.91	2.01
potentially	-1.91	1.09
suicide	-1.90	1.12
imo	-1.90	1.52
racist	-1.89	1.85
fatal	-1.88	0.96
fuckers	-1.88	1.86
dysplasia	-1.87	0.98
dishes	-1.87	0.82
sick	-1.86	2.38
spreading	-1.85	1.36
joint	-1.85	0.99
sink	-1.85	0.94
procedure	-1.85	1.00
ashamed	-1.85	2.59
sniff	-1.84	1.03
potential	-1.83	1.00
freaked	-1.83	1.59
skeptical	-1.83	2.55
screw	-1.82	2.26
slaughter	-1.82	1.12
amusing	-1.82	1.63
ridiculous	-1.82	1.63
tested	-1.81	1.45
developed	-1.81	1.04
develop	-1.81	1.11
gas	-1.81	0.92
felt	-1.79	2.54
harsh	-1.79	1.10
horribly	-1.78	1.05
sob	-1.78	2.67
freak	-1.78	1.16
tub	-1.78	0.96
shits	-1.78	0.94
pissed	-1.77	2.56
bleeding	-1.77	1.12
creepy	-1.77	1.76
startled	-1.77	1.77
tumor	-1.76	1.08
thunder	-1.74	0.94
shower	-1.73	0.94
bathtub	-1.70	0.96
wipe	-1.70	0.93
feel	-1.69	2.61
rape	-1.68	1.11
diabetes	-1.68	1.07
feeling	-1.68	2.29
regularly	-1.68	1.01
obese	-1.68	1.08
cry	-1.67	2.51
pressure	-1.67	0.91
harm	-1.67	1.18
dryer	-1.66	0.85
satisfied	-1.66	2.24
suspicious	-1.66	2.00
neglected	-1.65	1.27
ruin	-1.65	1.95
loss	-1.64	1.69
industry	-1.64	1.04
dish	-1.63	0.88
confusing	-1.63	1.97
harder	-1.63	1.20
me	-1.63	2.62
liver	-1.62	1.09
badly	-1.62	1.26
starving	-1.61	1.19
brush	-1.60	1.09
raccoons	-1.60	1.23
disturbing	-1.59	1.40
rides	-1.59	2.47
bathed	-1.59	1.02
developing	-1.58	0.97
wound	-1.58	1.35
useless	-1.58	1.00
sounds	-1.58	1.69
genetic	-1.58	1.02
shitting	-1.58	0.89
especially	-1.58	1.96
breaking	-1.58	1.25
enemy	-1.57	1.88
medication	-1.57	0.79
stitches	-1.57	1.38
groom	-1.57	1.00
cure	-1.56	0.97
reduce	-1.56	1.07
murder	-1.56	0.92
immune	-1.56	1.00
nicer	-1.55	1.11
water	-1.55	0.92
pooped	-1.54	0.97
hips	-1.54	0.93
groomed	-1.54	1.02
thoroughly	-1.54	1.03
laundry	-1.53	0.81
boring	-1.53	1.11
scare	-1.52	1.16
bored	-1.52	1.91
health	-1.51	0.97
imply	-1.51	2.78
factory	-1.51	1.05
stressful	-1.51	1.19
noises	-1.51	1.09
familiar	-1.51	2.27
peed	-1.51	0.96
hungry	-1.50	1.85
implying	-1.50	2.59
harmful	-1.50	0.90
rodents	-1.50	1.16
skinny	-1.49	1.34
whole	-1.49	2.32
towel	-1.49	0.81
alot	-1.49	1.06
rude	-1.49	1.35
fear	-1.48	1.09
brushing	-1.48	0.98
bigger	-1.48	1.10
carrying	-1.47	1.47
likely	-1.47	1.17
bat	-1.46	1.36
hurts	-1.45	2.09
sudden	-1.44	1.08
refuses	-1.44	2.12
stronger	-1.44	1.05
permanent	-1.43	0.97
reputation	-1.43	0.98
toilet	-1.43	0.77
fault	-1.43	1.62
than	-1.43	1.11
blow	-1.43	0.84
threatened	-1.42	1.49
blood	-1.42	0.88
autism	-1.42	1.06
ignorant	-1.42	1.35
accident	-1.42	0.93
irrelevant	-1.41	2.66
happier	-1.41	1.14
breathe	-1.41	1.22
hairless	-1.41	0.91
tastes	-1.40	1.19
shocked	-1.40	1.75
burning	-1.39	0.88
tbh	-1.38	1.53
suck	-1.38	1.99
frequent	-1.38	0.82
grooming	-1.37	0.94
disagree	-1.37	2.90
die	-1.36	1.27
odd	-1.36	1.60
amused	-1.36	1.89
significantly	-1.36	1.06
meds	-1.34	0.79
severely	-1.34	1.37
air	-1.34	0.84
strange	-1.33	1.78
assumption	-1.33	2.74
tired	-1.33	2.02
create	-1.33	1.12
destruction	-1.33	0.98
slow	-1.33	1.10
enjoys	-1.33	2.19
scars	-1.33	1.20
machine	-1.32	0.73
cuter	-1.32	1.16
disability	-1.32	1.04
forced	-1.32	1.18
makes	-1.31	2.50
treating	-1.30	0.98
routine	-1.30	0.92
deaths	-1.30	0.91
accidents	-1.30	0.98
avoid	-1.29	1.13
unsure	-1.29	1.82
flies	-1.29	1.18
pleasant	-1.29	1.49
insane	-1.29	1.15
unlikely	-1.29	1.00
teenager	-1.28	1.21
bothers	-1.28	1.33
difficult	-1.27	1.18
panic	-1.26	1.04
drunk	-1.26	1.94
poison	-1.26	0.99
clue	-1.26	3.14
fond	-1.26	1.18
much	-1.26	1.23
involved	-1.26	1.10
supposed	-1.25	3.32
bothered	-1.25	2.04
mess	-1.25	1.10
retarded	-1.24	1.25
breaks	-1.24	2.47
improve	-1.24	1.08
justify	-1.24	1.33
liquid	-1.23	0.79
less	-1.23	1.13
results	-1.23	1.02
bitter	-1.23	1.35
entertainment	-1.22	0.98
taste	-1.22	1.13
frequently	-1.22	0.90
scares	-1.22	1.16
peta	-1.22	0.84
circumstances	-1.21	1.05
24/7	-1.21	0.92
victim	-1.21	0.93
sign	-1.21	1.09
brain	-1.20	1.06
lily	-1.20	1.93
cops	-1.20	1.06
liar	-1.20	1.15
any	-1.20	1.54
towels	-1.20	0.81
voting	-1.19	1.51
geese	-1.19	0.96
nightmares	-1.19	1.03
drain	-1.19	0.79
saying	-1.19	3.34
expected	-1.19	1.21
injured	-1.18	1.30
aware	-1.17	2.12
daily	-1.17	0.91
distracted	-1.17	1.63
weak	-1.17	1.36
defensive	-1.17	1.62
issue	-1.17	1.45
liked	-1.16	1.96
yelled	-1.16	1.16
carried	-1.16	1.27
plain	-1.15	0.96
funnier	-1.15	1.28
treatment	-1.15	0.98
supporting	-1.14	1.07
dry	-1.14	0.75
basis	-1.14	1.08
whore	-1.14	1.20
expensive	-1.13	0.95
exhausted	-1.13	1.86
swear	-1.13	2.11
complicated	-1.13	1.21
sound	-1.13	1.46
lame	-1.13	1.22
impossible	-1.13	1.59
intentionally	-1.12	1.09
dangerous	-1.12	0.84
risks	-1.11	1.03
revenge	-1.11	0.80
consistent	-1.11	1.10
ruined	-1.10	0.80
loud	-1.10	1.24
carpet	-1.10	0.99
struggling	-1.09	1.25
hugged	-1.09	2.33
fate	-1.09	1.09
nowadays	-1.09	0.78
barely	-1.09	1.38
noise	-1.09	1.13
complaining	-1.09	1.50
and/or	-1.09	1.13
pooping	-1.09	0.83
rodent	-1.08	0.84
advantage	-1.08	0.86
moron	-1.08	1.35
territory	-1.08	0.91
owners	-1.07	0.95
disappointed	-1.07	1.92
stories	-1.07	2.38
weirdo	-1.06	1.93
shedding	-1.06	0.79
done	-1.06	2.81
prick	-1.06	1.28
clothes	-1.06	0.85
crime	-1.06	0.98
downvoting	-1.06	1.54
mean	-1.06	3.23
remove	-1.05	0.94
peeing	-1.05	0.88
treated	-1.05	1.06
removed	-1.05	1.42
thinking	-1.05	3.13
related	-1.05	1.07
convinced	-1.05	1.93
crack	-1.04	1.05
reaction	-1.04	1.07
squirrels	-1.04	1.09
cheap	-1.04	0.96
must	-1.03	2.48
danger	-1.03	1.06
pills	-1.03	0.78
bullshit	-1.03	1.42
not	-1.03	3.25
worried	-1.03	2.01
medicine	-1.03	0.84
poorly	-1.03	1.01
better	-1.02	1.32
made	-1.02	2.42
bs	-1.02	1.27
affect	-1.02	1.18
dump	-1.02	0.83
upper	-1.02	1.20
hip	-1.01	0.88
occasional	-1.01	0.70
fake	-1.01	1.10
crash	-1.01	0.93
harmless	-1.01	0.94
significant	-1.00	0.97
reposts	-1.00	1.49
jerk	-1.00	1.25
regular	-0.99	0.86
shock	-0.99	1.04
created	-0.99	1.15
considered	-0.99	1.07
generic	-0.99	0.90
ignore	-0.99	1.52
blowing	-0.99	0.89
quality	-0.99	0.93
easier	-0.98	1.36
common	-0.97	1.89
hardly	-0.97	1.28
fucked	-0.97	1.97
emotionally	-0.96	1.18
fish	-0.96	0.88
situations	-0.96	1.08
beings	-0.96	1.00
behavioral	-0.96	0.91
mentally	-0.96	1.13
farms	-0.96	0.88
cropping	-0.95	0.89
easiest	-0.95	2.73
douche	-0.95	1.30
kinda	-0.94	2.35
sack	-0.94	0.83
snakes	-0.94	0.85
physically	-0.94	1.31
rules	-0.94	1.64
incident	-0.94	0.96
pissing	-0.94	0.86
earth	-0.94	2.75
cooler	-0.94	0.95
carries	-0.93	1.19
toxic	-0.93	0.94
trolling	-0.93	1.54
climate	-0.93	0.91
messed	-0.93	2.40
drank	-0.93	0.84
trail	-0.92	0.76
wind	-0.92	0.74
alcohol	-0.92	1.03
charged	-0.92	0.99
whine	-0.92	1.17
sweat	-0.91	1.05
make	-0.91	2.01
forcing	-0.91	0.92
joking	-0.91	3.14
evil	-0.91	1.05
movement	-0.90	0.94
methods	-0.90	1.04
hurt	-0.90	2.02
tap	-0.90	0.90
hedgehog	-0.90	0.71
oil	-0.90	0.76
warned	-0.90	1.07
captivity	-0.90	1.05
myself	-0.90	1.89
there	-0.89	3.00
pretending	-0.88	1.45
pool	-0.88	0.74
sharp	-0.88	0.90
removing	-0.88	0.93
waste	-0.88	0.98
drug	-0.87	0.89
choke	-0.86	1.03
itself	-0.86	1.27
spelling	-0.86	2.59
hearing	-0.86	1.01
growl	-0.86	1.05
unable	-0.85	1.43
juice	-0.85	0.85
sniffing	-0.85	0.86
trolls	-0.85	1.37
right	-0.85	3.15
whoring	-0.85	1.41
true	-0.85	2.99
drown	-0.85	0.85
titles	-0.85	1.65
surprised	-0.84	2.17
swim	-0.84	0.78
groomer	-0.84	0.79
nonsense	-0.84	1.23
clear	-0.84	2.66
mildly	-0.84	1.19
poisonous	-0.84	0.84
reposting	-0.83	1.45
imagining	-0.83	1.44
plants	-0.83	0.99
hear	-0.83	1.23
plotting	-0.83	1.09
guinea	-0.83	0.79
trimmed	-0.83	0.81
mods	-0.83	1.70
risky	-0.83	1.09
opposed	-0.82	0.72
stepped	-0.82	0.99
usual	-0.82	1.02
pass	-0.82	1.52
agree	-0.82	3.13
attack	-0.82	0.90
hay	-0.81	0.73
snow	-0.81	0.72
temperature	-0.81	0.89
positive	-0.81	0.94
spelled	-0.81	2.92
bowls	-0.81	0.73
reactions	-0.81	0.96
impact	-0.81	1.07
existence	-0.81	1.52
rats	-0.81	0.87
laughing	-0.81	1.65
planning	-0.80	1.46
butts	-0.80	0.97
bubble	-0.80	0.77
swimming	-0.80	0.75
overweight	-0.80	1.25
arguing	-0.80	1.96
plug	-0.79	0.81
dying	-0.79	1.24
hears	-0.79	0.99
system	-0.79	1.15
eye	-0.79	1.20
welfare	-0.79	0.99
encourage	-0.79	1.15
bites	-0.79	0.83
smaller	-0.78	1.10
sidebar	-0.78	1.83
situation	-0.78	1.16
anytime	-0.78	1.26
starve	-0.78	1.23
contain	-0.78	1.08
nothing	-0.78	1.85
exciting	-0.78	1.85
making	-0.78	1.65
skittish	-0.78	1.19
sneeze	-0.78	1.13
everytime	-0.78	1.35
hardest	-0.78	2.81
survived	-0.77	0.99
trouble	-0.77	1.39
beer	-0.77	0.87
liking	-0.77	0.93
number	-0.77	0.95
presence	-0.77	0.85
scream	-0.77	1.18
cheaper	-0.77	1.04
carrier	-0.76	0.96
reality	-0.76	1.12
subs	-0.76	1.71
faster	-0.76	1.09
chances	-0.76	0.96
reported	-0.76	1.00
shots	-0.76	0.97
fortunately	-0.76	1.04
trash	-0.75	0.91
intense	-0.75	1.09
concrete	-0.75	0.80
tests	-0.75	1.16
physical	-0.75	0.96
idiot	-0.75	1.47
struggle	-0.75	1.01
deep	-0.75	0.87
myth	-0.75	1.33
drops	-0.75	0.84
percentage	-0.74	0.96
problem	-0.74	1.99
report	-0.74	0.99
environment	-0.74	1.01
safety	-0.74	1.08
pleased	-0.74	2.09
larger	-0.74	1.06
troll	-0.74	1.34
threads	-0.73	1.40
attacks	-0.73	0.87
wont	-0.73	1.68
fucks	-0.73	1.26
themselves	-0.73	1.61
raining	-0.73	0.89
foxes	-0.73	1.01
storm	-0.73	0.86
bowl	-0.73	0.75
regardless	-0.72	1.59
calling	-0.72	1.46
thing	-0.72	2.71
biggest	-0.72	2.82
case	-0.72	2.10
box	-0.72	0.78
seal	-0.72	1.04
longer	-0.72	1.14
legitimately	-0.72	1.72
dumbass	-0.72	1.37
creep	-0.72	1.13
redditors	-0.72	1.44
shame	-0.72	2.27
curious	-0.72	2.12
flavor	-0.72	0.92
sounded	-0.71	1.51
test	-0.71	1.22
trim	-0.71	0.79
kills	-0.71	0.99
gotten	-0.71	1.52
i.e	-0.71	1.01
justice	-0.71	1.14
somehow	-0.71	1.68
wondering	-0.71	2.37
ear	-0.71	1.19
fix	-0.71	1.74
garbage	-0.71	1.04
refuse	-0.70	1.47
safer	-0.70	1.15
howling	-0.70	1.07
yell	-0.70	1.18
safely	-0.70	1.33
otter	-0.70	0.87
bolt	-0.69	1.05
sheets	-0.69	0.87
saddest	-0.69	2.92
dammit	-0.69	1.98
flow	-0.69	1.02
misleading	-0.69	2.73
livestock	-0.69	0.89
crawling	-0.69	1.04
millions	-0.69	0.97
automatically	-0.69	1.37
animal	-0.69	1.04
attempts	-0.69	1.40
mauled	-0.68	0.77
general	-0.68	1.10
dicks	-0.68	1.29
trigger	-0.68	0.97
amazed	-0.68	1.56
heard	-0.68	1.93
hiss	-0.68	1.09
upvoting	-0.68	1.39
protected	-0.68	1.02
impressed	-0.68	1.82
ive	-0.67	2.86
biased	-0.67	2.17
tagged	-0.67	1.42
overall	-0.67	1.04
smoke	-0.67	0.84
handling	-0.67	0.79
insert	-0.67	1.11
default	-0.67	1.49
unhealthy	-0.67	0.95
falling	-0.67	1.05
grass	-0.67	0.77
confusion	-0.67	1.08
ones	-0.67	1.04
tough	-0.67	1.75
crying	-0.66	1.33
jerks	-0.66	1.12
tuna	-0.66	0.75
threat	-0.66	1.15
ever	-0.66	2.86
drugs	-0.66	0.89
weird	-0.66	2.18
react	-0.66	1.10
drink	-0.66	0.78
guess	-0.66	3.10
soda	-0.66	0.82
checked	-0.66	1.13
glider	-0.65	0.81
track	-0.65	0.86
bark	-0.65	1.16
cried	-0.65	1.35
managed	-0.65	1.56
bomb	-0.65	0.88
benefit	-0.65	1.03
ants	-0.65	1.15
alien	-0.65	1.05
attempting	-0.65	1.47
drinks	-0.65	0.78
bother	-0.64	2.25
conclusion	-0.64	1.47
asshole	-0.64	1.26
rates	-0.64	0.95
am	-0.64	2.09
screaming	-0.64	1.10
wine	-0.64	0.89
coffee	-0.64	0.87
ship	-0.64	0.85
normal	-0.64	0.99
shorter	-0.64	1.06
actively	-0.63	1.16
mice	-0.63	0.91
hedgehogs	-0.63	0.91
talking	-0.63	2.57
clipped	-0.63	0.71
tooth	-0.63	0.98
cold	-0.63	0.77
dropping	-0.62	1.08
acting	-0.62	1.13
dead	-0.62	1.36
hairy	-0.62	1.02
rabbits	-0.62	0.87
police	-0.62	0.93
sand	-0.62	0.80
sexual	-0.62	1.08
closer	-0.62	1.09
unknown	-0.62	0.95
blew	-0.62	0.98
hamsters	-0.62	0.77
damnit	-0.62	2.12
break	-0.62	1.34
frame	-0.62	0.91
bus	-0.61	1.00
guns	-0.61	0.90
bathroom	-0.61	0.85
glance	-0.61	1.47
punishment	-0.61	0.96
production	-0.61	0.82
acknowledge	-0.61	1.56
frankly	-0.61	1.10
freezing	-0.61	0.81
inbreeding	-0.61	0.93
patients	-0.61	0.93
popular	-0.61	0.84
thumbnail	-0.61	1.62
nails	-0.61	0.78
cries	-0.61	1.15
sorry	-0.61	2.67
admit	-0.61	2.10
sure	-0.60	3.00
bury	-0.60	0.98
river	-0.60	0.82
greatest	-0.60	2.89
guilt	-0.60	1.42
often	-0.60	1.01
spam	-0.60	1.52
bug	-0.60	1.15
lower	-0.60	0.94
weather	-0.60	0.82
hideous	-0.60	1.49
loaded	-0.60	1.17
barks	-0.60	1.04
somebody	-0.60	1.44
vets	-0.60	0.96
logical	-0.60	1.56
despite	-0.60	0.99
pile	-0.60	0.83
owls	-0.59	0.98
majority	-0.59	1.02
insult	-0.59	1.55
meowing	-0.59	1.05
broken	-0.59	1.16
ill	-0.59	1.68
missed	-0.59	2.43
car	-0.59	0.93
walks	-0.59	1.08
possum	-0.59	1.08
container	-0.59	0.77
repost	-0.59	1.45
reasons	-0.58	1.23
spine	-0.58	0.87
dare	-0.58	1.59
prepare	-0.58	0.95
boat	-0.58	0.80
left	-0.58	1.41
development	-0.58	0.87
driving	-0.57	1.01
99	-0.57	1.20
bloody	-0.57	0.85
jokes	-0.57	1.48
dose	-0.57	0.83
violent	-0.57	0.87
combined	-0.57	0.92
sadness	-0.57	1.24
phase	-0.57	1.02
accounts	-0.57	1.38
coolest	-0.57	2.88
argue	-0.57	2.14
mad	-0.57	2.03
phones	-0.57	0.91
ignoring	-0.56	1.79
deal	-0.56	1.89
attempt	-0.56	1.48
remotely	-0.56	1.53
low	-0.56	1.00
winter	-0.56	0.81
rolling	-0.56	0.93
allows	-0.56	1.33
indoors	-0.56	1.24
greater	-0.56	1.02
incorrect	-0.56	3.00
bees	-0.56	0.98
rate	-0.56	0.97
telling	-0.56	2.34
policy	-0.56	1.23
existed	-0.56	1.77
followed	-0.56	0.96
doing	-0.55	2.99
solution	-0.55	1.06
tags	-0.55	1.09
testing	-0.55	1.13
coyote	-0.55	0.93
tried	-0.55	1.76
by	-0.55	0.93
birds	-0.55	0.93
shave	-0.55	0.84
public	-0.55	0.98
discussion	-0.55	1.68
smarter	-0.55	1.12
funniest	-0.55	2.78
interested	-0.55	1.89
normally	-0.55	1.41
turd	-0.55	0.98
fool	-0.55	1.33
happens	-0.55	1.72
manage	-0.55	1.82
desperate	-0.55	1.35
exists	-0.55	1.51
imagine	-0.55	2.19
careful	-0.55	1.57
stage	-0.55	1.02
otters	-0.54	0.82
flying	-0.54	0.94
argument	-0.54	1.72
happiest	-0.54	2.85
cock	-0.54	0.80
bum	-0.54	0.89
screams	-0.54	1.02
sorts	-0.54	1.15
possibility	-0.54	1.49
unwanted	-0.54	1.02
besides	-0.54	1.59
leaves	-0.54	0.94
drives	-0.54	0.92
smoking	-0.54	0.98
adding	-0.53	1.16
oc	-0.53	1.37
hurting	-0.53	1.41
desert	-0.53	0.86
novelty	-0.53	1.23
thought	-0.53	1.79
therapy	-0.53	0.95
lying	-0.53	1.21
posts	-0.53	1.56
responding	-0.53	2.11
population	-0.53	0.99
shed	-0.53	0.75
feline	-0.53	1.22
eats	-0.53	0.81
solved	-0.53	1.02
described	-0.53	1.09
indicate	-0.53	1.20
fill	-0.52	0.80
torn	-0.52	0.90
marks	-0.52	0.90
lot	-0.52	1.28
simple	-0.52	1.40
odds	-0.52	1.02
panting	-0.52	1.02
laws	-0.52	1.08
meow	-0.52	1.03
acted	-0.52	1.14
cares	-0.52	1.39
mentality	-0.52	0.86
easy	-0.52	1.56
bit	-0.52	1.49
heavily	-0.52	1.08
following	-0.52	1.15
assume	-0.52	2.62
older	-0.52	1.14
solve	-0.51	1.66
visits	-0.51	0.86
wouldnt	-0.51	1.76
suspect	-0.51	1.90
bucket	-0.51	0.76
irl	-0.51	0.86
iphone	-0.51	0.90
ca	-0.51	2.05
pigs	-0.51	0.79
meant	-0.51	3.20
ocean	-0.51	0.82
occasionally	-0.51	1.04
yelling	-0.51	1.25
favourite	-0.51	2.71
lake	-0.51	0.82
underwear	-0.51	0.89
keeps	-0.51	1.30
knee	-0.51	1.03
expecting	-0.51	1.52
necessarily	-0.51	2.04
sooner	-0.51	1.32
kill	-0.51	1.41
complete	-0.50	1.12
bottle	-0.50	0.93
stop	-0.50	1.40
allowed	-0.50	1.80
skin	-0.50	0.81
law	-0.50	1.10
surrounded	-0.50	1.06
mention	-0.50	2.07
bitten	-0.50	1.38
invasive	-0.50	0.91
advanced	-0.50	0.96
blog	-0.50	1.54
trying	-0.50	1.97
replying	-0.50	2.03
suggesting	-0.50	2.07
karma	-0.50	1.29
hissing	-0.50	0.96
gets	-0.50	1.28
muscle	-0.49	0.90
fools	-0.49	1.15
lizards	-0.49	0.91
breeding	-0.49	0.92
medical	-0.49	0.98
couldnt	-0.49	1.87
busy	-0.49	1.21
start	-0.49	1.20
users	-0.49	1.33
pick	-0.49	1.68
ended	-0.49	1.20
americans	-0.49	1.21
future	-0.49	1.78
inbred	-0.48	0.91
delicious	-0.48	1.00
cars	-0.48	0.89
worry	-0.48	2.45
driver	-0.48	0.97
assumptions	-0.48	1.44
disabled	-0.48	1.08
cutest	-0.48	2.79
anywhere	-0.48	2.21
burst	-0.48	1.25
forth	-0.48	0.97
logic	-0.48	1.50
stroke	-0.48	0.82
drinking	-0.48	0.85
dumb	-0.48	1.28
whining	-0.48	1.05
bottles	-0.48	0.96
tank	-0.48	0.79
anger	-0.47	1.22
higher	-0.47	0.98
wasted	-0.47	1.08
floating	-0.47	0.74
practically	-0.47	1.00
rat	-0.47	0.92
increase	-0.47	0.97
pretend	-0.47	2.34
horses	-0.47	0.86
sort	-0.47	1.50
reddit	-0.47	1.46
healthier	-0.47	1.01
ban	-0.47	0.97
loudly	-0.47	1.07
rarely	-0.47	1.00
obvious	-0.47	1.63
defend	-0.46	1.34
easily	-0.46	1.48
gliders	-0.46	0.83
or	-0.46	2.34
looked	-0.46	1.84
happening	-0.46	2.27
bike	-0.46	0.94
cant	-0.46	2.01
claiming	-0.46	1.39
e.g	-0.46	1.18
bar	-0.46	0.95
squirrel	-0.46	0.99
wondered	-0.46	1.90
drawer	-0.46	0.87
starting	-0.46	1.69
responsible	-0.46	1.05
try	-0.46	1.89
lies	-0.45	1.26
regret	-0.45	1.48
chance	-0.45	1.41
more	-0.45	1.39
subreddits	-0.45	1.55
summer	-0.45	0.80
buck	-0.45	0.80
average	-0.45	1.04
baked	-0.45	1.08
whatsoever	-0.45	1.32
hitting	-0.45	1.03
dairy	-0.45	0.79
blown	-0.45	0.93
able	-0.45	2.01
benefits	-0.45	1.02
mind	-0.45	2.24
vehicle	-0.45	0.92
growling	-0.44	1.00
oddly	-0.44	1.49
downvote	-0.44	1.36
stating	-0.44	1.87
veal	-0.44	0.88
price	-0.44	0.95
traffic	-0.44	0.95
assuming	-0.44	2.47
asking	-0.44	2.25
elsewhere	-0.44	1.29
wo	-0.44	1.96
laughed	-0.44	1.73
barking	-0.44	1.09
seat	-0.44	0.95
weed	-0.44	0.93
fast	-0.44	1.37
passenger	-0.43	0.94
glass	-0.43	0.82
stealing	-0.43	1.27
instead	-0.43	1.30
sea	-0.43	0.81
implies	-0.43	1.39
kitchen	-0.43	0.87
rocks	-0.43	0.91
going	-0.43	2.63
event	-0.43	0.92
lifespan	-0.43	1.00
seals	-0.43	0.82
assumed	-0.43	2.19
slightly	-0.43	1.23
ruining	-0.43	0.93
products	-0.43	0.75
pond	-0.43	0.80
apologize	-0.43	2.05
licked	-0.43	0.97
guessing	-0.43	2.02
activity	-0.43	0.82
res	-0.43	1.09
likes	-0.42	2.17
happen	-0.42	2.39
greatly	-0.42	1.17
driveway	-0.42	0.98
destroying	-0.42	0.88
hence	-0.42	0.95
random	-0.42	1.16
losing	-0.42	1.09
figured	-0.42	2.08
empty	-0.42	0.78
ironic	-0.42	1.26
ignorance	-0.42	1.05
fly	-0.42	1.10
fighting	-0.42	0.96
cooking	-0.42	0.80
animals	-0.42	0.97
spring	-0.42	0.82
apply	-0.42	1.30
puns	-0.41	1.28
pulling	-0.41	1.27
destroyed	-0.41	0.93
passes	-0.41	1.03
negative	-0.41	1.11
customers	-0.41	1.16
biting	-0.41	0.95
surely	-0.41	1.12
personally	-0.41	1.83
effect	-0.41	0.93
prove	-0.41	1.79
loads	-0.41	0.95
debate	-0.41	1.75
follow	-0.41	1.22
factor	-0.41	1.27
understand	-0.41	2.50
designed	-0.41	1.27
nor	-0.41	1.91
m	-0.41	2.27
strictly	-0.41	0.83
never	-0.41	1.96
deeply	-0.41	1.50
option	-0.41	1.25
truth	-0.41	1.48
aquarium	-0.40	0.87
selective	-0.40	0.93
roll	-0.40	0.93
success	-0.40	1.06
belong	-0.40	1.58
studies	-0.40	1.38
explain	-0.40	2.36
warmer	-0.40	0.94
preferred	-0.40	0.88
account	-0.40	1.44
broke	-0.40	1.20
dumped	-0.40	1.04
downvotes	-0.39	1.33
quit	-0.39	1.33
fox	-0.39	0.94
kicking	-0.39	1.08
necessary	-0.39	1.18
pocket	-0.39	1.00
fridge	-0.39	0.90
end	-0.39	1.13
pepper	-0.39	0.88
decent	-0.39	1.85
decided	-0.39	1.38
reasonable	-0.39	1.46
beating	-0.39	1.42
bell	-0.39	0.92
hmmm	-0.39	1.21
clarify	-0.39	3.04
predators	-0.39	0.89
appear	-0.39	1.37
without	-0.39	1.29
flight	-0.39	0.98
monster	-0.39	0.97
vast	-0.39	0.95
surgery	-0.39	0.95
educate	-0.39	1.54
illegal	-0.39	0.98
puss	-0.39	0.78
amounts	-0.38	0.93
no	-0.38	2.41
sloths	-0.38	0.98
backpack	-0.38	0.93
limit	-0.38	1.06
machines	-0.38	0.85
typically	-0.38	1.04
suggest	-0.38	1.55
twice	-0.38	0.94
loose	-0.38	1.14
bin	-0.38	0.83
terribly	-0.38	1.42
everyone	-0.38	1.59
started	-0.38	1.14
control	-0.38	1.04
allowing	-0.38	1.28
race	-0.38	0.98
direct	-0.38	1.26
riding	-0.38	0.86
messing	-0.38	1.57
setting	-0.38	0.85
cow	-0.38	0.80
realized	-0.38	1.93
determine	-0.37	1.46
whenever	-0.37	1.26
anymore	-0.37	2.48
failed	-0.37	1.15
false	-0.37	1.60
plane	-0.37	0.84
stopped	-0.37	1.19
cop	-0.37	0.93
gun	-0.37	0.89
submission	-0.37	1.46
lid	-0.37	0.84
yoda	-0.37	1.13
force	-0.37	1.03
unless	-0.37	2.40
ugly	-0.37	1.33
do	-0.37	2.43
tear	-0.37	1.22
perform	-0.37	0.99
euthanized	-0.37	1.06
yourself	-0.37	1.82
commenting	-0.37	1.55
sight	-0.37	0.91
cans	-0.37	0.81
afterwards	-0.37	0.83
meows	-0.37	1.04
coyotes	-0.36	0.93
anything	-0.36	2.35
nobody	-0.36	1.83
cows	-0.36	0.80
enter	-0.36	1.19
runs	-0.36	1.12
said	-0.36	2.19
exception	-0.36	1.26
section	-0.36	1.21
reptiles	-0.36	0.85
endangered	-0.36	0.98
others	-0.36	1.36
willing	-0.36	2.15
allow	-0.36	1.36
say	-0.36	2.59
genetics	-0.36	1.01
realize	-0.36	2.50
matters	-0.36	1.82
someone	-0.36	1.89
starts	-0.36	1.06
levels	-0.36	0.94
butt	-0.36	0.88
can	-0.36	2.22
expert	-0.36	1.61
shoot	-0.36	0.98
convince	-0.36	1.89
fine	-0.36	2.80
plenty	-0.36	1.22
handy	-0.36	1.01
which	-0.35	1.55
deaf	-0.35	1.02
tendency	-0.35	1.11
prices	-0.35	0.89
lemur	-0.35	0.94
know	-0.35	2.55
meat	-0.35	0.81
drive	-0.35	0.96
downvoted	-0.35	1.58
snake	-0.35	0.84
replaced	-0.35	1.06
extinct	-0.35	1.20
tell	-0.35	2.46
hit	-0.35	0.96
creating	-0.35	1.02
moves	-0.35	1.16
believe	-0.35	2.58
killing	-0.35	0.87
constantly	-0.35	1.15
statistics	-0.35	1.22
motion	-0.34	0.89
tasty	-0.34	0.98
clip	-0.34	0.75
unexpected	-0.34	0.94
suggests	-0.34	1.19
notice	-0.34	2.34
fact	-0.34	2.12
mostly	-0.34	1.18
cups	-0.34	0.85
dna	-0.34	1.25
lazy	-0.34	1.08
somewhere	-0.34	2.05
dies	-0.34	1.11
blows	-0.34	0.93
consider	-0.34	1.51
lied	-0.34	1.11
safe	-0.34	1.45
where	-0.34	2.50
eaten	-0.34	1.00
pets	-0.33	0.99
drowning	-0.33	0.88
wheels	-0.33	0.80
greet	-0.33	1.12
anybody	-0.33	2.11
tame	-0.33	0.94
tight	-0.33	1.18
profit	-0.33	0.94
picks	-0.33	1.03
be	-0.33	2.47
if	-0.33	2.56
ready	-0.33	1.83
dig	-0.33	0.88
resources	-0.33	1.07
judge	-0.33	1.84
laugh	-0.33	1.71
hook	-0.33	1.02
tag	-0.33	1.18
references	-0.33	1.14
gender	-0.33	1.24
road	-0.33	1.00
theirs	-0.33	1.30
here	-0.33	1.97
doctor	-0.32	0.95
gang	-0.32	0.92
surprising	-0.32	1.44
truck	-0.32	0.93
realizing	-0.32	1.71
naked	-0.32	1.09
weight	-0.32	1.01
meeting	-0.32	1.02
stoat	-0.32	0.88
tends	-0.32	1.10
been	-0.32	1.85
something	-0.32	2.47
research	-0.32	1.38
else	-0.32	2.30
realised	-0.32	1.73
access	-0.32	0.97
destroy	-0.32	0.95
get	-0.32	2.01
himself	-0.32	1.33
species	-0.32	0.95
study	-0.32	1.21
zero	-0.32	1.10
deeper	-0.32	0.92
statement	-0.32	1.62
stopping	-0.32	1.10
hides	-0.32	1.02
walked	-0.32	1.19
hid	-0.32	0.99
edge	-0.31	0.91
relief	-0.31	1.11
anecdotal	-0.31	1.57
prefer	-0.31	0.86
matter	-0.31	2.48
bedroom	-0.31	0.95
fire	-0.31	0.89
retard	-0.31	1.21
secure	-0.31	1.45
comfortable	-0.31	2.36
cart	-0.31	0.87
comments	-0.31	1.45
sneak	-0.31	1.26
cloud	-0.31	0.88
sucking	-0.31	0.94
cracked	-0.31	1.07
dwarf	-0.31	0.80
recommend	-0.31	1.62
train	-0.31	1.32
growth	-0.31	0.91
pulled	-0.31	1.05
outdoors	-0.31	1.21
herself	-0.30	1.30
yet	-0.30	2.00
front	-0.30	1.31
hamster	-0.30	0.78
voted	-0.30	1.72
inside	-0.30	1.08
previous	-0.30	1.09
required	-0.30	0.95
idea	-0.30	2.26
attacked	-0.30	0.94
jumping	-0.30	1.00
wild	-0.30	0.92
tells	-0.30	1.56
challenge	-0.30	0.86
figure	-0.30	2.44
thankfully	-0.30	1.36
wins	-0.30	0.98
cages	-0.30	0.93
closet	-0.30	0.94
superior	-0.30	1.10
longest	-0.30	2.45
continue	-0.30	1.28
wasnt	-0.30	1.60
highway	-0.30	0.99
populations	-0.30	0.95
suddenly	-0.30	1.23
stops	-0.29	1.12
survive	-0.29	1.47
difference	-0.29	1.72
whether	-0.29	1.86
exotic	-0.29	0.91
fight	-0.29	1.03
spider	-0.29	0.93
places	-0.29	1.42
happened	-0.29	1.82
shoes	-0.29	0.82
recommended	-0.29	0.87
floor	-0.29	0.87
escaped	-0.29	1.04
chickens	-0.29	0.83
reposted	-0.29	1.38
indoor	-0.29	1.09
release	-0.29	0.97
shopped	-0.29	1.15
habitat	-0.29	0.93
ran	-0.29	1.11
small	-0.29	1.03
basement	-0.29	0.93
successfully	-0.29	1.22
caught	-0.29	1.03
dinosaur	-0.29	0.75
attitude	-0.29	1.11
fishing	-0.28	0.90
either	-0.28	2.59
claim	-0.28	1.56
knew	-0.28	2.06
hiking	-0.28	0.90
noticed	-0.28	1.72
aggressive	-0.28	0.91
feels	-0.28	2.39
important	-0.28	1.21
wherever	-0.28	1.29
mark	-0.28	0.86
smallest	-0.28	2.42
pun	-0.28	1.64
outside	-0.28	1.17
desire	-0.28	1.19
locked	-0.28	1.07
sarcastic	-0.28	2.05
aggression	-0.28	0.88
talk	-0.28	2.07
tries	-0.28	1.30
mouse	-0.28	0.89
randomly	-0.27	0.99
legitimate	-0.27	1.31
status	-0.27	1.09
find	-0.27	2.22
floors	-0.27	0.84
stated	-0.27	1.75
thread	-0.27	1.51
dont	-0.27	2.15
some	-0.27	1.43
stares	-0.27	1.00
shoe	-0.27	0.87
shaved	-0.27	0.74
maybe	-0.27	2.61
strongly	-0.27	1.46
tearing	-0.27	0.92
cage	-0.27	0.98
edit	-0.27	2.95
lie	-0.27	1.87
anyone	-0.27	2.20
archer	-0.27	1.18
assure	-0.27	1.49
service	-0.27	0.96
sense	-0.27	1.59
wallpaper	-0.27	0.95
penguins	-0.27	0.93
did	-0.27	2.36
abandon	-0.27	1.04
talked	-0.27	1.38
wheel	-0.27	0.94
legally	-0.27	1.07
etc	-0.27	0.88
leave	-0.27	1.96
initial	-0.27	1.44
lose	-0.27	1.09
exist	-0.27	1.81
mass	-0.26	0.99
kept	-0.26	1.10
chinchilla	-0.26	0.77
constant	-0.26	0.84
clicked	-0.26	1.44
defense	-0.26	1.02
plate	-0.26	0.79
basically	-0.26	1.71
litter	-0.26	0.88
behavior	-0.26	0.97
facts	-0.26	1.48
reason	-0.26	2.33
silly	-0.26	1.27
again	-0.26	2.24
rare	-0.26	0.99
us	-0.26	1.77
freezer	-0.26	0.81
strict	-0.26	1.05
evidence	-0.26	1.52
beef	-0.26	0.79
large	-0.26	0.99
eating	-0.26	1.12
outdoor	-0.26	1.13
responded	-0.26	1.94
systems	-0.26	1.08
valid	-0.26	1.80
lamb	-0.26	0.87
resemblance	-0.25	1.34
explained	-0.25	1.84
misread	-0.25	1.87
answered	-0.25	2.08
bacon	-0.25	0.90
whatever	-0.25	2.52
into	-0.25	1.13
farm	-0.25	0.81
why	-0.25	2.52
around	-0.25	1.13
submissive	-0.25	1.22
bird	-0.25	0.89
even	-0.25	2.53
strangers	-0.25	1.16
dropped	-0.25	0.95
passing	-0.25	0.93
replace	-0.25	0.91
teeth	-0.25	0.80
views	-0.25	1.38
portion	-0.25	0.89
habit	-0.25	0.98
remember	-0.25	2.23
doubt	-0.25	2.02
dug	-0.25	0.91
deleted	-0.25	1.70
would	-0.25	2.16
replied	-0.24	2.11
initially	-0.24	1.73
could	-0.24	2.25
should	-0.24	2.11
mobile	-0.24	1.30
commented	-0.24	1.74
attacking	-0.24	0.95
thin	-0.24	0.85
windows	-0.24	0.95
encountered	-0.24	2.41
pork	-0.24	0.86
escape	-0.24	1.00
think	-0.24	2.59
experienced	-0.24	1.89
association	-0.24	0.92
topic	-0.24	1.41
killed	-0.24	0.93
route	-0.24	0.96
split	-0.24	0.97
selection	-0.24	0.95
buried	-0.24	0.86
factors	-0.24	1.22
door	-0.24	0.97
farmer	-0.24	0.82
grain	-0.24	0.65
hint	-0.24	1.10
block	-0.24	0.97
alive	-0.24	2.12
workers	-0.24	0.86
protect	-0.24	0.94
possibly	-0.24	1.71
shovel	-0.24	0.95
insurance	-0.24	0.98
side	-0.24	1.34
merely	-0.24	1.55
out	-0.23	1.64
sunshine	-0.23	0.88
urban	-0.23	1.05
probably	-0.23	2.44
version	-0.23	1.09
hits	-0.23	1.16
sites	-0.23	1.33
evolution	-0.23	1.08
milk	-0.23	0.67
foods	-0.23	0.70
kicked	-0.23	1.03
ll	-0.23	2.07
waits	-0.23	1.06
unlike	-0.23	0.85
counter	-0.23	0.90
didnt	-0.23	2.07
room	-0.23	0.96
missing	-0.23	1.76
garage	-0.23	0.94
frenchie	-0.23	0.90
post	-0.23	1.49
ask	-0.23	2.21
beaver	-0.23	0.95
cup	-0.23	0.75
emotions	-0.23	1.24
crushed	-0.23	0.88
ownership	-0.23	1.00
belt	-0.23	0.86
perhaps	-0.23	1.95
see	-0.23	2.34
repeat	-0.23	1.19
poster	-0.23	1.63
breeders	-0.23	0.94
burger	-0.23	0.90
usually	-0.23	1.28
hopes	-0.23	1.19
knocking	-0.22	1.05
brian	-0.22	1.11
purebreds	-0.22	0.92
climbing	-0.22	0.96
awhile	-0.22	1.63
bite	-0.22	1.00
electric	-0.22	0.80
move	-0.22	1.83
shove	-0.22	1.02
anus	-0.22	0.81
worlds	-0.22	2.33
typical	-0.22	1.09
keep	-0.22	1.81
casual	-0.22	1.04
mat	-0.22	0.82
through	-0.22	0.94
drove	-0.22	1.00
domestication	-0.22	0.98
internet	-0.22	1.09
snapped	-0.22	0.82
minds	-0.22	1.02
survival	-0.22	0.97
r/aww	-0.22	1.73
drag	-0.22	1.07
touching	-0.22	0.88
doctors	-0.22	0.93
died	-0.21	1.19
upvoted	-0.21	1.42
understood	-0.21	1.66
effective	-0.21	0.99
walking	-0.21	1.18
adults	-0.21	1.04
linked	-0.21	1.25
swallow	-0.21	0.99
eat	-0.21	1.46
bay	-0.21	0.90
abandoned	-0.21	1.07
grabbed	-0.21	0.96
bring	-0.21	1.47
meth	-0.21	0.96
certainly	-0.21	1.94
far	-0.21	1.82
stand	-0.21	1.79
brains	-0.21	0.97
decide	-0.21	2.13
wings	-0.21	0.84
exercise	-0.21	0.93
spay	-0.21	1.04
plans	-0.21	0.97
generations	-0.21	0.95
boxes	-0.21	0.84
hawk	-0.21	0.93
digging	-0.21	0.89
domesticated	-0.21	0.92
forgotten	-0.21	1.44
rocket	-0.21	0.97
options	-0.21	1.22
vet	-0.21	1.00
seem	-0.21	2.21
replies	-0.21	1.58
murdered	-0.21	0.80
hind	-0.21	0.93
plant	-0.21	0.98
commercial	-0.21	0.79
leg	-0.21	0.90
land	-0.20	1.20
palm	-0.20	1.02
ends	-0.20	0.99
began	-0.20	1.10
nut	-0.20	0.79
afford	-0.20	1.27
sarcasm	-0.20	1.96
realise	-0.20	1.94
chewed	-0.20	0.91
sub	-0.20	1.73
mainly	-0.20	0.91
although	-0.20	2.38
finished	-0.20	0.91
tube	-0.20	0.81
cutting	-0.20	0.79
complex	-0.20	1.03
companies	-0.20	0.99
points	-0.20	1.24
declawed	-0.20	1.00
method	-0.20	1.07
them	-0.20	1.98
rabbit	-0.20	0.85
iron	-0.20	1.03
warming	-0.20	0.93
captive	-0.20	0.90
because	-0.20	2.58
stolen	-0.20	1.26
intact	-0.20	0.97
otherwise	-0.20	2.03
distance	-0.20	1.11
shelf	-0.20	0.86
cereal	-0.20	0.79
collect	-0.20	1.03
neutering	-0.20	0.99
decides	-0.20	1.28
hole	-0.19	0.93
deny	-0.19	1.93
purpose	-0.19	1.05
particular	-0.19	1.25
butthole	-0.19	0.85
u.s	-0.19	0.93
touch	-0.19	1.45
giggle	-0.19	1.47
how	-0.19	2.36
okay	-0.19	2.83
fall	-0.19	1.22
cell	-0.19	0.89
gate	-0.19	0.97
threw	-0.19	1.00
nail	-0.19	0.72
opens	-0.19	1.03
popped	-0.19	1.09
along	-0.19	1.38
may	-0.19	2.33
immediately	-0.19	1.40
slowly	-0.19	1.26
include	-0.19	0.97
knife	-0.19	0.84
controlled	-0.19	0.95
asked	-0.19	1.70
double	-0.19	0.89
excited	-0.19	1.96
harness	-0.19	0.92
leash	-0.19	1.11
mac	-0.19	0.85
behaviour	-0.19	0.95
protein	-0.19	0.82
moving	-0.19	1.34
purchase	-0.19	0.85
delete	-0.19	1.37
parking	-0.19	0.98
go	-0.19	1.90
meal	-0.19	0.89
load	-0.19	1.01
meme	-0.19	1.32
claims	-0.19	1.50
oven	-0.19	0.82
blind	-0.19	1.14
flower	-0.19	0.84
encounter	-0.18	1.02
clicking	-0.18	1.37
specifically	-0.18	1.48
fair	-0.18	2.44
way	-0.18	1.83
theory	-0.18	1.26
gone	-0.18	1.99
wide	-0.18	1.04
identify	-0.18	1.62
offense	-0.18	1.45
zoos	-0.18	1.00
selling	-0.18	0.98
size	-0.18	0.92
flew	-0.18	1.02
follows	-0.18	1.09
street	-0.18	1.05
station	-0.18	0.98
walk	-0.18	1.37
opened	-0.18	1.10
one	-0.18	1.88
considering	-0.18	1.53
things	-0.18	1.69
mills	-0.18	0.95
climbed	-0.18	1.04
pulls	-0.18	1.11
prepared	-0.17	1.38
shaking	-0.17	1.03
data	-0.17	1.38
collars	-0.17	1.03
opportunity	-0.17	1.60
knock	-0.17	1.01
lawn	-0.17	0.89
window	-0.17	0.91
letting	-0.17	1.65
goats	-0.17	0.81
visible	-0.17	0.95
score	-0.17	1.07
idk	-0.17	1.84
generally	-0.17	1.07
quick	-0.17	1.42
clearly	-0.17	2.04
switched	-0.17	0.69
veterinarian	-0.17	1.08
primarily	-0.17	1.02
evolved	-0.17	0.94
might	-0.17	2.44
beach	-0.17	0.89
salt	-0.17	0.87
roam	-0.17	1.22
posters	-0.16	1.27
awareness	-0.16	1.07
stared	-0.16	1.25
exhibit	-0.16	0.94
nip	-0.16	0.91
question	-0.16	2.21
function	-0.16	1.07
lock	-0.16	1.03
spaying	-0.16	0.95
thus	-0.16	0.98
woods	-0.16	0.95
freeze	-0.16	0.77
reproduce	-0.16	1.46
whale	-0.16	0.89
rooms	-0.16	0.93
below	-0.16	1.47
build	-0.16	1.00
reasoning	-0.16	1.34
sensitive	-0.16	0.99
seeing	-0.16	1.63
galaxy	-0.16	0.86
jumped	-0.16	1.01
fucking	-0.16	1.84
run	-0.16	1.26
cost	-0.16	1.02
accidentally	-0.16	1.24
remembered	-0.16	1.47
knocked	-0.16	0.98
warning	-0.16	1.16
above	-0.16	1.72
building	-0.16	0.92
across	-0.16	1.07
sky	-0.16	0.82
near	-0.16	1.38
literally	-0.16	1.24
lets	-0.15	1.36
doors	-0.15	0.99
neither	-0.15	1.81
come	-0.15	1.80
costs	-0.15	1.02
trapped	-0.15	0.99
breakfast	-0.15	0.97
scientific	-0.15	1.43
stoned	-0.15	1.81
told	-0.15	1.62
equipment	-0.15	0.90
tend	-0.15	0.94
bottom	-0.15	0.96
ontario	-0.15	0.98
government	-0.15	0.99
joke	-0.15	1.66
subreddit	-0.15	1.72
remembers	-0.15	1.21
prison	-0.15	0.98
downer	-0.15	2.22
cook	-0.15	0.83
vision	-0.15	0.93
engine	-0.15	0.78
tumblr	-0.15	1.30
planet	-0.15	2.29
honestly	-0.15	2.43
streets	-0.15	1.05
previously	-0.15	1.41
paper	-0.15	0.82
primary	-0.15	1.19
leaving	-0.15	1.64
private	-0.14	1.08
rush	-0.14	1.02
filled	-0.14	0.79
ratio	-0.14	0.93
designer	-0.14	0.88
thumbs	-0.14	1.05
mentioned	-0.14	1.73
tall	-0.14	1.15
throat	-0.14	0.90
enclosure	-0.14	0.92
kicks	-0.14	0.94
china	-0.14	0.96
panda	-0.14	0.92
bait	-0.14	1.11
veterinary	-0.14	1.01
banned	-0.14	0.99
management	-0.14	0.99
cover	-0.14	0.92
medium	-0.14	0.81
forward	-0.14	1.18
jaws	-0.14	0.82
degrees	-0.14	1.01
crate	-0.14	1.02
relate	-0.14	1.85
upside	-0.14	0.75
autistic	-0.14	1.01
reputable	-0.14	0.96
obviously	-0.14	2.37
comes	-0.14	1.25
opinions	-0.14	1.42
have	-0.14	1.88
main	-0.14	1.25
chased	-0.14	0.94
schedule	-0.14	0.86
pad	-0.14	0.78
leap	-0.14	1.02
dumpster	-0.14	1.11
cut	-0.14	0.75
snap	-0.14	0.99
accepted	-0.14	0.96
upstairs	-0.14	0.94
humor	-0.14	1.39
rent	-0.13	1.03
coke	-0.13	0.82
high	-0.13	0.97
hidden	-0.13	1.14
pushed	-0.13	0.98
doesnt	-0.13	2.04
came	-0.13	1.50
penguin	-0.13	1.17
waiting	-0.13	1.34
rather	-0.13	1.40
shooting	-0.13	0.92
filter	-0.13	0.89
dunno	-0.13	1.53
discovered	-0.13	1.38
mmmm	-0.13	1.06
areas	-0.13	1.01
sauce	-0.13	0.85
hair	-0.13	0.77
trade	-0.13	0.97
forget	-0.13	2.27
jumps	-0.13	1.04
just	-0.13	2.54
first	-0.13	1.52
knees	-0.13	0.89
page	-0.13	1.38
lately	-0.12	1.05
choose	-0.12	1.73
wolves	-0.12	0.90
moral	-0.12	1.39
hundreds	-0.12	1.09
point	-0.12	2.27
act	-0.12	1.03
experiment	-0.12	1.00
basket	-0.12	0.81
ride	-0.12	0.94
pan	-0.12	0.78
genuinely	-0.12	1.82
numerous	-0.12	1.09
speech	-0.12	1.19
reminded	-0.12	1.02
re	-0.12	2.43
eventually	-0.12	1.60
boot	-0.12	0.87
space	-0.12	0.99
state	-0.12	1.22
weighed	-0.12	1.23
jump	-0.12	1.15
predator	-0.12	0.93
says	-0.12	1.70
muscles	-0.12	0.88
rolled	-0.12	1.00
ways	-0.12	1.30
listen	-0.12	1.51
saw	-0.12	1.50
having	-0.12	1.54
capacity	-0.12	0.99
peoples	-0.12	1.03
sized	-0.12	0.86
opinion	-0.12	1.72
produce	-0.12	0.92
ie	-0.12	0.98
steak	-0.12	0.85
grows	-0.12	1.04
mountains	-0.12	0.95
chosen	-0.12	1.20
site	-0.12	1.29
certain	-0.11	1.00
marine	-0.11	0.95
lean	-0.11	0.99
introducing	-0.11	1.07
reach	-0.11	1.37
owl	-0.11	1.04
stars	-0.11	0.81
dream	-0.11	2.13
1	-0.11	1.44
everything	-0.11	1.53
flipped	-0.11	1.05
canned	-0.11	0.67
handled	-0.11	0.75
wander	-0.11	1.26
sources	-0.11	1.24
roaming	-0.11	1.08
scratched	-0.11	1.06
acid	-0.11	0.93
asks	-0.11	1.41
surface	-0.11	0.75
including	-0.11	1.05
finally	-0.11	1.64
ate	-0.11	0.84
circle	-0.11	0.93
buy	-0.11	0.93
neuter	-0.10	1.04
grow	-0.10	1.16
ability	-0.10	1.33
continues	-0.10	1.03
click	-0.10	1.24
once	-0.10	1.48
genetically	-0.10	0.90
browsing	-0.10	1.37
tons	-0.10	1.05
bushes	-0.10	0.97
knowing	-0.10	1.61
steal	-0.10	1.35
war	-0.10	0.85
entire	-0.10	1.72
pop	-0.10	0.92
knows	-0.10	1.91
shark	-0.10	0.88
pull	-0.10	1.19
jaw	-0.10	0.83
fried	-0.10	0.86
manager	-0.10	1.04
bears	-0.10	0.87
then	-0.10	1.79
gear	-0.10	0.96
away	-0.10	1.42
him	-0.10	1.76
observation	-0.10	1.54
aside	-0.10	1.00
look	-0.10	2.34
help	-0.10	2.03
met	-0.10	2.14
learned	-0.10	1.48
concern	-0.10	1.18
garden	-0.10	0.89
applies	-0.10	1.31
humans	-0.10	1.04
nearby	-0.10	0.99
slap	-0.10	1.13
keeping	-0.10	1.52
pandas	-0.09	0.89
slip	-0.09	1.17
weighs	-0.09	1.33
san	-0.09	0.90
settled	-0.09	1.44
urge	-0.09	1.42
introduced	-0.09	0.86
goes	-0.09	1.24
imagined	-0.09	1.42
restaurant	-0.09	0.86
sell	-0.09	0.92
regarding	-0.09	1.27
adult	-0.09	1.02
does	-0.09	2.28
coming	-0.09	1.77
links	-0.09	1.27
open	-0.09	1.06
sold	-0.09	0.90
comment	-0.09	1.69
honest	-0.09	2.34
wikipedia	-0.09	1.29
goal	-0.09	1.11
bone	-0.09	0.83
mammals	-0.09	0.91
self	-0.09	1.12
ground	-0.09	0.85
profile	-0.09	1.37
corner	-0.09	1.04
limited	-0.09	1.00
contact	-0.09	1.14
wonder	-0.09	2.21
scroll	-0.08	1.35
hop	-0.08	1.08
doc	-0.08	1.19
newspaper	-0.08	0.97
services	-0.08	0.98
full	-0.08	0.87
we	-0.08	1.79
alarm	-0.08	0.96
travel	-0.08	0.98
mill	-0.08	0.97
crush	-0.08	0.98
stairs	-0.08	0.87
chips	-0.08	0.83
monsters	-0.08	1.00
expect	-0.08	2.21
branch	-0.08	0.92
rehab	-0.08	1.06
back	-0.08	1.43
suggested	-0.08	1.36
got	-0.08	1.53
catch	-0.08	1.40
stands	-0.08	1.04
closed	-0.08	1.01
backyard	-0.08	0.96
unfortunately	-0.08	2.06
posted	-0.08	1.40
recent	-0.08	1.11
facebook	-0.08	1.32
prey	-0.08	0.90
sun	-0.08	0.76
top	-0.08	1.11
tigers	-0.08	0.98
among	-0.08	0.93
roof	-0.08	0.87
subject	-0.08	1.37
responses	-0.07	1.34
heat	-0.07	0.79
has	-0.07	1.45
closely	-0.07	0.96
claimed	-0.07	1.53
apparently	-0.07	1.96
begin	-0.07	1.18
strays	-0.07	1.04
while	-0.07	1.19
let	-0.07	1.89
yard	-0.07	0.99
opening	-0.07	1.08
needing	-0.07	1.06
states	-0.07	1.03
natural	-0.07	1.01
fee	-0.07	1.04
horse	-0.07	0.80
support	-0.07	1.11
understands	-0.07	1.36
weigh	-0.07	1.01
beware	-0.07	0.87
shown	-0.07	1.16
will	-0.07	1.91
deer	-0.07	0.90
officially	-0.07	1.18
95	-0.07	1.11
bills	-0.07	1.01
aliens	-0.07	1.11
user	-0.07	1.36
sees	-0.07	1.23
towards	-0.07	0.99
proven	-0.07	1.32
individuals	-0.07	1.01
hunt	-0.07	0.91
ama	-0.07	1.47
brand	-0.07	0.74
diego	-0.07	0.99
gorilla	-0.06	0.94
maintenance	-0.06	0.74
kennel	-0.06	0.93
beak	-0.06	0.78
lick	-0.06	0.80
thrown	-0.06	0.98
thinks	-0.06	1.35
running	-0.06	1.17
sorta	-0.06	1.33
sugar	-0.06	0.80
soup	-0.06	0.82
about	-0.06	1.93
wall	-0.06	0.90
off	-0.06	1.15
mmm	-0.06	1.05
fired	-0.06	1.00
getting	-0.06	1.77
table	-0.06	0.92
bank	-0.06	1.17
net	-0.06	1.01
only	-0.06	2.24
push	-0.06	1.23
spay/neuter	-0.06	1.03
twitter	-0.06	1.24
fawn	-0.06	0.95
total	-0.06	1.17
repeatedly	-0.06	0.96
rear	-0.05	0.95
pushing	-0.05	1.14
quietly	-0.05	1.02
ouch	-0.05	1.01
trips	-0.05	0.89
ok	-0.05	2.71
emergency	-0.05	1.01
uk	-0.05	1.04
chewing	-0.05	0.95
holes	-0.05	0.87
display	-0.05	0.95
hospital	-0.05	1.01
conversation	-0.05	1.62
lunch	-0.05	0.99
value	-0.05	1.06
stays	-0.05	1.16
hands	-0.05	0.80
fenced	-0.05	1.03
wandering	-0.05	1.06
path	-0.05	1.03
forgive	-0.05	1.83
items	-0.05	0.86
finish	-0.05	1.30
<URL>	-0.05	0.90
<SPECIAL>	-0.05	0.90
middle	-0.05	1.08
nyc	-0.05	1.00
media	-0.05	1.01
horror	-0.05	0.93
poor	-0.05	1.69
onto	-0.05	1.01
effort	-0.05	1.12
intended	-0.05	1.68
drop	-0.05	1.17
articles	-0.05	1.24
million	-0.05	1.14
behind	-0.05	1.05
amount	-0.05	0.97
mature	-0.05	1.01
forms	-0.05	0.94
food	-0.05	0.70
op	-0.05	1.35
directly	-0.05	1.30
clinic	-0.05	1.04
cardboard	-0.05	0.87
sitting	-0.04	1.28
ad	-0.04	1.02
lbs	-0.04	1.12
folks	-0.04	1.39
down	-0.04	1.14
manner	-0.04	1.10
trait	-0.04	0.93
until	-0.04	1.60
gif	-0.04	1.15
history	-0.04	1.24
chicken	-0.04	0.81
before	-0.04	1.56
tore	-0.04	0.91
arent	-0.04	1.20
scratching	-0.04	0.96
house	-0.04	1.06
christ	-0.04	1.93
suppose	-0.04	2.37
currently	-0.04	1.49
up	-0.04	1.36
child	-0.04	1.06
sigh	-0.04	1.45
jealous	-0.04	2.30
absolute	-0.04	2.33
ton	-0.04	1.02
arctic	-0.04	0.77
toss	-0.04	1.09
pen	-0.04	0.92
gifs	-0.04	1.15
pig	-0.04	0.80
proof	-0.04	1.37
halfway	-0.04	0.95
property	-0.04	1.00
landlord	-0.04	1.15
bag	-0.04	0.83
offered	-0.04	1.09
nature	-0.04	0.92
flesh	-0.04	0.85
behave	-0.03	1.07
oldest	-0.03	2.09
dominant	-0.03	0.92
appears	-0.03	1.37
ripped	-0.03	0.87
latter	-0.03	1.18
numbers	-0.03	1.00
polar	-0.03	0.86
bang	-0.03	1.02
someday	-0.03	1.43
already	-0.03	1.67
explore	-0.03	1.21
meets	-0.03	1.12
furniture	-0.03	0.92
lack	-0.03	1.01
on	-0.03	1.25
stood	-0.03	1.14
various	-0.03	1.07
activities	-0.03	0.87
australia	-0.03	0.99
enjoying	-0.03	0.74
russia	-0.03	0.91
process	-0.03	1.03
backwards	-0.03	1.21
purposes	-0.03	0.91
universe	-0.03	1.21
grown	-0.03	1.08
infant	-0.03	0.92
impression	-0.03	1.14
cocaine	-0.03	1.01
whilst	-0.03	1.08
wanted	-0.02	1.85
neutered	-0.02	1.03
wildlife	-0.02	1.00
therefore	-0.02	1.27
votes	-0.02	1.24
pot	-0.02	0.92
shy	-0.02	1.20
spayed	-0.02	1.03
enough	-0.02	2.08
fashion	-0.02	1.00
ultimately	-0.02	1.08
steps	-0.02	1.18
pregnancy	-0.02	0.78
calf	-0.02	0.84
typing	-0.02	1.69
type	-0.02	1.41
purely	-0.02	1.04
elephants	-0.02	0.92
they	-0.02	2.08
claw	-0.02	0.80
technology	-0.02	1.00
fully	-0.02	1.53
over	-0.02	1.13
was	-0.02	1.86
mammal	-0.02	0.91
parks	-0.02	0.91
fence	-0.02	0.91
mexico	-0.02	1.15
target	-0.02	0.85
climb	-0.02	1.06
many	-0.02	1.15
take	-0.01	1.79
coats	-0.01	0.71
included	-0.01	0.97
bulls	-0.01	0.90
living	-0.01	1.13
backs	-0.01	0.88
alone	-0.01	1.41
circles	-0.01	0.97
interest	-0.01	1.04
bee	-0.01	0.92
finds	-0.01	1.17
wagging	-0.01	0.99
claws	-0.01	0.80
pet	-0.01	0.92
wiki	-0.01	1.25
limbs	-0.01	0.98
dinner	-0.01	0.92
immediate	-0.01	0.99
essentially	-0.01	0.93
feelings	-0.01	1.26
area	-0.01	1.07
paid	-0.01	1.06
grip	-0.01	0.93
certified	-0.01	0.94
intelligence	-0.01	1.02
officer	-0.01	0.91
toe	-0.01	0.82
programs	-0.01	1.08
device	-0.01	1.00
dominance	-0.01	0.90
helped	-0.01	1.35
potato	-0.01	1.21
relative	-0.01	1.11
fixed	-0.01	1.25
charge	-0.01	1.05
terror	-0.01	0.90
available	-0.01	1.05
monkeys	-0.00	0.79
canada	-0.00	0.95
pole	-0.00	0.88
fail	-0.00	1.52
pounds	-0.00	1.32
wait	-0.00	2.33
talks	-0.00	1.22
teaching	-0.00	1.45
vs	-0.00	1.00
sheep	-0.00	0.81
covering	-0.00	0.78
ideal	-0.00	0.91
mutts	-0.00	0.87
chain	-0.00	0.91
believed	-0.00	1.43
craigslist	-0.00	1.10
recognize	-0.00	1.23
differently	-0.00	1.19
resting	-0.00	0.87
guarantee	0.00	1.65
apartment	0.00	1.07
wrap	0.00	0.86
junk	0.00	0.71
thrilled	0.00	1.80
handle	0.00	1.86
another	0.00	1.55
fruit	0.00	0.79
kick	0.00	1.17
training	0.00	1.09
when	0.00	1.70
gon	0.00	2.18
seen	0.00	2.48
web	0.00	1.17
r/ladybonersgonecuddly	0.00	1.44
compare	0.00	1.43
fell	0.00	1.00
awake	0.00	1.19
d	0.00	2.23
crossing	0.00	0.95
stay	0.00	1.52
kibble	0.00	0.71
approach	0.00	1.04
mexican	0.00	1.00
porch	0.01	0.97
reading	0.01	1.71
care	0.01	1.94
catching	0.01	1.04
direction	0.01	1.12
sits	0.01	1.04
squeaky	0.01	1.10
raise	0.01	1.23
location	0.01	1.22
understanding	0.01	1.13
ocelot	0.01	1.14
minimum	0.01	1.11
leaf	0.01	1.06
nsfw	0.01	1.39
remains	0.01	1.12
website	0.01	1.25
skull	0.01	0.86
northern	0.01	1.00
require	0.01	0.88
body	0.01	0.85
modern	0.01	0.93
garfield	0.01	1.09
file	0.01	1.01
videos	0.01	1.17
blast	0.01	0.88
emotional	0.01	0.95
stock	0.01	0.90
comparison	0.01	1.03
chip	0.01	1.10
non	0.01	1.05
submitted	0.01	1.39
city	0.01	1.07
utterly	0.02	0.92
department	0.02	1.04
licking	0.02	0.83
town	0.02	1.03
course	0.02	2.43
alternative	0.02	1.12
live	0.02	1.18
buffalo	0.02	0.81
kangaroo	0.02	0.86
lizard	0.02	0.87
frog	0.02	0.83
needless	0.02	1.04
specific	0.02	1.11
submit	0.02	1.42
bringing	0.02	1.45
upvotes	0.02	1.23
types	0.02	1.04
changing	0.02	0.99
raw	0.02	0.70
culture	0.02	0.97
choices	0.02	1.27
neighborhood	0.02	1.04
75	0.02	1.06
however	0.02	2.12
lift	0.02	1.10
emotion	0.02	1.16
save	0.02	1.37
attached	0.02	1.18
stomach	0.02	0.81
place	0.02	1.52
grumpy	0.02	1.71
punch	0.02	1.20
changes	0.02	1.05
formula	0.02	0.67
respond	0.02	1.28
coast	0.02	1.01
throws	0.02	1.07
sometime	0.02	1.24
pay	0.03	1.04
r/wtf	0.03	1.46
iirc	0.03	1.02
but	0.03	2.41
kinds	0.03	1.11
search	0.03	1.20
license	0.03	1.09
island	0.03	1.00
please	0.03	1.63
tech	0.03	1.02
market	0.03	0.88
houses	0.03	0.99
express	0.03	1.26
bound	0.03	1.12
properly	0.03	1.44
ensure	0.03	1.03
sandwich	0.03	0.84
shoulders	0.03	0.90
who	0.03	1.62
screen	0.03	0.90
interact	0.03	1.33
bunnies	0.03	0.87
ugh	0.03	1.93
deck	0.03	0.85
list	0.03	1.00
colorado	0.03	1.01
paying	0.03	1.03
height	0.03	0.98
maintain	0.03	0.99
huge	0.03	1.06
country	0.03	1.23
ve	0.03	2.48
science	0.03	1.24
tonight	0.03	1.27
collar	0.03	0.96
snapping	0.03	0.86
cone	0.03	1.00
requires	0.03	0.88
minus	0.03	0.93
bare	0.03	0.84
bones	0.03	0.84
bot	0.03	1.35
california	0.04	1.02
returned	0.04	1.20
business	0.04	1.13
turtles	0.04	0.85
koala	0.04	1.01
testicles	0.04	0.88
unrelated	0.04	1.41
cooked	0.04	0.76
ny	0.04	1.02
now	0.04	2.36
edited	0.04	2.41
chameleon	0.04	0.88
domestic	0.04	0.94
pays	0.04	1.03
instinct	0.04	0.95
regards	0.04	1.13
united	0.04	0.97
albino	0.04	0.82
prior	0.04	1.32
purr	0.04	0.94
beg	0.04	1.11
hike	0.04	0.91
toward	0.04	1.00
went	0.04	1.31
return	0.04	1.36
trees	0.04	0.92
trainer	0.04	1.04
favorite	0.04	2.33
image	0.04	1.19
mutation	0.04	0.92
commands	0.05	1.32
begins	0.05	1.13
delivery	0.05	0.93
label	0.05	1.01
spends	0.05	0.86
plus	0.05	1.08
wire	0.05	0.90
app	0.05	1.11
checking	0.05	1.21
pedigree	0.05	0.88
underneath	0.05	0.92
whereas	0.05	0.95
product	0.05	0.89
cities	0.05	1.03
desperately	0.05	1.18
pony	0.05	0.75
money	0.05	1.08
fort	0.05	0.88
person	0.05	1.59
legit	0.05	1.39
sanctuary	0.05	0.98
turn	0.05	1.33
alaska	0.05	0.90
becoming	0.05	1.08
rural	0.05	1.02
inch	0.05	1.22
monitor	0.05	0.76
disappeared	0.05	1.40
listening	0.05	1.01
ew	0.05	1.26
parts	0.05	1.18
laptop	0.05	0.84
id	0.05	1.45
lines	0.05	0.93
jar	0.06	0.78
usa	0.06	1.01
legal	0.06	1.06
community	0.06	1.02
buying	0.06	0.94
wombat	0.06	0.96
images	0.06	1.19
serve	0.06	0.98
google	0.06	1.23
according	0.06	1.26
ourselves	0.06	1.29
change	0.06	1.19
moved	0.06	1.18
standards	0.06	0.91
remote	0.06	0.94
least	0.06	1.81
imgur	0.06	1.21
shadow	0.06	0.78
plot	0.06	1.07
lions	0.06	0.88
famous	0.06	1.23
wakes	0.06	1.05
trap	0.06	1.01
excitement	0.06	1.11
stuck	0.06	0.98
candy	0.06	0.78
socialize	0.06	1.21
heating	0.06	0.78
depends	0.06	1.19
sarah	0.06	0.78
countries	0.06	1.11
concept	0.06	1.27
looks	0.07	2.30
order	0.07	1.43
adds	0.07	1.25
choosing	0.07	1.45
between	0.07	1.18
humane	0.07	1.03
barn	0.07	0.95
heavy	0.07	0.81
shake	0.07	1.07
adjust	0.07	1.04
traits	0.07	0.90
sideways	0.07	1.04
line	0.07	1.05
informed	0.07	1.18
material	0.07	1.54
local	0.07	1.07
campus	0.07	1.02
showed	0.07	1.17
behaviors	0.07	0.92
tears	0.07	1.35
rough	0.07	0.85
studying	0.07	1.11
hunting	0.07	0.87
upon	0.07	1.09
yrs	0.07	1.54
socialization	0.07	0.98
metal	0.08	0.85
penis	0.08	0.88
burn	0.08	0.93
military	0.08	0.97
stare	0.08	1.18
secret	0.08	1.10
chuck	0.08	1.16
legs	0.08	0.88
check	0.08	1.24
headed	0.08	0.89
being	0.08	0.99
compared	0.08	1.03
destructive	0.08	0.99
program	0.08	1.01
nest	0.08	0.91
sometimes	0.08	1.72
reference	0.08	1.07
duty	0.08	0.87
pictures	0.08	1.30
learning	0.08	1.49
wanting	0.08	1.32
lays	0.08	1.02
breeder	0.08	0.95
r/photoshopbattles	0.08	1.48
sing	0.08	1.02
instincts	0.08	0.89
wing	0.08	0.85
education	0.08	1.08
human	0.08	1.04
extent	0.08	0.96
walmart	0.08	0.91
lived	0.08	1.35
introduce	0.08	1.04
university	0.08	1.06
hiding	0.09	1.06
after	0.09	1.36
listed	0.09	1.02
rich	0.09	1.14
southern	0.09	1.02
inches	0.09	1.37
sport	0.09	0.75
swing	0.09	0.91
national	0.09	0.89
highest	0.09	1.16
bucks	0.09	1.22
oops	0.09	2.15
stole	0.09	1.10
zoom	0.09	1.00
located	0.09	1.03
papers	0.09	0.97
accept	0.09	1.41
instagram	0.09	1.22
walls	0.09	0.82
press	0.09	0.98
protection	0.09	0.91
wooden	0.09	0.87
also	0.09	2.26
entirely	0.09	1.66
typo	0.09	2.13
ending	0.09	1.23
thick	0.09	0.74
europe	0.09	0.99
length	0.09	0.87
age	0.09	1.46
hoping	0.09	1.92
sled	0.09	0.78
months	0.09	1.68
python	0.09	0.88
reward	0.09	0.95
women	0.09	1.11
packs	0.10	0.91
record	0.10	1.26
parrot	0.10	0.88
sheet	0.10	0.79
grocery	0.10	0.93
washington	0.10	1.03
speed	0.10	0.96
times	0.10	1.36
weeks	0.10	1.68
porn	0.10	1.01
based	0.10	1.21
command	0.10	1.13
mistaken	0.10	2.18
throwing	0.10	1.08
feeding	0.10	0.87
gigantic	0.10	0.94
chicago	0.10	1.01
east	0.10	1.00
square	0.10	0.92
other	0.10	1.26
cats	0.10	1.25
code	0.10	1.17
variety	0.10	0.92
till	0.10	1.50
source	0.10	1.20
pound	0.10	1.24
pointed	0.10	1.48
hanging	0.10	1.04
england	0.10	0.98
purchased	0.10	0.91
step	0.10	1.30
300	0.10	1.04
pokemon	0.11	1.16
rice	0.11	0.73
knowledge	0.11	1.17
span	0.11	1.22
answer	0.11	2.05
donate	0.11	1.22
japan	0.11	1.16
marketing	0.11	0.93
miles	0.11	1.24
balance	0.11	0.97
partially	0.11	1.14
park	0.11	0.94
gym	0.11	0.79
petsmart	0.11	0.95
shop	0.11	0.98
answers	0.11	1.59
ham	0.11	0.81
standing	0.11	1.08
world	0.11	2.51
elephant	0.11	0.89
events	0.11	0.99
wood	0.11	0.80
tiger	0.11	0.88
slide	0.11	0.96
90	0.11	1.05
actually	0.11	2.34
potty	0.11	1.12
bridge	0.11	0.96
tied	0.11	0.99
amazon	0.11	0.92
150	0.11	1.09
wolf	0.11	0.86
part	0.11	1.11
shelters	0.11	1.05
vegan	0.11	0.99
intent	0.11	1.14
stream	0.11	0.77
at	0.11	1.46
pit	0.11	0.89
professor	0.11	1.02
zoo	0.11	0.92
tolerate	0.12	1.14
old	0.12	1.64
society	0.12	1.04
texas	0.12	1.04
upload	0.12	1.18
fry	0.12	0.81
store	0.12	0.96
link	0.12	1.26
fist	0.12	0.99
dollars	0.12	1.10
south	0.12	1.01
army	0.12	0.87
basic	0.12	1.27
glasses	0.12	0.81
years	0.12	1.60
supply	0.12	0.89
taken	0.12	1.26
keyboard	0.12	0.89
sock	0.12	0.80
perspective	0.12	1.04
reaching	0.12	1.08
til	0.12	1.26
cheetah	0.12	0.91
germany	0.12	0.97
ghost	0.13	0.80
hotel	0.13	1.00
log	0.13	1.05
had	0.13	1.60
capable	0.13	0.99
article	0.13	1.34
largest	0.13	2.41
west	0.13	1.03
egg	0.13	0.78
sale	0.13	0.92
hide	0.13	1.11
office	0.13	1.03
puddle	0.13	0.84
lamp	0.13	0.84
schools	0.13	1.03
differences	0.13	1.05
arms	0.13	0.85
news	0.13	1.14
minute	0.13	1.53
giant	0.13	0.91
taco	0.13	1.05
waited	0.13	1.49
flip	0.13	1.00
seems	0.13	1.64
referencing	0.13	1.33
throughout	0.13	0.89
trick	0.13	1.21
hairs	0.13	0.73
tire	0.14	0.91
title	0.14	1.70
sake	0.14	1.08
obedience	0.14	1.11
100	0.14	1.08
alert	0.14	1.03
central	0.14	1.02
calls	0.14	1.36
exactly	0.14	1.96
dedicated	0.14	1.19
employees	0.14	1.04
cheese	0.14	0.81
further	0.14	1.36
80	0.14	1.08
instructions	0.14	1.09
stray	0.14	1.09
feral	0.14	1.08
staff	0.14	0.96
pictured	0.14	1.07
searched	0.14	1.26
sit	0.14	1.18
wave	0.14	0.87
zone	0.14	1.00
takes	0.14	1.21
center	0.14	1.06
shoulder	0.14	0.89
ceiling	0.14	0.82
dozens	0.14	1.12
dancing	0.14	0.95
computer	0.14	0.96
club	0.14	1.05
70	0.15	1.07
lip	0.15	0.87
picture	0.15	1.32
tone	0.15	1.26
organization	0.15	1.04
herd	0.15	0.82
gave	0.15	1.15
van	0.15	1.01
meals	0.15	0.90
base	0.15	1.02
key	0.15	1.02
monkey	0.15	0.92
always	0.15	1.95
skill	0.15	0.99
african	0.15	0.90
ducks	0.15	0.86
waffles	0.15	0.97
desk	0.15	0.91
thumb	0.15	0.85
eastern	0.15	0.96
ago	0.15	1.50
tree	0.15	0.86
foot	0.15	0.97
information	0.15	1.34
florida	0.15	1.03
earlier	0.15	1.37
button	0.15	1.12
dragons	0.15	0.87
manly	0.15	1.20
rubbed	0.15	1.10
overnight	0.15	1.02
africa	0.15	0.93
jail	0.15	0.98
subscribed	0.15	1.42
vote	0.15	1.27
bars	0.16	0.84
supposedly	0.16	0.82
asap	0.16	1.09
staying	0.16	1.20
win	0.16	1.02
bear	0.16	0.90
seconds	0.16	1.50
socialized	0.16	0.88
putting	0.16	1.44
holds	0.16	0.97
youtube	0.16	1.07
questions	0.16	1.62
clock	0.16	0.86
facility	0.16	0.93
north	0.16	1.01
alpha	0.16	0.92
minutes	0.16	1.50
america	0.16	1.10
shut	0.16	1.17
lasted	0.16	1.56
permission	0.16	1.17
feature	0.16	1.07
volunteer	0.16	1.09
taught	0.16	1.25
oscar	0.16	0.73
rewarding	0.16	1.03
wrapped	0.16	0.87
interaction	0.16	0.90
connected	0.16	0.96
realizes	0.16	1.41
smooth	0.16	0.77
york	0.16	0.98
collection	0.16	0.86
shortly	0.16	1.26
student	0.16	1.08
1000	0.16	1.01
powerful	0.16	0.85
battle	0.16	0.79
mirror	0.16	1.12
response	0.17	1.54
volunteered	0.17	1.05
against	0.17	0.92
field	0.17	0.98
view	0.17	1.31
mouth	0.17	0.89
200	0.17	1.06
placed	0.17	0.85
nowhere	0.17	1.30
mins	0.17	1.45
min	0.17	1.42
past	0.17	1.42
focused	0.17	1.13
shows	0.17	0.93
free	0.17	1.04
originally	0.17	1.42
spca	0.17	1.06
shaped	0.17	0.84
crab	0.17	0.94
reply	0.17	1.87
pants	0.17	0.82
bobcat	0.17	0.89
group	0.17	0.96
eggs	0.17	0.81
degree	0.17	1.05
found	0.17	1.26
bags	0.17	0.95
year	0.17	1.45
second	0.18	1.31
roughly	0.18	1.13
online	0.18	1.03
later	0.18	1.45
attractive	0.18	1.11
checks	0.18	1.17
warm	0.18	0.95
terms	0.18	1.24
additional	0.18	1.07
kingdom	0.18	1.11
children	0.18	1.03
sat	0.18	1.05
hours	0.18	1.46
dollar	0.18	1.05
role	0.18	0.99
competition	0.18	0.83
changed	0.18	1.49
took	0.18	1.35
vegetarian	0.18	0.98
county	0.18	1.04
uncommon	0.18	1.15
singing	0.18	1.01
favor	0.18	1.00
quickly	0.18	1.43
working	0.18	1.48
unusual	0.18	1.18
stance	0.18	1.06
useful	0.18	1.06
bubbles	0.18	0.80
pc	0.19	0.82
hippo	0.19	0.86
guessed	0.19	1.69
males	0.19	0.94
feeds	0.19	1.12
sadly	0.19	1.54
feathers	0.19	0.82
similar	0.19	1.27
heads	0.19	0.88
opposite	0.19	1.18
add	0.19	1.37
fingers	0.19	0.84
biology	0.19	1.07
turkey	0.19	0.80
cash	0.19	1.06
bodies	0.19	1.03
explaining	0.19	1.86
elementary	0.19	1.17
visited	0.19	1.08
lb	0.19	1.04
explains	0.19	1.31
math	0.20	1.14
grab	0.20	1.10
eyed	0.20	0.95
reporting	0.20	1.00
need	0.20	1.63
snack	0.20	0.93
wake	0.20	1.16
corn	0.20	0.70
goodbye	0.20	0.69
released	0.20	0.87
stores	0.20	0.94
experiences	0.20	1.17
added	0.20	1.62
graduated	0.20	1.10
become	0.20	1.18
spent	0.20	1.27
depending	0.20	1.00
lighter	0.20	0.86
2000	0.20	1.07
tongue	0.20	0.84
cattle	0.20	0.80
diet	0.20	0.73
nurse	0.20	0.97
cheer	0.20	1.32
definitely	0.20	2.26
mood	0.20	1.11
chair	0.20	0.88
relationships	0.20	0.93
examples	0.21	0.94
brought	0.21	1.29
rights	0.21	1.04
draw	0.21	1.06
x-post	0.21	1.56
stayed	0.21	1.20
gloves	0.21	0.79
seemed	0.21	1.50
flat	0.21	0.81
spare	0.21	1.05
equivalent	0.21	1.04
really	0.21	2.28
rise	0.21	1.00
fb	0.21	1.22
appeared	0.21	1.03
groups	0.21	1.03
unidan	0.21	1.41
students	0.21	1.09
poking	0.21	0.91
pity	0.21	1.13
baby	0.21	0.92
helps	0.21	1.04
put	0.21	1.24
cubs	0.21	0.92
current	0.21	1.02
burrito	0.21	0.91
per	0.21	1.12
wonders	0.21	1.09
crop	0.21	0.86
genes	0.21	0.89
clothing	0.22	0.81
school	0.22	1.08
trained	0.22	1.05
yawn	0.22	1.05
simply	0.22	1.75
apart	0.22	0.93
naturally	0.22	0.90
plastic	0.22	1.01
yr	0.22	1.35
almost	0.22	1.76
feed	0.22	0.75
original	0.22	1.27
spoon	0.22	0.93
picked	0.22	1.05
thousand	0.22	1.02
arm	0.22	0.84
fallen	0.22	1.03
0	0.22	1.20
falls	0.22	1.02
days	0.22	1.43
camel	0.22	0.89
newborn	0.22	0.95
toothless	0.22	1.08
ours	0.23	1.45
homeless	0.23	1.05
teach	0.23	1.22
month	0.23	1.45
still	0.23	2.20
ass	0.23	1.23
nuts	0.23	0.83
thousands	0.23	0.97
excuse	0.23	1.45
ohio	0.23	1.13
dick	0.23	1.14
ups	0.23	0.99
recognized	0.23	1.00
court	0.23	1.07
want	0.23	1.91
akc	0.23	0.86
former	0.23	0.96
needed	0.23	1.09
alike	0.23	1.13
objects	0.23	0.94
from	0.23	1.23
sizes	0.24	0.88
fatty	0.24	1.00
mile	0.24	1.12
michigan	0.24	1.07
what	0.24	2.25
shall	0.24	1.12
nursing	0.24	0.97
instance	0.24	1.16
petco	0.24	0.98
within	0.24	1.42
rescue	0.24	1.05
since	0.24	1.46
chairs	0.24	0.85
moon	0.24	1.22
depth	0.24	0.90
puts	0.24	1.03
classes	0.24	1.10
45	0.24	1.17
won	0.24	0.98
shell	0.24	0.80
promise	0.25	1.98
happily	0.25	1.15
lion	0.25	0.85
chew	0.25	1.10
single	0.25	2.19
leopard	0.25	0.93
demon	0.25	0.92
season	0.25	0.78
western	0.25	0.96
item	0.25	0.88
disappoint	0.25	1.57
frozen	0.25	0.68
pitbulls	0.25	0.92
korean	0.25	1.02
during	0.25	0.91
learn	0.25	1.39
snout	0.25	0.86
phone	0.25	1.10
rug	0.25	0.82
apologies	0.26	1.94
rescues	0.26	1.07
shelter	0.26	1.08
adopt	0.26	1.35
nipples	0.26	0.79
stretch	0.26	0.90
owner	0.26	1.10
sneaky	0.26	1.01
under	0.26	0.89
subtle	0.26	1.08
boom	0.26	1.08
purebred	0.26	0.84
anyway	0.26	2.36
read	0.26	1.44
50	0.26	1.05
60	0.26	1.05
hundred	0.26	1.00
counts	0.26	1.26
personal	0.26	1.25
runt	0.26	1.04
granted	0.26	1.08
puff	0.26	0.85
owns	0.26	1.28
bump	0.26	1.02
worked	0.26	1.23
lay	0.27	1.03
stuff	0.27	1.67
contest	0.27	0.96
chilling	0.27	1.03
turns	0.27	1.31
discipline	0.27	1.09
territorial	0.27	0.92
lost	0.27	1.17
final	0.27	1.05
adoption	0.27	1.06
satan	0.27	0.99
wizard	0.27	1.07
pin	0.27	0.87
successful	0.27	0.97
standard	0.27	0.87
georgia	0.27	1.11
hmm	0.27	1.52
neck	0.27	0.85
time	0.27	1.24
coons	0.27	0.92
quote	0.27	1.18
500	0.27	1.01
nearly	0.27	1.45
gravity	0.27	1.00
finger	0.28	0.84
turning	0.28	1.08
communicate	0.28	1.40
measure	0.28	1.01
becomes	0.28	1.17
particularly	0.28	1.11
soon	0.28	1.57
career	0.28	1.19
decision	0.28	1.76
registered	0.28	0.85
class	0.28	1.09
hill	0.28	0.90
project	0.28	0.97
breed	0.28	0.87
bully	0.28	0.78
forehead	0.28	0.85
college	0.28	1.04
mistake	0.29	2.37
gene	0.29	0.90
hung	0.29	0.93
recall	0.29	1.06
owning	0.29	0.99
trip	0.29	0.97
dozen	0.29	1.16
bun	0.29	0.88
belongs	0.29	1.51
onions	0.29	1.09
ahead	0.29	1.50
worn	0.29	0.87
carolina	0.29	0.98
fancy	0.29	0.80
shorts	0.29	0.83
watched	0.29	1.10
definition	0.29	1.54
beside	0.29	0.97
simba	0.29	0.82
rubbing	0.30	1.00
thrones	0.30	0.88
hybrid	0.30	0.88
watches	0.30	0.81
theres	0.30	1.31
silent	0.30	1.08
throw	0.30	1.24
passed	0.30	1.10
caption	0.30	1.47
fan	0.30	0.88
hold	0.30	1.29
picking	0.30	1.05
wrinkles	0.30	0.80
muzzle	0.30	0.83
skip	0.30	1.07
tl	0.30	0.90
mode	0.30	0.99
scooby	0.30	1.20
pro	0.30	0.88
invisible	0.30	0.92
worth	0.30	1.20
boner	0.30	1.02
habits	0.30	0.92
freedom	0.30	1.03
period	0.30	1.00
determined	0.30	1.29
chews	0.30	1.09
lynx	0.31	1.06
covers	0.31	0.85
channel	0.31	0.94
short	0.31	0.83
works	0.31	1.57
hangs	0.31	1.08
volunteers	0.31	1.04
overly	0.31	1.08
copy	0.31	1.22
worthy	0.31	1.28
steel	0.31	0.89
forest	0.31	0.96
keeper	0.31	0.94
hood	0.31	0.85
carefully	0.31	1.00
young	0.31	0.99
lives	0.31	1.06
puppies	0.31	1.00
their	0.31	0.95
ages	0.31	1.14
nom	0.31	1.09
poke	0.31	0.91
range	0.31	0.99
dire	0.31	0.86
sunny	0.31	0.85
nicest	0.31	2.41
hammer	0.31	0.88
every	0.32	0.95
includes	0.32	0.89
became	0.32	1.19
bred	0.32	0.91
coat	0.32	0.72
1/2	0.32	1.13
tail	0.32	0.82
commitment	0.32	1.12
fyi	0.32	0.89
tattoo	0.32	0.89
asian	0.32	1.04
embarrassing	0.32	1.49
extended	0.32	0.89
tricks	0.32	1.15
groot	0.32	0.93
choice	0.32	1.35
powers	0.32	1.10
chase	0.32	1.14
adopted	0.32	1.17
social	0.33	0.94
sucker	0.33	1.01
jacket	0.33	0.79
star	0.33	0.84
40	0.33	1.05
somewhat	0.33	1.35
third	0.33	1.41
joined	0.33	1.01
turned	0.33	1.28
35	0.33	1.06
count	0.33	1.33
boots	0.33	0.81
its	0.33	1.65
cameras	0.33	0.93
pack	0.33	0.91
offspring	0.33	0.94
funny	0.33	2.21
bald	0.33	0.83
pizza	0.33	0.88
actions	0.33	1.07
strike	0.33	1.00
security	0.34	0.93
obligatory	0.34	1.17
donkey	0.34	0.85
design	0.34	0.93
reflection	0.34	0.94
coincidence	0.34	1.48
arrived	0.34	1.15
pops	0.34	0.96
calvin	0.34	0.79
given	0.34	1.07
ducklings	0.34	0.90
set	0.34	1.07
curiosity	0.34	0.94
hang	0.34	1.22
paint	0.34	0.73
sets	0.34	0.99
redditor	0.34	1.16
hers	0.34	1.02
laying	0.34	1.00
tea	0.34	0.80
wrote	0.34	1.82
position	0.34	1.00
ron	0.34	1.24
power	0.34	1.00
cast	0.34	0.89
litters	0.34	1.00
same	0.34	1.33
responsibility	0.34	1.07
pics	0.35	1.26
video	0.35	1.00
devil	0.35	0.97
native	0.35	1.11
own	0.35	1.32
music	0.35	0.94
spend	0.35	1.11
meanwhile	0.35	0.98
pic	0.35	1.31
several	0.35	1.06
flop	0.35	0.92
built	0.35	1.00
pupils	0.35	1.13
solid	0.35	0.87
munchkin	0.35	0.90
mines	0.35	1.05
straight	0.35	1.18
paw	0.35	0.85
endless	0.35	0.84
inbox	0.35	1.18
instantly	0.35	1.21
giraffe	0.35	0.87
confidence	0.36	1.01
lesson	0.36	1.36
fat	0.36	1.06
mountain	0.36	0.75
correction	0.36	1.64
taking	0.36	1.53
potatoes	0.36	0.75
hobbes	0.36	0.78
foster	0.36	1.06
posting	0.36	1.41
bread	0.36	0.73
shirt	0.36	0.83
sweetest	0.36	2.36
hoodie	0.36	0.82
experience	0.36	1.25
provided	0.36	1.05
critters	0.36	0.98
snacks	0.36	0.85
midnight	0.37	1.04
netflix	0.37	0.85
updates	0.37	1.18
bull	0.37	0.84
searching	0.37	1.24
anyways	0.37	1.63
unit	0.37	0.78
wiener	0.37	0.86
jersey	0.37	0.87
leader	0.37	0.92
kids	0.37	1.10
butterfly	0.37	0.88
turtle	0.37	0.82
tape	0.37	0.88
chinese	0.37	0.87
visit	0.37	1.07
pregnant	0.37	1.02
savannah	0.37	1.03
wars	0.37	0.84
nickname	0.37	0.83
anime	0.37	0.88
reminder	0.37	1.03
characters	0.37	1.03
bam	0.37	0.99
pleasure	0.37	0.95
cub	0.38	0.85
most	0.38	1.96
thankful	0.38	2.05
whoever	0.38	1.37
duck	0.38	0.84
neighbors	0.38	1.05
dreams	0.38	0.94
chicks	0.38	0.92
employee	0.38	1.07
killer	0.38	0.98
wot	0.38	1.25
chasing	0.38	1.13
25	0.38	1.04
crawl	0.38	1.02
sleeps	0.38	0.93
loop	0.38	0.80
object	0.38	1.09
bae	0.38	0.83
patience	0.38	0.92
joe	0.38	0.95
provide	0.38	1.17
homework	0.39	1.08
sofa	0.39	0.83
official	0.39	1.08
patch	0.39	0.86
trailer	0.39	0.86
asleep	0.39	0.95
request	0.39	1.23
tzu	0.39	0.72
holding	0.39	0.88
babies	0.39	0.97
pads	0.39	0.88
grade	0.39	1.07
smartest	0.39	2.35
grammar	0.39	2.46
tools	0.39	1.03
spaghetti	0.39	0.88
bought	0.40	0.86
bean	0.40	0.88
vagina	0.40	0.86
er	0.40	1.08
grew	0.40	0.91
action	0.40	0.91
call	0.40	1.39
her	0.40	1.24
rage	0.40	0.98
journey	0.40	1.11
details	0.40	1.37
winning	0.40	0.93
camera	0.40	0.92
facing	0.40	1.08
mate	0.40	1.03
raised	0.40	0.77
referring	0.40	2.30
mission	0.40	0.94
relevant	0.40	1.41
home	0.40	1.39
pieces	0.40	0.92
traditional	0.40	0.86
bros	0.40	0.76
he	0.40	1.96
watch	0.40	0.88
souls	0.40	0.92
pits	0.40	0.91
all	0.40	1.80
gently	0.41	0.80
decades	0.41	1.13
rocky	0.41	0.80
equal	0.41	0.96
gecko	0.41	1.08
periods	0.41	1.01
professional	0.41	0.78
feet	0.41	1.05
retired	0.41	0.91
rescued	0.41	1.06
energy	0.41	0.90
pm	0.41	1.41
isnt	0.41	1.45
corrected	0.41	2.39
scene	0.41	0.90
ikea	0.41	0.82
jobs	0.41	1.10
instant	0.41	0.94
c'mon	0.41	1.10
player	0.41	1.06
example	0.41	1.05
robin	0.41	0.87
cave	0.42	0.96
lights	0.42	0.84
stone	0.42	0.84
scale	0.42	0.81
chris	0.42	1.12
reads	0.42	1.28
guaranteed	0.42	1.55
flash	0.42	0.90
mama	0.42	1.00
shih	0.42	0.71
describe	0.42	1.56
hunters	0.42	0.77
structure	0.42	1.01
replacement	0.42	0.83
blankets	0.42	0.79
catnip	0.42	1.00
slave	0.42	0.99
head	0.43	0.84
judging	0.43	1.16
purring	0.43	1.06
work	0.43	1.61
rock	0.43	0.86
rekt	0.43	1.09
closest	0.43	1.99
continued	0.43	0.94
bearded	0.43	0.87
pirate	0.43	0.89
proud	0.43	1.74
highly	0.43	1.13
european	0.43	1.07
logo	0.43	0.90
fold	0.43	0.87
apple	0.43	0.74
ben	0.43	0.83
beginning	0.43	0.83
lap	0.43	0.93
inner	0.44	0.79
hour	0.44	1.32
leather	0.44	0.79
called	0.44	0.88
commonly	0.44	1.02
teacher	0.44	1.09
moments	0.44	0.95
trend	0.44	0.94
bush	0.44	0.90
harry	0.44	0.79
address	0.44	1.31
ninja	0.44	0.94
actual	0.44	1.15
movie	0.44	0.90
mothers	0.44	0.95
winner	0.44	1.08
movies	0.45	0.90
ops	0.45	1.13
females	0.45	0.96
drawn	0.45	0.82
snoop	0.45	1.10
character	0.45	0.88
disney	0.45	0.90
comic	0.45	0.87
jerry	0.45	0.91
bonus	0.45	1.13
song	0.45	0.90
bc	0.45	1.09
shift	0.45	1.01
long	0.45	1.09
neighbours	0.45	1.06
completely	0.45	1.48
twist	0.45	1.15
younger	0.45	1.07
noses	0.45	0.82
error	0.45	1.96
rope	0.45	1.10
momma	0.45	1.00
doug	0.46	1.12
nazi	0.46	1.27
india	0.46	0.93
plan	0.46	0.98
enormous	0.46	0.82
tool	0.46	1.01
goose	0.46	0.90
ultimate	0.46	0.90
blanket	0.46	0.81
watching	0.46	0.89
cotton	0.46	0.80
canadian	0.46	0.89
dragon	0.46	0.83
text	0.46	1.42
fascinating	0.46	1.25
male	0.46	0.96
lens	0.46	0.90
via	0.46	1.07
pair	0.47	0.83
tails	0.47	0.81
cycle	0.47	0.89
vest	0.47	0.84
combination	0.47	0.89
week	0.47	1.32
captured	0.47	0.92
sam	0.47	0.96
duckling	0.47	0.91
flowers	0.47	0.76
switch	0.47	0.86
sticking	0.47	0.89
racing	0.47	0.74
legged	0.47	1.07
offer	0.47	1.06
wears	0.47	0.83
beans	0.47	0.74
president	0.47	0.96
mask	0.47	0.79
cropped	0.48	0.83
brb	0.48	1.17
focus	0.48	0.91
james	0.48	0.98
hand	0.48	0.85
mating	0.48	0.90
gives	0.48	1.00
fostered	0.48	1.06
licks	0.48	1.07
ears	0.48	0.94
tv	0.48	0.80
john	0.48	0.93
series	0.48	0.98
features	0.48	0.96
pride	0.48	1.05
stable	0.48	1.07
email	0.48	1.22
multiple	0.48	1.07
close	0.48	1.59
wear	0.48	0.83
pillows	0.48	0.81
she	0.49	1.71
trunk	0.49	0.94
skills	0.49	1.03
team	0.49	0.92
russian	0.49	0.95
none	0.49	1.12
kit	0.49	0.84
deliver	0.49	1.20
model	0.49	0.82
cap	0.49	0.87
30	0.49	1.03
league	0.50	0.96
reached	0.50	1.00
couch	0.50	0.84
lots	0.50	0.94
ideas	0.50	1.16
maine	0.50	1.09
sex	0.50	0.97
socks	0.50	0.83
bengal	0.50	1.00
cartoon	0.50	0.87
whom	0.50	1.18
photos	0.50	1.16
voice	0.50	1.01
grand	0.50	1.01
ragdoll	0.50	1.09
wearing	0.50	0.82
pounce	0.50	0.93
spending	0.51	1.02
hilarious	0.51	1.54
haircut	0.51	0.90
19	0.51	1.07
st	0.51	0.69
fur	0.51	0.75
mid	0.51	1.00
needs	0.51	1.01
meh	0.51	1.10
wore	0.51	0.82
14	0.52	1.09
im	0.52	1.90
award	0.52	1.29
quarter	0.52	0.86
laser	0.52	0.97
lifestyle	0.52	0.99
yesterday	0.52	1.15
la	0.52	1.17
credit	0.52	1.10
jelly	0.52	1.02
treat	0.52	0.94
curled	0.52	0.87
ummm	0.52	1.60
creative	0.52	1.09
hats	0.52	0.81
herding	0.53	0.84
beats	0.53	0.97
owned	0.53	2.07
with	0.53	1.37
ring	0.53	0.84
these	0.53	1.11
dingo	0.53	1.16
sides	0.53	0.92
toddler	0.53	0.95
potter	0.53	0.79
michael	0.53	0.91
birth	0.53	0.94
row	0.53	1.13
characteristics	0.53	0.94
coon	0.53	0.97
documentary	0.53	0.92
spot	0.54	0.93
sweater	0.54	0.82
prime	0.54	0.87
obama	0.54	0.94
resist	0.54	1.64
mates	0.54	0.99
fed	0.54	1.46
theme	0.54	0.84
known	0.54	1.36
selfies	0.54	1.04
as	0.54	1.71
appropriate	0.54	1.09
last	0.54	1.18
spell	0.54	2.39
17	0.54	1.04
connection	0.55	0.98
stick	0.55	1.02
held	0.55	1.54
mascot	0.55	0.81
patches	0.55	0.78
quite	0.55	1.43
tortoise	0.55	0.82
heh	0.55	1.49
butter	0.55	0.81
generation	0.56	0.91
guard	0.56	0.82
mistakes	0.56	2.18
beds	0.56	0.83
y'all	0.56	1.19
makeup	0.56	0.84
form	0.56	1.80
bastard	0.56	1.06
relatively	0.56	1.08
technically	0.56	2.13
brings	0.57	0.91
siberian	0.57	0.83
pillow	0.57	0.82
goat	0.57	0.85
big	0.57	0.99
exact	0.57	1.01
note	0.57	1.35
hank	0.57	0.93
book	0.57	0.92
were	0.57	1.35
youre	0.57	1.37
bits	0.57	0.79
appearance	0.58	0.94
darker	0.58	0.84
vary	0.58	1.00
fans	0.58	0.80
staring	0.58	1.13
accurate	0.58	1.84
visiting	0.58	1.05
chest	0.58	0.84
background	0.58	0.88
kidding	0.58	1.91
googled	0.59	1.23
20	0.59	1.03
soccer	0.59	0.96
relaxed	0.59	1.14
individual	0.59	1.01
haired	0.59	0.77
demand	0.59	0.87
bed	0.59	0.84
next	0.59	0.95
duh	0.59	1.20
27	0.59	1.01
silver	0.59	0.83
miniature	0.60	0.70
piece	0.60	0.85
nose	0.60	0.84
writing	0.60	1.59
alaskan	0.60	0.82
separated	0.60	0.96
panther	0.60	1.00
o.o	0.60	1.10
dressed	0.60	0.82
18	0.60	1.08
stuffed	0.60	0.82
cookies	0.60	0.78
16	0.60	1.10
shade	0.60	0.79
sports	0.60	0.85
lighting	0.60	0.92
fairly	0.60	1.24
na	0.61	1.57
jungle	0.61	0.81
tomorrow	0.61	1.24
tim	0.61	0.88
beat	0.61	1.34
elderly	0.61	1.01
fourth	0.61	1.07
dobby	0.61	0.92
acceptable	0.61	1.71
auto	0.61	2.14
welp	0.61	1.41
cooper	0.62	0.90
pairs	0.62	0.90
level	0.62	0.99
shape	0.62	0.88
critter	0.62	0.93
sonic	0.62	0.97
banana	0.62	0.86
company	0.62	0.86
pitbull	0.62	0.73
shorthair	0.62	0.91
showing	0.62	1.11
ice	0.62	0.81
pitt	0.62	0.74
waking	0.62	1.04
keys	0.62	1.18
pointing	0.62	1.97
light	0.62	0.83
aged	0.62	1.06
mini	0.62	0.71
pure	0.62	0.82
combo	0.62	0.87
aka	0.62	0.88
woke	0.62	1.03
rubber	0.62	1.14
magic	0.63	0.90
rings	0.63	0.91
chocolate	0.63	0.76
2012	0.63	1.06
teenage	0.63	0.90
write	0.63	1.52
episode	0.63	0.90
exchange	0.63	1.02
westie	0.63	0.86
hyper	0.63	0.96
21	0.63	1.03
23	0.63	1.03
moment	0.63	1.19
description	0.64	1.19
22	0.64	1.03
persian	0.64	0.93
sticks	0.64	1.07
24	0.64	1.03
kittens	0.64	0.99
recently	0.64	1.29
dance	0.64	0.86
david	0.64	0.94
chose	0.64	1.12
fitting	0.64	1.12
temperament	0.64	0.89
umm	0.64	1.60
13	0.64	1.07
9	0.64	1.12
u/changetip	0.64	0.95
fit	0.64	1.45
cozy	0.64	1.15
confirmed	0.64	1.04
protecting	0.64	0.92
adventure	0.64	0.94
confident	0.65	1.74
em	0.65	1.59
blur	0.65	0.87
ta	0.65	1.66
photoshop	0.65	0.92
frank	0.65	1.08
hot	0.65	0.97
pugs	0.65	0.85
rex	0.65	0.91
lips	0.65	0.78
update	0.65	1.27
loaf	0.65	0.87
m8	0.65	1.30
hell	0.65	1.62
rolls	0.66	1.60
package	0.66	0.86
ftw	0.66	0.99
champion	0.66	0.79
offering	0.66	1.12
rottweilers	0.66	0.92
dr	0.66	0.95
polite	0.66	1.08
camp	0.66	0.89
wiggle	0.66	0.86
scratch	0.66	0.96
spotted	0.66	0.83
green	0.66	0.69
uhh	0.66	1.74
floppy	0.66	0.86
15	0.66	1.03
band	0.66	0.87
game	0.66	0.95
parenting	0.66	0.93
fucker	0.66	1.13
costume	0.67	0.80
norwegian	0.67	1.01
mew	0.67	1.08
hitler	0.67	0.98
relax	0.67	1.01
delivered	0.67	1.06
planned	0.67	0.93
11	0.67	1.07
walker	0.67	0.77
toy	0.67	1.15
send	0.67	1.21
settle	0.67	1.03
plz	0.67	1.25
our	0.67	1.03
sloth	0.67	0.84
26	0.68	1.02
mother	0.68	0.95
nicely	0.68	1.31
comfort	0.68	0.91
shiny	0.68	0.82
century	0.68	0.94
string	0.68	1.02
bright	0.68	0.85
marry	0.68	1.19
his	0.68	0.85
selfie	0.69	0.98
tug	0.69	1.13
distinct	0.69	0.96
mixes	0.69	0.74
gain	0.69	0.92
blurry	0.69	0.99
facial	0.69	0.93
clever	0.69	1.30
mystery	0.69	0.90
seek	0.69	0.96
tip	0.69	0.90
x	0.69	0.84
american	0.69	0.94
irony	0.69	2.10
join	0.70	1.01
sleep	0.70	0.97
bengals	0.70	0.91
peanut	0.70	0.74
de	0.70	1.18
twenty	0.70	1.01
raising	0.70	0.98
vacation	0.70	0.96
lovers	0.70	0.83
message	0.70	1.26
batman	0.70	0.82
master	0.70	0.93
calico	0.70	0.93
dress	0.71	0.78
canine	0.71	0.86
cue	0.71	0.82
scottish	0.71	0.97
reverse	0.71	1.13
boston	0.71	0.72
early	0.71	1.01
praise	0.71	0.91
robert	0.71	0.99
kong	0.71	1.08
bulldogs	0.71	0.78
ten	0.71	0.99
words	0.72	2.39
dads	0.72	0.97
neighbor	0.72	1.10
hockey	0.72	0.94
drawing	0.72	0.88
british	0.72	1.13
equally	0.72	1.01
wtf	0.72	1.66
nevermind	0.72	1.77
october	0.72	1.06
remain	0.73	1.03
mail	0.73	1.03
pointy	0.73	0.89
siamese	0.73	1.05
homes	0.73	1.01
language	0.73	1.72
mommy	0.73	1.05
angle	0.73	0.95
guide	0.73	1.00
docked	0.73	0.80
sentence	0.73	2.22
dog	0.73	1.51
v	0.74	1.42
context	0.74	2.05
12	0.74	1.02
dudes	0.74	1.14
referred	0.74	1.21
indian	0.74	0.92
doo	0.74	1.19
totally	0.74	1.88
toes	0.74	0.89
shit	0.74	1.51
print	0.74	0.94
boobs	0.74	0.85
6	0.74	1.03
late	0.74	1.02
dot	0.75	0.84
strength	0.75	0.86
chin	0.75	0.89
night	0.75	0.97
theyre	0.75	1.04
princess	0.75	0.72
reminds	0.75	1.09
letters	0.75	1.67
lola	0.75	0.76
nights	0.75	1.00
2-3	0.75	0.96
shopping	0.76	0.88
wee	0.76	1.00
cheek	0.76	0.93
football	0.76	1.00
written	0.76	1.50
men	0.76	1.13
nine	0.76	0.99
outfit	0.76	0.81
heaven	0.76	1.02
upvote	0.76	1.12
hat	0.76	0.81
fits	0.77	1.18
steve	0.77	1.04
purrs	0.77	1.14
sleeping	0.77	0.93
kai	0.77	0.83
well	0.77	1.94
dave	0.77	0.97
prince	0.77	0.83
dating	0.77	0.96
pug	0.77	0.70
aussies	0.77	0.80
bonded	0.77	1.04
captain	0.77	1.02
caps	0.77	1.65
dachshund	0.78	0.71
rainbow	0.78	0.92
kind	0.78	1.76
represent	0.78	0.88
moms	0.78	0.94
doberman	0.78	0.73
appreciated	0.78	1.19
info	0.78	1.35
receive	0.78	1.03
8	0.78	1.01
speak	0.78	1.77
curl	0.78	0.92
paws	0.78	1.02
giving	0.79	1.30
10	0.79	1.01
3rd	0.79	1.02
schnauzer	0.79	0.71
word	0.79	2.28
7	0.79	1.01
nailed	0.79	1.03
awfully	0.79	1.35
film	0.79	0.91
games	0.79	0.92
hopefully	0.79	1.41
decisions	0.79	1.53
balls	0.79	1.04
saved	0.79	0.92
needy	0.79	0.89
crossed	0.79	0.80
five	0.79	0.98
tom	0.80	0.90
5	0.80	1.00
date	0.80	1.13
t	0.80	1.44
terrier	0.80	0.71
breeds	0.80	0.84
occasion	0.80	0.84
g	0.80	1.45
morning	0.80	1.04
decade	0.80	1.05
seven	0.80	0.98
5th	0.80	1.07
e	0.80	1.45
use	0.80	1.93
mine	0.80	1.71
four	0.80	1.00
jackson	0.80	1.01
swedish	0.81	1.71
cat	0.81	1.55
tale	0.81	0.98
b	0.81	1.42
born	0.81	0.97
face	0.81	1.20
jim	0.81	1.15
hugging	0.81	0.92
refer	0.81	1.84
cuz	0.81	1.54
different	0.81	1.01
half	0.81	0.74
chick	0.81	1.01
accent	0.81	1.59
evening	0.82	1.00
4	0.82	1.01
explanation	0.82	1.48
r	0.82	1.42
u	0.82	1.42
grin	0.82	1.43
bill	0.82	0.97
russell	0.82	0.71
pattern	0.82	0.85
happiness	0.82	0.99
chihuahua	0.82	0.70
cookie	0.82	0.81
finding	0.82	1.31
warmth	0.82	0.90
mixed	0.83	0.74
leo	0.83	0.88
forgot	0.83	1.95
pointer	0.83	0.73
2	0.83	1.01
few	0.83	0.97
round	0.83	0.89
slept	0.83	0.84
pomeranian	0.83	0.70
couple	0.83	0.97
catahoula	0.83	0.89
yep	0.83	1.84
perfectly	0.83	1.33
daycare	0.83	0.95
outta	0.83	1.43
yorkie	0.83	0.70
h	0.83	1.28
bernard	0.84	0.58
cross	0.84	0.73
f	0.84	1.33
cream	0.84	0.81
scarf	0.84	0.81
petted	0.84	1.80
staffordshire	0.84	0.75
paul	0.84	0.89
carrot	0.84	0.71
steals	0.84	1.53
mutt	0.84	0.71
petting	0.85	1.10
dark	0.85	0.81
damned	0.85	1.02
peter	0.85	0.92
2nd	0.85	1.00
japanese	0.85	1.17
labradoodle	0.85	0.78
kissing	0.85	0.80
three	0.85	0.97
photo	0.85	1.02
purple	0.85	0.81
maltese	0.85	0.70
capture	0.85	0.89
teddy	0.85	0.93
malamutes	0.85	0.84
boxer	0.85	0.69
laid	0.85	0.89
humanity	0.86	0.93
l	0.86	1.44
pronounce	0.86	1.61
naming	0.86	0.97
afternoon	0.86	0.95
album	0.86	1.09
boss	0.86	1.25
are	0.86	1.56
pronounced	0.86	1.66
greyhound	0.86	0.72
intensifies	0.86	0.93
geez	0.86	1.38
mix	0.87	0.73
2014	0.87	1.02
ancient	0.87	0.84
eight	0.87	0.98
spirit	0.87	0.88
saint	0.87	0.60
siblings	0.87	0.98
using	0.87	1.98
correctly	0.87	2.01
ai	0.87	1.51
merle	0.87	0.76
r/blep	0.87	1.32
youngest	0.87	1.05
art	0.87	0.92
poodle	0.87	0.69
milo	0.87	0.82
saturday	0.88	1.06
advice	0.88	1.42
weekend	0.88	1.00
entertaining	0.88	0.98
worries	0.88	1.53
begging	0.88	1.46
spoken	0.88	2.16
4th	0.88	1.02
yellow	0.88	0.78
australian	0.88	0.75
attention	0.88	0.92
3-4	0.88	0.98
jack	0.89	0.70
him/her	0.89	1.37
heeler	0.89	0.72
names	0.89	0.90
bulldog	0.89	0.78
extra	0.89	0.92
explode	0.89	1.06
play	0.89	1.54
grey	0.89	0.79
tabby	0.89	0.87
april	0.89	1.03
epic	0.89	0.80
life	0.89	1.59
samoyed	0.90	0.65
1st	0.90	1.03
spots	0.90	0.78
thor	0.90	0.89
ball	0.90	1.02
bundle	0.90	0.85
members	0.90	0.83
jr	0.90	0.97
tummy	0.90	0.93
six	0.90	0.97
painted	0.90	0.73
female	0.90	0.90
scratches	0.90	1.48
active	0.90	0.97
bitches	0.90	1.39
smug	0.90	1.22
red	0.90	0.80
rub	0.91	0.94
pei	0.91	0.68
hooman	0.91	1.34
friday	0.91	1.06
border	0.91	0.72
spanish	0.91	1.67
dogs	0.91	0.94
letter	0.91	1.51
pickles	0.91	0.88
sunday	0.91	1.04
beagle	0.91	0.70
fostering	0.92	1.03
fetch	0.92	1.62
rest	0.92	0.99
aussie	0.92	0.73
photoshopped	0.92	1.01
orange	0.92	0.85
boop	0.92	0.89
sheltie	0.92	0.69
senior	0.92	0.95
weiner	0.92	0.81
woof	0.92	1.13
meaning	0.92	2.05
collie	0.92	0.71
beyond	0.92	1.05
earned	0.92	0.82
2013	0.92	1.00
simon	0.92	0.93
progress	0.92	1.02
thoughts	0.93	1.23
monday	0.93	1.04
mike	0.93	0.97
pom	0.93	0.70
bob	0.93	1.05
toys	0.93	1.58
tennis	0.93	1.58
sayin	0.93	1.42
families	0.93	0.95
oliver	0.94	0.83
colors	0.94	0.79
kid	0.94	1.21
plays	0.94	1.56
y	0.94	1.30
labrador	0.94	0.70
crap	0.94	1.33
suggestions	0.94	1.18
hipster	0.94	0.92
rottweiler	0.94	0.68
updated	0.95	1.14
um	0.95	1.68
glory	0.95	0.82
soul	0.95	0.97
napping	0.95	0.94
gray	0.95	0.81
bout	0.95	1.48
bugger	0.95	0.98
means	0.95	2.10
dexter	0.95	0.83
strong	0.96	0.85
dalmatian	0.96	0.71
wan	0.96	1.16
dutch	0.96	1.69
malamute	0.96	0.71
squeeze	0.96	1.00
gary	0.96	0.97
bunny	0.96	0.91
helpful	0.97	1.24
white	0.97	0.79
pumpkin	0.97	0.73
daughters	0.97	0.98
brown	0.97	0.81
whose	0.97	1.05
tan	0.97	0.79
corgi	0.97	0.72
speaking	0.97	2.13
newfoundland	0.97	0.70
story	0.97	1.69
goddamn	0.97	1.14
patrick	0.98	0.91
n	0.98	1.25
innocent	0.98	1.00
household	0.98	0.81
wat	0.98	1.40
extremely	0.98	1.05
colored	0.98	0.79
cocker	0.98	0.69
tuxedo	0.98	0.91
separate	0.98	0.87
bailey	0.99	0.80
nah	0.99	1.50
tie	0.99	0.83
shot	0.99	0.86
gt	0.99	1.42
nap	0.99	0.88
ya	0.99	1.58
quiet	0.99	1.00
vocal	0.99	0.97
fun	0.99	1.45
terriers	1.00	0.82
husky	1.00	0.71
phrase	1.00	1.98
color	1.00	0.80
shepherd	1.00	0.70
january	1.00	1.03
nope	1.00	1.71
aint	1.00	1.45
ur	1.00	1.33
sincerely	1.00	1.14
blue	1.01	0.80
term	1.01	1.85
santa	1.01	1.06
proper	1.01	1.77
spaniel	1.01	0.70
black	1.01	0.81
december	1.01	1.03
deserves	1.01	0.81
stripes	1.01	0.80
shepard	1.01	0.70
username	1.01	1.30
charles	1.01	0.73
moose	1.01	0.89
confirm	1.01	1.15
doin	1.01	1.44
childhood	1.02	0.88
used	1.02	1.25
magical	1.02	0.85
cousins	1.02	1.01
k	1.02	1.35
gim	1.02	1.15
parties	1.02	0.98
french	1.02	1.41
ewok	1.02	1.04
pat	1.02	0.96
books	1.02	1.07
compliment	1.02	1.24
furry	1.02	0.90
crazy	1.02	1.69
retriever	1.03	0.68
shes	1.03	1.27
dobermans	1.03	0.85
belgian	1.03	0.72
da	1.03	1.31
huh	1.03	1.65
hah	1.03	1.32
twin	1.03	0.98
octopus	1.03	1.58
glad	1.03	1.93
jesus	1.03	1.24
playing	1.04	1.46
sexy	1.04	1.07
literal	1.04	1.66
hail	1.04	0.90
belly	1.04	1.04
brindle	1.04	0.75
gus	1.04	0.96
akita	1.04	0.69
uh	1.04	1.70
excellent	1.05	1.26
george	1.05	0.89
brothers	1.05	1.03
obsessed	1.05	1.41
pink	1.05	0.88
mr	1.05	0.92
sent	1.05	1.03
identical	1.05	0.94
biological	1.05	1.01
genuine	1.05	1.08
nephew	1.05	1.03
ma	1.06	1.34
docile	1.06	1.04
shar	1.06	0.68
suit	1.06	0.77
chow	1.06	0.69
uses	1.06	1.68
november	1.06	1.00
chihuahuas	1.06	0.84
mastiff	1.06	0.73
bond	1.06	0.79
eh	1.06	1.52
german	1.06	0.68
cared	1.06	1.08
lab	1.06	0.68
july	1.07	1.02
so	1.07	2.05
hes	1.07	1.39
fiance	1.07	1.14
wut	1.07	1.40
irish	1.07	0.92
le	1.07	1.07
maximum	1.07	0.81
hound	1.08	0.72
bitch	1.08	1.38
style	1.08	0.78
pray	1.08	0.91
tiny	1.08	0.90
sleepy	1.08	1.31
hearts	1.08	0.89
patterns	1.08	0.83
walter	1.09	0.91
moar	1.09	0.99
eyes	1.09	1.01
c	1.09	1.25
loki	1.09	0.85
tilt	1.09	1.03
poodles	1.10	0.77
springer	1.10	0.72
received	1.10	0.99
colours	1.10	0.76
sibling	1.10	0.99
collies	1.11	0.81
played	1.11	1.28
halloween	1.11	0.78
italian	1.11	1.12
gsd	1.11	0.66
woman	1.11	1.02
eyebrows	1.11	0.85
huskies	1.11	0.85
daisy	1.11	0.75
roommates	1.11	1.10
roommate	1.11	1.05
w	1.12	1.26
mum	1.12	1.07
gods	1.12	0.93
colour	1.12	0.77
parent	1.12	0.99
suggestion	1.12	1.25
doge	1.12	1.09
expressions	1.13	0.92
grandfather	1.13	0.99
adopting	1.13	1.07
whoa	1.13	1.42
share	1.13	1.19
spoiled	1.13	1.09
ftfy	1.13	1.35
impressive	1.13	1.33
doe	1.13	1.00
kitten	1.13	1.10
memory	1.13	0.85
fuckin	1.13	1.31
relationship	1.13	0.91
compliments	1.14	0.97
penny	1.14	0.86
neighbour	1.14	1.06
chubby	1.14	1.02
bernese	1.14	0.65
creature	1.14	1.18
hahahaha	1.14	1.28
mah	1.15	1.28
english	1.15	2.07
expression	1.15	1.14
jake	1.15	0.90
hey	1.15	1.56
amp	1.15	1.20
jeez	1.15	1.55
providing	1.15	1.02
incredibly	1.15	1.01
wants	1.16	1.47
doodle	1.16	0.75
pups	1.16	0.96
healthy	1.16	1.31
mane	1.16	0.67
real	1.16	1.64
haz	1.16	1.14
ladies	1.16	1.03
mischievous	1.16	0.84
surprisingly	1.17	1.01
stubborn	1.17	0.96
dachshunds	1.17	0.82
lover	1.17	1.02
o	1.17	1.30
yours	1.17	1.31
tips	1.17	0.90
henry	1.18	0.87
naw	1.18	1.27
dis	1.18	1.30
pls	1.18	1.14
too	1.18	1.92
very	1.18	1.04
approve	1.18	0.92
def	1.18	1.11
luna	1.18	0.81
though	1.18	1.98
rottie	1.19	0.67
bud	1.19	1.37
basset	1.19	0.71
insanely	1.19	1.00
alright	1.19	1.69
daddy	1.19	1.19
greyhounds	1.19	0.78
creatures	1.19	0.91
affection	1.19	0.81
heck	1.20	1.25
snuggle	1.20	0.98
wag	1.20	1.36
niece	1.20	1.02
gay	1.20	1.01
charlie	1.20	0.90
ties	1.20	1.39
snuggling	1.21	1.45
wisdom	1.21	0.80
naps	1.21	1.42
grandparents	1.21	1.05
retrievers	1.21	0.87
cuddled	1.21	1.47
tortie	1.21	0.87
chill	1.21	1.07
p	1.22	1.44
labs	1.22	0.85
behaved	1.22	1.15
trust	1.22	1.70
cheeks	1.22	0.87
bella	1.23	0.81
hunter	1.23	0.83
meet	1.23	0.86
motherfucker	1.23	1.07
mittens	1.23	0.93
matches	1.24	0.82
classic	1.24	0.91
yo	1.24	1.37
rubs	1.24	1.42
purrfect	1.24	0.94
mighty	1.24	0.94
independent	1.24	0.97
interesting	1.24	1.36
sisters	1.25	1.02
jk	1.25	1.30
woah	1.25	1.17
treats	1.25	1.33
beagles	1.25	0.90
doll	1.25	0.98
boys	1.25	0.91
lord	1.25	1.01
yeah	1.25	1.89
yea	1.26	1.62
whats	1.26	1.36
fierce	1.26	0.79
fuck	1.26	1.48
patient	1.26	1.14
shepherds	1.26	0.85
fedora	1.27	0.87
10/10	1.27	0.73
coworker	1.27	1.04
girls	1.27	0.94
dawg	1.27	1.32
whiskers	1.28	0.77
each	1.28	0.91
special	1.28	0.82
blonde	1.28	0.80
derpy	1.28	1.24
seriously	1.28	1.81
bf	1.28	1.06
cuddling	1.28	1.44
father	1.29	1.00
friendly	1.29	0.96
parents	1.29	1.02
ha	1.29	1.51
cousin	1.29	1.01
corgis	1.29	0.81
gold	1.29	0.92
honor	1.29	0.85
enjoyed	1.30	0.77
lucy	1.30	0.77
lovable	1.30	1.26
cuddle	1.30	1.34
grandpa	1.31	0.99
pretty	1.31	1.60
brother	1.31	1.05
adorably	1.31	1.05
uncle	1.31	1.04
grandmother	1.33	1.03
molly	1.33	0.79
protective	1.33	0.93
max	1.33	0.86
sister	1.33	1.01
mom	1.33	1.00
sup	1.33	1.10
forever	1.34	1.24
cavalier	1.34	0.69
intelligent	1.34	1.02
ohh	1.34	1.37
guy	1.34	1.32
those	1.34	1.08
affectionate	1.35	1.08
peace	1.35	0.71
mellow	1.35	1.00
daughter	1.35	0.94
married	1.35	0.89
queen	1.35	0.73
girlfriends	1.36	1.03
appreciate	1.36	1.04
named	1.36	0.80
ex	1.36	1.03
hehe	1.37	1.15
partner	1.37	0.87
aunt	1.37	1.03
puppy	1.37	1.25
show	1.37	1.02
ahhhh	1.37	1.18
genius	1.37	1.13
name	1.37	0.87
carrots	1.37	1.42
playful	1.37	1.01
warms	1.38	0.99
o_o	1.38	1.13
member	1.38	0.71
photography	1.38	0.78
kisses	1.39	1.31
personality	1.39	0.86
gf	1.39	1.01
calm	1.39	0.92
bet	1.39	1.43
cuddles	1.39	1.37
fluff	1.39	0.84
golden	1.39	0.61
bro	1.40	1.44
faith	1.40	0.93
smart	1.40	0.97
snuggles	1.40	1.37
twins	1.41	0.87
kevin	1.41	0.85
super	1.41	0.95
markings	1.41	0.84
kiss	1.41	0.86
energetic	1.41	0.92
an	1.42	1.33
lmao	1.42	1.14
husband	1.43	1.01
friends	1.43	1.48
cards	1.43	0.94
grandma	1.43	1.02
personalities	1.44	0.86
boyfriend	1.44	1.00
stranger	1.44	0.97
his/her	1.44	0.92
memories	1.44	0.95
cute	1.45	1.80
haha	1.45	1.74
joy	1.45	0.89
girlfriend	1.45	1.02
helping	1.46	1.03
aww	1.46	1.82
marriage	1.46	0.82
goofy	1.46	0.86
soft	1.46	0.92
easter	1.46	0.88
beloved	1.47	1.08
wife	1.47	0.98
photographer	1.47	0.84
ooh	1.48	1.05
together	1.48	0.97
dad	1.48	1.02
smiling	1.48	1.16
tits	1.48	1.17
king	1.49	0.82
agreed	1.50	0.95
honey	1.50	0.86
winston	1.50	0.79
suits	1.50	0.76
dat	1.50	1.11
shiba	1.52	0.76
rip	1.52	0.76
nugget	1.52	0.92
gentle	1.52	1.06
yes	1.52	1.71
lookin	1.53	1.22
ahhh	1.53	1.28
cuddly	1.53	0.93
kitteh	1.53	1.01
angel	1.53	0.82
heart	1.54	1.14
party	1.54	0.87
glorious	1.54	0.72
bananas	1.54	1.21
3	1.55	0.94
ahh	1.55	1.21
little	1.55	1.07
companionship	1.55	0.64
son	1.56	0.88
xd	1.56	1.22
wink	1.57	0.93
fuzzy	1.57	0.98
heartwarming	1.58	1.42
growing	1.58	0.94
oooh	1.58	1.11
job	1.58	1.26
two	1.58	0.84
sweetheart	1.59	0.84
hugs	1.59	1.38
berner	1.59	0.80
p.s	1.59	1.09
ridiculously	1.59	0.92
inu	1.59	0.80
dem	1.60	0.99
yup	1.60	1.37
squee	1.61	1.24
guys	1.62	1.57
fred	1.62	0.86
lol	1.62	1.61
ah	1.62	1.37
squishy	1.63	0.85
hero	1.64	0.76
bruce	1.64	0.86
babe	1.64	1.04
card	1.64	0.95
god	1.64	1.21
loyal	1.65	0.98
hahaha	1.65	1.28
oh	1.65	1.36
wish	1.66	1.64
gifts	1.66	0.91
mustache	1.66	0.78
today	1.67	1.30
sassy	1.67	0.83
respect	1.67	1.08
pose	1.68	0.96
bow	1.68	0.77
boo	1.69	0.90
beard	1.69	0.73
grateful	1.69	1.06
presents	1.70	0.88
wedding	1.70	0.82
he/she	1.70	1.24
dang	1.71	1.10
ol	1.72	0.92
surprise	1.73	0.93
holy	1.73	1.28
loving	1.73	0.93
lil	1.74	0.96
tile	1.74	1.14
ohhh	1.74	1.20
danes	1.74	0.65
thanksgiving	1.75	0.94
faces	1.75	1.00
cuteness	1.76	1.12
thats	1.77	1.45
overload	1.77	1.12
deserve	1.77	0.99
dane	1.78	0.59
pussy	1.78	1.12
sir	1.78	1.00
spoil	1.78	1.04
looking	1.79	1.36
beast	1.81	0.74
ginger	1.81	0.74
sending	1.81	0.86
fluffy	1.81	1.05
pyrenees	1.82	0.58
detail	1.82	0.93
dear	1.82	0.99
lifetime	1.82	1.00
neat	1.82	1.15
exploded	1.83	1.04
ps	1.84	0.94
comfy	1.84	1.12
holiday	1.85	0.92
adorbs	1.85	0.95
thanks	1.85	1.34
give	1.85	0.98
day	1.85	1.28
peaceful	1.85	0.99
s/he	1.86	1.11
cheers	1.86	0.87
hi	1.86	0.84
adventures	1.86	0.78
melted	1.87	1.03
boxers	1.87	1.12
darn	1.87	1.19
melting	1.87	1.05
your	1.88	0.97
smile	1.88	1.28
feets	1.88	1.09
bitty	1.90	0.95
coloring	1.91	0.71
christmas	1.91	0.91
damn	1.92	1.34
melt	1.93	0.86
soo	1.93	1.17
shared	1.93	0.80
brave	1.94	0.90
soooo	1.94	1.20
new	1.94	0.73
match	1.94	0.85
ruff	1.97	0.94
badass	1.97	1.05
caring	1.97	0.73
lady	1.97	0.87
hounds	1.98	1.08
melts	1.98	0.98
rotties	1.98	1.10
d'aww	1.99	1.06
itty	1.99	0.91
friend	1.99	1.06
friendship	2.00	0.72
man	2.01	1.29
hug	2.02	0.86
artist	2.03	0.92
props	2.03	0.80
gosh	2.03	1.15
family	2.03	0.72
hello	2.05	0.85
sooo	2.06	1.13
omg	2.09	1.12
derp	2.10	0.93
present	2.10	0.83
goldens	2.10	1.17
doggies	2.10	0.92
rescuing	2.11	0.85
noble	2.11	0.74
kitty	2.12	1.02
pie	2.13	0.93
saving	2.13	0.83
nick	2.13	0.99
smiles	2.14	0.69
wise	2.15	0.82
kitties	2.16	0.78
doggy	2.16	0.86
friggin	2.16	1.13
nonetheless	2.16	0.87
dude	2.17	1.22
pal	2.18	1.00
cuties	2.19	0.92
dapper	2.19	0.79
goodness	2.20	1.04
aw	2.21	0.99
kindness	2.21	0.78
hahah	2.23	0.98
lucky	2.23	1.12
sooooo	2.24	1.12
freaking	2.24	1.08
recovery	2.25	0.96
bless	2.25	0.78
cool	2.26	1.21
tho	2.26	1.00
photograph	2.27	0.76
gentleman	2.28	0.75
photogenic	2.28	0.90
cakeday	2.29	0.99
fellow	2.33	0.76
awe	2.33	0.96
good	2.33	0.92
welcome	2.33	0.68
painting	2.34	0.72
unique	2.34	0.83
amazingly	2.34	0.73
boy	2.35	0.80
fella	2.36	0.89
girl	2.36	0.74
handful	2.37	0.90
hope	2.39	0.93
yay	2.40	0.80
lt	2.40	0.90
priceless	2.40	0.73
thank	2.40	0.91
buddies	2.41	0.68
miss	2.43	0.49
buddy	2.43	0.85
addition	2.43	0.59
indeed	2.45	0.77
doggie	2.46	0.91
sweetie	2.47	0.89
birthday	2.49	0.99
magnificent	2.49	0.52
brilliant	2.49	0.62
gift	2.49	0.85
fabulous	2.50	0.84
precious	2.51	0.82
pooch	2.54	0.83
classy	2.56	0.71
holidays	2.56	0.83
regal	2.56	0.67
merry	2.56	0.79
enjoy	2.57	0.46
darling	2.57	0.75
pup	2.57	0.94
freakin	2.59	0.84
cake	2.60	0.81
companion	2.61	0.63
wishing	2.62	0.73
cutie	2.62	0.83
wishes	2.63	0.69
kudos	2.63	0.67
cherish	2.64	0.63
companions	2.64	0.64
majestic	2.65	0.61
truly	2.66	0.58
adore	2.67	0.36
sweet	2.67	0.64
adorable	2.71	0.73
absolutely	2.73	0.64
luck	2.73	0.65
handsome	2.76	0.77
beauty	2.78	0.52
incredible	2.81	0.51
congratulations	2.81	0.66
wow	2.81	0.76
both	2.83	0.53
perfect	2.86	0.48
stunning	2.86	0.42
congrats	2.86	0.71
such	2.87	0.61
sharing	2.89	0.63
gorgeous	2.91	0.60
btw	2.93	0.57
beautiful	2.98	0.54
great	3.00	0.43
wonderful	3.09	0.37
lovely	3.15	0.42
