shitty	-5.43	1.45
nocenti	-5.37	1.44
crappy	-5.33	1.68
worse	-5.30	1.40
lobdell	-5.28	1.44
poor	-5.24	1.61
ruined	-5.24	1.15
fault	-5.07	0.89
ugh	-5.02	1.31
blame	-4.92	1.08
trash	-4.85	1.76
mess	-4.81	1.62
didio	-4.68	1.20
sucked	-4.58	1.18
vocal	-4.54	1.88
gross	-4.51	1.33
crap	-4.51	1.76
dialog	-4.51	1.74
garbage	-4.49	1.70
guilty	-4.39	1.67
hatred	-4.36	1.47
andrew	-4.28	1.65
complain	-4.19	1.87
cheesy	-4.12	1.88
effects	-4.10	1.93
bad	-4.08	1.72
suffered	-4.07	1.93
suffer	-4.06	1.89
badly	-4.05	1.78
hack	-4.01	1.61
mediocre	-4.00	1.91
plain	-3.97	1.96
painful	-3.91	1.77
acting	-3.81	1.97
hating	-3.80	1.97
accepted	-3.80	1.84
ultimatum	-3.73	1.59
inconsistent	-3.67	1.76
sucks	-3.66	1.81
ruin	-3.65	1.43
ugly	-3.65	1.96
treated	-3.64	1.86
editing	-3.64	1.79
editorial	-3.57	0.76
lazy	-3.56	1.87
liefeld	-3.56	1.74
meh	-3.55	1.87
invented	-3.53	1.73
annoying	-3.51	1.92
bland	-3.50	1.89
boring	-3.43	1.85
horribly	-3.42	1.95
angry	-3.39	2.30
birthright	-3.39	2.56
embrace	-3.33	1.54
defense	-3.33	1.74
despite	-3.32	1.82
facing	-3.26	1.90
review	-3.25	2.59
omd	-3.19	1.75
rough	-3.18	1.99
widely	-3.16	1.87
rob	-3.15	1.91
bizarre	-3.15	1.98
avoided	-3.12	2.18
decisions	-3.12	0.76
compared	-3.10	1.84
smoking	-3.03	2.49
understood	-2.98	1.86
sjw	-2.96	1.78
address	-2.96	2.64
bloody	-2.96	2.13
absolute	-2.95	2.64
tired	-2.93	1.99
water	-2.91	2.61
sending	-2.89	2.62
explains	-2.87	1.87
literally	-2.86	2.03
immediate	-2.85	2.60
disliked	-2.85	2.10
nuts	-2.84	2.17
habit	-2.83	2.42
screw	-2.82	1.93
writing	-2.82	1.95
nightmare	-2.82	1.95
tragic	-2.82	1.97
nonsense	-2.81	1.24
relief	-2.81	1.94
flies	-2.80	2.63
conspiracy	-2.79	2.23
faces	-2.79	1.91
dislike	-2.77	2.47
questionable	-2.76	1.75
praise	-2.74	2.19
react	-2.74	1.90
likes	-2.70	2.74
among	-2.69	2.19
forget	-2.67	2.39
depressed	-2.65	2.72
echo	-2.63	2.82
cynical	-2.60	2.20
stupid	-2.57	2.43
bullshit	-2.56	1.56
passion	-2.54	2.09
mentality	-2.53	2.21
general	-2.53	2.07
ruining	-2.51	0.98
bothers	-2.50	1.97
dull	-2.46	1.64
crying	-2.45	2.42
rushed	-2.45	1.68
proven	-2.44	2.55
super-hero	-2.41	2.45
sexist	-2.39	2.52
upset	-2.39	3.01
smile	-2.39	2.36
wave	-2.38	2.41
cliche	-2.36	1.45
mad	-2.35	2.74
ball	-2.34	1.08
agreed	-2.33	1.89
convoluted	-2.31	1.43
calling	-2.30	1.28
piss	-2.29	1.33
bitter	-2.29	2.63
filler	-2.28	1.28
screaming	-2.27	2.62
shallow	-2.25	1.61
quesada	-2.25	0.81
due	-2.24	1.04
pacing	-2.21	1.37
frustrating	-2.18	2.56
editor	-2.17	0.72
avoid	-2.15	1.04
minorities	-2.12	1.02
retcons	-2.12	0.87
responsible	-2.12	0.91
frankly	-2.12	1.54
generic	-2.10	1.43
hurt	-2.09	1.34
waste	-2.08	1.18
ending	-2.08	2.62
unnecessary	-2.07	1.73
ridiculous	-2.07	2.49
weak	-2.06	1.65
rid	-2.04	0.97
dialogue	-2.03	1.39
childish	-2.02	1.72
desperately	-2.01	1.22
ruins	-2.01	0.89
exposition	-2.01	1.33
messing	-2.00	1.12
expensive	-2.00	2.90
lame	-2.00	2.32
christ	-2.00	2.35
pointless	-1.98	1.79
editors	-1.98	0.74
understands	-1.95	2.24
confused	-1.94	3.28
excuse	-1.94	1.12
stress	-1.94	1.03
sees	-1.94	2.78
result	-1.94	0.89
forgettable	-1.91	2.10
pandering	-1.91	1.11
poorly	-1.89	1.34
bored	-1.89	3.00
improved	-1.89	1.08
ashamed	-1.87	2.74
cancelled	-1.87	2.87
forced	-1.87	1.62
judgement	-1.87	1.05
shocked	-1.86	3.03
script	-1.86	1.12
prove	-1.84	3.20
choices	-1.83	0.95
disagree	-1.83	3.01
fake	-1.83	1.27
dated	-1.82	1.62
fanboys	-1.82	1.50
backlash	-1.81	1.41
bay	-1.81	0.79
thinks	-1.81	2.71
petty	-1.81	1.31
curious	-1.80	3.36
subjective	-1.80	3.01
bunn	-1.79	1.07
chuck	-1.79	0.89
lacking	-1.79	1.51
jarring	-1.79	1.80
dammit	-1.77	1.91
constant	-1.72	1.06
saying	-1.72	3.21
fanboy	-1.72	1.29
characterization	-1.71	1.29
enjoys	-1.71	2.82
brutal	-1.70	2.59
wasted	-1.70	1.93
retcon	-1.70	0.92
possible	-1.70	2.42
tough	-1.69	1.38
bob	-1.69	0.86
joking	-1.69	2.81
imho	-1.69	1.24
ignorant	-1.69	1.56
critics	-1.68	1.05
thinking	-1.67	3.07
silly	-1.66	1.92
missing	-1.66	3.15
biased	-1.65	2.85
re	-1.65	3.43
painted	-1.64	2.71
narration	-1.64	0.97
constantly	-1.63	1.49
god	-1.63	1.95
surprising	-1.63	2.46
false	-1.63	3.20
pleasantly	-1.63	2.82
deserves	-1.62	1.09
responsibility	-1.62	0.76
hilarious	-1.62	2.39
felt	-1.61	1.69
complaining	-1.61	2.26
awkward	-1.61	1.50
opposite	-1.60	2.89
trope	-1.60	1.10
arrogant	-1.59	1.47
jrjr	-1.59	2.14
cullen	-1.59	1.11
rape	-1.58	1.11
ie	-1.58	1.02
impression	-1.58	1.61
nightwing	-1.57	0.91
abuse	-1.57	0.98
freaking	-1.57	2.33
grows	-1.57	0.88
slow	-1.56	1.50
jokes	-1.56	1.30
suspect	-1.55	1.56
actions	-1.55	0.81
stand	-1.53	3.35
idiot	-1.53	2.43
suffering	-1.53	1.08
taste	-1.53	1.46
mean	-1.53	3.52
disappointing	-1.53	2.66
either	-1.52	3.46
jerk	-1.52	1.45
confusing	-1.52	1.75
cry	-1.52	1.54
harsh	-1.52	1.36
made	-1.51	1.42
faster	-1.51	1.10
plots	-1.51	1.34
flat	-1.50	1.51
kills	-1.50	2.80
land	-1.50	1.02
behind	-1.50	2.80
feminism	-1.50	1.18
justified	-1.50	1.24
9/11	-1.49	0.83
damage	-1.49	1.12
ups	-1.49	1.04
worry	-1.48	2.13
feels	-1.47	1.72
fact	-1.47	3.39
performance	-1.47	1.27
anti	-1.47	0.83
asshole	-1.47	1.67
vague	-1.47	1.37
outlaws	-1.47	0.94
complaints	-1.47	1.42
selfish	-1.46	1.33
score	-1.46	1.19
loud	-1.45	1.51
comparison	-1.45	1.59
treat	-1.45	1.17
forgive	-1.45	1.43
worried	-1.44	3.43
nerds	-1.44	1.41
disappointed	-1.44	3.21
racist	-1.44	1.44
shake	-1.44	1.39
failed	-1.43	1.32
reaction	-1.43	1.20
joy	-1.43	1.29
dumb	-1.42	2.48
believing	-1.42	1.44
dragged	-1.41	1.34
bummed	-1.41	3.36
afraid	-1.40	3.47
reactions	-1.40	1.18
than	-1.40	1.31
scripts	-1.40	1.14
perception	-1.39	1.06
surprised	-1.39	3.41
easily	-1.39	2.98
ever	-1.39	2.79
titans	-1.39	0.93
intentionally	-1.38	1.17
titan	-1.38	0.77
defending	-1.38	1.82
quiet	-1.37	1.11
entitled	-1.36	1.68
mental	-1.36	1.06
impossible	-1.36	1.52
pissed	-1.36	3.38
religious	-1.36	1.36
viewed	-1.35	1.18
loeb	-1.35	0.90
define	-1.35	1.39
hopeful	-1.35	3.44
progressive	-1.35	1.07
groups	-1.34	1.16
randomly	-1.34	1.04
balls	-1.34	1.55
teen	-1.33	0.91
racism	-1.33	1.15
exactly	-1.33	3.48
anger	-1.33	1.16
bs	-1.33	1.29
terribly	-1.33	1.45
average	-1.33	1.19
claiming	-1.33	1.72
suck	-1.33	1.86
arguably	-1.32	3.05
reboot	-1.32	0.98
metaphor	-1.32	0.96
loop	-1.32	2.30
fence	-1.32	3.00
biggest	-1.31	2.98
proves	-1.31	1.34
attacks	-1.31	0.97
feminist	-1.31	1.26
stronger	-1.31	1.09
attitude	-1.30	1.03
acted	-1.30	0.74
offended	-1.30	2.75
load	-1.30	1.09
everywhere	-1.30	1.19
skeptical	-1.29	3.40
desire	-1.29	1.66
guarantee	-1.29	2.01
assholes	-1.29	1.54
dressing	-1.28	0.90
gail	-1.28	0.96
sick	-1.28	2.85
marketing	-1.27	0.94
remind	-1.27	1.36
goofy	-1.27	1.85
overwhelming	-1.26	1.22
compare	-1.26	1.67
jeph	-1.26	0.93
critical	-1.26	1.47
odd	-1.26	1.79
reputation	-1.26	1.07
dropped	-1.25	1.21
justify	-1.25	1.40
claim	-1.25	1.78
starfire	-1.25	0.85
victim	-1.25	1.06
committed	-1.25	0.80
feeling	-1.25	3.19
caused	-1.25	0.99
fail	-1.25	1.19
concerned	-1.25	2.85
substance	-1.24	1.15
against	-1.23	1.13
hesitant	-1.23	2.80
glad	-1.22	3.35
cancel	-1.22	1.38
impressed	-1.22	2.63
trust	-1.21	0.99
act	-1.21	1.13
annoyed	-1.21	3.06
acts	-1.21	0.82
irrelevant	-1.20	1.72
received	-1.20	1.25
causes	-1.20	0.88
mistaken	-1.20	2.73
cgi	-1.20	1.07
junk	-1.19	1.12
sexism	-1.19	1.29
comparing	-1.19	1.16
pr	-1.18	1.00
laugh	-1.18	1.59
dimensional	-1.18	1.23
affect	-1.18	1.46
buzz	-1.18	1.15
public	-1.18	0.97
refer	-1.18	1.37
satisfied	-1.18	3.31
optimistic	-1.18	3.28
consequences	-1.18	1.03
funny	-1.17	2.11
insulting	-1.17	1.45
bothered	-1.17	1.87
hoping	-1.17	3.50
pretend	-1.17	2.23
portrayed	-1.17	1.20
group	-1.17	0.90
community	-1.17	1.20
pak	-1.16	1.11
pouches	-1.15	1.00
execution	-1.15	1.54
minority	-1.14	1.03
childhood	-1.14	0.59
fans	-1.14	1.21
health	-1.14	1.01
quickly	-1.13	1.43
innocent	-1.13	0.96
useless	-1.13	1.38
drunk	-1.13	1.62
violent	-1.13	1.35
affected	-1.13	1.06
implying	-1.13	1.71
decision	-1.12	1.06
laughing	-1.12	1.44
sake	-1.12	1.41
acknowledge	-1.12	1.71
ramos	-1.12	2.11
talking	-1.12	2.73
tears	-1.11	1.12
altogether	-1.11	1.44
bummer	-1.11	2.76
liberal	-1.11	1.23
hear	-1.11	2.28
enjoyment	-1.11	1.37
troll	-1.11	1.34
greatest	-1.11	3.07
gimmick	-1.10	1.38
recognize	-1.10	1.81
suggesting	-1.10	2.09
involvement	-1.10	1.14
official	-1.10	1.03
fuck	-1.09	2.50
attempts	-1.09	1.17
ignored	-1.09	1.31
needing	-1.08	1.66
moment	-1.08	2.09
moral	-1.08	1.27
skills	-1.08	1.09
strongest	-1.08	3.11
downvoting	-1.08	1.93
touch	-1.08	1.62
behavior	-1.07	1.23
fix	-1.07	1.35
initially	-1.07	1.34
publicity	-1.07	1.22
call	-1.07	2.36
nowadays	-1.07	1.11
stereotypical	-1.07	1.11
campy	-1.07	1.33
extreme	-1.07	1.07
seemed	-1.06	1.72
wants	-1.06	1.83
nervous	-1.06	3.25
excited	-1.06	3.35
equality	-1.06	1.11
uncomfortable	-1.06	2.73
boost	-1.06	1.02
pleasure	-1.05	0.88
reviews	-1.05	1.25
rage	-1.04	1.27
process	-1.04	1.11
depressing	-1.04	2.67
simone	-1.04	0.88
movement	-1.04	1.01
talent	-1.03	1.00
hearing	-1.03	2.31
exposure	-1.03	1.10
merely	-1.03	1.50
sound	-1.03	1.65
without	-1.03	1.76
circle	-1.03	1.02
cared	-1.03	1.34
caring	-1.03	1.96
favourite	-1.02	3.14
beating	-1.02	0.84
enjoyed	-1.02	2.12
negative	-1.02	1.20
profit	-1.02	0.89
opinions	-1.02	1.59
unrealistic	-1.02	1.33
convinced	-1.02	2.57
attacking	-1.01	1.11
internet	-1.01	1.17
bitch	-1.01	1.28
notion	-1.01	1.65
oddly	-1.00	1.09
except	-1.00	1.71
ultimately	-1.00	1.20
touching	-1.00	2.31
inherently	-0.99	1.59
accept	-0.99	2.06
e.g	-0.99	0.90
treatment	-0.99	1.08
stuck	-0.99	1.08
empty	-0.99	1.46
avoiding	-0.98	1.45
hard	-0.98	1.91
commit	-0.98	1.12
blows	-0.98	1.00
right	-0.98	3.38
am	-0.98	2.62
attempt	-0.97	1.67
chunk	-0.97	1.02
recent	-0.97	3.06
deliver	-0.97	1.41
problems	-0.97	1.17
curiosity	-0.97	1.41
spoil	-0.97	2.13
political	-0.97	1.12
rumor	-0.96	1.63
harm	-0.96	1.18
usual	-0.96	1.15
bed	-0.96	1.21
gender	-0.96	1.33
connection	-0.96	1.12
tad	-0.95	1.63
ass	-0.95	1.59
assuming	-0.95	2.62
statements	-0.95	1.94
fanbase	-0.95	1.09
judge	-0.94	0.98
parody	-0.94	0.92
clear	-0.94	2.84
normally	-0.94	1.39
depression	-0.94	0.97
send	-0.93	1.45
handling	-0.93	0.95
fast	-0.93	1.41
about	-0.93	2.40
twisted	-0.93	1.59
tea	-0.93	1.42
department	-0.93	0.74
seem	-0.93	2.34
favorite	-0.93	3.06
author	-0.92	1.30
guilt	-0.92	1.00
insanity	-0.92	1.42
cheap	-0.92	1.21
assumption	-0.92	1.81
lesson	-0.92	1.19
writer	-0.92	1.05
bits	-0.92	1.31
similarly	-0.92	1.12
impact	-0.92	1.19
roles	-0.92	1.02
tempted	-0.91	2.61
allowed	-0.91	2.14
camera	-0.91	1.13
significantly	-0.91	1.28
boat	-0.91	2.01
complete	-0.91	1.02
tends	-0.91	1.21
fandom	-0.91	1.12
strongly	-0.91	1.51
respect	-0.91	1.33
rebooting	-0.91	0.96
proportions	-0.91	1.21
instead	-0.91	1.63
quit	-0.90	1.45
looking	-0.90	2.66
recognition	-0.90	1.15
nail	-0.90	0.93
recognized	-0.90	1.48
attention	-0.90	1.40
m	-0.90	2.58
expect	-0.90	2.63
tragedy	-0.90	1.04
terror	-0.90	1.20
neck	-0.89	0.98
feel	-0.89	2.49
going	-0.89	2.66
void	-0.89	1.07
imo	-0.89	1.46
fired	-0.89	1.20
presented	-0.89	1.31
feet	-0.89	1.00
spite	-0.89	1.00
politics	-0.89	1.19
trouble	-0.89	1.57
term	-0.89	1.16
debate	-0.89	1.41
pulp	-0.89	1.15
tbh	-0.89	1.71
scream	-0.89	0.98
unless	-0.89	2.64
delays	-0.89	0.99
simply	-0.88	2.16
unfair	-0.88	1.53
blatant	-0.88	1.30
generally	-0.88	1.44
whether	-0.88	2.44
kept	-0.88	1.79
overrated	-0.88	1.24
making	-0.88	1.96
keeps	-0.87	1.68
anatomy	-0.87	1.05
women	-0.87	1.27
regard	-0.87	1.08
stereotype	-0.87	1.17
hide	-0.87	1.21
believe	-0.87	2.73
matter	-0.87	2.62
dan	-0.87	1.05
humor	-0.86	1.28
increased	-0.86	1.04
speculation	-0.86	1.86
sent	-0.86	1.22
wacky	-0.86	1.63
terms	-0.86	1.11
considering	-0.86	1.70
definition	-0.86	1.25
implies	-0.86	1.63
fool	-0.86	1.10
drink	-0.86	1.20
news	-0.86	1.24
punches	-0.85	1.10
why	-0.85	2.82
executed	-0.85	1.37
handled	-0.85	1.17
simultaneously	-0.85	1.03
dealing	-0.85	1.02
liking	-0.85	2.48
whatever	-0.84	2.62
stage	-0.84	1.02
effect	-0.84	1.20
cup	-0.84	1.65
argue	-0.84	2.66
hopes	-0.84	1.87
2000s	-0.84	0.90
levels	-0.84	1.03
deny	-0.84	1.93
true	-0.84	3.35
adapt	-0.84	1.40
nerd	-0.84	1.13
little	-0.84	1.80
stop	-0.84	2.00
progress	-0.84	1.27
myself	-0.83	2.33
portion	-0.83	1.06
meanwhile	-0.83	1.03
prevent	-0.83	1.30
torn	-0.83	2.03
confident	-0.83	1.98
canceled	-0.83	1.72
rather	-0.83	1.62
hipster	-0.82	1.07
changes	-0.82	1.07
kicks	-0.82	1.16
imagine	-0.82	2.57
sure	-0.82	3.14
considered	-0.82	1.34
belief	-0.82	1.04
slightly	-0.82	1.46
diversity	-0.81	1.09
concern	-0.81	1.42
social	-0.81	1.08
skill	-0.81	1.06
media	-0.81	1.06
positive	-0.81	1.56
defend	-0.81	1.63
telling	-0.81	1.98
fails	-0.81	1.21
violence	-0.81	1.19
retconned	-0.81	1.22
ignore	-0.81	2.01
producing	-0.81	1.37
being	-0.80	1.69
write	-0.80	1.76
duggan	-0.80	1.09
trend	-0.80	1.18
bit	-0.80	1.80
surrounding	-0.80	1.04
digging	-0.80	2.33
facial	-0.80	1.08
relatively	-0.80	1.38
stance	-0.80	1.33
tits	-0.80	1.21
claims	-0.80	1.89
attempting	-0.80	1.81
ready	-0.80	2.28
i.e	-0.80	0.90
voice	-0.80	1.27
differently	-0.79	1.23
kicking	-0.79	1.25
holes	-0.79	1.20
pain	-0.79	1.18
arguing	-0.79	3.22
rumors	-0.79	1.66
stating	-0.79	2.18
tried	-0.79	2.09
remember	-0.79	2.59
demons	-0.79	0.93
boss	-0.79	0.85
literary	-0.79	1.17
become	-0.79	1.34
actors	-0.79	1.06
pretending	-0.79	1.98
bother	-0.79	2.56
will	-0.78	2.45
controversial	-0.78	1.25
requires	-0.78	1.26
morally	-0.78	1.05
views	-0.78	1.26
represented	-0.78	1.16
nerdy	-0.78	0.99
figuring	-0.78	2.22
intrigued	-0.78	2.53
consensus	-0.78	1.39
tries	-0.78	1.91
comedic	-0.78	1.13
albeit	-0.78	1.31
sexual	-0.78	1.28
anything	-0.78	2.54
lies	-0.78	1.71
harder	-0.78	1.79
written	-0.78	0.90
zone	-0.78	0.92
drug	-0.78	1.13
regardless	-0.77	1.56
enjoying	-0.77	2.27
tdkr	-0.77	0.71
meta	-0.77	1.13
shortly	-0.77	1.23
alter	-0.77	1.16
danger	-0.77	0.98
voices	-0.77	1.13
gravity	-0.77	0.84
poses	-0.77	1.17
forward	-0.77	2.50
sadly	-0.77	1.89
trying	-0.77	2.18
drinking	-0.77	1.20
imply	-0.77	2.12
remotely	-0.77	1.74
creativity	-0.77	1.12
does	-0.76	2.49
represents	-0.76	0.97
dare	-0.76	1.48
close	-0.76	2.52
drugs	-0.76	1.10
shocking	-0.76	1.47
crowd	-0.76	1.07
admittedly	-0.76	1.48
reset	-0.76	1.04
barely	-0.76	1.64
gore	-0.76	1.19
equal	-0.76	1.19
secretly	-0.76	0.91
hero	-0.76	1.93
notice	-0.76	2.23
thoroughly	-0.76	1.55
mainly	-0.75	1.15
we	-0.75	2.65
masterpiece	-0.75	2.25
nor	-0.75	1.58
unable	-0.75	1.92
honestly	-0.75	2.60
wondered	-0.75	1.79
yale	-0.75	1.34
ex	-0.75	1.00
else	-0.75	1.97
getting	-0.75	2.24
lack	-0.75	1.12
entertainment	-0.74	1.16
transition	-0.74	1.08
bias	-0.74	1.62
calls	-0.74	1.20
served	-0.74	0.92
them	-0.74	2.49
portrayal	-0.74	0.88
necessarily	-0.74	2.44
tank	-0.74	1.07
douche	-0.74	1.40
draw	-0.74	1.34
understand	-0.74	2.75
refuses	-0.74	1.80
flipped	-0.74	1.12
seriously	-0.74	2.72
assume	-0.74	2.75
unfortunate	-0.74	1.18
bugs	-0.74	1.67
even	-0.74	2.72
attached	-0.73	2.26
progression	-0.73	1.25
turning	-0.73	1.22
sexually	-0.73	1.33
dense	-0.73	1.31
methods	-0.73	1.09
everything	-0.73	2.34
excitement	-0.73	1.75
threatening	-0.73	1.25
can	-0.73	2.33
face	-0.73	1.13
representation	-0.73	1.09
able	-0.73	2.23
willing	-0.73	2.35
known	-0.73	1.22
nobody	-0.73	1.67
better	-0.73	1.68
hopefully	-0.72	2.28
dealt	-0.72	1.10
scared	-0.72	2.92
flaws	-0.72	1.36
difficult	-0.72	1.79
interests	-0.72	1.31
outright	-0.72	1.81
voted	-0.72	1.89
familiar	-0.72	2.57
repeat	-0.72	1.13
geek	-0.72	0.96
focusing	-0.72	1.03
struck	-0.72	1.10
obvious	-0.72	1.56
decided	-0.72	2.30
scenario	-0.72	1.30
case	-0.72	2.33
population	-0.72	0.95
means	-0.72	2.70
did	-0.71	2.61
depicted	-0.71	1.07
conversations	-0.71	1.36
faced	-0.71	1.01
or	-0.71	2.61
marriage	-0.71	0.89
aware	-0.71	3.09
ca	-0.71	2.41
care	-0.71	2.66
broke	-0.71	0.94
how	-0.71	2.47
intention	-0.71	1.53
dini	-0.71	0.65
connect	-0.71	1.69
wanting	-0.71	2.28
relate	-0.71	1.92
bleeding	-0.71	1.16
let	-0.71	2.31
same	-0.70	2.51
trapped	-0.70	0.90
decides	-0.70	1.72
insane	-0.70	2.13
gon	-0.70	2.46
valid	-0.70	2.19
threat	-0.70	1.10
figure	-0.70	2.35
strictly	-0.70	1.26
know	-0.70	2.74
could	-0.70	2.45
matters	-0.70	1.76
beliefs	-0.70	1.35
pleased	-0.70	3.10
hardcore	-0.70	1.13
aged	-0.70	0.98
feelings	-0.69	1.34
managed	-0.69	2.01
gt	-0.69	3.22
na	-0.69	2.48
hardly	-0.69	1.60
yourself	-0.69	2.11
talk	-0.69	1.99
happen	-0.69	2.64
whatsoever	-0.69	1.47
unrelated	-0.69	1.37
tells	-0.69	1.45
keep	-0.69	2.18
fill	-0.69	1.68
cbr	-0.69	1.27
production	-0.69	0.99
explaining	-0.69	1.63
something	-0.69	2.66
forcing	-0.69	1.62
sexualized	-0.69	1.30
handle	-0.68	1.83
murdering	-0.68	0.93
us	-0.68	1.86
agenda	-0.68	1.15
billion	-0.68	0.84
largely	-0.68	1.53
gay	-0.68	0.98
manage	-0.68	1.96
goyer	-0.68	0.93
mention	-0.68	2.37
apply	-0.68	1.66
yet	-0.68	1.86
reach	-0.68	1.11
humour	-0.68	1.37
want	-0.68	2.50
would	-0.68	2.59
preference	-0.68	2.02
chose	-0.68	1.88
heat	-0.68	0.83
because	-0.68	2.68
plan	-0.68	1.69
purely	-0.68	1.45
anywhere	-0.67	2.42
wanted	-0.67	2.31
planning	-0.67	2.48
argument	-0.67	2.14
seems	-0.67	1.88
tell	-0.67	2.50
try	-0.67	2.36
attractive	-0.67	1.29
bubbles	-0.67	1.14
lost	-0.67	1.41
smoke	-0.67	1.07
towards	-0.66	1.19
need	-0.66	2.43
new52	-0.66	0.97
walks	-0.66	0.93
convince	-0.66	1.95
explained	-0.66	1.55
historical	-0.66	1.24
dreams	-0.66	0.94
wish	-0.66	2.46
intent	-0.66	1.33
murder	-0.66	0.94
crazy	-0.66	2.61
choosing	-0.66	1.66
drive	-0.66	1.45
function	-0.66	1.10
fine	-0.66	3.18
capture	-0.65	1.63
occasionally	-0.65	1.23
spoiled	-0.65	2.09
pocket	-0.65	0.90
throws	-0.65	1.16
offensive	-0.65	2.84
dressed	-0.65	0.97
rude	-0.65	1.50
articles	-0.65	1.31
staying	-0.65	1.13
almost	-0.65	1.83
real	-0.65	1.73
anyone	-0.65	2.37
object	-0.65	1.38
hope	-0.65	2.50
believes	-0.65	1.52
subject	-0.65	1.47
someday	-0.65	1.82
cares	-0.65	2.20
latter	-0.65	1.54
speaking	-0.65	1.21
interaction	-0.65	1.05
romance	-0.65	1.16
faith	-0.64	0.95
limits	-0.64	1.09
wo	-0.64	2.45
report	-0.64	1.28
somewhat	-0.64	1.64
distinction	-0.64	1.62
interpretation	-0.64	1.71
anymore	-0.64	2.58
told	-0.64	1.65
binding	-0.64	1.15
wouldnt	-0.64	2.28
temporary	-0.64	1.26
partially	-0.64	1.06
doubt	-0.64	2.52
pass	-0.64	2.00
make	-0.64	2.25
should	-0.63	2.57
track	-0.63	1.78
ironic	-0.63	1.29
recall	-0.63	1.72
ll	-0.63	2.43
downvoted	-0.63	2.06
struggling	-0.63	1.65
chance	-0.63	2.22
identify	-0.63	1.87
tumblr	-0.63	1.23
reborn	-0.63	0.87
complaint	-0.63	1.37
surface	-0.62	1.08
situation	-0.62	1.58
robinson	-0.62	0.62
creepy	-0.62	2.55
emotions	-0.62	1.10
explain	-0.62	2.48
refuse	-0.62	2.18
facts	-0.62	2.36
deeply	-0.62	1.36
deserved	-0.62	1.28
heard	-0.62	1.47
ignoring	-0.62	1.95
dillon	-0.62	1.09
wont	-0.62	2.38
playing	-0.62	1.15
cave	-0.61	0.90
clearly	-0.61	2.40
arguments	-0.61	1.83
rely	-0.61	1.37
insert	-0.61	1.02
kill	-0.61	1.62
regards	-0.61	1.06
clue	-0.61	2.06
consistency	-0.61	1.15
possibility	-0.61	1.71
religion	-0.61	1.17
loss	-0.61	1.15
evidence	-0.61	2.10
porn	-0.61	1.12
cancellation	-0.60	1.84
controversy	-0.60	1.35
alike	-0.60	1.42
push	-0.60	1.42
range	-0.60	1.05
liked	-0.60	2.26
opportunity	-0.60	2.05
glory	-0.60	0.80
deserve	-0.60	1.33
narrative	-0.60	1.22
men	-0.60	1.28
express	-0.60	1.47
knowing	-0.60	1.98
standpoint	-0.60	1.34
involve	-0.60	1.37
knocking	-0.60	1.23
applies	-0.60	1.44
eventually	-0.60	1.90
see	-0.60	2.54
risk	-0.59	1.41
continuity	-0.59	1.09
reboots	-0.59	0.97
females	-0.59	1.29
hype	-0.59	2.01
judging	-0.59	1.26
people	-0.59	2.10
say	-0.59	2.68
emotional	-0.59	1.08
screwed	-0.59	1.17
sexuality	-0.59	1.15
sacrifice	-0.59	0.88
portray	-0.59	1.54
protection	-0.59	1.01
affects	-0.59	1.23
never	-0.59	1.82
expected	-0.59	1.94
nature	-0.59	1.27
blog	-0.59	1.32
deaths	-0.59	1.10
grasp	-0.59	1.51
versus	-0.59	1.00
millions	-0.59	1.03
stoked	-0.58	3.13
fly	-0.58	1.08
favor	-0.58	1.28
knights	-0.58	1.11
path	-0.58	1.04
nostalgia	-0.58	1.09
toward	-0.58	1.47
referring	-0.58	2.26
messed	-0.58	1.36
anybody	-0.58	2.23
tear	-0.58	1.28
racial	-0.58	1.26
shame	-0.58	2.75
interviews	-0.58	1.19
addressed	-0.58	1.40
imagined	-0.58	1.33
apparent	-0.58	1.35
vaguely	-0.58	1.71
maybe	-0.58	2.69
pool	-0.57	1.02
complicated	-0.57	1.48
sticking	-0.57	1.75
fits	-0.57	1.47
aside	-0.57	1.41
completely	-0.57	1.88
pun	-0.57	1.15
dunno	-0.57	1.82
left	-0.57	1.76
causing	-0.57	0.97
finger	-0.57	1.13
get	-0.57	2.29
pressure	-0.57	1.23
sounded	-0.57	1.67
defined	-0.57	1.25
sometimes	-0.57	1.80
continue	-0.56	2.10
importance	-0.56	1.13
jobs	-0.56	1.11
bump	-0.56	1.26
drop	-0.56	1.91
directors	-0.56	1.05
any	-0.56	1.91
quo	-0.56	1.20
casual	-0.56	1.18
whoever	-0.56	1.19
identities	-0.56	1.03
given	-0.56	1.53
measure	-0.56	1.19
side	-0.56	1.73
guy	-0.56	1.51
sentiment	-0.56	1.88
count	-0.56	2.33
realistically	-0.55	1.57
reason	-0.55	2.54
closely	-0.55	1.21
butt	-0.55	1.19
happening	-0.55	2.42
less	-0.55	1.68
themselves	-0.55	1.78
knock	-0.55	1.21
filming	-0.55	0.99
way	-0.55	2.43
d	-0.55	2.48
deciding	-0.55	1.95
seen	-0.55	1.38
anti-hero	-0.55	0.97
associated	-0.55	0.95
cell	-0.55	0.94
hole	-0.54	1.22
personal	-0.54	1.50
mostly	-0.54	1.56
sites	-0.54	1.28
tropes	-0.54	1.11
majority	-0.54	1.28
message	-0.54	1.19
touched	-0.54	1.35
depends	-0.54	1.88
regarding	-0.54	1.38
mainstream	-0.54	1.45
breaks	-0.54	0.95
find	-0.54	2.20
bet	-0.54	2.56
intentions	-0.54	1.40
challenge	-0.54	1.20
running	-0.54	1.75
deep	-0.54	1.09
blood	-0.54	1.17
occasional	-0.54	1.13
camp	-0.54	0.87
more	-0.54	1.91
sexy	-0.54	1.27
talks	-0.54	1.61
reflect	-0.54	1.22
wan	-0.53	2.35
actor	-0.53	1.13
morality	-0.53	1.25
manages	-0.53	1.79
tl	-0.53	1.00
and/or	-0.53	1.04
beloved	-0.53	1.90
comfortable	-0.53	2.05
genuinely	-0.53	1.72
kinda	-0.53	1.92
move	-0.53	1.61
choice	-0.53	1.43
course	-0.53	2.74
obviously	-0.53	2.55
decide	-0.53	2.19
enough	-0.53	2.37
easier	-0.53	1.88
failure	-0.53	1.25
regret	-0.53	2.03
supposed	-0.53	2.43
indication	-0.53	2.24
emotion	-0.53	1.09
outside	-0.52	1.21
said	-0.52	1.99
efforts	-0.52	1.35
might	-0.52	2.47
presence	-0.52	1.06
neither	-0.52	1.68
commentary	-0.52	1.06
email	-0.52	1.45
interested	-0.52	3.08
referred	-0.52	1.18
reasons	-0.52	1.84
choose	-0.52	1.93
initial	-0.52	1.31
drag	-0.52	1.57
jumps	-0.52	1.01
beat	-0.52	1.10
believed	-0.52	1.17
hurts	-0.52	1.22
probably	-0.52	2.63
slowly	-0.52	1.48
smell	-0.52	1.45
burn	-0.52	1.55
soon	-0.52	2.09
flawed	-0.52	1.01
writes	-0.52	0.80
rarely	-0.51	1.43
fire	-0.51	0.90
desperate	-0.51	1.45
produce	-0.51	1.43
personally	-0.51	2.22
says	-0.51	1.65
freedom	-0.51	1.19
teenager	-0.51	1.03
alone	-0.51	2.00
teeth	-0.51	1.07
floating	-0.51	0.94
cumberbatch	-0.51	1.11
everyone	-0.50	1.99
stealing	-0.50	1.38
solve	-0.50	1.58
unsure	-0.50	3.07
internal	-0.50	1.22
gets	-0.50	1.53
genuine	-0.50	1.24
instant	-0.50	1.18
roots	-0.50	0.91
ability	-0.50	1.56
learn	-0.50	1.91
all-star	-0.50	0.71
unlike	-0.50	1.01
influence	-0.50	1.03
allowing	-0.50	1.71
turn	-0.50	1.95
total	-0.50	1.01
credit	-0.50	1.11
system	-0.50	0.98
air	-0.49	1.01
female	-0.49	1.13
explicitly	-0.49	1.75
angle	-0.49	1.33
ive	-0.49	1.67
havent	-0.49	1.43
bagley	-0.49	1.25
needs	-0.49	2.12
preferred	-0.49	1.19
careful	-0.49	1.59
him	-0.49	2.16
serial	-0.49	1.16
discussing	-0.49	1.75
think	-0.49	2.69
happened	-0.49	2.02
trial	-0.49	0.86
momentum	-0.49	1.27
readership	-0.49	1.01
again	-0.49	2.13
exact	-0.49	1.68
dont	-0.49	2.46
guessing	-0.48	3.12
jackman	-0.48	0.71
canon	-0.48	1.57
status	-0.48	1.23
culture	-0.48	1.10
then	-0.48	2.04
truth	-0.48	1.60
experience	-0.48	1.44
shift	-0.48	1.27
weakness	-0.48	0.94
likely	-0.48	2.47
always	-0.48	2.08
prepare	-0.48	1.20
environment	-0.48	1.10
soule	-0.48	1.00
sight	-0.48	1.01
ice	-0.48	0.82
physically	-0.48	1.19
easiest	-0.48	1.54
coincidence	-0.48	1.45
lie	-0.48	3.53
hinted	-0.48	1.34
crack	-0.48	1.24
change	-0.48	1.58
allow	-0.48	1.96
lighter	-0.47	1.24
castle	-0.47	0.68
friendship	-0.47	0.82
enter	-0.47	1.23
heroic	-0.47	0.88
upvotes	-0.47	1.53
amazed	-0.47	2.93
solely	-0.47	1.31
eyes	-0.47	1.09
cultural	-0.47	1.16
accurate	-0.47	1.59
blow	-0.47	0.93
weirdly	-0.47	1.57
practically	-0.47	1.29
dat	-0.47	1.47
lower	-0.47	1.15
bottle	-0.47	0.96
up	-0.47	1.84
happens	-0.47	2.04
gotten	-0.47	1.60
logic	-0.47	1.72
wallet	-0.47	1.40
realizes	-0.47	1.38
actively	-0.47	1.37
unpopular	-0.47	1.76
disappointment	-0.47	1.43
hired	-0.47	1.11
translate	-0.47	1.73
problem	-0.46	2.21
cast	-0.46	1.05
corporate	-0.46	0.84
rebooted	-0.46	1.14
contact	-0.46	1.36
lately	-0.46	1.71
besides	-0.46	1.65
entirely	-0.46	2.01
led	-0.46	0.80
websites	-0.46	1.24
consider	-0.46	2.15
presumably	-0.46	1.06
remove	-0.46	1.28
readers	-0.46	1.08
improve	-0.46	1.22
writers	-0.46	1.06
definitely	-0.46	2.52
admit	-0.46	2.32
defeat	-0.46	0.95
receive	-0.46	1.24
learning	-0.45	1.45
wrestling	-0.45	1.04
look	-0.45	2.45
person	-0.45	1.54
teach	-0.45	1.49
wade	-0.45	0.89
grow	-0.45	1.48
cause	-0.45	1.99
actually	-0.45	2.61
director	-0.45	0.88
therefore	-0.45	1.37
otherwise	-0.45	1.99
protect	-0.45	1.40
discussed	-0.45	1.44
commenting	-0.44	1.95
overly	-0.44	1.50
exist	-0.44	2.11
christian	-0.44	1.00
reasoning	-0.44	2.00
gag	-0.44	0.92
staring	-0.44	1.08
breath	-0.44	1.01
provided	-0.44	1.74
rolling	-0.44	1.29
heaven	-0.44	0.90
nearly	-0.44	1.52
statement	-0.44	2.23
roll	-0.44	1.31
fit	-0.44	2.09
struggle	-0.44	1.39
go	-0.44	2.18
appear	-0.44	1.68
read	-0.44	1.52
notch	-0.43	2.02
catch	-0.43	1.92
laughed	-0.43	1.26
powered	-0.43	0.91
pushing	-0.43	1.50
whenever	-0.43	1.69
situations	-0.43	1.17
interest	-0.43	1.48
peoples	-0.43	1.21
lets	-0.43	2.08
opinion	-0.43	1.92
already	-0.43	1.76
darkness	-0.43	0.98
society	-0.43	1.03
amounts	-0.43	1.06
survive	-0.43	1.32
won	-0.43	0.99
state	-0.43	1.20
darker	-0.43	1.32
encourage	-0.43	2.04
unfortunately	-0.43	1.64
focus	-0.43	1.56
lighting	-0.43	1.07
spends	-0.43	1.01
financial	-0.43	1.20
accent	-0.43	1.14
someone	-0.43	2.09
based	-0.43	1.46
wins	-0.43	1.05
expecting	-0.43	3.09
spotlight	-0.42	1.11
names	-0.42	1.16
understandable	-0.42	1.80
discuss	-0.42	1.56
posehn	-0.42	1.09
circumstances	-0.42	1.26
claw	-0.42	0.82
soap	-0.42	1.03
individuals	-0.42	1.09
becoming	-0.42	1.23
throwing	-0.42	1.49
had	-0.42	1.72
keeping	-0.42	1.71
thing	-0.42	2.18
been	-0.42	1.65
role	-0.42	1.11
sides	-0.42	1.65
having	-0.42	1.71
however	-0.42	2.58
relaunch	-0.42	1.00
costs	-0.42	1.25
luckily	-0.42	1.43
heavily	-0.41	1.33
physics	-0.41	0.79
tastes	-0.41	1.56
serious	-0.41	1.26
slap	-0.41	1.10
drastically	-0.41	1.14
bc	-0.41	1.23
serve	-0.41	1.30
mask	-0.41	1.12
drops	-0.41	1.25
absurd	-0.41	2.27
leave	-0.41	1.99
kicked	-0.41	1.32
position	-0.41	1.43
breasts	-0.41	1.08
contest	-0.41	0.95
smarter	-0.41	1.13
everytime	-0.41	1.28
normal	-0.41	1.19
come	-0.41	2.05
take	-0.41	2.07
cheaper	-0.41	1.28
y'know	-0.41	1.06
proved	-0.41	1.22
escape	-0.40	1.31
plays	-0.40	1.09
forth	-0.40	1.39
male	-0.40	1.14
now	-0.40	2.60
stay	-0.40	1.98
prices	-0.40	1.24
beer	-0.40	1.11
awhile	-0.40	1.69
inspired	-0.40	1.25
filling	-0.40	1.61
ve	-0.40	1.60
backstory	-0.40	1.28
legitimate	-0.40	1.45
moving	-0.40	1.51
genocide	-0.40	0.88
anytime	-0.40	1.96
food	-0.40	1.09
fairly	-0.40	1.57
permanent	-0.40	1.39
no	-0.40	2.32
pure	-0.40	1.18
industry	-0.40	1.24
base	-0.39	0.91
thrown	-0.39	1.22
specifically	-0.39	2.12
crash	-0.39	1.17
confirm	-0.39	1.68
weight	-0.39	1.10
mob	-0.39	1.00
strong	-0.39	1.19
illegal	-0.39	1.29
combination	-0.39	1.17
incident	-0.39	1.06
wanda	-0.39	0.80
when	-0.39	1.90
handed	-0.39	0.86
strip	-0.39	0.75
drives	-0.39	1.22
mass	-0.39	0.92
kind	-0.39	1.98
eisner	-0.39	1.01
doing	-0.39	2.08
sucker	-0.39	1.13
disbelief	-0.39	1.43
changed	-0.39	1.24
sudden	-0.39	1.19
rant	-0.39	1.63
casting	-0.39	1.06
crimes	-0.39	0.96
backwards	-0.39	1.43
90	-0.39	0.95
wytches	-0.39	1.06
realizing	-0.39	2.07
involved	-0.39	1.09
attacked	-0.38	0.83
mentioned	-0.38	1.54
doesnt	-0.38	2.01
purposes	-0.38	1.31
lying	-0.38	1.75
kane	-0.38	0.90
pushed	-0.38	1.27
manner	-0.38	1.55
direction	-0.38	1.52
maintain	-0.38	1.40
putting	-0.38	2.01
letting	-0.38	1.98
effort	-0.38	1.36
upon	-0.38	1.11
seek	-0.38	1.41
remembers	-0.38	2.14
captured	-0.38	1.03
typical	-0.38	1.16
inevitable	-0.38	1.39
sorta	-0.38	1.46
males	-0.38	1.13
growth	-0.38	1.09
beaten	-0.38	0.97
ridiculously	-0.38	1.55
purpose	-0.38	1.31
demographic	-0.37	1.00
raise	-0.37	1.25
highly	-0.37	1.57
busy	-0.37	2.71
strikes	-0.37	0.86
differences	-0.37	1.52
things	-0.37	2.09
increase	-0.37	1.12
bring	-0.37	2.01
still	-0.37	2.48
knocked	-0.37	1.32
win	-0.37	1.59
break	-0.37	1.56
hood	-0.37	0.76
hold	-0.37	1.88
insult	-0.37	1.30
greater	-0.37	1.14
hobby	-0.37	1.18
values	-0.37	1.16
stick	-0.37	1.98
lose	-0.37	1.38
z	-0.37	0.80
needed	-0.37	2.02
developed	-0.37	1.24
theory	-0.37	1.68
genius	-0.36	0.82
settle	-0.36	1.64
threats	-0.36	0.99
million	-0.36	1.00
wtf	-0.36	1.87
results	-0.36	1.23
frequently	-0.36	1.32
stopped	-0.36	1.49
working	-0.36	2.02
heart	-0.36	1.27
hitler	-0.36	0.85
distance	-0.36	1.13
require	-0.36	1.60
peak	-0.36	1.18
finds	-0.36	1.40
removing	-0.36	1.35
expectations	-0.36	1.15
nicely	-0.35	1.29
pace	-0.35	1.36
loses	-0.35	1.03
motivation	-0.35	1.30
fucked	-0.35	2.14
stated	-0.35	1.56
knew	-0.35	2.11
motion	-0.35	0.97
scale	-0.35	1.04
odds	-0.35	1.32
priced	-0.35	1.23
speed	-0.35	1.10
synopsis	-0.35	1.25
showing	-0.35	1.21
kryptonite	-0.35	0.86
difference	-0.35	1.69
balance	-0.35	1.19
incorrect	-0.35	3.47
criticism	-0.35	1.69
vast	-0.35	1.17
into	-0.35	1.54
article	-0.35	1.52
effectively	-0.35	1.05
creatures	-0.34	1.08
driven	-0.34	1.36
sense	-0.34	2.37
bank	-0.34	1.13
stretch	-0.34	1.46
typically	-0.34	1.29
opposed	-0.34	1.11
confidence	-0.34	1.11
basically	-0.34	1.93
designed	-0.34	1.17
literal	-0.34	1.10
comedy	-0.34	1.27
sea	-0.34	1.03
cowl	-0.34	0.96
referenced	-0.34	1.39
closer	-0.34	1.32
center	-0.34	1.14
counts	-0.34	1.82
described	-0.34	1.58
certainly	-0.34	1.97
ad	-0.34	1.01
fully	-0.34	1.60
depending	-0.34	1.33
investment	-0.34	1.25
follow	-0.34	2.04
downvote	-0.34	1.94
pulling	-0.33	2.17
makes	-0.33	2.02
analysis	-0.33	1.37
lobo	-0.33	0.85
quality	-0.33	1.14
lighthearted	-0.33	1.33
flying	-0.33	1.07
provide	-0.33	1.71
experienced	-0.33	1.17
creative	-0.33	0.96
radiation	-0.33	0.89
rate	-0.33	1.21
gain	-0.33	1.24
jump	-0.33	1.85
wrote	-0.33	0.96
hire	-0.33	1.06
references	-0.33	1.16
develop	-0.33	1.37
enemy	-0.33	1.15
plot	-0.33	1.19
out	-0.33	1.92
attack	-0.33	1.08
mixed	-0.33	1.06
shenanigans	-0.33	1.13
vigilante	-0.33	0.89
breaking	-0.33	0.98
steam	-0.33	1.17
legal	-0.32	1.11
granted	-0.32	1.49
prior	-0.32	1.31
establish	-0.32	1.22
reading	-0.32	2.00
giving	-0.32	1.68
solution	-0.32	1.45
cost	-0.32	1.37
depiction	-0.32	1.06
transformers	-0.32	0.84
spectrum	-0.32	0.83
threw	-0.32	1.16
fucking	-0.32	2.36
buying	-0.32	1.74
instances	-0.32	1.32
expression	-0.32	1.26
overall	-0.32	1.44
promote	-0.32	1.05
goodness	-0.32	1.12
boy	-0.32	1.04
back	-0.32	1.80
reached	-0.32	1.21
combo	-0.32	0.97
downvotes	-0.32	1.88
easy	-0.32	1.60
subtle	-0.32	1.26
sales	-0.32	1.05
solved	-0.32	1.21
birds	-0.31	0.76
site	-0.31	1.32
cold	-0.31	1.00
superhuman	-0.31	0.98
ran	-0.31	1.17
idea	-0.31	2.43
appeal	-0.31	1.05
relative	-0.31	1.13
british	-0.31	1.09
locked	-0.31	1.06
stakes	-0.31	1.18
trigger	-0.31	1.25
natural	-0.31	1.36
finally	-0.31	1.79
imagination	-0.31	1.02
aimed	-0.31	1.01
edgy	-0.31	1.10
play	-0.31	1.18
whats	-0.31	2.19
gained	-0.31	1.16
afford	-0.31	2.00
helped	-0.31	1.88
changing	-0.31	1.21
longer	-0.30	1.63
snyder	-0.30	0.98
sources	-0.30	1.32
oracle	-0.30	0.77
retarded	-0.30	2.07
soooo	-0.30	1.87
accident	-0.30	1.05
commercial	-0.30	1.08
muscles	-0.30	1.05
penguin	-0.30	1.02
longest	-0.30	1.49
sooner	-0.30	1.98
bird	-0.30	0.88
shine	-0.30	1.04
announcement	-0.30	1.46
extremely	-0.30	1.55
daily	-0.30	0.94
zombies	-0.30	0.88
deals	-0.30	1.11
competition	-0.30	0.96
3d	-0.30	1.12
damaged	-0.30	1.08
audiences	-0.29	1.14
focused	-0.29	1.25
audience	-0.29	1.02
sole	-0.29	1.00
stone	-0.29	0.73
experiences	-0.29	1.20
others	-0.29	2.13
proud	-0.29	2.31
altered	-0.29	1.03
territory	-0.29	1.19
falls	-0.29	1.11
cant	-0.29	2.21
radar	-0.29	1.41
police	-0.29	0.94
sleep	-0.29	1.26
gone	-0.28	1.57
evans	-0.28	0.78
quite	-0.28	2.01
tool	-0.28	1.20
bullet	-0.28	1.24
around	-0.28	1.47
knows	-0.28	2.39
logical	-0.28	1.66
further	-0.28	1.43
failing	-0.28	1.27
g	-0.28	0.93
charles	-0.28	0.95
realistic	-0.28	1.22
carries	-0.28	1.21
exposed	-0.28	1.17
breakdown	-0.28	1.03
laws	-0.28	1.18
under	-0.28	1.13
referencing	-0.28	1.44
officially	-0.28	1.17
joke	-0.28	0.69
folks	-0.28	1.50
very	-0.27	1.59
curse	-0.27	1.00
once	-0.27	1.74
sheer	-0.27	1.20
killing	-0.27	0.76
self	-0.27	1.28
chat	-0.27	1.02
loose	-0.27	1.31
previews	-0.27	1.15
nu52	-0.27	0.86
punched	-0.27	1.02
tall	-0.27	1.19
cannon	-0.27	1.53
forms	-0.27	1.13
obscure	-0.27	1.36
represent	-0.27	1.05
newspaper	-0.27	1.01
tree	-0.26	1.31
carrying	-0.26	1.25
previously	-0.26	1.52
understanding	-0.26	1.47
immediately	-0.26	1.60
branch	-0.26	1.54
give	-0.26	2.01
charm	-0.26	1.21
disguise	-0.26	0.95
wind	-0.26	1.03
whereas	-0.26	1.18
didnt	-0.26	2.24
capable	-0.26	1.46
boobs	-0.26	1.06
success	-0.26	1.00
chances	-0.26	1.50
<URL>	-0.26	0.96
<SPECIAL>	-0.26	0.96
benefit	-0.26	1.40
created	-0.26	1.01
prince	-0.26	1.24
view	-0.26	1.55
seeing	-0.26	2.92
safe	-0.26	1.64
throw	-0.26	1.73
product	-0.25	1.07
perhaps	-0.25	1.46
before	-0.25	1.48
resolved	-0.25	1.78
text	-0.25	1.20
lightning	-0.25	0.83
comicbooks	-0.25	1.39
business	-0.25	1.01
hunting	-0.25	1.48
wrap	-0.25	1.43
promise	-0.25	1.34
ship	-0.25	1.08
graded	-0.25	1.29
away	-0.25	1.56
somebody	-0.25	1.90
rush	-0.25	1.12
time	-0.25	1.68
editions	-0.25	1.13
thus	-0.25	1.20
driving	-0.25	1.32
notes	-0.25	1.15
professional	-0.25	1.26
ink	-0.25	1.15
die	-0.25	2.03
outfits	-0.25	1.12
government	-0.25	0.89
destroy	-0.25	1.04
gritty	-0.25	1.18
necessary	-0.24	1.91
value	-0.24	1.28
improvement	-0.24	1.28
legs	-0.24	1.11
sort	-0.24	1.93
describe	-0.24	1.86
wasnt	-0.24	1.90
goal	-0.24	1.18
meaningful	-0.24	1.23
proof	-0.24	1.86
source	-0.24	1.49
only	-0.24	1.97
burning	-0.24	1.17
off	-0.24	1.68
degree	-0.23	1.16
ways	-0.23	1.69
greatly	-0.23	1.59
shot	-0.23	1.62
depth	-0.23	1.43
much	-0.23	2.14
terry	-0.23	0.87
since	-0.23	1.51
returning	-0.23	1.17
discover	-0.23	1.30
themes	-0.23	1.23
sun	-0.23	0.89
mentally	-0.23	1.25
money	-0.23	1.46
leg	-0.23	1.26
dropping	-0.23	1.78
plane	-0.23	1.00
law	-0.23	1.18
filled	-0.23	1.24
two-face	-0.23	0.98
put	-0.23	1.86
thousands	-0.23	1.07
goes	-0.23	1.65
often	-0.23	1.54
krypton	-0.23	0.75
allows	-0.23	1.83
sit	-0.23	1.37
lasting	-0.23	1.28
prey	-0.23	0.81
finding	-0.23	1.83
suggest	-0.23	2.02
actual	-0.22	1.29
buried	-0.22	1.20
dust	-0.22	0.86
intended	-0.22	1.79
sarcastic	-0.22	1.71
vote	-0.22	1.80
punch	-0.22	0.99
currently	-0.22	1.71
stops	-0.22	1.13
riding	-0.22	1.17
expand	-0.22	1.30
taking	-0.22	1.75
spending	-0.22	1.46
carry	-0.22	1.45
usually	-0.22	1.32
historically	-0.22	1.20
honor	-0.22	0.97
claimed	-0.22	1.49
non	-0.22	1.37
shorter	-0.22	1.22
strike	-0.22	1.04
profits	-0.22	0.97
punching	-0.22	0.99
pick	-0.21	1.90
potential	-0.21	1.25
open	-0.21	1.42
clothing	-0.21	1.14
conversation	-0.21	1.44
primarily	-0.21	1.29
topic	-0.21	1.55
pm	-0.21	1.56
gods	-0.21	0.85
trick	-0.21	1.13
fashion	-0.21	1.06
budget	-0.21	0.99
ask	-0.21	2.17
survived	-0.21	0.99
bent	-0.21	1.24
cash	-0.21	1.24
reverse	-0.21	1.21
train	-0.21	1.17
id	-0.21	1.93
peace	-0.21	1.11
test	-0.21	1.22
personality	-0.21	1.17
motivations	-0.20	1.10
resolution	-0.20	1.22
profile	-0.20	1.10
least	-0.20	2.25
price	-0.20	1.14
primary	-0.20	1.24
foot	-0.20	1.29
ground	-0.20	1.19
blast	-0.20	0.99
revealing	-0.20	1.14
flick	-0.20	1.13
fitting	-0.20	1.29
suddenly	-0.20	1.34
asking	-0.20	2.19
too	-0.20	2.12
down	-0.20	1.56
taught	-0.20	1.16
feed	-0.20	1.17
suggests	-0.20	1.33
unlikely	-0.20	1.54
begin	-0.19	1.50
tone	-0.19	1.29
start	-0.19	1.84
core	-0.19	1.42
emotionally	-0.19	1.35
talked	-0.19	1.44
machina	-0.19	0.94
losing	-0.19	1.17
mature	-0.19	1.11
explore	-0.19	1.37
popularity	-0.19	1.04
conclusion	-0.19	1.35
n52	-0.19	0.80
omnibuses	-0.19	1.18
target	-0.19	1.05
details	-0.19	1.63
adds	-0.19	1.30
wondering	-0.19	2.93
freeze	-0.18	0.79
pro	-0.18	1.29
confirmed	-0.18	1.23
perspective	-0.18	1.32
permanently	-0.18	1.29
cooler	-0.18	1.32
hop	-0.18	1.45
dedicated	-0.18	1.19
properly	-0.18	1.49
remembering	-0.18	2.24
youre	-0.18	2.19
drawn	-0.18	1.11
strength	-0.18	1.02
low	-0.18	0.80
teenagers	-0.18	0.94
none	-0.18	1.62
numbers	-0.18	1.17
seemingly	-0.18	1.20
shown	-0.18	1.33
holds	-0.18	1.04
ego	-0.18	1.13
lift	-0.18	1.23
moves	-0.18	1.10
europe	-0.18	1.27
gives	-0.18	1.42
ends	-0.18	1.36
giants	-0.18	0.88
long	-0.18	0.96
taken	-0.17	1.46
height	-0.17	1.10
approach	-0.17	1.34
condition	-0.17	1.16
prison	-0.17	0.96
scary	-0.17	1.56
moments	-0.17	1.23
offense	-0.17	1.65
ancient	-0.17	0.90
mission	-0.17	1.07
states	-0.17	1.36
caught	-0.17	1.59
standard	-0.17	1.24
cult	-0.17	1.03
growing	-0.17	0.92
join	-0.17	1.18
support	-0.17	1.49
although	-0.17	2.48
carried	-0.17	1.16
announced	-0.17	1.38
girls	-0.17	1.00
wait	-0.17	2.12
duck	-0.16	0.88
combined	-0.16	0.98
invested	-0.16	2.73
poison	-0.16	0.99
while	-0.16	1.94
psychic	-0.16	1.00
energy	-0.16	0.98
bear	-0.16	1.09
deal	-0.16	1.86
massive	-0.16	1.18
headed	-0.16	1.33
race	-0.16	1.28
halloween	-0.16	0.70
legitimately	-0.16	1.47
door	-0.16	1.30
prefer	-0.16	1.42
learned	-0.16	1.51
hiding	-0.16	1.27
listen	-0.16	1.37
equally	-0.16	1.49
explanation	-0.16	1.77
scheme	-0.16	1.17
which	-0.16	2.34
masks	-0.16	1.06
novel	-0.16	1.22
sidekick	-0.16	0.77
hush	-0.15	0.69
stars	-0.15	0.85
dress	-0.15	1.08
abilities	-0.15	1.01
particular	-0.15	1.55
worth	-0.15	1.97
legends	-0.15	0.74
hell	-0.15	2.18
organic	-0.15	1.07
excellent	-0.15	2.01
believable	-0.15	1.55
mirror	-0.15	0.63
advertising	-0.15	1.01
interview	-0.15	1.27
expert	-0.15	1.32
press	-0.15	0.92
mentions	-0.15	1.26
shadows	-0.15	0.96
teens	-0.15	0.93
pay	-0.15	1.58
dive	-0.15	1.71
deeper	-0.15	1.50
large	-0.15	1.18
thoughts	-0.15	1.49
corner	-0.14	1.52
limit	-0.14	0.86
reasonable	-0.14	1.69
ones	-0.14	1.58
describing	-0.14	1.86
younger	-0.14	1.02
larfleeze	-0.14	0.93
bigger	-0.14	1.26
sky	-0.14	0.98
brief	-0.14	1.23
knowledge	-0.14	1.41
everyday	-0.14	1.09
minor	-0.14	1.24
level	-0.14	1.03
endless	-0.14	0.93
billy	-0.14	0.92
grab	-0.14	1.67
tend	-0.14	1.38
higher	-0.14	1.15
wing	-0.14	0.95
areas	-0.14	1.00
dangerous	-0.14	1.38
recently	-0.14	1.52
monsters	-0.13	1.09
hollywood	-0.13	0.98
upper	-0.13	1.40
gave	-0.13	1.49
dragon	-0.13	0.82
medium	-0.13	1.12
satisfying	-0.13	2.59
directed	-0.13	0.83
active	-0.13	1.22
apparently	-0.13	2.14
training	-0.13	1.05
broken	-0.13	1.17
twist	-0.13	1.33
step	-0.13	1.38
option	-0.13	1.48
existence	-0.13	1.44
products	-0.13	1.05
fish	-0.13	1.20
students	-0.13	0.95
interact	-0.13	1.34
suicide	-0.13	0.80
tension	-0.13	1.06
authors	-0.13	1.30
travel	-0.13	1.11
humanity	-0.13	1.17
covered	-0.13	1.00
pop	-0.13	1.08
catwoman	-0.13	0.72
realism	-0.12	1.02
pre	-0.12	0.89
grounded	-0.12	1.16
speak	-0.12	1.89
grabbing	-0.12	1.69
ivy	-0.12	0.98
similarities	-0.12	1.33
tight	-0.12	1.12
cloud	-0.12	1.23
extraordinary	-0.12	0.95
schedule	-0.12	1.20
hint	-0.12	1.43
brings	-0.12	1.21
army	-0.12	0.91
omg	-0.12	1.76
adults	-0.12	0.98
cutting	-0.12	1.27
revealed	-0.12	1.34
has	-0.12	1.56
automatically	-0.12	1.50
diverse	-0.12	1.07
beings	-0.12	0.85
park	-0.12	0.99
shoulder	-0.12	1.14
demon	-0.12	1.07
daniel	-0.12	0.93
bottom	-0.12	1.43
worked	-0.12	1.50
traits	-0.12	1.18
offered	-0.12	1.45
52	-0.12	0.86
himself	-0.12	1.41
deluxe	-0.12	1.07
superman	-0.12	0.72
batgirl	-0.12	0.74
incarnation	-0.11	0.97
pair	-0.11	1.03
significant	-0.11	1.31
particularly	-0.11	1.52
extended	-0.11	1.14
developing	-0.11	1.44
creators	-0.11	1.10
originally	-0.11	1.64
anyway	-0.11	2.66
grim	-0.11	1.13
paying	-0.11	1.43
naturally	-0.11	1.26
mail	-0.11	1.15
turned	-0.11	1.28
artistic	-0.11	1.27
potentially	-0.11	1.21
squad	-0.11	0.80
forum	-0.11	1.35
points	-0.11	1.84
our	-0.11	1.25
pose	-0.11	1.08
dirty	-0.11	1.38
chaos	-0.11	0.87
holding	-0.11	1.37
victory	-0.10	0.69
plans	-0.10	1.62
data	-0.10	1.63
fighting	-0.10	1.02
development	-0.10	1.13
route	-0.10	1.67
newest	-0.10	1.30
superpowers	-0.10	1.06
coffee	-0.10	1.19
yup	-0.10	1.93
steps	-0.10	1.31
required	-0.10	1.35
onto	-0.10	1.39
recommend	-0.10	1.57
abandoned	-0.10	1.08
cassandra	-0.10	0.78
somewhere	-0.10	1.69
ears	-0.10	1.03
crossovers	-0.10	0.94
relation	-0.10	1.21
were	-0.10	1.92
heading	-0.10	1.52
famous	-0.10	1.71
meet	-0.10	1.34
hidden	-0.10	1.35
shut	-0.10	1.16
conflict	-0.10	1.15
monster	-0.10	0.98
tim	-0.09	0.76
reveal	-0.09	1.38
introduce	-0.09	1.34
skipped	-0.09	1.18
robin	-0.09	0.75
eating	-0.09	1.17
literature	-0.09	1.03
surprisingly	-0.09	1.46
symbol	-0.09	1.01
switching	-0.09	1.51
prepared	-0.09	1.70
market	-0.09	1.04
continuing	-0.09	1.39
standards	-0.09	1.21
wise	-0.09	0.94
visual	-0.09	1.10
regularly	-0.09	1.37
dick	-0.09	0.75
barbara	-0.09	0.76
additional	-0.09	1.35
random	-0.09	1.22
protagonist	-0.09	1.05
older	-0.09	1.09
catching	-0.09	1.74
statue	-0.09	0.90
add	-0.08	1.80
robins	-0.08	0.76
physical	-0.08	1.10
h	-0.08	1.26
music	-0.08	0.96
drama	-0.08	1.08
origin	-0.08	1.14
announce	-0.08	1.38
types	-0.08	1.18
em	-0.08	2.11
car	-0.08	1.13
freak	-0.08	1.17
march	-0.08	1.37
placed	-0.08	1.13
policy	-0.08	1.17
exists	-0.08	1.31
high	-0.08	1.11
buy	-0.08	1.41
ocean	-0.08	0.90
share	-0.08	1.52
resources	-0.08	1.20
standing	-0.08	1.17
onslaught	-0.08	0.88
parts	-0.08	1.36
flow	-0.07	1.18
pre-new	-0.07	0.82
chinese	-0.07	1.03
player	-0.07	0.98
drake	-0.07	0.77
babies	-0.07	1.00
slight	-0.07	1.08
aspects	-0.07	1.31
amount	-0.07	1.34
chosen	-0.07	1.11
through	-0.07	1.34
tomasi	-0.07	0.78
briefly	-0.07	1.28
agree	-0.07	3.18
don	-0.07	0.93
extent	-0.07	1.47
babs	-0.07	0.80
superheros	-0.07	1.13
hang	-0.07	1.57
fights	-0.07	0.83
walk	-0.07	1.40
dredd	-0.06	1.04
ahead	-0.06	1.57
length	-0.06	1.17
files	-0.06	1.29
nothing	-0.06	2.13
americans	-0.06	1.30
gas	-0.06	1.01
costumes	-0.06	1.18
point	-0.06	2.36
remains	-0.06	1.20
players	-0.06	1.09
rules	-0.06	1.26
pops	-0.06	1.08
destruction	-0.06	1.02
thin	-0.06	1.06
tied	-0.06	1.12
pc	-0.06	1.54
comes	-0.06	1.58
squirrel	-0.06	0.97
established	-0.06	1.18
revenge	-0.06	1.10
directly	-0.06	1.26
light	-0.06	1.03
gerry	-0.06	0.97
hundreds	-0.06	1.21
hints	-0.06	1.40
admitted	-0.05	1.28
file	-0.05	1.24
wide	-0.05	1.13
secondary	-0.05	1.05
c.o.w.l	-0.05	0.89
sell	-0.05	1.29
stole	-0.05	1.01
evolved	-0.05	1.10
stephanie	-0.05	0.78
covering	-0.05	1.01
dramatic	-0.05	1.24
lay	-0.05	1.14
finish	-0.05	1.63
printed	-0.05	1.09
incredibly	-0.05	1.56
detail	-0.05	1.31
lesser	-0.05	1.15
help	-0.05	2.13
involves	-0.05	1.04
wipe	-0.04	1.10
places	-0.04	1.40
super	-0.04	1.45
head	-0.04	1.46
gun	-0.04	1.05
bat	-0.04	0.83
listening	-0.04	1.15
version	-0.04	1.02
forgotten	-0.04	1.64
demand	-0.04	1.13
experiment	-0.04	1.14
skip	-0.04	1.73
smash	-0.04	1.34
bodies	-0.04	1.04
background	-0.04	1.45
3.99	-0.04	1.17
project	-0.04	1.11
expanded	-0.04	1.03
dudes	-0.04	1.35
edition	-0.04	1.06
redemption	-0.04	0.97
hip	-0.04	0.98
study	-0.04	1.27
career	-0.04	1.05
killed	-0.04	1.02
nose	-0.04	1.20
spoke	-0.04	1.42
contract	-0.03	0.84
worthy	-0.03	0.92
bang	-0.03	1.10
boob	-0.03	1.03
hunters	-0.03	0.85
pointing	-0.03	3.36
inc	-0.03	0.82
produced	-0.03	0.94
decent	-0.03	2.00
superhero	-0.03	2.64
mistakes	-0.03	1.62
harley	-0.03	0.76
cameos	-0.03	1.20
shoes	-0.03	1.25
takes	-0.03	1.43
contain	-0.03	1.20
podcast	-0.03	1.03
until	-0.03	1.54
field	-0.03	0.93
publishers	-0.03	1.02
advantage	-0.03	1.13
language	-0.03	1.54
walls	-0.03	1.19
replace	-0.03	1.11
strategy	-0.02	1.29
removed	-0.02	1.18
mandarin	-0.02	1.06
spine	-0.02	1.07
arm	-0.02	1.21
chest	-0.02	1.08
intelligence	-0.02	1.02
worn	-0.02	1.09
mentioning	-0.02	1.49
leaked	-0.02	1.17
wiped	-0.02	0.98
french	-0.02	1.19
research	-0.02	1.35
also	-0.02	2.21
sinestro	-0.02	0.85
hot	-0.02	1.39
isnt	-0.02	1.86
create	-0.02	1.44
greek	-0.02	0.90
drawing	-0.02	1.27
hyped	-0.02	3.02
security	-0.02	1.07
laughs	-0.02	0.85
rings	-0.01	0.88
asian	-0.01	1.00
blind	-0.01	0.94
seed	-0.01	1.28
elements	-0.01	1.10
wildly	-0.01	1.24
creating	-0.01	1.26
pointed	-0.01	1.66
icon	-0.01	1.05
ride	-0.01	1.38
superman/batman	-0.01	0.72
legit	-0.01	1.83
tho	-0.01	1.72
leap	-0.01	1.21
remain	-0.01	1.39
archer	-0.01	1.11
cut	-0.01	1.27
mix	-0.01	1.10
planned	-0.01	1.45
affleck	-0.01	0.99
dies	-0.01	1.35
list	-0.01	1.70
youth	-0.01	0.97
played	-0.01	0.96
yours	-0.01	1.83
publication	-0.01	1.07
hand	-0.01	1.61
common	-0.00	1.42
intimidating	-0.00	1.71
examples	-0.00	1.64
60s	-0.00	0.99
fade	-0.00	0.95
broad	-0.00	1.21
match	-0.00	1.32
mode	-0.00	1.17
nailed	-0.00	1.37
twitter	-0.00	1.36
bubble	-0.00	1.22
wider	-0.00	1.09
shoot	-0.00	1.16
spoilers	-0.00	1.41
flashbacks	-0.00	1.00
boxes	-0.00	1.05
bus	-0.00	1.19
picking	0.00	1.82
bros	0.00	1.19
far	0.00	1.68
factor	0.00	0.96
speech	0.00	1.30
arts	0.00	0.96
bar	0.00	1.31
bats	0.00	0.81
fresh	0.00	1.26
trained	0.00	0.90
realize	0.00	2.39
connected	0.00	1.28
bane	0.00	0.76
combat	0.00	1.00
window	0.00	1.09
used	0.00	1.71
calm	0.00	1.60
japanese	0.00	1.00
shipping	0.00	1.18
publish	0.01	1.20
item	0.01	1.25
instance	0.01	1.18
times	0.01	1.49
hair	0.01	1.00
intro	0.01	1.02
gang	0.01	0.92
got	0.01	1.57
minimum	0.01	1.10
spandex	0.01	1.10
explored	0.01	1.37
soft	0.01	1.04
appearing	0.01	1.18
wear	0.01	1.10
storylines	0.01	1.12
category	0.01	1.31
room	0.01	1.27
tier	0.01	1.36
romantic	0.01	1.17
cop	0.01	0.98
existing	0.01	1.13
newer	0.01	1.09
crush	0.01	0.87
tp	0.01	0.94
table	0.01	1.21
offer	0.01	1.30
straight	0.02	1.50
harbinger	0.02	1.09
context	0.02	1.71
todd	0.02	0.83
main	0.02	1.50
paint	0.02	1.02
spend	0.02	1.39
arms	0.02	1.14
belt	0.02	0.98
creator	0.02	0.99
supposedly	0.02	1.05
stopping	0.02	1.34
mouth	0.02	1.27
horror	0.02	1.17
direct	0.02	1.12
fictional	0.02	1.21
mythology	0.02	0.91
niche	0.02	1.13
include	0.02	1.45
package	0.02	1.10
burned	0.02	1.07
instantly	0.02	1.34
leads	0.02	0.98
falling	0.02	1.44
label	0.02	1.19
fucks	0.02	1.92
structure	0.02	1.18
norm	0.02	1.13
beats	0.03	1.11
partner	0.03	0.96
ninja	0.03	0.85
figures	0.03	0.98
aging	0.03	1.03
round	0.03	1.15
heavy	0.03	1.11
joker	0.03	0.75
mythos	0.03	1.11
full	0.03	1.25
publisher	0.03	1.01
trailers	0.03	1.03
scenes	0.03	0.95
country	0.03	1.01
blown	0.03	1.03
buck	0.03	1.21
karma	0.03	1.60
rest	0.03	1.61
identity	0.03	1.09
animation	0.03	0.97
searching	0.03	1.53
charming	0.03	1.60
shadow	0.03	1.10
quinn	0.03	0.75
scarecrow	0.03	0.79
becomes	0.03	1.21
opens	0.03	1.01
prominent	0.03	1.50
characters	0.03	1.26
genre	0.03	1.14
taylor	0.03	0.79
together	0.03	1.51
following	0.03	1.39
related	0.03	1.18
college	0.03	1.02
healing	0.03	0.96
smith	0.03	0.95
roy	0.03	0.87
fiction	0.03	1.12
introduced	0.03	1.12
mood	0.03	1.23
forces	0.03	1.04
respond	0.03	1.81
clothes	0.03	1.07
fingers	0.04	1.15
hitting	0.04	1.10
pirate	0.04	1.02
build	0.04	1.22
skin	0.04	1.00
persona	0.04	0.98
most	0.04	2.50
mysterious	0.04	1.17
heck	0.04	1.34
fall	0.04	1.39
favorites	0.04	2.50
wears	0.04	1.07
picks	0.04	1.04
scope	0.04	1.19
bound	0.04	1.30
human	0.04	0.99
amazon	0.04	1.17
wore	0.04	1.06
iteration	0.04	1.59
brown	0.04	0.80
snap	0.04	1.42
wearing	0.04	1.08
lore	0.04	1.37
hook	0.04	1.43
meaning	0.04	2.11
constantine	0.04	0.95
laser	0.05	1.04
cancer	0.05	1.01
practical	0.05	1.22
bones	0.05	1.01
subscribe	0.05	1.31
former	0.05	1.27
possessed	0.05	0.85
puts	0.05	1.23
letters	0.05	0.93
serves	0.05	0.94
appealing	0.05	1.32
japan	0.05	0.96
omnibus	0.05	1.07
returns	0.05	0.70
opera	0.05	1.11
via	0.05	1.28
rose	0.05	0.83
held	0.05	1.16
influenced	0.05	0.97
jail	0.05	0.99
became	0.05	1.08
videos	0.05	1.09
milestone	0.05	1.00
well	0.05	2.10
hercules	0.05	0.77
returned	0.05	1.14
superboy	0.05	0.82
dkr	0.05	0.72
though	0.05	2.46
eat	0.05	1.17
copyright	0.05	1.19
huge	0.05	1.22
kevin	0.05	0.98
retelling	0.05	1.03
century	0.05	1.08
countries	0.05	1.08
ebay	0.05	1.20
britain	0.06	0.88
stays	0.06	1.56
dark	0.06	0.78
contribute	0.06	1.47
along	0.06	1.54
counter	0.06	1.39
delayed	0.06	1.24
capes	0.06	1.14
cure	0.06	1.06
preview	0.06	1.41
jl8	0.06	1.22
cycle	0.06	0.97
essentially	0.06	1.25
2000	0.06	1.04
flashpoint	0.06	0.99
military	0.06	0.95
pants	0.06	1.06
painting	0.06	1.04
sale	0.06	0.96
selling	0.06	1.32
genres	0.06	1.21
whom	0.06	0.99
discussion	0.06	1.55
account	0.06	1.30
ignorance	0.06	1.60
reference	0.06	1.34
cape	0.06	1.05
practice	0.06	1.06
introducing	0.06	1.12
gunn	0.06	0.92
leaves	0.06	1.04
mcfarlane	0.06	0.97
smaller	0.06	1.19
donald	0.06	0.88
jms	0.06	1.50
killer	0.06	0.82
western	0.06	1.11
companies	0.06	1.06
secrets	0.07	1.05
mos	0.07	0.84
fear	0.07	0.90
damien	0.07	0.77
utterly	0.07	1.49
guard	0.07	0.89
oni	0.07	0.85
hit	0.07	1.24
zoom	0.07	0.92
launched	0.07	1.11
there	0.07	2.08
shape	0.07	1.13
monkey	0.07	1.13
took	0.07	1.41
afterwards	0.07	1.17
pet	0.07	1.14
beauty	0.07	1.09
shoulders	0.07	1.06
kingdom	0.07	0.85
armstrong	0.07	1.11
shit	0.07	2.41
exclusively	0.07	1.23
website	0.07	1.27
traditional	0.07	1.06
halfway	0.08	1.50
checking	0.08	1.88
exchange	0.08	1.05
rated	0.08	1.11
all-time	0.08	2.79
boots	0.08	1.04
service	0.08	1.21
spawn	0.08	0.91
battles	0.08	0.97
implied	0.08	1.59
rising	0.08	0.84
tape	0.08	1.22
beforehand	0.08	1.15
model	0.08	1.14
found	0.08	1.37
where	0.08	1.88
colour	0.08	0.87
independent	0.08	1.08
muscle	0.08	1.02
specific	0.08	1.63
content	0.08	1.25
cliffhanger	0.08	1.26
crossing	0.08	1.04
paid	0.08	1.26
personalities	0.08	1.16
major	0.08	1.32
company	0.08	0.97
grayson	0.08	0.74
comicbook	0.08	1.27
coat	0.09	1.05
between	0.09	1.12
launch	0.09	1.07
unknown	0.09	1.14
cooper	0.09	1.05
square	0.09	1.05
studio	0.09	0.92
releasing	0.09	1.09
flip	0.09	1.49
aspect	0.09	1.17
done	0.09	1.66
free	0.09	1.19
discussions	0.09	1.55
red	0.09	0.81
facebook	0.09	1.34
method	0.09	1.13
brought	0.09	1.35
chill	0.09	1.37
flesh	0.09	1.02
apple	0.09	1.21
shooting	0.09	1.31
according	0.09	1.23
lot	0.09	1.76
im	0.09	2.27
from	0.09	1.42
jumped	0.09	1.22
pulled	0.09	1.32
acclaimed	0.09	2.12
larger	0.09	1.18
alfred	0.09	0.75
shade	0.09	1.00
scientist	0.09	1.03
devil	0.10	1.04
theater	0.10	1.03
providing	0.10	1.51
clever	0.10	1.53
publishing	0.10	1.01
asked	0.10	1.64
armor	0.10	0.96
instocktrades	0.10	1.11
supporting	0.10	1.10
analogy	0.10	1.92
giant	0.10	0.96
deathstroke	0.10	0.79
anime	0.10	0.96
place	0.10	1.54
vice	0.10	0.98
element	0.10	1.21
brand	0.10	1.08
floppies	0.10	1.17
drm	0.10	1.19
material	0.10	1.41
shirt	0.10	1.04
tiny	0.10	1.12
adorable	0.10	2.67
al	0.10	0.87
coming	0.10	1.48
rai	0.10	0.93
wild	0.10	1.12
sitting	0.11	1.27
property	0.11	0.98
self-contained	0.11	1.07
kick	0.11	1.09
buildings	0.11	1.06
period	0.11	1.04
supernatural	0.11	0.98
hat	0.11	1.02
purchasing	0.11	1.33
libraries	0.11	1.21
interactions	0.11	1.12
hanging	0.11	1.21
sticks	0.11	1.15
network	0.11	1.02
cyborg	0.11	0.79
front	0.11	1.30
joe	0.11	0.81
talented	0.11	1.20
available	0.11	1.13
lead	0.11	0.98
wrapped	0.11	1.12
leather	0.11	1.08
own	0.11	1.36
aliens	0.11	0.93
wally	0.11	0.85
importantly	0.11	1.29
entry	0.11	1.36
jumping	0.11	1.72
cuts	0.11	1.01
penis	0.11	1.08
inner	0.12	0.98
lee	0.12	0.94
sometime	0.12	1.41
save	0.12	1.37
heroes	0.12	1.15
valiant	0.12	0.93
virus	0.12	0.96
turtles	0.12	0.86
starting	0.12	1.59
online	0.12	1.22
heels	0.12	1.08
south	0.12	1.00
dollar	0.12	1.19
reprints	0.12	1.00
browse	0.12	1.41
collect	0.12	1.17
record	0.12	1.02
digital	0.12	1.18
steal	0.12	1.43
hugh	0.12	0.90
description	0.12	1.46
turns	0.13	1.31
near	0.13	1.28
return	0.13	1.30
parent	0.13	1.20
pull	0.13	1.45
strips	0.13	1.07
popular	0.13	2.25
tonight	0.13	1.53
supervillain	0.13	1.00
summary	0.13	1.23
card	0.13	0.97
fallen	0.13	0.94
till	0.13	1.61
mid	0.13	1.10
power	0.13	0.95
superheroes	0.13	1.26
rule	0.13	1.43
idw	0.13	0.90
offering	0.13	1.45
individual	0.13	1.21
focuses	0.13	1.02
watchmen	0.13	0.79
boys	0.13	0.86
passing	0.13	1.12
paper	0.13	1.01
quantum	0.13	1.14
90s	0.13	0.96
singles	0.13	1.16
channel	0.13	0.94
court	0.13	0.91
mod	0.13	1.53
aesthetic	0.13	1.13
medical	0.13	1.31
mods	0.13	1.53
huntress	0.13	0.83
impulse	0.14	0.94
piece	0.14	1.13
order	0.14	1.28
legend	0.14	0.82
bulk	0.14	1.12
nolan	0.14	0.80
spread	0.14	0.80
kids	0.14	1.01
adding	0.14	1.38
backgrounds	0.14	1.14
moved	0.14	1.16
stayed	0.14	1.24
whose	0.14	1.10
starts	0.14	1.30
villains	0.14	1.05
film	0.14	0.85
manowar	0.14	1.07
next	0.14	1.54
short	0.14	1.09
floor	0.14	1.19
spin	0.14	1.12
hardcovers	0.14	1.05
powerful	0.14	1.19
relationships	0.14	1.02
powers	0.14	1.00
trades	0.14	1.10
t-shirt	0.14	1.01
subscription	0.14	1.19
hardest	0.14	2.22
nailbiter	0.14	1.05
lights	0.14	0.99
martial	0.14	0.96
coolest	0.15	2.62
pack	0.15	0.98
damian	0.15	0.79
lines	0.15	1.19
timm	0.15	0.76
villain	0.15	0.91
jason	0.15	0.82
master	0.15	0.98
size	0.15	1.12
replaced	0.15	1.13
form	0.15	1.16
signature	0.15	1.03
posters	0.15	0.98
ra	0.15	0.85
options	0.15	1.42
avatar	0.15	0.94
gordon	0.15	0.74
promo	0.15	1.09
fell	0.15	1.06
intelligent	0.15	1.21
appropriate	0.15	1.27
ripped	0.15	1.10
suits	0.15	1.12
kickstarter	0.15	1.48
reveals	0.15	1.19
fight	0.15	0.87
dates	0.15	1.22
switch	0.15	1.29
cases	0.15	1.34
bringing	0.15	1.48
woody	0.15	1.08
kyle	0.16	0.92
x-o	0.16	1.06
replacement	0.16	1.04
hes	0.16	1.85
paperbacks	0.16	1.06
r/comicswap	0.16	1.67
orders	0.16	1.10
format	0.16	1.04
brilliant	0.16	1.97
singer	0.16	0.88
suggested	0.16	1.60
fought	0.16	0.94
closed	0.16	1.09
ip	0.16	0.96
books	0.16	1.60
sonja	0.16	0.89
involving	0.16	0.96
re-read	0.16	1.41
nope	0.16	1.71
late	0.16	1.09
ghul	0.16	0.82
draws	0.16	1.18
updated	0.16	1.30
shall	0.16	1.86
twice	0.16	1.50
color	0.17	1.04
subs	0.17	1.48
grade	0.17	1.07
tmnt	0.17	0.88
r/comicbooks	0.17	1.55
humble	0.17	0.96
pile	0.17	1.23
tomorrow	0.17	1.49
items	0.17	1.16
jacket	0.17	1.06
unity	0.17	0.93
teams	0.17	1.07
box	0.17	1.14
dollars	0.17	1.19
collecting	0.17	1.30
defining	0.17	2.53
glasses	0.17	0.95
highlights	0.17	1.06
uses	0.17	1.33
orange	0.17	0.89
map	0.17	1.09
appeared	0.17	1.20
came	0.17	1.39
part	0.17	1.61
may	0.18	2.18
school	0.18	0.97
download	0.18	1.27
arkham	0.18	0.75
guns	0.18	1.02
q	0.18	0.92
live	0.18	1.22
actress	0.18	1.05
check	0.18	1.79
roughly	0.18	1.25
ring	0.18	0.86
english	0.18	1.34
shots	0.18	1.00
their	0.18	1.24
young	0.18	0.85
begins	0.18	0.92
appears	0.18	1.28
antagonist	0.18	0.97
manor	0.18	0.76
collections	0.18	1.03
dynamite	0.18	0.90
every	0.18	1.46
amanda	0.18	0.85
trip	0.18	1.15
early	0.18	1.10
rich	0.18	1.00
numbering	0.18	1.03
robot	0.18	1.22
collected	0.18	1.05
wall	0.18	1.12
asylum	0.18	0.70
teaser	0.18	1.08
over	0.19	1.36
booth	0.19	1.02
tpbs	0.19	1.06
hardcover	0.19	1.04
perfectly	0.19	1.61
alien	0.19	0.92
oversized	0.19	1.03
yellow	0.19	0.93
name	0.19	1.43
boom	0.19	0.88
surely	0.19	1.31
timeline	0.19	1.08
cards	0.19	0.98
supes	0.19	0.89
creation	0.19	1.10
today	0.19	1.39
bagged	0.19	1.16
bill	0.19	0.85
rdj	0.19	0.87
toys	0.19	0.98
flag	0.19	1.01
collection	0.19	1.05
graphic	0.19	0.94
finishing	0.19	1.57
release	0.19	1.29
joining	0.19	0.97
van	0.19	0.80
masters	0.19	0.97
robots	0.19	0.92
rises	0.19	0.98
fyi	0.19	1.19
flash	0.19	0.88
block	0.19	1.17
relevant	0.19	1.38
paperback	0.19	1.05
controlled	0.20	0.99
tech	0.20	0.95
gray	0.20	0.81
comixology	0.20	1.20
started	0.20	1.38
print	0.20	1.11
stock	0.20	1.16
2000ad	0.20	1.14
climax	0.20	1.17
standalone	0.20	1.15
enemies	0.20	0.89
video	0.20	0.94
delay	0.20	1.20
groot	0.20	1.28
formed	0.20	0.91
note	0.20	1.34
solicits	0.20	1.30
published	0.20	1.06
theres	0.20	1.83
indie	0.20	1.19
formula	0.20	1.18
grew	0.20	0.88
heads	0.20	1.25
threads	0.20	1.57
elsewhere	0.20	1.47
released	0.20	1.23
roster	0.20	0.85
zombie	0.20	0.83
amp	0.20	1.19
wikipedia	0.20	1.33
bastard	0.20	1.12
reread	0.20	1.31
stuff	0.20	1.77
grown	0.20	1.10
jon	0.20	0.92
herself	0.20	1.13
jr	0.21	0.85
zod	0.21	0.91
shirts	0.21	1.02
lives	0.21	1.05
fighter	0.21	1.03
reprinted	0.21	0.97
2015	0.21	1.38
history	0.21	1.17
origins	0.21	0.96
shipped	0.21	1.11
game	0.21	0.94
jet	0.21	1.00
lived	0.21	1.12
code	0.21	1.15
student	0.21	1.08
suited	0.21	1.25
monthly	0.21	1.25
shock	0.21	0.93
mu	0.21	1.19
laid	0.21	1.14
games	0.21	0.92
unworthy	0.21	0.87
reddit	0.21	1.48
dracula	0.21	0.84
click	0.21	1.43
below	0.21	1.39
harvey	0.21	0.92
purchases	0.21	1.24
ads	0.21	1.09
reynolds	0.22	0.95
lil	0.22	1.14
tying	0.22	1.14
wb	0.22	0.92
ollie	0.22	0.97
began	0.22	1.09
variety	0.22	1.23
rucka	0.22	0.85
stack	0.22	1.29
adapted	0.22	0.96
alongside	0.22	0.96
wayne	0.22	0.77
example	0.22	1.54
line	0.22	1.48
supergirl	0.22	0.78
arrows	0.22	1.04
scratch	0.22	1.03
purchase	0.22	1.24
dear	0.23	1.38
respective	0.23	1.30
releases	0.23	1.19
button	0.23	1.57
adventure	0.23	1.12
2011	0.23	1.12
titles	0.23	1.31
evolution	0.23	0.97
upvote	0.23	1.78
frozen	0.23	0.94
weird	0.23	2.10
serum	0.23	0.93
reader	0.23	1.15
purple	0.23	0.98
earlier	0.23	1.29
streets	0.23	1.10
suit	0.23	1.02
de	0.23	1.24
dc	0.23	1.25
date	0.23	1.37
toy	0.23	0.97
franchises	0.23	0.96
batman	0.23	0.71
pilot	0.23	0.95
thought	0.23	2.08
ill	0.23	2.10
cartoony	0.23	1.25
theme	0.24	1.13
club	0.24	1.10
fallout	0.24	1.03
wright	0.24	0.89
frames	0.24	1.09
wiki	0.24	1.33
fleshed	0.24	1.33
rayner	0.24	0.93
highest	0.24	2.39
merchandise	0.24	0.91
its	0.24	2.06
seasons	0.24	0.93
goddamn	0.24	1.88
met	0.24	1.32
ordering	0.24	1.13
animals	0.24	1.09
setting	0.24	1.21
modern	0.24	1.34
daken	0.25	0.96
directions	0.25	1.24
solicitations	0.25	1.27
warning	0.25	1.30
digitally	0.25	1.08
app	0.25	1.31
fantasy	0.25	1.12
ongoing	0.25	1.66
apps	0.25	1.32
photos	0.25	1.15
magical	0.25	0.98
ideal	0.25	1.02
warner	0.25	0.94
confusion	0.25	1.73
accessible	0.25	1.32
bags	0.25	1.16
posting	0.25	1.54
basis	0.25	1.14
children	0.25	1.03
monday	0.25	1.22
marvel/dc	0.25	1.24
gap	0.25	0.96
including	0.25	1.45
party	0.25	1.14
youtube	0.25	1.11
kindle	0.25	1.29
batwoman	0.25	0.75
summer	0.25	1.24
twilight	0.25	0.99
remembered	0.25	1.45
members	0.25	0.87
license	0.25	1.03
cerebus	0.25	0.87
office	0.25	1.00
theaters	0.25	1.04
exploring	0.26	1.39
pretty	0.26	1.98
woods	0.26	0.91
hulks	0.26	1.02
google	0.26	1.30
disney	0.26	0.94
type	0.26	1.43
weapons	0.26	0.95
basic	0.26	1.22
present	0.26	1.13
chick	0.26	1.27
usa	0.26	1.08
middle	0.26	1.00
c'mon	0.26	1.54
called	0.26	1.36
similar	0.26	1.45
update	0.26	1.35
decades	0.26	1.23
mephisto	0.26	1.07
mjolnir	0.26	0.95
hence	0.26	1.24
hal	0.26	0.90
works	0.27	1.65
unexpected	0.27	1.44
packed	0.27	1.24
responded	0.27	1.65
99	0.27	1.14
unlimited	0.27	1.23
jsa	0.27	0.80
day	0.27	1.24
leaving	0.27	1.23
jewish	0.27	1.00
remaining	0.27	0.97
wildstorm	0.27	0.96
o'neil	0.27	0.92
spent	0.27	1.24
useful	0.27	1.56
stories	0.27	1.35
mystery	0.27	0.94
successful	0.27	1.19
outfit	0.27	1.03
signs	0.27	1.03
vibe	0.27	1.34
within	0.27	1.22
howard	0.27	0.96
clark	0.27	0.88
opened	0.27	1.18
canary	0.27	0.82
crime	0.27	0.96
she	0.27	1.69
sat	0.27	1.15
existed	0.27	1.63
defeated	0.27	0.94
hammer	0.27	0.97
mark	0.27	0.87
adult	0.27	0.98
building	0.27	1.22
sub	0.27	1.54
owned	0.27	0.98
dcu	0.27	1.10
character	0.27	1.26
fair	0.27	2.21
novels	0.28	1.06
discovered	0.28	1.24
spell	0.28	1.21
space	0.28	1.04
steel	0.28	0.80
pulls	0.28	1.34
trilogy	0.28	0.83
pics	0.28	1.37
animal	0.28	0.92
hits	0.28	1.10
syndicate	0.28	0.82
sentinels	0.28	0.98
ios	0.28	1.30
offers	0.28	1.16
super-heroes	0.28	0.97
70s	0.28	0.96
leader	0.28	0.99
teenage	0.28	0.86
criminal	0.28	0.80
access	0.28	1.12
jesus	0.28	1.77
riddler	0.28	0.83
v	0.28	0.82
adaptation	0.28	0.86
canada	0.28	1.04
barry	0.28	0.91
nsfw	0.28	1.38
franchise	0.28	0.89
copies	0.29	1.10
dinosaur	0.29	0.88
apartment	0.29	1.18
storytelling	0.29	1.27
search	0.29	1.43
big	0.29	1.34
an	0.29	1.30
cardboard	0.29	1.16
vendetta	0.29	0.80
advanced	0.29	1.14
pizza	0.29	1.05
races	0.29	1.05
gardner	0.29	0.90
kid	0.29	0.95
licensed	0.29	0.98
studios	0.29	0.95
0	0.29	0.88
possibilities	0.29	1.34
properties	0.29	0.99
library	0.29	1.02
information	0.29	1.55
ideas	0.29	1.39
ai	0.29	1.43
2.99	0.29	1.03
spirit	0.29	0.97
sword	0.30	0.93
slade	0.30	0.82
cops	0.30	1.18
central	0.30	0.94
mantle	0.30	1.02
lastly	0.30	1.21
dozens	0.30	1.29
noted	0.30	1.61
president	0.30	1.14
kirkman	0.30	0.89
reprint	0.30	0.96
marked	0.30	1.33
bond	0.30	0.95
staff	0.30	1.01
member	0.30	0.86
colored	0.30	1.03
nextwave	0.30	0.89
events	0.30	1.08
footage	0.30	0.98
families	0.30	1.09
dimension	0.30	0.92
etc	0.31	1.16
request	0.31	1.51
sci-fi	0.31	1.10
e	0.31	1.11
creates	0.31	1.02
shopping	0.31	1.19
ipad	0.31	1.29
collector	0.31	0.94
tpb	0.31	1.03
def	0.31	1.88
who	0.31	2.25
february	0.31	1.37
counting	0.31	1.03
october	0.31	1.35
across	0.31	1.15
hunger	0.32	1.02
sequel	0.32	0.84
1s	0.32	0.97
ww	0.32	0.86
contrast	0.32	1.28
classics	0.32	1.04
intentional	0.32	1.49
meets	0.32	0.93
waiting	0.32	2.74
extra	0.32	1.29
arch	0.32	0.95
jla	0.32	0.80
warrior	0.32	1.03
beyond	0.32	0.87
crossed	0.32	0.87
continued	0.32	1.06
traveling	0.32	1.05
noble	0.32	1.00
2005	0.32	1.14
april	0.32	1.37
proper	0.32	1.39
sorts	0.32	1.29
cats	0.32	1.13
thrones	0.32	0.94
please	0.32	1.42
decade	0.32	1.15
imprint	0.32	1.08
image	0.33	0.87
advance	0.33	1.19
dynamic	0.33	1.08
arcs	0.33	1.10
different	0.33	1.27
loads	0.33	1.34
chip	0.33	0.96
ol	0.33	1.36
lawyer	0.33	0.87
discounts	0.33	1.18
metropolis	0.33	0.87
appearances	0.33	1.14
cents	0.33	1.21
submit	0.33	1.46
godzilla	0.33	0.91
shared	0.33	0.95
international	0.33	0.88
elaborate	0.33	1.51
asks	0.33	2.16
hiatus	0.33	1.13
mega	0.33	1.09
russian	0.33	1.08
guys	0.33	2.05
tom	0.33	0.82
north	0.33	0.92
per	0.33	1.22
mobile	0.33	1.34
iirc	0.33	1.25
lantern	0.33	0.85
device	0.34	1.34
section	0.34	1.36
enjoyable	0.34	1.35
swap	0.34	1.27
films	0.34	0.89
inside	0.34	1.11
comments	0.34	1.75
easter	0.34	1.26
contained	0.34	1.07
skinny	0.34	1.21
life	0.34	1.03
cosplay	0.34	1.18
robo	0.34	1.07
cuz	0.34	1.88
mouse	0.34	0.88
user	0.34	1.23
bundle	0.34	0.94
nod	0.34	1.01
submission	0.34	1.36
codes	0.34	1.12
twists	0.34	1.20
owls	0.34	0.72
rock	0.34	1.04
bruce	0.34	0.80
above	0.34	1.38
speaks	0.34	1.03
raped	0.34	0.99
countless	0.34	1.27
sonic	0.34	0.95
june	0.34	1.34
cgc	0.34	1.06
w	0.34	1.36
simon	0.34	0.94
manga	0.34	0.95
follows	0.34	0.96
effective	0.34	1.44
selection	0.34	1.25
visit	0.34	1.36
computer	0.35	1.16
force	0.35	0.91
latest	0.35	1.08
went	0.35	1.34
alan	0.35	0.89
ongoings	0.35	1.54
location	0.35	1.10
november	0.35	1.31
tablet	0.35	1.33
passed	0.35	1.20
december	0.35	1.31
separate	0.35	1.19
american	0.35	0.89
san	0.35	1.09
movie	0.35	0.93
subreddit	0.35	1.49
gl	0.35	0.86
july	0.35	1.27
justice	0.36	0.82
girl	0.36	1.02
august	0.36	1.29
vein	0.36	1.05
posts	0.36	1.50
pilgrim	0.36	0.84
saw	0.36	1.42
wednesday	0.36	1.25
naked	0.36	1.16
top	0.36	2.45
posted	0.36	1.48
80	0.36	1.00
popped	0.36	1.15
january	0.36	1.30
weekly	0.36	1.25
chain	0.36	1.03
luther	0.36	0.85
links	0.36	1.44
organization	0.36	1.00
complex	0.36	0.87
guess	0.36	2.59
sunday	0.36	1.15
lanterns	0.36	0.83
dvd	0.36	0.93
tower	0.36	1.08
photoshop	0.36	1.04
green	0.36	0.84
cameo	0.36	1.05
volumes	0.36	1.04
adamantium	0.36	0.95
imgur	0.36	1.35
sets	0.36	1.08
insanely	0.37	1.55
bucks	0.37	1.25
silent	0.37	0.95
brian	0.37	0.80
discount	0.37	1.17
after	0.37	1.29
deadshot	0.37	0.81
bunker	0.37	0.75
lists	0.37	1.40
owns	0.37	0.94
set	0.37	1.15
everybody	0.37	2.04
horse	0.37	0.91
murdered	0.37	1.31
street	0.37	1.00
rebirth	0.37	0.87
delivered	0.37	1.06
swamp	0.37	0.96
capacity	0.37	1.09
dcau	0.37	0.84
shazam	0.37	0.86
crisis	0.37	0.99
frequent	0.37	1.23
ennis	0.38	0.77
soldier	0.38	1.00
whim	0.38	1.14
use	0.38	1.61
80s	0.38	1.06
prime	0.38	0.94
wings	0.38	1.13
creator-owned	0.38	1.18
chapter	0.38	0.98
binge	0.38	1.34
n	0.38	1.13
2010	0.38	1.11
hitman	0.38	0.74
allen	0.38	0.90
darkseid	0.38	0.95
listed	0.38	1.39
possibly	0.38	1.84
costume	0.38	1.29
job	0.38	1.38
extension	0.38	1.18
promising	0.38	1.85
faq	0.38	1.52
bag	0.38	1.22
shelves	0.38	1.24
brightest	0.38	0.90
uk	0.38	1.14
hour	0.38	1.19
miss	0.39	1.86
preacher	0.39	0.76
jl	0.39	0.81
lex	0.39	0.83
vengeance	0.39	0.95
pieces	0.39	1.05
entity	0.39	0.99
york	0.39	1.01
movies	0.39	0.89
kryptonian	0.39	0.95
co	0.39	1.08
beard	0.39	1.22
gold	0.39	0.93
fcbd	0.39	1.14
global	0.39	0.91
world	0.39	1.12
claws	0.39	0.93
noir	0.39	0.92
built	0.39	1.06
single	0.39	1.24
ta	0.39	2.26
cartoons	0.39	0.86
sign	0.39	1.13
fu	0.39	0.92
stewart	0.39	0.88
ray	0.39	0.90
phase	0.39	0.99
bin	0.39	1.11
shelf	0.39	1.22
purchased	0.39	1.12
me	0.39	2.57
blue	0.39	0.86
minute	0.39	1.16
rare	0.39	1.17
nyc	0.40	1.07
nowhere	0.40	1.06
linked	0.40	1.41
runs	0.40	1.43
cities	0.40	1.00
uniform	0.40	0.96
pitch	0.40	1.35
winning	0.40	0.99
yesterday	0.40	1.26
corps	0.40	0.85
hbo	0.40	0.94
thread	0.40	1.54
watching	0.40	1.00
star	0.40	0.87
mortal	0.40	1.02
hospital	0.41	1.03
android	0.41	1.36
doomsday	0.41	1.04
waited	0.41	1.35
technology	0.41	1.13
sidebar	0.41	1.45
venture	0.41	1.20
looked	0.41	1.61
ghosts	0.41	0.81
36	0.41	0.91
max	0.41	0.65
dead	0.41	1.42
extremis	0.41	0.89
introduction	0.41	1.15
flight	0.41	1.01
saturday	0.41	1.14
vertigo	0.41	0.91
belong	0.41	1.20
kinds	0.41	1.37
his	0.42	1.11
artists	0.42	1.20
jay	0.42	0.87
gotham	0.42	0.76
pride	0.42	0.86
contains	0.42	0.99
lasted	0.42	1.32
beta	0.42	0.91
hellboy	0.42	1.07
images	0.42	1.22
arrived	0.42	1.09
buys	0.42	2.16
your	0.42	1.86
helmet	0.42	1.19
split	0.42	1.02
ties	0.42	0.99
mars	0.42	1.04
scan	0.42	1.20
entertaining	0.43	1.37
journey	0.43	0.94
archie	0.43	0.83
bomb	0.43	0.93
united	0.43	0.87
trailer	0.43	1.01
favourites	0.43	2.34
fat	0.43	1.14
amc	0.43	0.91
adams	0.43	0.84
diamond	0.43	1.11
egg	0.43	1.15
teacher	0.43	1.11
hawkman	0.43	0.83
notable	0.43	2.56
superman/wonder	0.43	0.87
70	0.43	1.11
city	0.43	0.92
ii	0.43	0.86
town	0.43	1.09
dimensions	0.43	0.99
seconds	0.43	1.16
bow	0.43	0.98
adventures	0.44	0.96
tag	0.44	1.39
days	0.44	1.29
recap	0.44	0.92
batman/superman	0.44	0.81
rachel	0.44	0.97
titled	0.44	1.06
builds	0.44	1.03
walked	0.44	1.19
smallville	0.44	0.84
road	0.44	0.96
later	0.44	1.31
cow	0.44	1.10
idk	0.44	2.03
dogs	0.44	1.35
cw	0.44	0.89
league	0.44	0.84
killers	0.44	0.86
area	0.44	1.06
winter	0.44	1.00
radioactive	0.44	0.96
reminded	0.44	1.57
til	0.44	1.57
atomic	0.44	0.95
bronze	0.44	0.98
neal	0.44	0.85
assassin	0.44	0.89
cross	0.44	1.18
watched	0.44	0.96
gallery	0.44	0.92
tooth	0.44	0.89
rogues	0.44	0.87
hours	0.44	1.22
moore	0.45	0.89
certain	0.45	1.31
here	0.45	1.63
tags	0.45	1.41
smart	0.45	1.11
resurrection	0.45	1.09
boards	0.45	1.05
destroyed	0.45	0.90
concepts	0.45	1.22
waller	0.45	0.87
hc	0.45	0.94
years	0.45	1.28
television	0.45	0.90
screen	0.45	1.16
flashback	0.45	0.91
sells	0.45	1.10
premise	0.45	1.49
occurred	0.45	1.13
other	0.45	1.44
collectors	0.45	1.06
plenty	0.45	1.49
coast	0.45	1.03
jld	0.45	0.97
mine	0.45	1.29
frame	0.45	1.14
exceptions	0.45	1.26
stranger	0.45	0.88
luthor	0.45	0.82
versions	0.45	1.07
diana	0.46	0.90
trade	0.46	1.13
swag	0.46	1.32
wizard	0.46	1.05
lots	0.46	1.35
jesse	0.46	0.84
noticed	0.46	1.87
waid	0.46	1.07
quest	0.46	0.97
phoenix	0.46	0.89
wasp	0.46	0.89
zatanna	0.46	0.89
frank	0.46	0.79
vaughan	0.46	0.81
y	0.47	0.79
busiek	0.47	0.79
ago	0.47	1.33
redesign	0.47	1.09
sold	0.47	1.04
error	0.47	2.39
control	0.47	1.02
kelly	0.47	0.90
reads	0.47	1.61
rip	0.47	0.89
aquaman	0.47	0.82
giffen	0.47	0.83
friday	0.47	1.20
garfield	0.47	1.18
66	0.47	0.79
we3	0.48	0.81
thousand	0.48	1.11
equivalent	0.48	1.16
upcoming	0.48	1.26
letter	0.48	0.83
run	0.48	1.08
hooked	0.48	1.86
various	0.48	1.29
crew	0.48	0.93
joined	0.48	0.92
nazi	0.48	0.91
thief	0.48	0.98
hunter	0.48	0.87
r	0.48	1.15
2008	0.48	0.96
spot	0.48	1.47
samurai	0.48	0.95
kent	0.48	0.91
james	0.48	0.84
watch	0.48	1.10
stores	0.48	1.20
blowing	0.48	0.92
tv	0.48	0.90
infinite	0.48	1.00
anthology	0.48	1.11
setup	0.48	1.16
soldiers	0.48	0.91
wedding	0.49	1.05
thor	0.49	0.78
kirby	0.49	0.86
scalped	0.49	0.80
named	0.49	1.12
marvels	0.49	0.88
customer	0.49	1.15
atmosphere	0.49	1.19
phantom	0.49	0.88
fewer	0.49	1.35
users	0.49	1.41
tons	0.49	1.37
grabbed	0.49	1.20
blackest	0.50	0.89
odin	0.50	0.95
weekend	0.50	1.19
starman	0.50	0.80
conan	0.50	0.91
previous	0.50	1.23
ron	0.50	0.90
recommended	0.50	1.34
sex	0.50	0.81
nexus	0.50	1.28
vader	0.50	0.88
grand	0.50	0.96
storage	0.50	1.10
double	0.50	1.09
humans	0.50	1.04
bunch	0.51	1.39
bullets	0.51	0.79
minds	0.51	1.00
transmetropolitan	0.51	0.81
vampire	0.51	0.86
shows	0.51	0.90
soul	0.51	1.08
mutant	0.51	0.90
pink	0.51	0.98
100	0.51	1.05
relatable	0.51	1.25
brains	0.52	1.14
academy	0.52	0.86
lineup	0.52	0.93
miller	0.52	0.90
injustice	0.52	0.82
woman	0.52	0.84
hellblazer	0.52	0.77
hands	0.52	2.25
added	0.52	1.35
teaming	0.52	1.00
jack	0.52	0.86
jlu	0.52	0.80
numerous	0.52	1.39
aim	0.52	1.13
pictures	0.52	1.29
past	0.52	1.24
swear	0.52	1.17
those	0.52	1.38
canadian	0.52	1.29
action	0.52	0.98
ops	0.53	0.96
incal	0.53	0.86
ton	0.53	1.42
printing	0.53	0.90
row	0.53	0.97
multiple	0.53	1.25
60	0.53	1.16
glass	0.53	0.98
frankenstein	0.53	1.13
gear	0.53	1.00
timelines	0.53	1.13
night	0.53	0.94
relationship	0.53	0.84
weeks	0.53	1.20
jordan	0.53	0.94
episodes	0.53	1.02
thankfully	0.53	1.20
johns	0.53	0.80
logo	0.53	1.03
bendis	0.53	1.01
underrated	0.53	2.02
lanning	0.53	0.89
comic	0.53	2.45
resubmit	0.54	1.36
half	0.54	1.26
definitive	0.54	2.26
song	0.54	1.04
post	0.54	1.52
minus	0.54	1.00
man	0.54	0.84
guide	0.54	1.44
k	0.54	0.85
classic	0.54	1.11
african	0.54	0.97
series	0.54	1.45
booster	0.54	0.91
healthy	0.54	2.26
johnson	0.54	0.99
rorschach	0.54	0.92
bug	0.54	0.95
county	0.54	1.00
tattoo	0.54	1.34
week	0.54	1.24
trek	0.54	0.87
styles	0.54	1.20
white	0.55	1.10
deadman	0.55	0.91
ages	0.55	1.03
leading	0.55	0.99
robert	0.55	0.84
story	0.55	1.32
these	0.55	1.38
answered	0.55	1.80
show	0.55	0.89
hundred	0.55	1.08
pax	0.55	0.85
home	0.55	1.12
episode	0.55	0.89
somehow	0.55	1.31
blonde	0.55	1.04
muslim	0.55	1.01
copy	0.55	1.08
saving	0.55	1.07
sdcc	0.55	1.11
maus	0.56	0.90
dozen	0.56	1.24
kidding	0.56	2.27
adaptations	0.56	0.95
ambiguous	0.56	1.93
vaughn	0.56	0.79
martian	0.56	0.85
featuring	0.56	1.37
rights	0.56	0.98
b.p.r.d	0.56	1.02
kindt	0.56	0.84
planets	0.56	1.05
4th	0.56	1.01
intense	0.56	1.29
must	0.56	1.98
fun	0.56	1.56
class	0.56	0.81
minutes	0.56	1.18
neil	0.57	0.79
many	0.57	1.36
potter	0.57	0.94
handful	0.57	1.40
44	0.57	0.82
midnight	0.57	0.85
boomerang	0.57	0.89
features	0.57	1.12
sandman	0.57	0.80
arena	0.57	1.36
trees	0.57	0.85
title	0.57	1.36
planet	0.57	0.94
manhunter	0.57	0.87
fascinating	0.58	1.34
dawn	0.58	0.90
buffy	0.58	0.88
september	0.58	1.28
destroying	0.58	1.05
quick	0.58	1.45
charge	0.58	1.18
private	0.58	0.83
bone	0.58	0.91
moebius	0.58	0.93
wakanda	0.58	1.01
science	0.58	0.77
supreme	0.58	1.05
gem	0.58	0.99
sized	0.59	0.98
fourth	0.59	0.87
featured	0.59	0.98
anyways	0.59	1.95
multiverse	0.59	1.23
evan	0.59	0.91
lone	0.59	0.84
4.99	0.59	1.07
chicago	0.59	1.06
bought	0.59	1.21
completed	0.59	1.02
fuckin	0.59	2.32
dog	0.59	1.23
avx	0.59	0.99
stray	0.59	0.77
remender	0.59	1.17
50	0.59	1.13
born	0.59	0.91
responses	0.59	1.77
raised	0.59	1.02
lois	0.60	0.87
phrase	0.60	1.89
colorist	0.60	1.05
garth	0.60	0.71
cat	0.60	1.27
vs	0.60	0.84
customers	0.60	1.24
nation	0.60	0.93
host	0.60	0.92
eye	0.60	0.86
prequel	0.60	1.00
charlie	0.60	0.84
conventions	0.60	1.22
la	0.60	1.09
enjoy	0.60	2.22
entire	0.60	1.09
abnett	0.61	0.89
bryan	0.61	0.85
signing	0.61	1.15
steve	0.61	0.90
priest	0.61	1.01
by	0.61	0.81
saved	0.61	1.02
cons	0.61	1.17
zero	0.61	0.97
ended	0.61	1.84
species	0.61	1.02
month	0.62	1.22
75	0.62	1.15
2012	0.62	1.14
bprd	0.62	1.03
barnes	0.62	0.97
arrow	0.62	0.82
gems	0.62	0.98
both	0.62	1.26
picture	0.62	1.37
t	0.62	1.19
number	0.62	1.21
sentry	0.62	0.93
dave	0.62	0.84
grant	0.62	0.79
several	0.62	1.29
ga	0.62	0.83
family	0.62	1.06
wwii	0.62	0.99
kiss	0.62	1.02
magazine	0.63	0.97
aka	0.63	0.97
presents	0.63	1.05
watcher	0.63	1.18
evil	0.63	0.89
old	0.63	1.07
distinct	0.63	1.29
debut	0.63	0.89
wonder	0.63	0.79
unchained	0.63	0.84
comics	0.63	2.18
jim	0.63	1.10
program	0.63	0.95
cosmo	0.64	0.91
butcher	0.64	0.72
wars	0.64	0.89
lane	0.64	0.87
gaiman	0.64	0.79
atlantis	0.64	0.94
honest	0.64	2.30
rogers	0.65	0.94
nycc	0.65	1.12
framed	0.65	1.13
board	0.65	1.03
alternative	0.65	1.09
x-books	0.65	1.15
fond	0.65	2.31
b	0.65	1.32
john	0.65	0.88
cinematic	0.65	0.96
ladies	0.65	1.02
continues	0.65	1.18
outcast	0.65	0.86
replacing	0.65	1.06
incursion	0.65	1.25
realise	0.65	2.16
morrison	0.65	0.80
lego	0.66	0.94
cap	0.66	0.93
includes	0.66	0.99
alive	0.66	1.42
45	0.66	1.05
chase	0.66	0.94
machine	0.66	1.07
stan	0.66	0.93
velvet	0.66	0.79
panels	0.66	0.98
geoff	0.66	0.80
queens	0.66	0.78
southern	0.66	0.85
manara	0.66	1.04
question	0.66	2.08
homage	0.66	0.95
bastards	0.67	0.85
astro	0.67	0.80
retailers	0.67	1.05
book	0.67	2.08
memory	0.67	1.09
teamed	0.67	0.93
glorious	0.67	1.03
1000	0.67	1.04
c	0.67	1.44
credits	0.67	0.92
west	0.67	0.80
con	0.67	1.20
one-shots	0.67	1.07
intriguing	0.67	1.53
christopher	0.67	0.94
link	0.67	1.51
convention	0.67	1.22
invincible	0.67	0.85
lcs	0.68	1.27
consistent	0.68	1.28
dream	0.68	1.14
photo	0.68	1.09
millar	0.68	0.97
relaunched	0.68	1.00
jimmy	0.68	0.95
wood	0.68	0.82
simonson	0.68	0.89
iii	0.68	0.86
team	0.68	0.93
assumed	0.68	1.95
wilson	0.68	0.94
prophet	0.68	0.82
punk	0.68	1.01
lucifer	0.68	0.78
limited	0.68	1.04
golden	0.69	1.01
walking	0.69	0.81
romita	0.69	0.83
perez	0.69	0.83
during	0.69	1.03
collects	0.69	1.00
well-written	0.69	1.36
saga	0.69	0.77
tales	0.69	0.96
fatale	0.69	0.79
page	0.69	1.01
ordered	0.69	1.02
thomas	0.69	0.83
bedlam	0.69	0.78
afterlife	0.69	0.73
hydra	0.69	0.93
meant	0.69	3.17
wolf	0.69	0.82
future	0.70	1.24
jeff	0.70	0.90
wicked	0.70	0.86
award	0.70	1.84
destiny	0.70	0.80
40	0.70	1.06
important	0.70	1.48
finale	0.70	1.02
plastic	0.70	0.98
clint	0.70	0.92
planetary	0.70	0.81
sixth	0.70	0.90
locke	0.70	0.82
store	0.70	1.31
seven	0.70	0.96
rick	0.70	1.05
finest	0.70	0.87
rat	0.70	0.79
final	0.70	0.98
irredeemable	0.71	0.88
convenient	0.71	1.33
aou	0.71	1.21
quote	0.71	1.97
earths	0.71	1.07
iconic	0.71	1.35
bucky	0.71	1.00
chris	0.71	0.84
realized	0.71	1.73
revival	0.72	0.78
yo	0.72	1.68
concept	0.72	1.65
shops	0.72	1.22
issues	0.72	1.22
runaways	0.72	0.89
kick-ass	0.72	0.89
empire	0.72	0.91
morning	0.72	0.94
pages	0.72	1.08
atom	0.72	0.88
midtown	0.72	1.05
each	0.72	1.16
michael	0.72	0.85
itself	0.72	1.06
mignola	0.72	0.97
band	0.72	1.15
year	0.72	1.22
xavier	0.72	0.91
at	0.73	2.23
sony	0.73	0.96
divine	0.73	0.87
shop	0.73	1.34
parallel	0.73	1.14
local	0.73	1.34
forgetting	0.73	2.39
murdock	0.73	0.91
feature	0.73	0.86
eh	0.73	2.08
era	0.73	1.02
fox	0.73	1.02
firestorm	0.73	0.99
lemire	0.73	0.89
age	0.73	0.99
okay	0.74	2.94
chapters	0.74	1.05
key	0.74	0.80
endgame	0.74	0.76
twenty	0.74	1.14
guardian	0.74	0.93
nemesis	0.74	1.19
chew	0.74	0.75
deadly	0.74	0.80
surprise	0.74	1.88
two	0.75	1.13
bright	0.75	1.16
phone	0.75	1.47
blank	0.75	1.02
brubaker	0.75	0.88
mile	0.75	1.05
deadpool	0.75	1.05
andy	0.75	0.84
joins	0.75	0.97
such	0.75	1.34
criminals	0.75	0.80
spy	0.75	0.91
house	0.75	0.93
owner	0.75	1.30
tale	0.75	1.06
forever	0.76	0.92
earth	0.76	1.06
par	0.76	1.67
employees	0.76	1.26
battle	0.76	0.89
ada	0.76	0.74
realm	0.76	0.96
lazarus	0.76	0.81
utopia	0.76	0.93
recommendation	0.76	1.59
nonetheless	0.77	1.57
bkv	0.77	0.82
disassembled	0.77	0.99
kurt	0.77	0.82
album	0.77	1.26
trillium	0.77	1.02
crusade	0.77	1.05
metal	0.77	0.95
throughout	0.78	1.04
alpha	0.78	0.95
trinity	0.78	0.91
ed	0.78	0.83
jones	0.78	0.90
spoiler	0.78	1.48
memorable	0.78	2.11
authority	0.78	0.90
generation	0.78	0.96
sooo	0.78	1.76
months	0.78	1.18
worlds	0.78	1.07
lord	0.79	0.98
adam	0.79	0.99
resurrected	0.79	1.10
2014	0.79	1.17
150	0.79	1.18
pattern	0.79	1.01
mcu	0.79	0.98
diggle	0.79	0.75
stood	0.79	1.57
scott	0.79	0.84
starlight	0.79	0.82
meeting	0.79	1.07
badass	0.79	2.16
pumped	0.79	2.61
dna	0.80	0.96
coffin	0.80	0.82
deconnick	0.80	0.93
reality	0.81	1.17
recommendations	0.81	1.49
ins	0.81	1.03
u	0.81	1.24
arc	0.81	1.08
ted	0.81	0.93
grimm	0.81	1.26
celestial	0.81	1.09
starring	0.81	0.93
aftermath	0.81	0.97
insight	0.81	1.76
east	0.81	0.80
designs	0.82	1.27
crossover	0.82	0.91
one-shot	0.82	0.96
end	0.82	0.99
throne	0.82	0.92
kree	0.82	1.13
beautifully	0.82	1.31
ryan	0.82	0.86
alexander	0.82	0.94
immonen	0.82	0.80
hyperion	0.83	1.01
marvel	0.83	1.12
netflix	0.83	0.91
king	0.83	0.92
wallpaper	0.83	1.25
exception	0.83	1.96
nine	0.83	1.10
glories	0.83	0.79
bite	0.83	1.39
beetle	0.83	0.91
word	0.83	2.39
manifest	0.84	0.83
last	0.84	1.11
azzarello	0.84	0.79
holy	0.84	2.24
jonah	0.84	0.94
minis	0.84	1.07
doomed	0.84	0.89
futures	0.84	0.89
ales	0.84	1.02
kot	0.85	1.03
consistently	0.85	1.73
backup	0.85	1.14
shutter	0.85	0.86
queen	0.85	1.02
oliver	0.85	0.86
volume	0.85	1.21
couple	0.85	1.11
ten	0.86	1.09
third	0.86	1.03
friends	0.86	1.21
punisher	0.86	0.81
2nd	0.86	0.98
invisibles	0.86	0.83
clicked	0.86	1.68
thompson	0.86	1.00
cancerverse	0.86	1.15
spectre	0.86	0.98
quicksilver	0.86	0.95
son	0.86	1.01
few	0.87	1.19
brain	0.87	1.08
underwater	0.87	1.07
jealous	0.87	2.51
sif	0.87	0.88
storyline	0.87	0.89
dmz	0.87	0.84
panel	0.87	0.97
george	0.87	0.83
mini-series	0.87	1.01
38	0.88	0.96
yay	0.88	1.11
eight	0.88	1.10
37	0.88	0.88
knight	0.88	0.77
ama	0.88	1.60
death	0.88	1.13
falcon	0.88	0.94
o	0.88	1.38
cartoon	0.88	0.89
checked	0.89	1.40
solo	0.89	2.19
sam	0.89	1.03
hulk	0.89	0.88
signed	0.89	0.90
twd	0.89	0.77
bolt	0.89	1.00
wolvie	0.89	0.93
dating	0.89	1.09
ditko	0.89	0.84
brandon	0.89	0.87
2-3	0.90	1.08
banner	0.90	1.08
friend	0.90	1.40
exciting	0.90	1.42
paul	0.90	0.89
questions	0.90	1.76
carey	0.90	0.81
3rd	0.91	0.96
colorful	0.91	1.21
milligan	0.91	0.77
civil	0.91	0.98
34	0.91	0.90
patrol	0.91	0.90
cute	0.91	1.95
damned	0.91	1.37
living	0.91	0.94
gf	0.91	1.29
accidentally	0.91	1.31
mgmt	0.91	0.85
tie	0.92	1.03
universes	0.92	1.15
another	0.92	1.88
her	0.92	1.11
smartest	0.92	1.95
followed	0.92	0.93
35	0.92	0.88
design	0.92	1.27
annuals	0.92	1.06
lumberjanes	0.92	0.88
cousin	0.92	1.84
brave	0.92	0.87
swing	0.93	1.31
victor	0.93	1.32
acceptable	0.93	2.02
layout	0.93	1.09
bobby	0.93	0.94
hah	0.93	1.72
guest	0.94	0.96
agents	0.94	0.92
illustrated	0.94	1.03
eric	0.94	0.91
regular	0.94	1.06
fellow	0.94	1.31
twelve	0.94	1.03
war	0.94	0.96
six	0.94	1.04
ellis	0.95	1.00
alternate	0.95	1.12
lang	0.95	0.93
detective	0.95	0.83
greg	0.95	0.94
america	0.95	0.97
birth	0.95	1.14
dig	0.95	2.08
universe	0.95	1.16
obsessed	0.96	1.76
shield	0.96	0.98
hill	0.96	0.92
vision	0.96	0.95
dofp	0.96	0.86
sequence	0.96	0.88
matt	0.96	0.83
wake	0.96	0.91
siege	0.96	0.98
angela	0.96	0.88
opening	0.96	1.66
comment	0.96	2.00
imperative	0.97	0.99
alot	0.97	1.66
jackson	0.97	1.03
siblings	0.97	1.20
compelling	0.97	1.26
figured	0.98	2.24
tony	0.98	1.12
31	0.98	0.92
prints	0.98	0.98
brothers	0.98	0.99
sounds	0.98	2.17
suggestion	0.98	1.80
gotg	0.98	1.02
magic	0.99	1.22
warren	0.99	0.97
logan	0.99	0.95
new	0.99	1.13
mind	0.99	1.12
child	0.99	1.13
continuation	0.99	1.05
drawings	0.99	1.23
truly	1.00	1.11
parents	1.00	1.22
sketches	1.00	1.00
engaging	1.00	1.23
savage	1.00	0.92
eternal	1.00	0.93
legacy	1.00	0.94
universal	1.00	0.88
lady	1.00	0.97
animated	1.01	0.88
re-reading	1.01	1.77
fables	1.01	0.83
bridge	1.01	1.26
technically	1.01	2.38
witch	1.01	1.05
initiative	1.01	0.99
pic	1.01	1.30
grey	1.01	0.96
conquest	1.01	1.03
projects	1.01	0.92
gamora	1.01	1.00
graham	1.02	0.90
30	1.02	1.01
quill	1.02	1.06
exclusive	1.02	0.94
showcase	1.02	0.95
skull	1.02	1.02
reign	1.02	0.98
overture	1.02	0.80
mutants	1.02	1.02
tas	1.02	0.83
season	1.02	0.92
sigh	1.03	1.49
artist	1.03	1.12
kate	1.03	1.01
ultron	1.03	1.02
haul	1.03	1.29
jupiter	1.03	0.85
using	1.03	2.23
mini	1.03	0.87
deleted	1.04	1.62
3000	1.04	0.94
33	1.04	0.93
aw	1.04	1.90
starlord	1.04	1.02
incursions	1.04	1.44
stands	1.04	1.81
appearance	1.04	1.00
finch	1.04	1.07
genesis	1.04	0.95
summers	1.05	1.04
500	1.05	1.17
current	1.06	1.93
illuminati	1.06	1.33
aaron	1.06	0.94
legion	1.06	1.05
celestials	1.06	1.27
woah	1.06	1.90
rocket	1.06	0.96
fantomex	1.06	0.96
300	1.06	1.25
saves	1.06	1.78
professor	1.07	1.12
picked	1.07	1.82
miracle	1.07	1.14
carter	1.07	0.96
correctly	1.07	2.21
fan	1.07	2.32
williams	1.07	0.83
terrifying	1.07	1.63
kings	1.08	1.03
twins	1.08	1.08
included	1.08	1.16
jean	1.08	0.96
three	1.08	1.15
answering	1.09	1.88
stark	1.09	1.14
swan	1.09	1.39
drax	1.09	1.03
answer	1.09	1.97
daughter	1.09	1.26
finished	1.09	1.90
mystique	1.10	1.00
gillen	1.10	1.01
gift	1.10	1.06
aww	1.11	1.79
j	1.11	0.88
suggestions	1.11	1.72
rereading	1.11	1.75
incredible	1.11	1.75
thunder	1.11	0.90
joss	1.11	0.87
claremont	1.11	0.94
tips	1.12	1.74
drew	1.12	0.97
thats	1.12	2.13
sins	1.13	1.34
words	1.13	2.22
invasion	1.13	1.03
ant	1.14	1.08
christmas	1.14	1.12
danny	1.14	0.90
showed	1.14	1.61
namor	1.14	1.37
lucky	1.14	2.42
200	1.14	1.25
satellite	1.14	0.91
father	1.15	1.29
ronan	1.15	1.11
star-lord	1.15	0.97
static	1.15	0.97
quire	1.15	0.94
xd	1.15	1.65
fate	1.16	1.24
gauntlet	1.16	1.11
hoped	1.16	1.88
baby	1.16	1.09
kieron	1.16	0.97
hmm	1.16	1.90
whedon	1.17	0.95
blade	1.17	0.84
bold	1.17	0.82
multiversity	1.17	0.90
quentin	1.17	0.94
hello	1.17	1.27
hmmm	1.17	2.02
poster	1.17	0.98
fixed	1.17	2.18
response	1.18	1.97
body	1.18	1.18
ant-man	1.18	1.09
sarcasm	1.18	2.14
answers	1.19	1.75
l	1.19	1.00
died	1.19	1.28
warlock	1.19	1.12
miniseries	1.19	1.00
husband	1.19	1.30
mike	1.19	0.97
manhattan	1.19	1.04
ya	1.19	2.14
elseworlds	1.19	1.91
pym	1.19	1.17
totally	1.19	1.95
some	1.19	1.91
fury	1.19	1.02
event	1.20	1.05
visually	1.20	1.07
tie-ins	1.20	1.05
whoa	1.20	1.81
starlin	1.21	1.08
brotherhood	1.21	1.04
unique	1.21	1.17
assemble	1.21	1.15
captain	1.21	0.99
guardians	1.21	1.04
mj	1.21	1.43
buddy	1.21	1.67
hank	1.22	1.16
highlight	1.22	1.39
dad	1.23	1.25
1st	1.23	0.92
omega	1.23	0.82
coloring	1.23	1.13
op	1.24	1.97
closest	1.24	1.78
work	1.24	2.00
gladiator	1.24	1.17
infinity	1.24	1.08
apart	1.24	1.81
angel	1.24	0.98
adopted	1.24	1.26
daredevil	1.25	0.84
spelling	1.25	2.48
coulson	1.25	0.99
uh	1.25	2.00
apocalypse	1.25	1.02
loki	1.25	0.94
amazingly	1.26	1.29
cosmic	1.26	1.19
rise	1.26	1.14
perfect	1.26	1.78
danvers	1.26	1.01
29	1.26	1.01
small	1.27	1.71
info	1.27	1.77
lt	1.27	1.82
companion	1.27	0.86
annihilation	1.27	1.11
tie-in	1.28	1.07
messiah	1.28	0.92
39	1.28	1.03
feedback	1.28	1.72
schism	1.28	0.93
nova	1.29	1.10
five	1.29	1.07
blew	1.29	1.57
colors	1.30	1.07
pencils	1.30	1.11
quitely	1.30	1.00
sequences	1.30	0.94
sketch	1.30	0.93
mother	1.30	1.27
emma	1.30	1.00
carol	1.30	1.00
avenger	1.30	1.00
thanos	1.30	1.19
secret	1.31	1.15
frost	1.31	1.00
legendary	1.31	0.96
20	1.32	1.06
great	1.32	1.71
vol	1.32	0.90
huh	1.32	2.13
missed	1.32	2.23
asgard	1.32	1.03
stephen	1.32	1.26
dd	1.32	0.88
agent	1.33	1.03
suppose	1.33	2.36
x-23	1.34	1.01
bullseye	1.34	1.12
kitty	1.34	1.00
wolverine	1.34	1.05
switched	1.35	1.24
yost	1.35	1.16
1-2	1.35	1.02
immortal	1.37	0.87
p	1.37	2.14
weapon	1.37	0.98
married	1.37	1.17
black	1.37	1.11
psylocke	1.38	1.01
havok	1.38	1.01
cataclysm	1.38	1.24
clean	1.38	1.61
magik	1.38	1.01
stellar	1.38	1.19
beast	1.38	1.02
bishop	1.38	0.96
fraction	1.39	1.08
beginning	1.39	1.46
hey	1.39	1.95
hi	1.39	1.21
jubilee	1.40	1.01
advice	1.40	1.76
scene	1.40	1.48
nick	1.40	1.08
entirety	1.40	0.95
jamie	1.40	0.79
iron	1.41	0.97
apologize	1.41	2.06
clarify	1.41	2.28
32	1.42	1.10
dude	1.42	2.17
whole	1.43	1.23
27	1.43	1.07
raccoon	1.43	1.05
cliff	1.43	0.84
luck	1.43	1.87
rogue	1.43	1.02
astonishing	1.43	0.97
iceman	1.44	1.01
reply	1.44	2.00
capullo	1.44	1.08
28	1.45	1.07
cake	1.45	1.58
detailed	1.45	1.26
colossus	1.46	1.03
t'challa	1.46	1.29
looks	1.46	2.02
wife	1.46	1.84
1	1.47	1.09
terrific	1.47	1.45
dang	1.48	2.00
yeah	1.48	2.33
miracleman	1.48	1.00
campbell	1.48	0.84
cyclops	1.49	1.05
sister	1.49	1.30
alex	1.49	0.84
bro	1.49	1.83
2	1.49	1.15
valuable	1.49	1.73
loving	1.49	1.40
pryde	1.49	1.01
sabretooth	1.49	1.14
simple	1.49	1.60
david	1.50	1.05
sentence	1.50	2.16
fist	1.50	0.93
26	1.50	1.08
skrull	1.50	1.26
island	1.51	1.19
3	1.52	1.16
whoops	1.52	2.15
6	1.52	1.08
dazzler	1.52	0.99
tip	1.52	1.70
gotcha	1.52	2.15
special	1.52	0.78
jane	1.52	1.16
mom	1.53	1.80
yea	1.53	2.08
memories	1.53	1.13
panther	1.54	1.19
appreciated	1.54	1.68
galaxy	1.54	1.09
alright	1.55	2.10
ha	1.55	2.14
luke	1.55	0.91
splash	1.55	0.91
yes	1.56	2.15
chiang	1.56	0.96
appreciate	1.56	1.79
deathlok	1.56	1.03
input	1.56	1.61
spencer	1.56	1.09
ah	1.56	2.15
richard	1.57	1.08
girlfriend	1.57	1.77
cage	1.58	0.91
haha	1.58	2.10
10	1.58	1.06
helping	1.58	1.84
forgot	1.59	2.14
display	1.59	1.64
kang	1.59	1.38
clones	1.59	1.44
dope	1.59	1.99
harry	1.60	1.24
hawkguy	1.60	0.89
mate	1.60	1.97
maria	1.60	1.12
cheers	1.60	1.91
worries	1.60	1.99
hahaha	1.60	2.06
alley	1.60	1.76
inspiration	1.60	1.66
patriot	1.61	1.03
brother	1.61	1.75
murphy	1.61	1.05
24	1.62	1.10
identical	1.62	1.51
widow	1.62	1.08
heh	1.62	2.03
x	1.63	1.12
gambit	1.63	1.08
pregnant	1.63	1.14
cable	1.64	1.09
apologies	1.64	2.09
kamala	1.64	1.17
aoa	1.64	1.10
15	1.65	1.10
thanks	1.65	2.01
22	1.65	1.10
martin	1.65	0.79
sin	1.65	1.16
juggernaut	1.65	1.09
uncle	1.65	1.24
first	1.65	1.62
x-man	1.65	1.12
ahh	1.66	2.08
inhumans	1.66	1.31
variants	1.66	1.05
2013	1.66	1.26
s.h.i.e.l.d	1.66	1.29
1-3	1.66	0.92
sean	1.66	1.01
ribic	1.66	0.87
damn	1.67	1.95
4	1.67	1.15
1-4	1.67	1.13
style	1.67	1.65
5	1.67	1.15
kingpin	1.68	1.24
helps	1.68	1.94
annual	1.68	1.16
mistake	1.68	2.34
hail	1.70	1.37
25	1.70	1.14
aja	1.71	0.99
14	1.71	1.13
mary	1.71	1.22
13	1.71	1.14
anniversary	1.72	0.90
doop	1.72	1.12
aunt	1.73	1.32
especially	1.73	1.29
21	1.74	1.14
layouts	1.74	1.04
lol	1.74	2.15
she-hulk	1.74	1.07
cooke	1.75	0.85
23	1.76	1.15
sorrentino	1.76	1.02
nightcrawler	1.76	1.13
oh	1.77	2.06
x-force	1.77	1.13
hawkeye	1.78	0.93
visuals	1.78	0.99
um	1.78	1.74
username	1.78	1.77
magneto	1.78	1.18
staples	1.79	0.91
dug	1.79	1.61
edited	1.80	2.20
dagger	1.80	0.96
good	1.80	1.78
17	1.81	1.17
torch	1.81	1.74
second	1.81	1.49
slott	1.81	1.83
indestructible	1.82	1.06
epic	1.82	1.38
typo	1.82	2.28
neat	1.82	1.84
wow	1.83	2.05
ok	1.83	2.16
fiona	1.83	0.88
francis	1.83	0.98
thunderbolts	1.83	1.18
storm	1.83	1.32
colours	1.84	0.99
18	1.84	1.17
exiles	1.84	1.25
btw	1.84	1.61
friendly	1.84	1.71
phenomenal	1.85	1.56
symbiote	1.85	1.24
essential	1.86	1.72
norman	1.86	1.34
phil	1.86	0.97
indeed	1.86	1.93
addition	1.87	1.51
nah	1.87	1.80
mister	1.87	1.58
fancy	1.88	1.64
yep	1.88	2.08
samnee	1.88	1.02
ross	1.88	0.88
hunt	1.89	1.44
8	1.89	1.21
elektra	1.89	1.15
x-statix	1.89	0.85
12	1.89	1.19
quietly	1.91	0.87
jae	1.92	1.05
moon	1.92	0.94
oops	1.92	2.20
manapul	1.94	1.00
7	1.94	1.25
rad	1.94	1.89
interesting	1.95	1.75
thick	1.95	1.59
cloak	1.95	1.07
birthday	1.96	1.55
osborn	1.96	1.35
electro	1.97	1.39
jock	1.97	0.90
solid	1.98	1.38
covers	1.98	0.92
jessica	1.98	1.01
19	1.99	1.17
9	1.99	1.26
byrne	1.99	1.55
uncanny	2.00	1.20
11	2.01	1.26
sorry	2.01	2.17
refreshing	2.01	1.74
1-6	2.01	1.17
spider-gwen	2.02	1.41
organized	2.02	1.62
sir	2.02	1.99
ghost	2.02	1.17
dying	2.03	1.54
mr	2.04	1.53
16	2.04	1.19
invaders	2.04	1.19
sharing	2.05	1.72
alias	2.06	1.31
edit	2.06	2.15
original	2.07	1.23
strange	2.07	1.62
ms	2.07	1.23
plus	2.08	1.48
xmen	2.08	1.18
foundation	2.08	1.68
carnage	2.09	1.51
avengers/new	2.10	1.57
francavilla	2.10	0.92
inhuman	2.10	1.19
invisible	2.11	1.56
sinister	2.11	1.34
welcome	2.12	1.50
thank	2.12	1.95
skrulls	2.13	1.67
defenders	2.14	1.41
superb	2.14	1.07
rider	2.15	1.23
johnny	2.15	1.62
undercover	2.16	1.24
flair	2.17	1.53
reed	2.17	1.64
cool	2.17	1.86
rhino	2.18	1.51
mighty	2.18	1.20
franklin	2.19	1.67
jonathan	2.20	1.62
issue	2.21	1.40
richards	2.21	1.63
scarlet	2.22	1.41
axis	2.22	1.33
bonus	2.22	1.52
allred	2.23	1.36
doctor	2.23	1.60
ooh	2.23	1.61
stacy	2.23	1.41
reminds	2.24	1.41
dr	2.26	1.59
spider-woman	2.26	1.34
skottie	2.26	0.80
ultimates	2.30	1.68
hickman	2.30	1.60
outstanding	2.30	1.05
sweet	2.31	1.58
shalvey	2.33	0.77
ben	2.33	1.32
interior	2.34	1.22
galactus	2.35	1.63
sue	2.35	1.55
kraven	2.36	1.48
616	2.37	1.38
wonderful	2.39	1.26
doom	2.40	1.60
impressive	2.41	1.31
otto	2.41	1.48
gwen	2.43	1.43
silver	2.46	1.43
peter	2.46	1.48
artwork	2.46	1.21
goblin	2.47	1.49
web	2.49	1.37
surfer	2.51	1.57
ock	2.51	1.49
clone	2.52	1.38
silk	2.54	1.34
venom	2.54	1.47
congrats	2.54	1.70
doc	2.57	1.44
f4	2.58	1.59
morlun	2.59	1.45
noto	2.59	1.23
art	2.60	1.17
reilly	2.62	1.42
lovely	2.63	1.07
verse	2.66	1.43
variant	2.68	1.21
ff	2.68	1.57
spider-girl	2.69	1.29
pete	2.69	1.45
warriors	2.70	1.49
spock	2.71	1.49
usm	2.72	1.28
helpful	2.73	1.64
four	2.73	1.46
parker	2.73	1.44
avengers	2.76	1.46
kaine	2.76	1.45
spiders	2.79	1.45
hobgoblin	2.81	1.53
beautiful	2.83	1.11
spider-men	2.84	1.43
x-factor	2.86	1.46
spider	2.86	1.44
x-men	2.88	1.40
700	2.88	1.48
1-5	2.93	1.49
ssm	2.93	1.50
cover	2.96	0.89
ultimate	2.97	1.60
all-new	2.99	1.44
gorgeous	3.00	0.99
spider-verse	3.01	1.46
asm	3.02	1.47
spidey	3.06	1.45
miles	3.08	1.43
foes	3.08	1.42
morales	3.08	1.43
team-up	3.10	1.44
edge	3.12	1.41
superior	3.14	1.43
absolutely	3.15	0.69
2099	3.16	1.41
spider-man	3.21	1.36
spiderman	3.23	1.34
spectacular	3.30	1.13
stunning	3.36	0.62
