nickleback	-5.93	1.08
dislike	-5.87	0.83
creed	-5.75	1.07
nickelback	-5.54	1.07
hating	-5.48	1.26
u2	-5.45	1.14
avril	-5.08	1.59
sucks	-4.96	0.89
suck	-4.77	1.15
ruined	-4.50	1.01
haters	-4.44	1.48
liking	-4.41	1.58
complain	-4.33	1.98
bieber	-4.15	1.74
dae	-4.05	1.52
plain	-4.03	2.07
hatred	-3.97	1.56
painful	-3.94	1.84
circlejerk	-3.92	2.04
annoying	-3.92	2.09
shitty	-3.91	1.98
sounded	-3.90	1.88
cared	-3.85	1.94
mess	-3.80	1.83
sloppy	-3.75	2.10
sucked	-3.72	1.55
miserable	-3.70	1.93
weezer	-3.63	1.99
defending	-3.61	2.10
associate	-3.58	2.10
stupid	-3.57	1.92
unlike	-3.53	1.49
anal	-3.51	1.76
anti	-3.50	1.85
mumford	-3.43	1.84
staind	-3.42	0.89
stapp	-3.39	0.80
poor	-3.38	2.07
tl	-3.31	1.50
dirt	-3.30	2.49
beastie	-3.26	2.62
lame	-3.26	2.19
weak	-3.26	2.15
boring	-3.25	2.37
president	-3.23	2.25
crap	-3.23	2.30
flat	-3.23	2.36
bizkit	-3.21	0.83
til	-3.21	1.44
ill	-3.20	2.89
hollywood	-3.18	1.80
limp	-3.16	0.91
corny	-3.12	2.34
boys	-3.11	2.44
rumors	-3.08	2.39
disappointing	-3.08	1.84
bout	-3.05	2.32
belong	-3.04	1.87
lazy	-3.04	2.12
worse	-3.04	2.69
garbage	-3.04	2.37
linkin	-3.00	0.89
bland	-2.99	2.23
freak	-2.99	2.45
dull	-2.96	1.89
thom	-2.93	2.15
pinkerton	-2.92	2.10
beiber	-2.92	1.09
embarrassing	-2.92	1.73
sigh	-2.92	1.90
disturbed	-2.91	0.85
steel	-2.90	2.72
yorke	-2.87	2.18
dirty	-2.87	2.10
sounds	-2.86	2.15
shocked	-2.82	2.15
talks	-2.80	2.67
cock	-2.80	0.94
disgusting	-2.77	1.99
referred	-2.76	2.10
spit	-2.76	2.70
unfair	-2.73	1.82
ruin	-2.71	1.37
dicks	-2.71	1.13
crappy	-2.70	2.32
generic	-2.70	1.96
balls	-2.70	1.01
cheesy	-2.69	1.98
stays	-2.68	2.22
ugh	-2.67	1.71
fruit	-2.63	2.62
sings	-2.62	2.38
derivative	-2.61	1.92
disagree	-2.60	3.53
fucked	-2.59	1.81
joel	-2.58	2.30
complaining	-2.56	2.04
produces	-2.55	2.69
upset	-2.55	2.47
believed	-2.53	2.18
coldplay	-2.53	1.00
dick	-2.51	1.15
speaks	-2.50	2.60
bono	-2.48	0.91
gross	-2.46	2.23
whiny	-2.46	1.46
benjamin	-2.44	0.93
bad	-2.43	3.00
remembered	-2.42	2.17
blame	-2.41	2.06
uses	-2.41	2.30
bullshit	-2.41	1.79
liked	-2.41	2.63
forced	-2.40	1.69
cliche	-2.39	1.82
tricks	-2.39	2.80
obnoxious	-2.37	1.41
ignore	-2.36	2.53
retarded	-2.36	2.20
guilty	-2.35	3.27
motherfucker	-2.35	2.10
wan	-2.33	1.94
itt	-2.33	1.24
shallow	-2.33	1.76
ashamed	-2.30	2.68
calling	-2.29	1.16
cares	-2.29	2.76
meaningless	-2.28	1.84
jerk	-2.28	1.08
dont	-2.28	4.08
kiss	-2.27	0.90
shut	-2.26	1.28
repetitive	-2.25	1.88
fault	-2.25	1.84
justin	-2.25	1.18
writes	-2.25	2.65
pretentious	-2.23	1.39
nonsense	-2.23	1.72
harsh	-2.22	1.46
typical	-2.20	1.47
normally	-2.20	2.42
why	-2.18	4.24
exposed	-2.17	2.26
disappointed	-2.17	2.21
korn	-2.16	0.84
poppy	-2.13	1.88
mean	-2.13	4.23
selfish	-2.12	1.19
wants	-2.12	3.49
layne	-2.12	2.50
unfortunate	-2.11	2.29
punch	-2.10	0.87
compared	-2.10	1.82
enjoys	-2.09	3.53
bitching	-2.09	1.75
r/lewronggeneration	-2.09	1.37
either	-2.07	4.22
cheap	-2.07	1.21
spears	-2.06	1.12
except	-2.06	1.72
saying	-2.06	4.16
ironic	-2.06	2.12
rules	-2.06	1.26
sure	-2.06	4.24
bother	-2.04	3.20
everybody	-2.03	3.34
hipsters	-2.03	1.22
bitch	-2.02	1.51
insulting	-2.01	1.57
does	-2.01	3.27
re	-2.00	4.34
bs	-1.98	1.63
overly	-1.98	1.69
offensive	-1.98	1.49
knows	-1.98	3.37
what	-1.97	4.25
nothing	-1.96	3.90
thinks	-1.96	3.35
fighters	-1.95	1.15
care	-1.94	3.26
cunt	-1.93	1.30
foo	-1.93	1.14
else	-1.92	2.95
monkeys	-1.92	3.05
arctic	-1.92	3.05
because	-1.92	4.14
realise	-1.91	3.80
likes	-1.91	3.47
caring	-1.91	1.51
barely	-1.91	2.36
bothered	-1.90	2.76
doesnt	-1.90	3.04
breaking	-1.90	0.97
corporate	-1.89	1.63
douche	-1.89	1.21
sons	-1.89	1.04
pop	-1.88	1.72
finds	-1.88	3.52
honestly	-1.88	3.40
acknowledge	-1.86	3.07
cringe	-1.86	1.58
immature	-1.85	1.27
racist	-1.85	1.78
ignorant	-1.84	1.44
exactly	-1.84	4.27
elitist	-1.84	1.22
says	-1.83	3.42
objectively	-1.83	3.68
comparison	-1.83	1.71
exist	-1.82	2.38
douchebag	-1.82	1.24
enjoy	-1.81	2.93
whatever	-1.81	3.33
butt	-1.80	1.05
anymore	-1.80	3.52
matters	-1.80	2.92
surprised	-1.80	2.75
prick	-1.79	1.23
thinking	-1.79	4.02
biased	-1.79	1.77
asshole	-1.78	1.14
arrogant	-1.78	1.23
fair	-1.78	3.69
rule	-1.77	1.34
formula	-1.77	1.65
pretend	-1.77	3.66
stick	-1.77	1.92
pathetic	-1.77	1.51
truth	-1.76	3.91
anything	-1.75	3.56
expected	-1.75	2.30
moron	-1.75	1.48
acting	-1.75	1.28
compare	-1.75	2.87
ruins	-1.75	1.74
pile	-1.75	1.62
about	-1.74	3.12
nightmare	-1.74	2.91
calls	-1.74	3.49
relate	-1.74	2.86
honest	-1.74	3.73
entitled	-1.74	1.26
rip	-1.73	2.48
anybody	-1.73	3.01
ass	-1.73	1.31
personally	-1.73	2.66
tragedy	-1.72	2.31
bag	-1.71	1.30
dare	-1.71	2.10
understand	-1.71	3.78
waste	-1.70	1.61
admit	-1.70	3.14
frankly	-1.70	1.74
talk	-1.70	3.12
something	-1.70	3.63
if	-1.69	3.76
britney	-1.69	1.19
sounding	-1.69	1.63
forget	-1.69	3.58
park	-1.69	0.96
even	-1.69	3.75
hipster	-1.69	1.40
identify	-1.68	2.91
how	-1.68	3.68
worry	-1.68	3.08
tragic	-1.68	2.71
wo	-1.68	3.53
say	-1.67	3.81
seemed	-1.67	1.68
ca	-1.67	3.59
handle	-1.67	3.00
did	-1.66	3.59
must	-1.66	3.84
morrissey	-1.66	1.02
rude	-1.66	1.24
didnt	-1.65	3.42
would	-1.65	3.66
fucks	-1.65	1.27
useless	-1.65	1.77
pretending	-1.64	2.53
utter	-1.64	1.50
call	-1.64	3.05
niggas	-1.64	1.62
trust	-1.63	2.96
or	-1.63	3.49
know	-1.63	3.70
desperate	-1.63	2.67
trash	-1.62	1.55
ugly	-1.62	2.77
bit	-1.62	1.81
should	-1.62	3.66
argue	-1.61	3.64
wouldnt	-1.61	3.43
tell	-1.61	3.59
realize	-1.61	3.65
expect	-1.61	3.65
gon	-1.61	3.22
matter	-1.60	3.68
reputation	-1.60	1.15
nobody	-1.60	2.80
wont	-1.59	3.28
anyone	-1.59	3.21
bored	-1.59	1.38
claiming	-1.59	1.92
believe	-1.58	3.70
actually	-1.58	3.38
rid	-1.57	2.04
cant	-1.57	3.31
figure	-1.57	3.66
pointless	-1.57	1.70
could	-1.57	3.55
sevenfold	-1.57	0.98
isnt	-1.56	2.05
agree	-1.56	4.20
choose	-1.56	3.51
happen	-1.56	3.51
discuss	-1.55	2.89
whore	-1.55	1.37
explain	-1.54	3.52
need	-1.54	3.46
defend	-1.53	2.62
chevelle	-1.53	0.92
slipknot	-1.53	0.89
deny	-1.53	3.28
embarrassed	-1.53	1.63
wanting	-1.52	3.01
attended	-1.52	3.20
needs	-1.52	2.10
be	-1.52	3.67
asks	-1.52	3.40
butthurt	-1.51	1.43
enough	-1.51	3.53
awkward	-1.51	1.30
seems	-1.51	1.65
pussy	-1.50	1.37
afraid	-1.50	2.67
avenged	-1.50	1.00
guess	-1.50	4.26
strongly	-1.50	2.35
na	-1.50	2.72
anywhere	-1.50	3.43
surely	-1.50	2.80
bank	-1.49	1.11
want	-1.49	3.56
going	-1.49	3.60
willing	-1.48	3.02
can	-1.48	3.48
no	-1.48	3.70
loud	-1.48	1.33
make	-1.47	3.47
guarantee	-1.47	3.51
being	-1.47	1.40
insult	-1.47	1.65
assume	-1.47	3.81
clue	-1.47	3.66
find	-1.47	3.45
nowadays	-1.47	1.66
seem	-1.47	2.69
everyone	-1.46	2.75
rem	-1.46	1.06
aint	-1.46	1.87
jealous	-1.46	2.31
gaga	-1.46	1.30
felt	-1.46	1.53
convince	-1.45	3.31
refuse	-1.45	2.98
gene	-1.45	1.17
justify	-1.45	2.50
talking	-1.45	3.36
lets	-1.45	2.77
alter	-1.45	0.99
mediocre	-1.44	2.58
rihanna	-1.44	1.25
overplayed	-1.44	1.79
clearly	-1.44	4.09
humbug	-1.44	3.03
recognize	-1.44	3.37
polished	-1.44	1.51
assholes	-1.43	1.35
offended	-1.43	2.10
decide	-1.43	3.49
joshua	-1.42	1.12
trend	-1.42	1.42
joking	-1.42	3.79
knowing	-1.42	3.53
let	-1.42	3.25
where	-1.42	3.76
happens	-1.42	2.18
attitude	-1.42	1.19
bet	-1.41	3.63
feel	-1.41	2.87
nicki	-1.41	1.26
think	-1.41	3.87
preference	-1.40	2.32
total	-1.40	1.52
apple	-1.40	1.14
cyrus	-1.40	1.27
reason	-1.40	3.73
imagine	-1.40	3.28
cause	-1.40	2.78
decided	-1.39	2.79
see	-1.39	3.47
nigga	-1.39	1.88
dumb	-1.39	1.69
ai	-1.39	2.12
tells	-1.38	3.23
idea	-1.38	3.73
produced	-1.37	1.54
point	-1.37	4.28
terribly	-1.37	1.75
id	-1.37	3.21
unnecessary	-1.37	1.72
fake	-1.36	1.31
try	-1.36	3.39
everything	-1.36	3.27
now	-1.35	3.67
sound	-1.35	1.57
vague	-1.35	1.88
believing	-1.35	2.67
fucker	-1.35	1.28
madonna	-1.34	1.07
ll	-1.34	3.42
scared	-1.34	1.91
fine	-1.34	4.03
complete	-1.34	1.59
stop	-1.33	2.76
avoid	-1.33	2.92
perry	-1.32	1.27
d	-1.32	3.51
kelly	-1.32	1.25
write	-1.32	2.62
go	-1.32	3.46
prove	-1.32	3.27
stand	-1.32	3.38
listen	-1.31	3.40
strokes	-1.31	1.69
dangerous	-1.31	1.19
halen	-1.31	1.03
worried	-1.31	2.15
concerts	-1.31	3.10
regular	-1.31	1.57
leon	-1.31	1.49
clean	-1.31	1.31
naive	-1.30	1.70
usual	-1.30	1.37
kinda	-1.30	2.06
hybrid	-1.30	1.02
surfers	-1.30	1.20
breakup	-1.30	2.79
mistaken	-1.30	2.49
may	-1.30	3.45
get	-1.29	3.36
hear	-1.29	3.38
tired	-1.29	1.49
kicked	-1.29	1.12
supposed	-1.29	3.43
knock	-1.29	2.55
intentionally	-1.29	1.95
minaj	-1.29	1.27
idiot	-1.29	1.43
help	-1.29	3.32
offspring	-1.29	1.32
muddy	-1.29	1.28
forgetting	-1.29	1.98
accept	-1.28	3.12
timberlake	-1.28	1.14
doubt	-1.28	3.12
tuned	-1.28	1.50
noises	-1.28	1.31
obligatory	-1.27	1.48
allowed	-1.27	2.78
ta	-1.27	2.22
little	-1.27	1.54
trying	-1.27	3.12
will	-1.27	3.43
x	-1.27	1.15
cuz	-1.26	2.21
downvotes	-1.26	1.87
sing	-1.26	2.59
incubus	-1.25	1.02
unless	-1.24	3.28
able	-1.24	3.25
am	-1.24	3.28
soad	-1.24	1.03
thought	-1.24	2.92
outta	-1.23	1.49
yet	-1.23	2.88
mention	-1.23	3.10
thankfully	-1.23	1.33
notice	-1.22	3.22
said	-1.21	2.50
leave	-1.21	3.36
fuck	-1.21	1.60
someone	-1.21	2.76
lie	-1.21	3.00
consider	-1.20	3.39
license	-1.20	1.64
morello	-1.20	1.20
ask	-1.20	3.53
butthole	-1.20	1.25
utterly	-1.20	1.76
nuts	-1.19	1.37
miley	-1.19	1.35
jokes	-1.19	1.60
katy	-1.18	1.31
bitches	-1.18	1.58
treat	-1.18	2.11
unable	-1.17	2.81
stripes	-1.17	1.44
wasted	-1.17	1.00
commercial	-1.17	1.53
meh	-1.17	1.67
em	-1.17	2.30
whether	-1.17	3.26
fred	-1.16	0.99
concert	-1.16	3.16
completely	-1.16	2.01
ego	-1.16	1.31
tries	-1.15	2.58
obama	-1.15	1.31
wit	-1.15	1.89
scott	-1.15	1.04
flag	-1.15	1.47
tbh	-1.15	2.16
downhill	-1.15	1.48
understood	-1.14	2.39
axl	-1.14	0.97
excuse	-1.14	3.28
implying	-1.14	2.66
swift	-1.14	1.41
maybe	-1.14	3.62
actively	-1.14	2.53
right	-1.13	4.19
primus	-1.13	1.01
local	-1.13	1.36
wonder	-1.13	3.33
loser	-1.13	1.23
bullet	-1.13	0.90
fat	-1.12	1.24
muse	-1.12	1.59
glad	-1.12	3.12
remotely	-1.11	2.77
dragons	-1.11	1.25
real	-1.11	2.57
killers	-1.11	1.57
van	-1.11	1.11
classify	-1.11	2.85
pick	-1.11	3.34
vedder	-1.11	1.01
annoyed	-1.11	1.61
otherwise	-1.11	2.98
ahead	-1.11	2.90
bias	-1.11	2.36
idiots	-1.10	1.48
look	-1.10	3.14
rather	-1.10	2.17
take	-1.09	3.27
hide	-1.09	2.67
quit	-1.08	1.73
nervous	-1.08	1.49
shits	-1.08	1.30
rich	-1.07	1.38
kind	-1.07	2.13
redditors	-1.07	1.74
bon	-1.07	0.99
person	-1.07	2.46
unfortunately	-1.07	2.76
green	-1.07	1.18
taylor	-1.07	1.39
attempt	-1.06	2.40
really	-1.06	3.50
yourself	-1.06	3.11
recall	-1.06	3.04
woods	-1.06	1.00
judge	-1.06	3.17
yo	-1.06	1.85
fuss	-1.06	1.51
tends	-1.06	1.56
prepared	-1.06	2.60
people	-1.05	2.92
trolling	-1.05	2.66
due	-1.05	1.68
defense	-1.05	1.94
deftones	-1.04	0.96
necessarily	-1.04	3.34
obviously	-1.04	3.69
fairly	-1.04	1.82
usually	-1.04	2.31
nofx	-1.04	1.63
extent	-1.04	2.06
idk	-1.04	3.69
eyed	-1.04	1.17
fact	-1.04	3.65
lying	-1.03	3.05
might	-1.03	3.45
celebrities	-1.03	1.46
lady	-1.03	1.51
experience	-1.03	2.77
311	-1.03	0.99
eddie	-1.03	0.97
arguing	-1.02	2.81
direction	-1.02	1.36
warrant	-1.02	1.60
owns	-1.02	2.21
sub	-1.02	1.83
much	-1.02	2.47
case	-1.01	3.06
connect	-1.01	2.94
sour	-1.01	0.82
default	-1.01	1.79
contribute	-1.01	2.54
falls	-1.01	1.31
missing	-1.01	3.01
racism	-1.01	1.58
begin	-1.01	3.21
give	-1.00	3.31
keys	-1.00	1.56
subreddit	-1.00	1.88
dead	-1.00	1.53
whereas	-1.00	1.41
religion	-1.00	1.66
beyonce	-0.99	1.28
simply	-0.99	3.30
mentality	-0.99	1.15
define	-0.99	3.08
sorta	-0.99	1.56
regret	-0.99	2.34
mods	-0.99	1.91
managed	-0.98	2.84
distorted	-0.98	1.36
uncomfortable	-0.98	2.48
admittedly	-0.98	1.75
discover	-0.98	2.92
appreciate	-0.98	2.33
afi	-0.98	1.19
yoko	-0.98	1.30
rabbit	-0.98	1.36
he	-0.98	2.84
thing	-0.98	3.07
stay	-0.97	2.94
oasis	-0.97	1.55
happening	-0.97	3.27
subs	-0.97	1.81
shall	-0.97	2.78
r.e.m	-0.97	0.97
grew	-0.97	3.10
looking	-0.96	3.21
myself	-0.96	3.03
listening	-0.96	2.58
safe	-0.96	1.65
franz	-0.96	1.68
whoever	-0.96	2.32
move	-0.96	2.83
m	-0.96	3.47
louder	-0.95	1.76
sometimes	-0.95	2.33
egg	-0.95	1.46
christian	-0.95	1.27
feels	-0.95	1.52
audioslave	-0.95	0.98
wish	-0.95	2.96
achieve	-0.94	2.63
aic	-0.94	1.10
happened	-0.94	2.93
genuinely	-0.94	2.14
describe	-0.94	3.26
already	-0.94	2.83
exists	-0.94	2.26
chains	-0.94	1.10
mad	-0.94	2.06
quite	-0.94	2.67
dookie	-0.94	1.12
till	-0.93	2.36
telling	-0.93	2.63
against	-0.93	1.36
only	-0.93	2.73
eggs	-0.93	1.40
cops	-0.93	1.47
edgy	-0.93	1.11
we	-0.92	3.55
suppose	-0.92	3.22
force	-0.92	2.04
letting	-0.92	2.84
however	-0.92	3.40
opportunity	-0.92	3.09
shame	-0.91	2.55
never	-0.91	2.84
mentions	-0.91	1.70
manage	-0.91	2.93
themselves	-0.91	2.85
course	-0.91	2.98
discussion	-0.91	2.09
alice	-0.91	1.09
surprise	-0.91	2.57
counting	-0.91	1.19
tits	-0.91	1.30
promise	-0.91	2.77
threads	-0.90	1.96
victim	-0.90	1.47
confused	-0.90	1.94
behavior	-0.90	1.50
giant	-0.90	1.23
queens	-0.90	1.83
clown	-0.90	1.02
ivy	-0.89	1.77
way	-0.89	3.37
somewhere	-0.89	2.70
probably	-0.89	3.07
ed	-0.89	1.08
downvoted	-0.89	2.51
reddit	-0.89	1.94
f	-0.89	1.57
pixies	-0.89	1.06
doolittle	-0.89	1.05
die	-0.88	2.84
badly	-0.88	1.72
r/music	-0.88	1.94
cornell	-0.88	0.99
silly	-0.88	1.65
needed	-0.88	3.12
used	-0.88	2.57
bloc	-0.87	1.75
sharp	-0.87	1.53
allow	-0.87	2.57
any	-0.87	3.42
grace	-0.87	1.11
kings	-0.87	1.51
arent	-0.87	2.72
load	-0.87	1.46
getting	-0.87	2.69
misfits	-0.87	1.61
treated	-0.86	1.77
which	-0.86	3.35
e	-0.86	1.57
c	-0.86	1.57
catch	-0.85	2.65
qotsa	-0.85	1.81
lose	-0.85	2.53
incident	-0.85	1.44
interested	-0.85	2.73
utero	-0.85	0.98
likely	-0.84	2.73
apparently	-0.84	2.48
without	-0.84	2.78
government	-0.84	1.47
voting	-0.84	1.73
continue	-0.84	2.83
still	-0.84	3.39
although	-0.84	3.13
tree	-0.83	1.30
advantage	-0.83	1.78
pull	-0.83	2.71
piss	-0.83	1.68
supporting	-0.83	1.70
mu	-0.83	1.84
troll	-0.83	1.78
somebody	-0.83	2.62
operation	-0.82	1.73
grave	-0.82	1.61
helping	-0.82	2.66
enjoying	-0.82	2.40
adele	-0.82	1.20
boo	-0.82	1.26
minor	-0.82	1.61
sense	-0.81	2.91
hum	-0.81	1.15
fully	-0.81	2.72
having	-0.81	2.54
mentioned	-0.81	2.12
who	-0.81	3.29
admitted	-0.81	1.99
fool	-0.81	1.26
crow	-0.81	1.23
hooks	-0.81	1.51
rise	-0.80	1.20
shock	-0.80	1.09
switch	-0.80	1.86
u	-0.80	2.05
harm	-0.80	2.22
kill	-0.79	2.51
police	-0.79	1.49
less	-0.79	2.04
sadly	-0.79	2.42
chose	-0.79	2.64
g	-0.79	1.58
issue	-0.79	2.82
noise	-0.79	1.39
rarely	-0.78	2.23
zimmerman	-0.78	1.97
nu	-0.78	1.16
blue	-0.78	1.21
brains	-0.78	1.71
arrested	-0.77	1.50
dies	-0.77	2.31
maintain	-0.77	2.46
camino	-0.77	1.13
done	-0.77	2.33
perhaps	-0.77	2.80
jar	-0.77	1.13
grow	-0.77	2.40
flies	-0.76	1.08
scream	-0.76	1.44
explains	-0.76	1.19
penis	-0.76	1.39
reverse	-0.76	1.37
bastard	-0.76	1.12
somewhat	-0.76	1.91
system	-0.76	1.40
someday	-0.76	2.89
hang	-0.76	2.99
enemy	-0.76	1.33
again	-0.76	3.25
stops	-0.76	1.99
r/hiphopheads	-0.76	1.92
rant	-0.75	1.46
afford	-0.75	2.07
harder	-0.75	2.16
claim	-0.75	2.98
effect	-0.75	1.77
anger	-0.75	1.29
ourselves	-0.75	2.85
jump	-0.75	2.41
express	-0.74	2.02
nor	-0.74	2.87
gay	-0.74	1.87
hardly	-0.74	2.32
pretty	-0.74	2.10
blink-182	-0.74	1.17
hoping	-0.74	2.83
opposed	-0.74	1.62
naturally	-0.74	1.76
expecting	-0.74	2.67
draw	-0.73	2.67
wasting	-0.73	1.48
dogs	-0.73	1.28
so	-0.73	3.36
dreaming	-0.73	1.98
regardless	-0.73	2.91
control	-0.72	1.37
favor	-0.72	2.56
convinced	-0.72	1.99
crime	-0.72	1.90
magnetic	-0.72	1.08
pedal	-0.72	1.27
speakers	-0.72	1.42
limbs	-0.72	1.16
existed	-0.71	2.14
natural	-0.71	1.48
commit	-0.71	2.17
martin	-0.71	1.80
produce	-0.71	1.91
thread	-0.71	2.07
vocals	-0.71	1.22
circus	-0.71	1.85
mercury	-0.71	1.13
reach	-0.70	2.40
heard	-0.70	2.34
isaac	-0.70	1.10
act	-0.70	1.59
tenacious	-0.70	1.22
surprising	-0.70	1.72
jam	-0.70	1.00
distortion	-0.70	1.35
fight	-0.70	1.87
soundgarden	-0.70	1.02
anyway	-0.70	3.63
admire	-0.70	1.61
wrote	-0.70	1.73
beach	-0.70	1.21
easier	-0.69	2.49
headphones	-0.69	1.53
problem	-0.69	3.28
than	-0.69	2.13
towards	-0.69	1.66
chad	-0.69	1.19
gangster	-0.69	1.34
shake	-0.69	1.96
sake	-0.69	1.66
pet	-0.69	1.11
laughing	-0.69	2.21
mostly	-0.69	1.54
sober	-0.69	1.47
failure	-0.69	1.35
making	-0.69	2.77
twin	-0.69	1.43
bridge	-0.69	1.05
wait	-0.69	3.24
le	-0.69	1.42
play	-0.68	2.66
pass	-0.68	2.88
sentiment	-0.68	2.97
essentially	-0.68	2.04
stone	-0.68	1.56
potentially	-0.68	1.97
twist	-0.68	1.20
improve	-0.67	2.42
were	-0.67	2.56
push	-0.67	2.45
masses	-0.67	1.61
valentine	-0.67	1.21
capture	-0.67	1.99
impossible	-0.67	2.85
kick	-0.67	1.28
brutal	-0.67	1.24
aphex	-0.67	1.41
affected	-0.67	1.52
better	-0.67	2.57
simple	-0.67	1.53
threat	-0.67	1.70
noticed	-0.67	2.19
tend	-0.66	2.30
suspect	-0.66	2.10
ready	-0.66	2.33
plastic	-0.66	1.28
somehow	-0.66	2.12
use	-0.66	1.32
sees	-0.66	3.24
risk	-0.66	2.17
yell	-0.66	2.20
instead	-0.66	2.51
asking	-0.65	3.03
yellowcard	-0.65	1.19
purpose	-0.65	2.89
measure	-0.65	2.58
clash	-0.65	1.44
national	-0.65	1.57
41	-0.65	1.19
throw	-0.64	2.87
minority	-0.64	1.97
rancid	-0.64	1.51
laptop	-0.64	1.37
synth	-0.64	1.35
brothers	-0.64	1.21
continuing	-0.64	2.65
elephant	-0.64	1.71
angsty	-0.64	1.11
more	-0.64	2.16
hood	-0.64	1.40
crows	-0.64	1.21
faster	-0.64	1.88
slightly	-0.64	1.87
discussing	-0.63	2.52
test	-0.63	1.71
bitter	-0.63	1.17
bush	-0.63	1.09
goin	-0.63	1.89
failed	-0.63	2.36
loving	-0.63	1.70
possibly	-0.63	3.28
and/or	-0.63	1.75
customers	-0.63	1.57
impression	-0.63	2.27
chino	-0.63	1.14
bones	-0.62	1.20
looked	-0.62	1.64
drunk	-0.62	1.16
cancelled	-0.62	1.42
surface	-0.62	1.54
straight	-0.62	1.65
tried	-0.62	2.86
stretch	-0.62	1.88
runs	-0.62	1.51
avett	-0.62	1.17
interpol	-0.61	1.63
despite	-0.61	1.92
refer	-0.61	1.97
turn	-0.61	2.65
usa	-0.61	1.49
suggesting	-0.61	2.78
amazed	-0.61	2.03
using	-0.61	1.33
downvoting	-0.61	2.17
nope	-0.61	2.41
intended	-0.61	2.23
significantly	-0.61	1.97
pool	-0.61	1.23
grab	-0.61	2.38
bloody	-0.61	1.24
expert	-0.61	2.42
literally	-0.61	2.42
replace	-0.60	1.88
phoenix	-0.60	1.58
besides	-0.60	1.62
hearing	-0.60	2.32
aggressive	-0.60	1.26
paper	-0.60	1.50
sympathy	-0.60	1.50
jim	-0.60	1.12
confusion	-0.60	1.30
law	-0.60	2.04
reflect	-0.60	2.24
shit	-0.60	2.11
chocolate	-0.60	1.20
phones	-0.59	1.41
devo	-0.59	1.51
paranoid	-0.59	1.17
charged	-0.59	1.75
soup	-0.59	1.23
fighting	-0.59	1.61
thoroughly	-0.59	1.84
luckily	-0.59	1.35
chance	-0.59	2.71
downvote	-0.58	1.97
its	-0.58	3.00
messed	-0.58	1.37
subjective	-0.58	3.07
wondered	-0.58	2.68
angry	-0.58	2.89
da	-0.58	1.96
challenge	-0.58	2.01
blur	-0.58	1.57
average	-0.58	1.58
loveless	-0.58	1.22
start	-0.58	2.69
y	-0.57	1.27
scenario	-0.57	2.55
arcade	-0.57	1.64
wax	-0.57	1.19
stated	-0.57	2.23
posts	-0.57	2.02
mouth	-0.57	1.40
as	-0.57	3.25
sandstorm	-0.57	1.58
weather	-0.57	1.34
tiny	-0.57	1.61
opinion	-0.57	3.04
stopped	-0.57	2.11
strike	-0.56	1.89
celebrity	-0.56	1.57
garden	-0.56	1.20
continues	-0.56	2.42
static	-0.56	1.22
fugazi	-0.56	1.45
fire	-0.56	1.61
struggling	-0.56	1.74
therefore	-0.56	2.36
corpse	-0.56	1.17
deliver	-0.56	2.43
ridiculous	-0.55	2.43
neither	-0.55	2.77
nation	-0.55	1.21
vote	-0.55	2.08
darude	-0.55	1.56
pony	-0.55	1.10
promote	-0.55	2.22
bruno	-0.55	1.07
cage	-0.55	1.64
rose	-0.55	1.06
minded	-0.55	1.52
break	-0.55	2.44
tripping	-0.54	1.70
living	-0.54	1.38
states	-0.54	1.68
stock	-0.54	1.55
holes	-0.54	1.27
ratm	-0.54	1.09
subreddits	-0.54	1.83
drama	-0.54	1.25
cut	-0.54	1.52
trial	-0.54	2.15
freedom	-0.54	1.58
follow	-0.54	2.82
eating	-0.54	1.34
ramones	-0.53	1.51
r.i.p	-0.53	1.41
court	-0.53	2.15
protect	-0.53	2.10
struck	-0.53	1.71
suburbs	-0.53	1.67
nicely	-0.53	1.69
vultures	-0.53	1.67
stereo	-0.53	1.42
sampled	-0.53	1.25
blow	-0.53	1.83
come	-0.53	2.97
don	-0.53	1.45
shouting	-0.53	1.78
persona	-0.53	1.42
united	-0.52	1.61
sells	-0.52	1.57
wasnt	-0.52	2.32
nowhere	-0.52	2.04
jerry	-0.52	1.15
bigger	-0.52	2.00
depends	-0.52	2.80
too	-0.52	3.05
nirvana	-0.52	1.04
curious	-0.52	3.18
dr	-0.52	1.34
amp	-0.52	1.29
screaming	-0.52	1.26
radiohead	-0.52	1.13
commented	-0.52	2.20
assault	-0.52	1.78
jack	-0.52	1.62
hungry	-0.52	1.47
situation	-0.51	2.76
hold	-0.51	2.62
steal	-0.51	2.32
rammstein	-0.51	1.53
tha	-0.51	1.54
bobby	-0.51	1.25
race	-0.51	1.81
nevermind	-0.51	1.03
bubble	-0.51	1.32
rivers	-0.51	1.27
yelling	-0.51	1.71
madness	-0.51	1.31
hopefully	-0.51	2.95
further	-0.51	2.33
cup	-0.50	1.32
public	-0.50	1.50
souls	-0.50	1.39
owner	-0.50	1.57
claims	-0.50	2.42
suffer	-0.50	1.88
attend	-0.50	2.10
crooked	-0.50	1.33
baby	-0.50	1.36
initially	-0.50	1.93
removed	-0.50	1.91
beer	-0.50	1.38
thin	-0.50	1.29
lana	-0.50	1.25
state	-0.49	1.62
intense	-0.49	2.34
expensive	-0.49	1.67
voted	-0.49	2.01
charge	-0.49	1.98
del	-0.49	1.25
spoon	-0.49	1.51
byrne	-0.49	1.47
us	-0.49	2.95
sonic	-0.49	1.18
properly	-0.49	2.75
refused	-0.48	2.09
create	-0.48	2.26
sum	-0.48	1.30
flow	-0.48	1.30
reaction	-0.48	1.86
wire	-0.48	1.31
differently	-0.48	2.48
health	-0.48	1.93
extreme	-0.48	1.41
seek	-0.48	2.15
reel	-0.48	1.67
reznor	-0.48	1.10
silence	-0.48	1.40
sleep	-0.48	2.00
focus	-0.48	2.05
laws	-0.48	1.94
gotten	-0.47	2.18
loose	-0.47	1.55
proven	-0.47	2.02
homme	-0.47	1.48
boxer	-0.47	1.43
fuckin	-0.47	1.69
fail	-0.47	2.21
entirely	-0.47	2.84
sigur	-0.47	1.23
desire	-0.47	2.26
giants	-0.47	1.41
becomes	-0.47	1.80
destroyed	-0.47	1.16
medicine	-0.47	1.24
pearl	-0.47	1.00
raps	-0.47	1.33
keeping	-0.47	1.77
pissed	-0.47	1.48
johnson	-0.47	1.14
smash	-0.47	1.26
josh	-0.46	1.45
danzig	-0.46	1.10
overrated	-0.46	1.77
cowbell	-0.46	1.40
legal	-0.46	2.19
vampire	-0.46	1.67
jake	-0.46	1.67
generally	-0.46	2.20
cheaper	-0.46	1.86
war	-0.46	1.47
comparing	-0.46	1.65
paul	-0.46	1.15
rough	-0.46	1.54
property	-0.46	1.85
sorrow	-0.46	1.51
mainstream	-0.46	1.51
respond	-0.46	3.00
lil	-0.45	1.35
route	-0.45	1.71
factory	-0.45	1.19
violent	-0.45	1.35
type	-0.45	1.71
lacking	-0.45	1.70
iirc	-0.45	1.77
depressed	-0.45	3.00
trent	-0.45	1.09
stunt	-0.45	1.53
karma	-0.45	1.79
rapping	-0.45	1.38
depeche	-0.44	1.41
ate	-0.44	1.30
white	-0.44	1.32
suggest	-0.44	2.88
pistols	-0.44	1.51
bang	-0.44	1.49
exit	-0.44	1.38
sit	-0.44	2.45
crying	-0.44	2.08
hills	-0.44	1.31
sean	-0.44	1.14
intentional	-0.44	2.64
has	-0.43	2.42
damage	-0.43	1.82
b	-0.43	1.60
kurt	-0.43	1.50
breathe	-0.43	1.55
elsewhere	-0.43	2.08
occasionally	-0.43	2.27
effects	-0.43	1.34
destroy	-0.43	1.38
quest	-0.43	1.36
certainly	-0.43	2.78
small	-0.43	1.62
normal	-0.43	1.76
grohl	-0.43	1.26
romance	-0.43	1.27
waiting	-0.43	2.69
screw	-0.43	2.00
limit	-0.43	1.51
deal	-0.43	2.06
caused	-0.43	1.78
legally	-0.43	2.09
jail	-0.43	1.97
guessing	-0.43	3.30
bring	-0.43	2.90
drag	-0.42	1.80
cell	-0.42	1.32
count	-0.42	2.82
return	-0.42	2.65
nature	-0.42	1.59
creep	-0.42	0.92
had	-0.42	2.21
pressure	-0.42	1.22
carry	-0.42	2.12
goal	-0.42	2.08
remove	-0.42	2.33
rhymes	-0.42	1.35
stuck	-0.41	1.97
filler	-0.41	1.89
plug	-0.41	1.48
scratch	-0.41	1.45
ironically	-0.41	1.73
autotune	-0.41	1.28
black	-0.41	1.23
poorly	-0.41	2.24
ultimately	-0.41	2.10
banned	-0.41	1.80
bat	-0.41	1.41
dmx	-0.41	1.79
trick	-0.40	1.59
conspiracy	-0.40	1.54
affect	-0.40	2.15
lack	-0.40	1.52
stress	-0.40	1.48
counter	-0.40	1.93
rey	-0.40	1.28
copyright	-0.40	2.04
heads	-0.40	1.46
chair	-0.40	1.49
introduce	-0.40	2.88
rights	-0.40	1.78
finger	-0.40	1.46
often	-0.40	2.29
touched	-0.40	1.47
office	-0.40	1.55
r	-0.40	1.47
beauty	-0.40	1.40
speak	-0.40	2.58
emo	-0.40	1.23
jon	-0.40	1.42
screams	-0.39	1.39
heavier	-0.39	1.75
save	-0.39	2.44
please	-0.39	2.94
bottle	-0.39	1.44
described	-0.39	1.96
enjoyment	-0.39	2.02
tribe	-0.39	1.36
disney	-0.39	1.95
shadows	-0.39	1.34
promoting	-0.39	1.60
cooper	-0.39	1.16
beating	-0.39	1.56
fish	-0.39	1.67
throwing	-0.39	1.64
straits	-0.39	1.54
develop	-0.39	2.30
sublime	-0.39	1.37
synths	-0.39	1.20
kept	-0.39	2.00
view	-0.38	2.67
venue	-0.38	1.86
ignorance	-0.38	2.32
mama	-0.38	1.76
gigs	-0.38	2.08
upvotes	-0.38	1.97
meets	-0.38	1.29
im	-0.38	3.13
dry	-0.38	1.26
whatsoever	-0.38	2.20
illegal	-0.38	1.86
losing	-0.38	1.88
comments	-0.38	2.08
himself	-0.38	2.30
identity	-0.38	1.73
okay	-0.38	3.90
posted	-0.38	2.09
hole	-0.37	1.27
venues	-0.37	1.87
ian	-0.37	1.33
fans	-0.37	1.83
bjork	-0.37	1.21
age	-0.37	1.85
describes	-0.37	1.75
eat	-0.37	1.37
decent	-0.37	2.51
keep	-0.37	2.73
stands	-0.37	2.08
fill	-0.37	1.65
owe	-0.37	2.42
mission	-0.37	1.47
aaron	-0.37	1.19
sort	-0.37	2.02
wins	-0.37	1.70
opposite	-0.36	3.29
whilst	-0.36	1.84
helps	-0.36	2.60
contest	-0.36	1.84
legitimately	-0.36	1.71
represent	-0.36	2.05
y'all	-0.36	2.07
violence	-0.36	1.65
here	-0.36	3.08
expand	-0.36	2.46
2pac	-0.36	1.42
turner	-0.36	1.37
prayer	-0.36	1.53
shoot	-0.35	2.41
things	-0.35	2.91
standard	-0.35	1.58
arena	-0.35	1.91
integrity	-0.35	1.56
cats	-0.35	1.23
topic	-0.35	2.18
trouble	-0.35	1.85
smiths	-0.35	1.32
sting	-0.35	1.17
place	-0.35	2.93
jay-z	-0.35	1.48
considering	-0.35	2.10
burns	-0.35	1.29
bluegrass	-0.34	1.27
listener	-0.34	1.97
latter	-0.34	1.89
hard	-0.34	2.65
chase	-0.34	1.60
then	-0.34	2.65
causes	-0.34	1.86
dire	-0.34	1.56
h	-0.34	1.61
holly	-0.34	1.15
kickstarter	-0.34	2.16
longer	-0.34	2.57
sarcastic	-0.34	2.38
league	-0.33	1.41
w	-0.33	1.48
army	-0.33	1.55
clockwork	-0.33	1.78
puppy	-0.33	1.34
based	-0.33	2.59
conclusion	-0.33	2.94
flaming	-0.33	1.54
boat	-0.33	1.36
media	-0.33	1.54
feeling	-0.33	2.89
restaurant	-0.33	1.42
r/tipofmytongue	-0.33	2.50
casual	-0.33	1.74
pushing	-0.33	2.06
singing	-0.33	1.46
votes	-0.32	1.92
rick	-0.32	1.40
2112	-0.32	1.32
fallen	-0.32	1.55
el	-0.32	1.08
daddy	-0.32	1.50
chopin	-0.32	1.38
stayed	-0.32	1.75
decisions	-0.32	1.87
teenager	-0.32	1.02
wizard	-0.32	1.25
smaller	-0.32	1.83
east	-0.32	1.53
ears	-0.32	1.70
notorious	-0.32	1.76
pie	-0.32	1.28
rage	-0.32	1.18
relatively	-0.32	1.82
collaborate	-0.32	2.95
basically	-0.32	2.43
users	-0.32	1.81
experienced	-0.32	2.00
birds	-0.31	1.17
joke	-0.31	2.32
shop	-0.31	1.36
soundsystem	-0.31	1.43
designed	-0.31	1.63
94	-0.31	1.17
dealing	-0.31	1.84
community	-0.31	1.69
eternal	-0.31	1.10
coast	-0.31	1.39
impala	-0.31	1.53
turning	-0.31	2.02
dave	-0.31	1.35
out	-0.30	2.63
judging	-0.30	2.44
change	-0.30	2.37
interpretation	-0.30	2.86
opinions	-0.30	2.66
beef	-0.30	1.60
audio	-0.30	1.58
attention	-0.30	2.05
figured	-0.30	3.34
raise	-0.30	2.02
cliff	-0.30	1.32
receive	-0.30	2.10
near	-0.30	2.16
humor	-0.30	1.74
sexual	-0.30	1.35
mental	-0.30	1.74
diplo	-0.30	1.40
ball	-0.30	1.30
win	-0.30	1.86
substance	-0.30	1.79
learn	-0.30	2.54
well	-0.30	3.18
duck	-0.29	1.38
stopping	-0.29	2.15
tom	-0.29	1.20
kyuss	-0.29	1.42
permission	-0.29	1.82
whale	-0.29	1.21
supposedly	-0.29	1.91
buzz	-0.29	1.56
center	-0.29	1.64
canadian	-0.29	1.32
anytime	-0.29	2.62
surfing	-0.29	1.50
taste	-0.29	2.41
issues	-0.29	1.91
murder	-0.29	1.96
prices	-0.29	1.63
subject	-0.29	2.45
sue	-0.29	2.17
putting	-0.29	2.26
drink	-0.29	1.40
ska	-0.29	1.58
found	-0.29	2.21
awards	-0.29	1.58
neighborhood	-0.29	1.31
voice	-0.29	1.25
clipping	-0.29	1.35
182	-0.28	1.32
blink	-0.28	1.32
cobain	-0.28	1.46
instance	-0.28	2.08
theyre	-0.28	2.25
clubs	-0.28	1.81
amy	-0.28	1.29
tame	-0.28	1.49
campaign	-0.28	1.88
cinema	-0.28	1.60
dinosaur	-0.28	1.24
ear	-0.28	1.61
chemical	-0.28	1.23
charity	-0.28	2.05
listens	-0.28	3.15
anxiety	-0.27	1.69
responsible	-0.27	1.85
false	-0.27	2.69
result	-0.27	1.81
largely	-0.27	1.82
counts	-0.27	2.30
weekend	-0.27	1.71
continued	-0.27	2.24
physically	-0.27	1.62
manner	-0.27	1.86
gods	-0.27	1.68
throat	-0.27	1.42
cave	-0.27	1.43
pa	-0.27	1.41
temple	-0.27	1.06
order	-0.27	2.30
trade	-0.27	1.97
exclusively	-0.27	1.73
allows	-0.27	1.92
hope	-0.27	3.11
zone	-0.27	1.54
lawyer	-0.27	2.04
pleasure	-0.27	2.10
north	-0.27	1.86
icon	-0.26	1.45
land	-0.26	1.79
ferrari	-0.26	1.78
join	-0.26	2.51
manifesto	-0.26	1.87
tickets	-0.26	1.75
fall	-0.26	1.55
fly	-0.26	1.39
radio	-0.26	1.49
gain	-0.26	2.00
respect	-0.26	1.87
mic	-0.26	1.61
pj	-0.26	1.38
vs	-0.26	1.58
foster	-0.26	1.27
religious	-0.26	1.58
boots	-0.26	1.23
chain	-0.26	1.39
breakfast	-0.26	1.36
mentioning	-0.26	2.50
doing	-0.26	3.06
reasonable	-0.26	2.38
pizza	-0.26	1.38
cheese	-0.26	1.33
v	-0.26	1.44
james	-0.26	1.17
whenever	-0.25	1.89
paramore	-0.25	1.13
tones	-0.25	1.40
fast	-0.25	1.37
happiness	-0.25	1.54
horizon	-0.25	1.84
connection	-0.25	1.71
cry	-0.25	2.19
personality	-0.25	1.53
99	-0.25	1.43
jumping	-0.25	1.69
setup	-0.25	1.56
microphone	-0.25	1.52
seemingly	-0.25	1.41
passing	-0.25	1.48
lcd	-0.25	1.44
area	-0.25	1.39
price	-0.25	1.68
toward	-0.25	1.62
festivals	-0.25	2.02
citizen	-0.25	1.49
angels	-0.25	1.11
while	-0.25	2.21
skin	-0.25	1.37
depression	-0.25	1.66
mass	-0.25	1.63
concerned	-0.25	1.97
quickly	-0.24	1.89
money	-0.24	2.07
currently	-0.24	2.40
monkey	-0.24	1.30
abuse	-0.24	1.63
cannibal	-0.24	1.21
80	-0.24	1.32
merch	-0.24	1.69
plant	-0.24	1.36
suffering	-0.24	1.74
moving	-0.24	1.71
existence	-0.24	1.62
cherry	-0.24	1.28
debate	-0.24	2.83
eventually	-0.24	2.29
zappa	-0.24	1.31
difference	-0.24	2.58
grunge	-0.24	1.26
helped	-0.24	2.60
scale	-0.23	1.54
analogy	-0.23	4.16
dreams	-0.23	1.53
obvious	-0.23	1.90
major	-0.23	1.62
gangsta	-0.23	1.47
colour	-0.23	1.45
post	-0.23	2.11
beyond	-0.23	2.31
ice	-0.23	1.37
mixed	-0.23	1.63
necessary	-0.23	2.75
guide	-0.23	1.45
death	-0.23	1.15
repeating	-0.23	1.48
food	-0.23	1.39
maynard	-0.23	1.19
kitchen	-0.23	1.70
i.e	-0.23	1.35
kicking	-0.23	1.83
raw	-0.22	1.48
bummed	-0.22	2.69
touch	-0.22	2.16
him	-0.22	2.63
crowd	-0.22	1.66
explained	-0.22	2.27
jet	-0.22	1.30
noel	-0.22	1.79
audience	-0.22	1.72
off	-0.22	1.68
showing	-0.22	1.40
speaker	-0.22	1.45
swear	-0.22	2.40
meat	-0.22	1.48
been	-0.22	2.32
impressed	-0.22	1.69
lovers	-0.22	1.21
gt	-0.22	3.58
darker	-0.22	1.72
relative	-0.22	1.71
politics	-0.22	1.96
lived	-0.22	1.53
wolves	-0.22	1.60
fills	-0.21	1.15
repeatedly	-0.21	2.24
marketing	-0.21	1.56
warning	-0.21	1.69
machines	-0.21	1.45
pair	-0.21	1.49
surf	-0.21	1.30
ve	-0.21	2.37
peter	-0.21	1.23
stood	-0.21	1.84
tribute	-0.21	1.27
references	-0.21	1.55
content	-0.21	1.84
appear	-0.21	2.17
alternative	-0.21	1.37
objective	-0.21	2.85
standards	-0.21	1.68
wayne	-0.21	1.36
dunno	-0.21	3.00
engage	-0.21	1.21
feelings	-0.21	1.57
typically	-0.21	1.91
wood	-0.21	1.52
theres	-0.20	2.37
honey	-0.20	1.30
travel	-0.20	2.09
chances	-0.20	2.43
thus	-0.20	1.90
lorde	-0.20	1.35
moral	-0.20	2.45
coffee	-0.20	1.36
belief	-0.20	2.94
southern	-0.20	1.23
strikes	-0.20	1.18
problems	-0.20	1.89
wheel	-0.20	1.46
raising	-0.20	1.95
chicken	-0.20	1.35
strangers	-0.20	1.93
captures	-0.20	1.62
sony	-0.20	1.57
pulling	-0.20	1.74
ground	-0.20	1.77
general	-0.20	1.82
hail	-0.20	1.30
corgan	-0.20	0.90
thug	-0.20	1.34
ur	-0.20	2.19
pain	-0.20	1.46
bible	-0.20	1.38
finding	-0.19	2.30
gaslight	-0.19	1.42
pushed	-0.19	1.59
associated	-0.19	1.24
contract	-0.19	1.68
square	-0.19	1.56
budget	-0.19	1.66
finally	-0.19	2.42
innocent	-0.19	2.16
promotion	-0.19	1.61
music	-0.19	1.97
comfortable	-0.19	1.51
choosing	-0.19	2.28
gone	-0.19	2.30
teenagers	-0.19	1.36
alike	-0.19	1.42
detail	-0.19	1.66
swing	-0.19	1.76
example	-0.19	2.66
cities	-0.19	1.69
honor	-0.19	1.29
gun	-0.19	1.82
jesse	-0.19	1.20
moved	-0.19	1.61
storm	-0.19	1.27
bliss	-0.19	1.17
products	-0.18	1.56
claimed	-0.18	2.08
cutting	-0.18	1.74
horse	-0.18	1.28
lawn	-0.18	1.69
laugh	-0.18	1.82
position	-0.18	2.35
commenting	-0.18	2.69
lee	-0.18	1.31
perfectly	-0.18	1.84
round	-0.18	1.45
grizzly	-0.18	1.32
support	-0.18	2.34
fate	-0.18	1.29
adults	-0.18	1.51
foundation	-0.18	1.92
perspective	-0.18	2.30
walks	-0.18	1.56
c'mon	-0.18	1.46
mac	-0.18	1.43
guitars	-0.18	1.30
fist	-0.18	1.58
invented	-0.18	1.61
fleet	-0.17	1.13
avicii	-0.17	1.31
teeth	-0.17	1.26
shape	-0.17	1.72
loss	-0.17	1.62
pop-punk	-0.17	1.27
program	-0.17	1.36
threw	-0.17	1.51
worthy	-0.17	1.71
mighty	-0.17	1.71
makes	-0.17	2.64
central	-0.17	1.55
sink	-0.17	1.70
table	-0.17	1.61
standing	-0.17	1.91
todd	-0.17	1.28
written	-0.17	1.68
darkness	-0.17	1.49
bleeding	-0.17	1.48
string	-0.17	1.46
joe	-0.17	1.24
streetlight	-0.17	1.91
size	-0.17	1.61
actions	-0.17	2.49
owned	-0.17	1.54
knife	-0.17	1.24
sail	-0.16	1.77
potential	-0.16	2.05
easily	-0.16	3.46
desert	-0.16	1.43
sell	-0.16	1.78
crank	-0.16	1.70
cars	-0.16	1.43
u.s	-0.16	1.90
bleed	-0.16	1.79
bar	-0.16	1.48
amen	-0.16	1.45
chosen	-0.16	2.29
publicity	-0.16	1.79
spin	-0.16	1.82
bruce	-0.16	1.26
sight	-0.16	1.53
company	-0.16	1.66
t	-0.16	1.31
poison	-0.16	1.26
sticking	-0.16	2.00
cream	-0.16	1.27
robots	-0.16	1.53
settle	-0.16	1.89
condition	-0.16	1.76
scene	-0.16	1.24
staff	-0.16	1.57
gorillaz	-0.16	1.18
l	-0.16	1.56
me	-0.15	2.03
block	-0.15	1.57
godspeed	-0.15	1.37
suggested	-0.15	2.11
decemberists	-0.15	1.18
civil	-0.15	1.73
punk	-0.15	1.40
mouse	-0.15	1.32
ros	-0.15	1.30
satan	-0.15	1.43
dust	-0.15	1.44
stolen	-0.15	1.45
echoes	-0.15	1.58
limits	-0.15	1.78
interview	-0.15	1.76
answers	-0.15	2.30
crowded	-0.15	1.28
outside	-0.15	1.67
heavily	-0.15	1.52
perception	-0.15	2.01
mayer	-0.15	1.44
donate	-0.15	2.09
screwed	-0.15	1.54
same	-0.15	2.52
entertainment	-0.15	1.60
pavement	-0.15	1.20
buy	-0.14	1.74
advertising	-0.14	1.66
capital	-0.14	1.51
approach	-0.14	1.70
breath	-0.14	1.47
light	-0.14	1.48
path	-0.14	1.91
voodoo	-0.14	1.63
definition	-0.14	2.37
snare	-0.14	1.30
seats	-0.14	1.69
robert	-0.14	1.24
volume	-0.14	1.46
evolve	-0.14	2.16
raging	-0.14	1.25
nose	-0.14	1.63
taking	-0.14	2.25
serious	-0.14	2.15
grass	-0.14	1.69
spoken	-0.14	1.82
town	-0.14	1.41
experiment	-0.14	1.88
sync	-0.14	1.71
easy	-0.14	2.42
management	-0.14	1.53
midnight	-0.14	1.39
ray	-0.14	1.55
stealing	-0.14	1.86
springsteen	-0.14	1.25
africa	-0.14	1.97
particularly	-0.14	2.39
forgotten	-0.14	1.90
mosh	-0.14	1.36
lo	-0.14	1.35
bathroom	-0.14	1.70
walk	-0.14	2.20
americana	-0.14	1.45
gained	-0.14	1.86
theory	-0.13	1.34
contain	-0.13	1.92
rhcp	-0.13	1.15
beck	-0.13	1.06
needle	-0.13	1.48
emotion	-0.13	1.42
working	-0.13	2.42
gas	-0.13	1.56
absurd	-0.13	1.85
involved	-0.13	1.60
alt	-0.13	1.37
directly	-0.13	1.87
staring	-0.13	1.87
z	-0.13	1.62
goes	-0.13	2.07
carey	-0.13	1.19
indie	-0.13	1.45
slowly	-0.13	1.85
monster	-0.12	1.51
empire	-0.12	1.41
dancing	-0.12	1.62
costello	-0.12	1.46
aw	-0.12	1.75
dio	-0.12	1.20
door	-0.12	1.68
running	-0.12	1.70
close	-0.12	3.03
disappear	-0.12	1.59
absolute	-0.12	2.88
hunt	-0.12	1.52
rainbows	-0.12	1.19
wing	-0.12	1.53
sunset	-0.12	1.37
ac/dc	-0.12	1.34
argument	-0.12	3.18
dre	-0.12	1.52
washington	-0.12	1.32
companies	-0.12	1.61
along	-0.12	1.85
morrison	-0.12	1.31
areas	-0.12	1.80
iphone	-0.12	1.45
lars	-0.11	1.33
social	-0.11	1.68
hitting	-0.11	1.78
expression	-0.11	1.39
piracy	-0.11	1.75
pattern	-0.11	1.53
francis	-0.11	1.37
theatre	-0.11	1.56
deserved	-0.11	1.77
computers	-0.11	1.40
sheep	-0.11	1.31
financial	-0.11	1.80
addiction	-0.11	1.73
recommend	-0.11	2.90
deserve	-0.11	1.88
merely	-0.11	3.02
dated	-0.11	2.35
boom	-0.11	1.34
searching	-0.11	2.16
steps	-0.11	1.80
airplay	-0.11	1.62
universal	-0.11	1.64
product	-0.11	1.78
needless	-0.11	1.64
america	-0.11	1.94
bodies	-0.11	1.46
chaos	-0.10	1.32
apply	-0.10	2.67
crowds	-0.10	1.73
when	-0.10	2.52
stadium	-0.10	1.45
everywhere	-0.10	1.49
solely	-0.10	2.18
capacity	-0.10	1.59
jean	-0.10	0.97
referencing	-0.10	2.72
farewell	-0.10	1.33
extremely	-0.10	1.91
wine	-0.10	1.30
sleeping	-0.10	1.79
mm	-0.10	1.32
countries	-0.10	1.91
animal	-0.10	1.33
clan	-0.10	1.65
reality	-0.10	1.73
loop	-0.10	1.36
fade	-0.10	1.42
interest	-0.10	1.93
honesty	-0.10	1.53
emperor	-0.10	1.35
criminal	-0.10	1.78
subscribe	-0.10	1.91
weight	-0.10	1.67
jimi	-0.10	1.53
cure	-0.10	1.38
slight	-0.10	1.79
houston	-0.10	1.36
canada	-0.10	2.08
winner	-0.10	1.64
started	-0.10	2.12
slayer	-0.10	1.25
peace	-0.10	1.26
drinks	-0.10	1.39
grateful	-0.09	1.37
floor	-0.09	1.75
skipping	-0.09	1.77
kingdom	-0.09	1.55
lightning	-0.09	1.42
ipod	-0.09	1.45
rap	-0.09	1.39
upvoted	-0.09	2.06
progress	-0.09	1.99
around	-0.09	1.94
mf	-0.09	1.34
low	-0.09	1.55
frank	-0.09	1.35
ween	-0.09	1.37
replies	-0.09	2.22
angst	-0.09	1.25
appeal	-0.09	1.49
into	-0.09	2.12
step	-0.09	1.74
labels	-0.09	1.67
ways	-0.09	2.48
justice	-0.09	1.44
ross	-0.09	1.27
row	-0.09	1.76
puppets	-0.09	1.38
oil	-0.08	1.70
sat	-0.08	1.81
belongs	-0.08	1.30
cooler	-0.08	2.15
signs	-0.08	1.53
spill	-0.08	1.32
rush	-0.08	1.37
factor	-0.08	1.75
passion	-0.08	1.41
germany	-0.08	2.12
logic	-0.08	2.56
rust	-0.08	1.33
circumstances	-0.08	2.03
bill	-0.08	1.44
statements	-0.08	2.84
bomb	-0.08	1.27
demand	-0.08	1.72
head	-0.08	1.80
ticket	-0.08	1.72
torn	-0.08	1.42
eye	-0.08	1.28
recommended	-0.08	1.98
anthony	-0.08	1.14
up	-0.08	2.18
shooting	-0.08	1.75
bound	-0.08	1.63
slim	-0.08	1.55
knew	-0.08	2.71
bear	-0.08	1.34
<SPECIAL>	-0.07	1.41
<URL>	-0.07	1.41
lifetime	-0.07	1.86
estate	-0.07	1.49
credit	-0.07	1.78
damned	-0.07	2.10
international	-0.07	1.76
basis	-0.07	2.47
until	-0.07	2.43
museum	-0.07	1.46
fleetwood	-0.07	1.60
fox	-0.07	1.34
hurts	-0.07	1.44
closer	-0.07	1.56
falling	-0.07	1.72
category	-0.07	1.76
iggy	-0.07	1.42
cost	-0.07	1.76
battery	-0.07	1.52
pr	-0.07	1.65
william	-0.07	1.30
ripping	-0.07	1.49
haunting	-0.07	2.56
hes	-0.07	1.86
healthy	-0.07	1.56
profit	-0.07	1.76
opened	-0.07	1.28
awhile	-0.07	2.27
confusing	-0.07	2.39
stronger	-0.07	1.69
gang	-0.07	1.67
lies	-0.07	1.66
la	-0.07	1.32
fingers	-0.07	1.88
lonesome	-0.07	1.29
event	-0.07	1.78
very	-0.06	1.98
paying	-0.06	1.89
suit	-0.06	1.57
kil	-0.06	1.39
corner	-0.06	1.66
legends	-0.06	1.65
panic	-0.06	1.42
ignoring	-0.06	2.56
glass	-0.06	1.35
minimum	-0.06	1.74
visit	-0.06	2.42
deals	-0.06	1.65
intimate	-0.06	1.61
accounts	-0.06	1.91
secret	-0.06	1.79
drums	-0.06	1.32
parking	-0.06	1.62
cent	-0.06	1.44
upon	-0.06	2.04
revolution	-0.06	1.41
cop	-0.06	1.81
regarding	-0.06	2.02
endless	-0.06	1.48
rock	-0.06	1.43
sued	-0.06	1.66
match	-0.06	1.86
confirmed	-0.06	2.12
station	-0.06	1.55
nightwish	-0.06	1.27
paradise	-0.06	1.33
flogging	-0.06	1.43
wage	-0.06	1.77
folk	-0.06	1.35
picking	-0.06	2.13
ups	-0.06	1.41
n9ne	-0.06	1.35
android	-0.06	1.47
reaching	-0.06	1.78
realized	-0.05	2.33
emotions	-0.05	1.51
ship	-0.05	1.53
garage	-0.05	1.28
device	-0.05	1.48
iver	-0.05	1.21
dat	-0.05	1.58
youre	-0.05	2.46
pantera	-0.05	1.37
details	-0.05	2.33
buried	-0.05	1.63
responding	-0.05	2.79
simon	-0.05	1.32
front	-0.05	1.76
clutch	-0.05	1.32
antarctica	-0.05	1.39
solution	-0.05	2.46
regularly	-0.05	1.85
europe	-0.05	2.10
unplugged	-0.05	1.22
adding	-0.05	1.82
whiskey	-0.05	1.40
reasoning	-0.05	3.12
lamb	-0.05	1.24
hendrix	-0.05	1.53
rocket	-0.05	1.16
giving	-0.05	2.28
pit	-0.05	1.63
seattle	-0.05	1.41
industry	-0.04	1.65
sabbath	-0.04	1.38
minimal	-0.04	1.15
success	-0.04	1.80
shout	-0.04	1.70
arguments	-0.04	2.99
window	-0.04	1.81
rate	-0.04	1.66
tastes	-0.04	2.13
raised	-0.04	1.44
choir	-0.04	1.23
pc	-0.04	1.44
fashion	-0.04	1.35
bop	-0.04	1.59
lip	-0.04	1.32
directed	-0.04	1.23
winning	-0.04	1.60
festival	-0.04	2.03
suddenly	-0.04	2.01
bell	-0.04	1.83
bars	-0.04	1.57
cult	-0.04	1.57
flesh	-0.04	1.36
modern	-0.04	1.48
exposure	-0.04	1.79
bends	-0.04	1.25
strictly	-0.04	1.98
conversation	-0.04	2.28
phone	-0.04	1.48
market	-0.04	1.64
northern	-0.04	1.65
becoming	-0.03	1.74
purely	-0.03	2.35
ever	-0.03	3.28
proof	-0.03	2.60
delete	-0.03	2.01
big	-0.03	1.83
attached	-0.03	1.30
won	-0.03	1.58
responded	-0.03	2.51
non	-0.03	1.48
murphy	-0.03	1.25
seriously	-0.03	2.72
aside	-0.03	1.89
events	-0.03	1.78
sheet	-0.03	2.08
security	-0.03	1.62
negative	-0.03	1.75
filter	-0.03	1.67
percussion	-0.03	1.36
headlining	-0.03	1.95
south	-0.03	1.83
asleep	-0.03	1.54
meant	-0.03	4.45
places	-0.03	2.14
evidence	-0.03	2.69
japan	-0.03	1.80
ability	-0.03	1.91
specifically	-0.03	2.19
tomorrow	-0.03	2.16
waking	-0.03	1.29
blasting	-0.03	1.49
touring	-0.03	2.21
crash	-0.03	1.46
blues	-0.03	1.31
locked	-0.03	1.34
distribution	-0.03	1.63
taken	-0.03	2.10
popularity	-0.02	1.70
circle	-0.02	1.32
texas	-0.02	1.50
granted	-0.02	1.88
notes	-0.02	1.56
higher	-0.02	1.66
girls	-0.02	1.28
status	-0.02	1.80
costs	-0.02	1.75
legitimate	-0.02	2.84
delivery	-0.02	1.43
legend	-0.02	1.25
classic	-0.02	1.71
foreign	-0.02	1.67
garfunkel	-0.02	1.32
increase	-0.02	1.77
lower	-0.02	1.68
underground	-0.02	1.33
levels	-0.02	1.57
megadeth	-0.02	1.29
swim	-0.02	1.64
jay	-0.02	1.60
mentally	-0.02	1.59
become	-0.02	1.92
club	-0.02	1.45
luke	-0.02	1.35
speech	-0.02	1.69
genuine	-0.02	1.51
zombie	-0.02	1.16
shins	-0.02	1.36
disease	-0.02	1.76
beautiful	-0.02	2.49
recognition	-0.02	1.79
modest	-0.01	1.32
lewis	-0.01	1.34
mask	-0.01	1.37
mj	-0.01	1.26
lungs	-0.01	1.54
sitting	-0.01	1.89
sudden	-0.01	1.63
humans	-0.01	1.88
miles	-0.01	1.66
sage	-0.01	1.46
business	-0.01	1.61
neutral	-0.01	1.25
primarily	-0.01	1.87
room	-0.01	1.87
report	-0.01	2.00
ma	-0.01	1.55
playing	-0.01	1.86
neck	-0.01	1.53
o	-0.01	1.52
down	-0.01	2.10
brain	-0.01	1.75
listeners	-0.01	1.75
though	-0.01	3.21
grammy	-0.01	1.62
rent	-0.01	1.97
ride	-0.01	1.43
kit	-0.01	1.38
bay	-0.01	1.52
thrift	-0.01	1.52
page	-0.01	1.93
hammer	-0.01	1.39
key	-0.01	1.53
redditor	-0.00	1.97
trio	-0.00	1.44
young	-0.00	1.43
steve	-0.00	1.35
value	-0.00	1.80
attack	-0.00	1.43
davis	-0.00	1.63
seat	-0.00	1.65
e.g	-0.00	1.22
fails	-0.00	1.83
tea	-0.00	1.44
grammys	-0.00	1.61
began	-0.00	2.01
picks	-0.00	1.45
lowest	-0.00	1.66
shots	-0.00	1.56
according	0.00	1.96
swans	0.00	1.40
stations	0.00	1.56
hip-hop	0.00	1.40
pay	0.00	1.80
flowers	0.00	1.40
allman	0.00	1.33
tech	0.00	1.26
metalcore	0.00	1.45
software	0.00	1.48
screen	0.00	1.54
prison	0.00	1.87
form	0.00	2.11
jeremy	0.01	1.26
self	0.01	1.47
staying	0.01	1.64
waters	0.01	1.61
older	0.01	1.75
today	0.01	1.84
constant	0.01	1.55
mode	0.01	1.36
chords	0.01	1.52
heat	0.01	1.42
assuming	0.01	4.32
gap	0.01	1.85
sticks	0.01	1.52
wanted	0.01	2.96
inner	0.01	1.30
pays	0.01	1.69
posting	0.01	2.10
1992	0.01	1.21
leg	0.01	1.77
immediately	0.01	2.14
views	0.01	2.04
detroit	0.01	1.38
catchy	0.01	1.46
massive	0.01	1.75
evolved	0.01	1.86
assumed	0.01	4.04
metallica	0.02	1.33
boy	0.02	1.33
board	0.02	1.56
seen	0.02	2.09
decision	0.02	2.42
equal	0.02	1.91
dynamic	0.02	1.61
works	0.02	1.97
drake	0.02	1.34
0	0.02	1.72
appreciation	0.02	1.81
benefit	0.02	2.02
ad	0.02	1.63
pictures	0.02	1.46
drum	0.02	1.31
pitch	0.02	1.27
ace	0.02	1.33
others	0.02	2.70
deserves	0.02	1.78
dolls	0.02	1.32
strings	0.02	1.43
holding	0.02	1.82
bump	0.03	1.76
search	0.03	1.77
hopes	0.03	1.73
tongue	0.03	1.57
clapton	0.03	1.35
american	0.03	1.47
gates	0.03	1.60
tonight	0.03	1.64
australia	0.03	2.09
sufjan	0.03	1.44
nominated	0.03	1.61
post-hardcore	0.03	1.46
jimmy	0.03	1.38
pickups	0.03	1.26
gets	0.03	1.67
wat	0.03	1.97
tupac	0.03	1.53
buckley	0.03	1.16
population	0.03	1.67
producing	0.03	1.86
horses	0.03	1.51
doctor	0.03	1.83
apartment	0.03	1.60
grey	0.03	1.43
folds	0.03	1.50
echo	0.03	1.43
sign	0.03	1.76
ireland	0.03	2.03
k	0.03	1.57
flood	0.03	1.57
milk	0.04	1.24
spending	0.04	1.96
chrome	0.04	1.69
safety	0.04	1.56
mick	0.04	1.34
river	0.04	1.42
buying	0.04	1.59
western	0.04	1.60
everyday	0.04	1.65
electric	0.04	1.43
du	0.04	1.48
stars	0.04	1.47
field	0.04	1.60
metal	0.04	1.46
drinking	0.04	1.47
twins	0.04	1.23
nights	0.04	1.52
def	0.04	1.31
biggie	0.04	1.57
stories	0.04	1.53
horns	0.05	1.37
bright	0.05	1.20
joy	0.05	1.37
windows	0.05	1.45
1975	0.05	1.61
mainly	0.05	1.78
hand	0.05	1.91
bowie	0.05	1.34
duh	0.05	1.94
wake	0.05	1.47
blocked	0.05	1.86
hotel	0.05	1.28
tuning	0.05	1.57
consumer	0.05	1.75
under	0.05	1.40
sampling	0.05	1.47
pablo	0.05	1.58
macklemore	0.05	1.54
illmatic	0.05	1.69
links	0.05	2.01
charlotte	0.05	1.36
moon	0.05	1.54
computer	0.05	1.24
uk	0.05	2.05
doors	0.05	1.38
pride	0.05	1.43
stoner	0.05	1.33
stevie	0.05	1.60
fame	0.05	1.78
earned	0.05	1.85
jamming	0.05	1.92
devices	0.05	1.61
porn	0.05	1.37
fired	0.05	1.67
basic	0.05	1.69
portishead	0.05	1.33
instruments	0.05	1.45
fm	0.05	1.57
technology	0.05	1.67
sample	0.05	1.39
creek	0.05	1.48
wild	0.06	1.79
true	0.06	3.81
press	0.06	1.80
ny	0.06	1.50
constantly	0.06	2.02
stores	0.06	1.60
los	0.06	1.36
alex	0.06	2.02
mccartney	0.06	1.21
particular	0.06	2.36
totally	0.06	2.75
float	0.06	1.39
irony	0.06	2.45
data	0.06	1.95
jumped	0.06	1.69
mexico	0.06	2.19
stevens	0.06	1.42
lips	0.06	1.57
npr	0.06	1.63
equipment	0.06	1.64
flames	0.06	1.39
culture	0.06	1.62
lion	0.06	1.29
mathers	0.06	1.41
keyboard	0.06	1.45
buffalo	0.06	1.35
disappointment	0.06	1.30
tokyo	0.06	1.42
nail	0.06	1.59
andre	0.07	1.39
disco	0.07	1.29
society	0.07	1.63
ya	0.07	2.31
pilots	0.07	1.16
dawn	0.07	1.65
blind	0.07	1.36
richard	0.07	1.37
doom	0.07	1.33
tales	0.07	1.31
last.fm	0.07	1.89
walking	0.07	1.81
hop	0.07	1.39
radar	0.07	1.49
division	0.07	1.59
fears	0.07	1.46
option	0.07	1.91
daily	0.07	1.70
chris	0.07	1.26
praise	0.07	1.68
deadmau5	0.07	1.52
below	0.07	1.87
pure	0.07	1.37
harrison	0.07	1.34
background	0.07	1.28
shot	0.07	1.84
ignored	0.07	1.52
melodies	0.07	1.31
flight	0.07	1.56
suits	0.07	1.46
hip	0.07	1.47
genre	0.07	1.65
outkast	0.07	1.53
pack	0.07	1.64
grown	0.07	1.67
larger	0.08	1.70
wu-tang	0.08	1.60
realised	0.08	2.78
drug	0.08	1.64
jersey	0.08	1.45
building	0.08	1.77
lean	0.08	1.64
feet	0.08	1.89
machine	0.08	1.29
once	0.08	2.20
nas	0.08	1.63
backing	0.08	1.33
95	0.08	1.46
roger	0.08	1.65
responses	0.08	2.31
shirts	0.08	1.38
skipped	0.08	1.39
verses	0.08	1.38
snarky	0.08	1.67
thrash	0.08	1.31
traditional	0.08	1.41
havent	0.08	2.16
backwards	0.08	1.82
facts	0.08	2.96
wave	0.08	1.37
human	0.08	1.66
repeated	0.08	1.51
hardcore	0.08	1.39
featuring	0.08	1.50
lou	0.08	1.29
wtf	0.09	2.04
away	0.09	2.15
walls	0.09	1.68
model	0.09	1.74
palmer	0.09	1.29
political	0.09	1.60
app	0.09	1.66
rolling	0.09	1.60
creation	0.09	1.74
royals	0.09	1.04
adult	0.09	1.33
saint	0.09	1.42
hometown	0.09	1.63
peart	0.09	1.33
automatically	0.09	1.76
onto	0.09	1.72
serve	0.09	1.59
face	0.09	1.39
mgmt	0.09	1.66
tall	0.09	1.53
royalty	0.09	1.62
stones	0.09	1.54
marshall	0.09	1.44
file	0.09	1.72
grand	0.09	1.50
active	0.09	1.41
opeth	0.09	1.30
phase	0.09	1.12
above	0.09	2.03
petty	0.09	1.53
universe	0.09	1.81
wings	0.09	1.18
label	0.09	1.65
realizing	0.10	2.53
born	0.10	1.22
remains	0.10	2.25
backup	0.10	1.29
figures	0.10	1.83
courtney	0.10	1.99
channels	0.10	1.60
spread	0.10	1.91
prog	0.10	1.34
deja	0.10	1.39
prodigy	0.10	1.38
chicks	0.10	1.37
facebook	0.10	2.00
extra	0.10	2.02
frame	0.10	1.71
recently	0.10	2.31
bed	0.10	1.94
exile	0.10	1.56
rhapsody	0.10	1.48
action	0.10	1.81
houses	0.10	1.47
seeds	0.10	1.66
extension	0.10	1.71
revenue	0.10	1.72
progressions	0.10	1.49
priest	0.10	1.39
aeroplane	0.10	1.20
fucking	0.10	2.35
collective	0.10	1.38
wu	0.10	1.62
sugar	0.11	1.23
phil	0.11	1.35
leaves	0.11	1.15
paint	0.11	1.53
folks	0.11	1.88
california	0.11	1.34
honorable	0.11	1.46
oddly	0.11	1.35
michigan	0.11	1.46
quality	0.11	1.64
numb	0.11	1.48
mirror	0.11	1.60
boards	0.11	1.62
experimental	0.11	1.34
web	0.11	1.71
master	0.11	1.39
meshuggah	0.11	1.29
drop	0.11	1.86
bits	0.11	1.45
wreck	0.11	1.46
at	0.11	2.02
rising	0.11	1.58
fusion	0.11	1.31
shadow	0.11	1.52
side	0.11	1.66
intensity	0.11	1.34
heavy	0.11	1.21
christ	0.11	1.57
heroin	0.11	1.40
fit	0.11	2.25
twitter	0.11	1.94
talked	0.11	2.18
molly	0.11	1.45
bird	0.11	1.45
clarity	0.12	1.56
roots	0.12	1.36
samples	0.12	1.28
anthem	0.12	1.24
tang	0.12	1.63
platform	0.12	1.74
captain	0.12	1.19
silver	0.12	1.42
rotation	0.12	1.73
camera	0.12	1.54
grabbed	0.12	1.67
reunion	0.12	1.90
waves	0.12	1.31
pandora	0.12	1.69
hardest	0.12	3.35
offense	0.12	2.19
england	0.12	1.87
independent	0.12	1.71
stage	0.12	1.66
idol	0.12	1.51
naked	0.12	1.51
ages	0.12	2.21
critical	0.12	1.70
technique	0.12	1.45
describing	0.12	2.83
bonham	0.12	1.31
greatly	0.12	1.90
breathing	0.12	1.78
combination	0.12	1.45
harris	0.12	1.54
flying	0.12	1.45
cases	0.12	2.02
hats	0.12	1.34
cowboy	0.12	1.27
addict	0.12	1.43
heaven	0.12	1.46
user	0.12	1.85
californication	0.12	1.19
battles	0.13	1.55
collab	0.13	2.29
drumming	0.13	1.29
pun	0.13	1.74
scroll	0.13	1.90
afterwards	0.13	1.89
sale	0.13	1.65
site	0.13	1.85
upload	0.13	1.92
sky	0.13	1.36
premium	0.13	1.74
goodbye	0.13	1.57
florence	0.13	1.42
purple	0.13	1.33
reed	0.13	1.31
men	0.13	1.27
output	0.13	1.54
hall	0.13	1.58
ended	0.13	1.99
following	0.13	1.87
structure	0.13	1.56
card	0.13	1.67
traveling	0.13	1.67
almost	0.13	2.02
brad	0.13	1.33
soon	0.13	2.43
torrent	0.13	1.75
zac	0.13	1.32
medium	0.13	1.69
treatment	0.13	1.82
playlists	0.13	1.88
legs	0.13	1.61
xx	0.13	1.38
animals	0.13	1.65
hero	0.13	1.34
sun	0.14	1.48
given	0.14	2.32
wilco	0.14	1.34
nico	0.14	1.35
velvet	0.14	1.35
websites	0.14	1.79
elton	0.14	1.10
dylan	0.14	1.41
freddie	0.14	1.31
pro	0.14	1.35
plane	0.14	1.44
design	0.14	1.47
flac	0.14	1.70
interests	0.14	2.04
barrett	0.14	1.71
explaining	0.14	3.07
rebel	0.14	1.39
evil	0.14	1.30
ads	0.14	1.67
rave	0.14	1.47
aerosmith	0.14	1.19
chest	0.14	1.68
brass	0.14	1.41
paid	0.14	1.75
vanilla	0.14	1.34
thunder	0.14	1.48
pants	0.14	1.35
angeles	0.14	1.38
service	0.14	1.75
aka	0.14	1.46
untitled	0.14	1.32
cutie	0.14	1.38
connected	0.15	1.64
youth	0.15	1.32
income	0.15	1.74
loaded	0.15	1.50
sites	0.15	1.79
chord	0.15	1.59
montreal	0.15	1.49
maiden	0.15	1.30
struggle	0.15	1.74
bedroom	0.15	1.63
roof	0.15	1.52
sex	0.15	1.36
t-shirt	0.15	1.41
choices	0.15	2.43
laughed	0.15	1.91
psychedelic	0.15	1.36
news	0.15	1.70
goat	0.15	1.41
tim	0.15	1.29
stream	0.15	1.74
steven	0.15	1.42
special	0.15	2.34
driving	0.15	1.50
roll	0.15	1.43
streaming	0.15	1.72
arcadium	0.15	1.19
boss	0.15	1.40
everytime	0.15	1.55
additional	0.15	1.78
beautifully	0.15	1.52
strength	0.15	1.56
sometime	0.15	2.43
smell	0.15	1.58
john	0.15	1.40
aesthetic	0.15	1.53
grips	0.15	1.39
flea	0.15	1.24
spotify	0.15	1.75
lollapalooza	0.15	1.92
robot	0.16	1.58
driven	0.16	1.38
flash	0.16	1.46
packed	0.16	1.55
starting	0.16	2.27
scientist	0.16	1.32
reign	0.16	1.47
driver	0.16	1.40
effort	0.16	1.80
cast	0.16	1.48
collins	0.16	1.33
bob	0.16	1.36
click	0.16	1.93
spot	0.16	2.39
sung	0.16	1.67
personal	0.16	2.49
skinny	0.16	1.29
reggae	0.16	1.37
organ	0.16	1.37
football	0.16	1.49
spend	0.16	2.10
button	0.16	1.83
team	0.16	1.57
elvis	0.16	1.30
concrete	0.16	1.71
rainbow	0.16	1.40
depressing	0.16	2.79
services	0.16	1.74
power	0.16	1.35
downward	0.16	1.15
hair	0.16	1.43
cocaine	0.16	1.40
florida	0.16	1.48
free	0.16	1.75
cab	0.16	1.37
created	0.16	1.75
lights	0.16	1.43
urban	0.16	1.42
amon	0.17	1.39
ocean	0.17	1.36
tab	0.17	1.85
individual	0.17	2.22
brubeck	0.17	1.64
internet	0.17	1.69
house	0.17	1.36
dinner	0.17	1.56
goats	0.17	1.38
bus	0.17	1.66
coltrane	0.17	1.60
frozen	0.17	1.61
pirate	0.17	1.70
net	0.17	1.84
google	0.17	1.78
butler	0.17	1.34
percentage	0.17	1.68
neon	0.17	1.43
greater	0.17	1.75
royalties	0.17	1.67
cycle	0.17	1.61
americans	0.17	1.86
pete	0.17	1.15
eagles	0.17	1.51
clouds	0.17	1.71
porcupine	0.17	1.48
frusciante	0.17	1.23
selling	0.17	1.89
blood	0.17	1.26
reasons	0.17	2.61
romantic	0.17	1.37
online	0.17	1.72
lift	0.17	1.54
thoughts	0.17	2.02
baseball	0.17	1.44
zeppelin	0.17	1.43
herself	0.17	2.38
soundcloud	0.17	1.86
store	0.17	1.57
trumpet	0.17	1.49
files	0.17	1.65
pitchfork	0.17	1.85
biggest	0.17	3.48
hugely	0.17	1.85
tie	0.17	1.59
rape	0.17	1.62
pot	0.18	1.36
mp3	0.18	1.70
gray	0.18	1.36
church	0.18	1.36
parody	0.18	1.49
les	0.18	1.32
niche	0.18	1.63
function	0.18	1.74
ghost	0.18	1.30
moves	0.18	1.47
replying	0.18	2.56
thrown	0.18	1.43
entendu	0.18	1.27
fear	0.18	1.53
comfortably	0.18	1.63
quarter	0.18	1.45
antlers	0.18	1.33
daniel	0.18	1.50
youtube	0.18	1.81
clothes	0.18	1.34
michael	0.18	1.07
rob	0.18	1.04
matthews	0.18	1.38
shows	0.18	2.26
appears	0.18	2.11
glasses	0.18	1.41
choice	0.18	2.51
relationships	0.18	1.78
add	0.18	2.52
lonerism	0.18	1.33
alive	0.18	1.69
ted	0.18	1.27
rocked	0.18	1.20
european	0.18	1.73
neil	0.18	1.35
coming	0.18	2.43
keeps	0.18	1.90
street	0.18	1.54
kinks	0.18	1.38
situations	0.18	1.87
judas	0.18	1.40
edm	0.18	1.49
season	0.18	1.39
depth	0.18	1.54
got	0.18	2.27
reading	0.18	2.70
woodstock	0.18	1.53
shoes	0.18	1.42
cold	0.18	1.33
sadness	0.18	1.18
moment	0.18	1.89
fyi	0.19	1.53
update	0.19	2.01
narrow	0.19	1.92
shorter	0.19	1.78
worship	0.19	1.62
dark	0.19	1.38
tours	0.19	1.97
award	0.19	1.64
thriller	0.19	1.13
analog	0.19	1.61
beat	0.19	1.27
randomly	0.19	2.01
foot	0.19	1.68
crimes	0.19	1.74
discovering	0.19	1.90
yellow	0.19	1.26
waits	0.19	1.33
bonnaroo	0.19	1.90
childish	0.19	1.51
purchase	0.19	1.69
trip	0.19	1.59
shoulder	0.19	1.70
wikipedia	0.19	2.13
80s	0.19	1.38
writing	0.19	1.75
tap	0.19	1.57
dispute	0.19	1.53
jobs	0.19	1.89
tear	0.19	1.79
blend	0.19	1.56
valley	0.19	1.41
iron	0.20	1.34
ie	0.20	1.55
walked	0.20	1.74
hidden	0.20	1.56
floyd	0.20	1.68
washed	0.20	1.37
water	0.20	1.26
georgia	0.20	1.44
theater	0.20	1.41
open	0.20	1.44
decline	0.20	1.65
format	0.20	1.76
camp	0.20	1.50
lost	0.20	1.36
babies	0.20	1.78
mile	0.20	1.66
incorrect	0.20	4.26
empty	0.20	1.56
kenny	0.20	1.31
julian	0.20	0.96
pump	0.20	1.67
blog	0.20	1.97
irrelevant	0.20	2.90
jacket	0.20	1.34
african	0.20	1.61
bass	0.20	1.36
led	0.20	1.43
space	0.20	1.53
heart	0.20	1.67
preferred	0.20	1.75
dollar	0.20	1.86
leads	0.20	1.32
shirt	0.20	1.38
bandcamp	0.20	1.80
3000	0.20	1.45
bungle	0.20	1.33
dates	0.21	1.98
hmmm	0.21	1.47
aesop	0.21	1.43
skynyrd	0.21	1.21
wilson	0.21	1.36
author	0.21	2.17
york	0.21	1.47
hunter	0.21	1.41
shelter	0.21	1.38
de	0.21	1.37
kevin	0.21	1.31
downtown	0.21	1.50
tips	0.21	1.95
beard	0.21	1.74
dc	0.21	1.48
banjo	0.21	1.51
damien	0.21	1.38
pink	0.21	1.69
coachella	0.21	1.90
demarco	0.21	1.46
lotus	0.21	1.32
depending	0.21	2.14
possibility	0.21	2.56
lover	0.21	1.68
rain	0.21	1.30
pointed	0.21	2.28
flip	0.21	1.69
destruction	0.21	1.26
available	0.21	1.77
downloads	0.21	1.71
freestyle	0.21	1.37
feature	0.21	1.77
skip	0.21	2.15
story	0.21	1.84
download	0.22	1.71
highway	0.22	1.53
drops	0.22	1.39
harry	0.22	1.64
bach	0.22	1.38
industrial	0.22	1.28
demographic	0.22	1.54
coincidence	0.22	2.41
blunt	0.22	1.27
en	0.22	1.40
sinatra	0.22	1.46
humanity	0.22	1.64
melody	0.22	1.49
eminem	0.22	1.47
rubber	0.22	1.24
tools	0.22	1.51
se	0.22	1.47
wearing	0.22	1.36
arm	0.22	1.73
burial	0.22	1.44
exchange	0.23	1.90
influence	0.23	1.77
albert	0.23	1.47
m83	0.23	1.53
current	0.23	1.91
coke	0.23	1.44
sales	0.23	1.76
itunes	0.23	1.68
criticism	0.23	2.55
color	0.23	1.45
asian	0.23	1.51
deeper	0.23	1.80
kills	0.23	1.23
term	0.23	2.44
salad	0.23	1.41
cake	0.23	1.45
gilmour	0.23	1.64
lonely	0.23	1.28
adds	0.23	1.63
appearance	0.23	1.83
lay	0.23	1.66
target	0.23	1.62
royal	0.23	1.49
ellie	0.23	1.61
website	0.23	1.91
sources	0.23	2.12
profile	0.23	1.93
melancholy	0.23	3.00
frequently	0.23	1.89
drugs	0.23	1.48
floating	0.23	1.37
research	0.23	1.99
meddle	0.23	1.70
explore	0.23	2.31
gig	0.23	1.98
artistic	0.23	1.71
dressed	0.23	1.23
elaborate	0.23	2.28
brian	0.23	1.35
shady	0.23	1.50
berry	0.23	1.36
hire	0.24	1.65
input	0.24	1.94
holds	0.24	1.68
jungle	0.24	1.29
wear	0.24	1.36
ryan	0.24	1.37
cloud	0.24	1.67
note	0.24	1.60
meet	0.24	2.66
per	0.24	1.71
candy	0.24	1.32
read	0.24	2.13
teach	0.24	2.18
unpopular	0.24	2.04
violin	0.24	1.52
ye	0.24	1.57
diamonds	0.24	1.38
british	0.24	1.45
them	0.24	2.23
peppers	0.24	1.17
arms	0.24	1.74
simultaneously	0.24	1.78
jazz	0.24	1.40
wears	0.24	1.37
crossed	0.24	1.75
jeans	0.24	1.35
closed	0.25	1.43
teen	0.25	1.23
danger	0.25	1.20
competition	0.25	1.58
manson	0.25	0.94
carried	0.25	1.66
mastodon	0.25	1.34
electronic	0.25	1.38
lennon	0.25	1.51
burn	0.25	2.06
feed	0.25	2.00
townsend	0.25	1.54
knight	0.25	1.56
gives	0.25	1.62
aspects	0.25	1.86
spiral	0.25	1.17
hospice	0.25	1.20
quick	0.25	2.22
2010	0.25	1.86
chicago	0.25	1.53
minus	0.25	1.28
project	0.25	1.60
reviews	0.25	1.80
portland	0.25	1.52
passenger	0.25	1.14
smashing	0.25	0.85
chili	0.25	1.18
account	0.25	1.93
classics	0.25	2.06
officially	0.25	2.08
bucket	0.25	1.47
survive	0.25	1.50
before	0.26	2.27
riding	0.26	1.41
garth	0.26	1.32
planned	0.26	1.98
access	0.26	1.60
wall	0.26	1.68
large	0.26	1.66
wore	0.26	1.33
demon	0.26	1.42
digital	0.26	1.69
slide	0.26	1.50
lyrics	0.26	1.48
summertime	0.26	1.21
information	0.26	2.21
host	0.26	1.59
speed	0.26	1.37
options	0.26	2.31
inside	0.26	1.56
offer	0.26	2.07
eric	0.26	1.38
heartbreak	0.26	1.34
lane	0.26	1.29
craft	0.26	1.69
prefer	0.26	1.89
body	0.26	1.65
incredibly	0.26	1.86
ring	0.26	1.54
aged	0.26	1.39
wiki	0.26	2.04
post-rock	0.26	1.33
spirit	0.26	1.41
pumpkins	0.26	0.85
previously	0.26	2.20
contemporary	0.26	1.52
zep	0.26	1.43
university	0.26	1.55
lupe	0.26	1.32
wonders	0.26	1.82
shift	0.27	1.74
television	0.27	1.49
ridiculously	0.27	1.86
review	0.27	1.98
knocked	0.27	1.48
signed	0.27	1.64
eno	0.27	1.40
teenage	0.27	1.27
kanye	0.27	1.35
mob	0.27	1.32
alcohol	0.27	1.41
fanbase	0.27	1.67
funk	0.27	1.26
yea	0.27	2.13
fields	0.27	1.42
paris	0.27	1.52
metric	0.27	1.60
hence	0.27	2.53
country	0.27	1.25
ive	0.27	2.17
alarm	0.27	1.46
rhythm	0.27	1.42
west	0.27	1.35
gambino	0.28	1.50
buckethead	0.28	1.37
considered	0.28	2.01
vancouver	0.28	1.62
diamond	0.28	1.43
lead	0.28	1.35
arguably	0.28	3.42
means	0.28	4.01
ft	0.28	1.26
production	0.28	1.60
sports	0.28	1.52
answered	0.28	2.48
mickey	0.28	1.58
daisy	0.28	1.69
hat	0.28	1.35
required	0.28	1.91
fiction	0.28	1.52
include	0.28	2.43
core	0.28	1.46
comfort	0.28	1.56
etc	0.28	1.55
techno	0.28	1.30
response	0.28	2.55
channel	0.28	1.59
crack	0.28	1.39
amazon	0.28	1.65
physical	0.28	1.69
bottom	0.29	1.99
debussy	0.29	1.44
brown	0.29	1.39
source	0.29	2.20
wolf	0.29	1.45
knowledge	0.29	1.67
plot	0.29	1.53
musical	0.29	1.76
replaced	0.29	1.53
foxes	0.29	1.31
mos	0.29	1.37
points	0.29	2.69
marilyn	0.29	0.96
cents	0.29	1.75
piano	0.29	1.48
dilla	0.29	1.23
trailer	0.29	1.38
tour	0.29	1.91
weapon	0.29	1.60
chuck	0.29	1.37
pendulum	0.29	1.37
finished	0.29	1.44
article	0.29	2.24
alot	0.29	2.12
progressive	0.29	1.30
ninja	0.29	1.53
knights	0.29	1.42
queen	0.30	1.50
presence	0.30	2.56
by	0.30	1.36
old	0.30	1.87
creator	0.30	1.43
beers	0.30	1.47
kate	0.30	1.46
adams	0.30	1.52
david	0.30	1.31
headed	0.30	1.21
playlist	0.30	1.91
learning	0.30	1.83
blonde	0.30	1.39
awake	0.30	1.64
mountain	0.30	1.41
worth	0.30	1.84
planning	0.30	2.26
island	0.30	1.40
volta	0.30	1.25
gravity	0.30	1.38
logo	0.30	1.61
salt	0.30	1.36
voices	0.30	1.39
pt	0.30	1.35
dammit	0.30	2.30
plays	0.30	1.58
dub	0.30	1.38
mars	0.30	1.30
entry	0.30	1.81
art	0.30	1.74
remain	0.30	1.58
terms	0.30	1.59
magazine	0.31	1.73
lifestyle	0.31	1.54
image	0.31	1.53
saving	0.31	1.53
bold	0.31	2.02
1979	0.31	1.23
drive	0.31	1.46
sea	0.31	1.30
glory	0.31	1.38
ringo	0.31	1.28
70s	0.31	1.38
earl	0.31	1.43
elliott	0.31	1.26
finest	0.31	3.18
bohemian	0.31	1.42
lsd	0.31	1.43
yours	0.31	2.29
mogwai	0.31	1.63
miller	0.31	1.56
greats	0.31	1.72
rhyme	0.31	1.60
fitting	0.31	2.05
indian	0.31	1.56
creating	0.31	1.88
there	0.32	2.83
received	0.32	1.75
memorable	0.32	3.00
text	0.32	1.90
mixing	0.32	1.58
stairway	0.32	1.42
nashville	0.32	1.48
francisco	0.32	1.45
gojira	0.32	1.35
ozzy	0.32	1.24
expectations	0.32	1.65
tyler	0.32	1.45
left	0.32	2.09
tommy	0.32	1.24
shivers	0.32	1.56
overall	0.32	1.66
alabama	0.32	1.25
cultural	0.32	1.73
dollars	0.32	1.84
kraftwerk	0.32	1.50
replied	0.32	2.52
king	0.32	1.36
duke	0.32	1.53
signing	0.32	1.74
belt	0.32	1.41
painting	0.32	1.67
protest	0.32	1.45
sunshine	0.32	1.42
dubstep	0.32	1.40
claypool	0.32	1.30
train	0.32	1.42
truck	0.32	1.46
charlie	0.32	1.61
creativity	0.33	1.53
comment	0.33	2.49
elements	0.33	1.43
emotional	0.33	1.57
math	0.33	1.36
favourites	0.33	3.41
context	0.33	3.16
brooklyn	0.33	1.50
cried	0.33	1.88
marley	0.33	1.45
witness	0.33	1.61
deleted	0.33	2.36
recording	0.33	1.59
pepper	0.33	1.25
far	0.33	2.85
vegas	0.33	1.52
irish	0.33	1.33
ok	0.33	2.16
toronto	0.33	1.56
follows	0.33	1.51
careful	0.33	1.76
twice	0.33	1.95
actual	0.33	2.17
sheer	0.33	1.49
request	0.33	2.03
explosions	0.33	1.48
theirs	0.34	3.29
style	0.34	1.55
amounts	0.34	1.50
bee	0.34	1.61
fresh	0.34	1.26
twilight	0.34	1.42
olds	0.34	1.47
secrets	0.34	1.65
23	0.34	1.77
chinese	0.34	1.58
saw	0.34	1.77
suicide	0.34	2.05
confirm	0.34	1.61
silent	0.34	1.43
400	0.34	1.73
blank	0.34	1.54
downloading	0.34	1.71
orleans	0.34	1.42
36	0.34	1.60
slower	0.34	1.41
process	0.35	1.87
revival	0.35	1.39
90	0.35	1.37
arrangement	0.35	1.43
avenue	0.35	1.48
signature	0.35	1.42
pieces	0.35	1.39
differences	0.35	1.94
dj	0.35	1.41
steely	0.35	1.51
rapper	0.35	1.51
pittsburgh	0.35	1.54
checked	0.35	2.03
riffs	0.35	1.29
balance	0.35	1.38
gabriel	0.35	1.31
gwar	0.35	1.25
quote	0.35	2.41
tone	0.35	1.21
san	0.35	1.48
dive	0.35	1.65
reached	0.36	1.89
ferrell	0.36	1.36
question	0.36	2.91
peak	0.36	1.73
alley	0.36	1.53
abilities	0.36	1.44
perform	0.36	2.02
super	0.36	1.77
fest	0.36	1.79
practically	0.36	1.80
roses	0.36	1.19
tension	0.36	1.49
experiences	0.36	1.89
distance	0.36	1.68
nostalgia	0.36	1.46
favourite	0.36	3.37
austin	0.36	1.60
accepted	0.36	1.63
book	0.36	1.73
dallas	0.36	1.63
ideas	0.36	1.77
teens	0.36	1.29
ty	0.36	1.75
interviews	0.36	1.57
acts	0.36	1.99
blows	0.36	1.29
network	0.36	1.45
provide	0.36	2.38
djs	0.36	1.58
leaders	0.36	1.40
dragon	0.36	1.52
wondering	0.36	2.76
fever	0.36	1.33
breakdown	0.36	1.34
sunny	0.36	1.42
p	0.36	2.07
shown	0.36	1.62
worldwide	0.37	1.84
classical	0.37	1.38
charles	0.37	1.59
player	0.37	1.59
beats	0.37	1.23
xd	0.37	2.08
gnr	0.37	1.19
appealing	0.37	1.51
ccr	0.37	1.57
initial	0.37	2.24
sweat	0.37	1.44
women	0.37	1.45
understanding	0.37	2.04
influences	0.37	1.62
trees	0.37	1.44
harmony	0.37	1.35
devin	0.37	1.59
advice	0.37	2.55
islands	0.37	1.38
level	0.37	1.59
shine	0.37	1.60
nearly	0.37	2.01
commercials	0.37	1.54
forth	0.37	1.76
collaboration	0.37	2.23
shortly	0.37	1.93
philly	0.37	1.58
mute	0.37	1.42
became	0.37	1.76
influenced	0.37	1.48
dog	0.37	1.42
mozart	0.37	1.40
melon	0.37	1.02
remember	0.37	3.03
alien	0.37	1.28
bringing	0.38	2.08
ohio	0.38	1.41
hook	0.38	1.38
bottoms	0.38	1.63
minneapolis	0.38	1.58
one	0.38	3.20
complexity	0.38	1.50
alan	0.38	1.32
thief	0.38	1.37
mastering	0.38	1.59
breaks	0.38	1.38
kendrick	0.38	1.47
held	0.38	1.83
edge	0.38	1.71
revolver	0.38	1.25
killed	0.38	1.93
rank	0.38	2.79
hill	0.38	1.12
studios	0.38	1.56
masters	0.38	1.68
heh	0.38	2.12
moonlight	0.38	1.37
warped	0.38	1.81
joint	0.39	1.43
waltz	0.39	1.20
slip	0.39	1.27
magic	0.39	1.35
accidentally	0.39	1.92
accent	0.39	1.73
spine	0.39	1.43
atlanta	0.39	1.61
stoned	0.39	1.43
jr	0.39	1.20
articles	0.39	1.99
cds	0.39	1.67
training	0.39	1.72
guns	0.39	1.20
22	0.39	1.76
bone	0.39	1.27
tears	0.39	1.59
mtv	0.39	1.43
mind	0.39	2.02
originally	0.39	2.21
henry	0.39	1.45
smith	0.39	1.50
mature	0.39	1.51
toured	0.39	1.84
unlikely	0.39	1.74
picked	0.39	1.90
feedback	0.39	1.97
native	0.40	1.80
iv	0.40	1.46
huge	0.40	2.16
andrew	0.40	1.68
circles	0.40	1.40
picture	0.40	1.60
attractive	0.40	1.31
instrument	0.40	1.60
danny	0.40	1.50
bucks	0.40	1.81
fits	0.40	1.81
comes	0.40	1.85
books	0.40	1.69
mobile	0.40	1.87
touching	0.40	1.44
70	0.40	1.46
composed	0.40	1.44
sold	0.40	1.78
sang	0.40	1.65
summer	0.40	1.62
ladies	0.40	1.32
napster	0.40	1.81
begins	0.40	1.28
stephen	0.40	1.44
bowl	0.40	1.39
gim	0.40	1.62
turns	0.40	1.54
ben	0.40	1.57
hired	0.40	1.47
warren	0.40	1.37
parker	0.40	1.53
mountains	0.40	1.46
morning	0.40	1.48
environment	0.40	1.54
blast	0.41	1.29
electro	0.41	1.31
range	0.41	1.62
fan	0.41	2.45
equivalent	0.41	1.73
symphony	0.41	1.36
poster	0.41	1.64
rice	0.41	1.46
syd	0.41	1.63
emotionally	0.41	1.44
highest	0.41	1.90
sf	0.41	1.55
hug	0.41	2.00
guitar	0.41	1.49
dress	0.41	1.32
n	0.41	1.27
crystal	0.41	1.41
drawn	0.41	1.48
offered	0.41	1.93
combined	0.41	1.43
hiphop	0.41	1.40
themes	0.41	1.49
hanging	0.41	1.90
talent	0.41	1.54
eyes	0.41	1.44
jackson	0.41	1.29
addicted	0.41	1.38
beatles	0.41	1.29
developed	0.42	1.86
10,000	0.42	1.40
stranger	0.42	1.54
duo	0.42	1.52
george	0.42	1.22
linked	0.42	2.10
orchestra	0.42	1.44
traffic	0.42	1.39
feat	0.42	1.31
st	0.42	1.31
goosebumps	0.42	1.60
nostalgic	0.42	2.92
handed	0.42	1.76
faith	0.42	1.62
vein	0.42	1.61
bells	0.42	1.52
purchased	0.42	1.65
recommendations	0.43	2.37
2013	0.43	1.75
thousand	0.43	1.61
vision	0.43	1.53
runaway	0.43	1.34
zombies	0.43	1.50
immortal	0.43	1.29
cudi	0.43	1.47
aid	0.43	1.51
through	0.43	1.91
skill	0.43	1.58
focused	0.43	1.67
cross	0.43	1.49
kicks	0.43	1.22
put	0.43	2.48
after	0.43	1.96
lately	0.43	1.88
legacy	0.43	1.49
kids	0.43	1.61
ii	0.43	1.47
saxophone	0.43	1.60
parts	0.43	1.74
2011	0.43	1.77
defined	0.43	1.70
twisted	0.44	1.40
00	0.44	1.39
hearts	0.44	1.33
message	0.44	1.50
toxic	0.44	1.32
common	0.44	1.69
generation	0.44	1.54
hot	0.44	1.16
winter	0.44	1.20
instant	0.44	1.36
progression	0.44	1.55
hit	0.44	2.32
represents	0.44	1.36
announced	0.44	1.83
omg	0.44	1.85
waited	0.44	1.79
pops	0.44	1.69
meaning	0.44	2.39
evolution	0.44	1.72
filled	0.44	1.27
deeply	0.45	1.44
ap	0.45	1.53
sgt	0.45	1.25
downloaded	0.45	1.61
french	0.45	1.63
committed	0.45	1.99
switched	0.45	1.87
itself	0.45	2.20
zero	0.45	1.61
car	0.45	1.54
lineup	0.45	1.71
riot	0.45	1.36
sax	0.45	1.48
battle	0.45	1.45
2008	0.45	1.76
gear	0.45	1.49
harmonies	0.45	1.30
lyrical	0.45	1.51
300	0.45	1.70
kansas	0.45	1.33
techniques	0.45	1.68
skye	0.45	1.36
abbey	0.45	1.31
japanese	0.45	1.73
fiasco	0.45	1.26
contrast	0.45	1.59
longest	0.45	1.90
photos	0.45	1.36
roy	0.45	1.27
dogg	0.45	1.42
private	0.45	1.64
lamar	0.46	1.45
complicated	0.46	1.52
description	0.46	2.50
killing	0.46	1.84
nyc	0.46	1.53
thicke	0.46	1.26
sand	0.46	1.20
copies	0.46	1.73
seven	0.46	1.53
chick	0.46	1.49
chambers	0.46	1.59
worked	0.46	1.85
atmosphere	0.46	1.13
chorus	0.46	1.40
swedish	0.46	1.66
dan	0.46	1.33
buck	0.46	1.38
songwriting	0.46	1.53
basement	0.46	1.53
mashup	0.46	1.24
asked	0.46	2.97
nick	0.46	1.30
info	0.46	2.15
farm	0.46	1.36
oblivion	0.46	1.60
postal	0.46	1.38
500	0.46	1.75
jones	0.46	1.17
wet	0.46	1.19
check	0.47	2.49
omar	0.47	1.35
plans	0.47	2.29
explanation	0.47	2.93
hype	0.47	1.58
origin	0.47	1.14
degrees	0.47	1.67
pm	0.47	2.56
siamese	0.47	0.93
messages	0.47	1.65
million	0.47	1.80
least	0.47	2.48
hell	0.47	2.68
jeff	0.47	1.34
fell	0.47	1.66
images	0.47	1.51
frontman	0.47	1.35
apologize	0.47	3.25
seasons	0.47	1.42
flume	0.47	1.42
lyricism	0.47	1.46
yup	0.47	2.23
august	0.47	1.59
regard	0.47	1.96
tattoo	0.47	1.72
lmao	0.48	2.29
shuffle	0.48	1.47
spanish	0.48	1.81
phrase	0.48	2.52
all-time	0.48	3.36
wise	0.48	1.54
always	0.48	2.31
deaf	0.48	2.61
insight	0.48	2.13
mid	0.48	1.34
copy	0.48	1.67
instantly	0.48	1.84
nine	0.48	1.12
died	0.48	1.91
sarcasm	0.48	2.51
provided	0.49	2.33
equally	0.49	1.87
ghosts	0.49	1.11
comic	0.49	1.58
snow	0.49	1.31
broken	0.49	1.74
star	0.49	1.45
cuts	0.49	1.43
cute	0.49	1.40
cole	0.49	1.45
eh	0.49	2.64
allen	0.49	1.38
1994	0.49	1.32
nin	0.49	1.16
inch	0.49	1.12
established	0.49	1.69
steady	0.49	1.49
era	0.49	1.45
subtle	0.49	1.78
importantly	0.49	1.79
schoolboy	0.49	1.45
solos	0.49	1.37
bros	0.49	1.31
impact	0.49	1.83
sarah	0.49	1.50
1000	0.49	1.75
heights	0.49	1.56
q	0.49	1.48
she	0.50	2.80
built	0.50	1.53
sara	0.50	1.84
ultimate	0.50	1.31
soul	0.50	1.28
manager	0.50	1.52
composition	0.50	1.51
require	0.50	1.86
adam	0.50	1.14
golden	0.50	1.53
poetry	0.50	1.76
netflix	0.50	1.59
significant	0.50	1.96
element	0.50	1.60
photo	0.50	1.53
digging	0.50	2.24
improved	0.50	1.90
nails	0.50	1.15
send	0.50	2.20
closely	0.50	1.47
rappers	0.50	1.72
yesterday	0.51	1.74
bizarre	0.51	1.37
link	0.51	2.31
jurassic	0.51	1.21
nsfw	0.51	1.76
yeezus	0.51	1.40
studying	0.51	1.59
air	0.51	1.59
applies	0.51	2.93
90s	0.51	1.46
crimson	0.51	1.43
lake	0.51	1.40
world	0.51	1.95
hmm	0.52	2.42
horn	0.52	1.43
60s	0.52	1.46
2014	0.52	1.83
leader	0.52	1.51
male	0.52	1.40
year	0.52	1.78
trigger	0.52	1.54
phish	0.52	1.46
peoples	0.52	2.04
creates	0.52	1.25
difficult	0.52	2.36
timing	0.52	1.51
editing	0.52	1.77
critics	0.52	1.86
jordan	0.52	1.54
beethoven	0.53	1.37
gavin	0.53	1.84
exclusive	0.53	1.67
called	0.53	1.87
dance	0.53	1.42
code	0.53	2.14
vinyl	0.53	1.67
union	0.53	1.52
enter	0.53	1.63
genesis	0.53	1.43
charts	0.53	2.07
vocal	0.53	1.38
21st	0.53	1.30
via	0.53	1.77
limited	0.53	1.74
moore	0.53	1.75
requires	0.53	1.69
woke	0.53	1.75
orange	0.53	1.38
60	0.53	1.54
tv	0.53	1.52
gkmc	0.54	1.58
london	0.54	1.61
billie	0.54	1.25
favorite	0.54	3.30
searched	0.54	1.80
end	0.54	1.64
faces	0.54	1.45
skrillex	0.54	2.06
smells	0.54	1.31
horror	0.54	1.16
engineer	0.54	1.56
back	0.54	2.00
list	0.54	2.57
superior	0.54	1.73
fourth	0.54	1.50
turned	0.54	1.86
cambria	0.55	1.46
watching	0.55	1.84
200	0.55	1.77
spring	0.55	1.38
listing	0.55	2.09
practice	0.55	1.83
tag	0.55	2.06
box	0.55	1.51
base	0.55	1.67
angel	0.55	1.44
checking	0.55	2.31
study	0.55	1.75
singer	0.55	1.45
1989	0.55	1.43
willie	0.55	1.16
vice	0.55	1.51
guest	0.55	1.54
imagery	0.55	1.56
billion	0.55	1.80
marvin	0.55	1.53
road	0.55	1.33
played	0.56	1.79
lot	0.56	2.26
suggestions	0.56	2.33
drives	0.56	1.28
scenes	0.56	1.50
clicked	0.56	2.06
millions	0.56	1.83
carter	0.56	1.33
cd	0.56	1.67
numbers	0.56	1.80
dropout	0.56	1.40
direct	0.56	2.33
gaye	0.56	1.54
primary	0.56	1.74
thomas	0.56	1.19
tool	0.56	1.22
growing	0.57	1.62
leading	0.57	1.48
huh	0.57	2.35
broad	0.57	1.87
amount	0.57	1.63
16	0.57	1.70
late	0.57	1.37
glitch	0.57	1.39
pic	0.57	1.70
slash	0.57	1.25
bonobo	0.57	1.42
players	0.57	1.56
min	0.58	1.71
documentary	0.58	1.61
number	0.58	2.14
piece	0.58	1.46
chat	0.58	2.27
letter	0.58	2.07
behind	0.58	2.05
instrumentation	0.58	1.41
billy	0.58	1.12
journey	0.58	1.71
videos	0.58	1.56
next	0.58	2.08
matt	0.58	1.50
party	0.58	1.16
mary	0.58	1.36
coheed	0.58	1.47
2000s	0.58	1.42
pigs	0.58	1.49
mystery	0.58	1.35
vocalist	0.58	1.40
show	0.59	1.82
50	0.59	1.71
tull	0.59	1.43
diversity	0.59	1.57
artwork	0.59	1.64
jethro	0.59	1.43
science	0.59	1.57
dropping	0.59	1.58
parties	0.59	1.51
2nd	0.59	1.73
apparent	0.59	1.84
accident	0.59	1.89
movement	0.59	1.43
characters	0.59	1.55
21	0.59	1.64
miami	0.59	1.37
clark	0.60	1.79
composers	0.60	1.45
et	0.60	1.37
2012	0.60	1.70
forms	0.60	1.76
verse	0.60	1.47
lines	0.60	1.49
future	0.60	2.22
fixed	0.60	4.27
chvrches	0.60	1.55
roughly	0.60	1.81
halloween	0.60	1.11
day	0.60	1.59
trap	0.60	1.30
repeat	0.60	1.79
lyric	0.60	1.93
2001	0.60	1.53
colors	0.60	1.47
1991	0.60	1.51
holy	0.61	2.41
motion	0.61	1.27
role	0.61	1.71
mc	0.61	1.35
eve	0.61	1.40
triple	0.61	1.52
across	0.61	1.68
brand	0.61	1.37
1997	0.61	1.47
over	0.61	1.75
double	0.61	1.72
remix	0.61	1.49
producers	0.61	1.61
2009	0.62	1.74
line	0.62	2.06
hiatus	0.62	1.74
name	0.62	2.59
surprisingly	0.62	1.54
degree	0.62	1.58
early	0.62	1.34
missed	0.62	2.32
contact	0.62	1.98
character	0.62	1.48
month	0.62	1.85
split	0.62	1.62
upvote	0.62	2.02
sessions	0.63	1.58
thousands	0.63	1.88
changes	0.63	1.65
another	0.63	2.40
2007	0.63	1.68
junior	0.63	1.34
26	0.63	1.62
reply	0.63	2.73
vincent	0.63	1.39
burned	0.63	1.51
goddamn	0.63	1.70
powerful	0.63	2.31
patrick	0.63	1.34
conscious	0.63	1.52
stan	0.63	1.59
um	0.64	2.40
minutes	0.64	1.86
fantasy	0.64	1.36
oops	0.64	3.43
damon	0.64	2.13
2006	0.64	1.74
iii	0.64	1.33
weeks	0.64	1.89
17	0.64	1.71
chart	0.64	2.16
2002	0.64	1.68
drummer	0.64	1.52
uh	0.64	2.39
profound	0.64	1.46
transition	0.64	1.42
op	0.64	2.65
birth	0.65	1.87
circa	0.65	1.51
lyrically	0.65	1.70
together	0.65	2.12
drove	0.65	1.67
years	0.65	1.87
howard	0.65	1.29
boston	0.65	1.48
covered	0.65	1.58
stumbled	0.65	1.89
10/10	0.65	1.60
liquid	0.65	1.57
builds	0.65	1.29
lounge	0.65	1.39
jukebox	0.65	1.36
majority	0.65	1.83
starts	0.65	1.40
pls	0.65	2.22
five	0.65	1.58
andy	0.65	1.57
dang	0.65	2.12
library	0.65	1.67
snoop	0.65	1.74
spoke	0.66	2.03
insanely	0.66	1.79
hours	0.66	1.89
century	0.66	1.28
caught	0.66	1.73
spent	0.66	1.85
pocket	0.66	1.44
bought	0.66	1.61
billboard	0.66	2.10
comedy	0.66	1.56
german	0.66	1.80
daft	0.66	1.33
dancer	0.66	1.53
2015	0.66	2.03
encore	0.66	1.51
video	0.66	1.53
forest	0.66	1.41
questions	0.66	2.61
clip	0.66	1.55
marriage	0.66	2.15
max	0.66	2.10
1998	0.66	1.54
ripped	0.66	1.35
meth	0.66	1.34
education	0.67	1.71
development	0.67	1.77
red	0.67	1.25
ms	0.67	1.71
santa	0.67	1.35
clips	0.67	1.58
19	0.67	1.71
tape	0.67	1.64
hurt	0.67	1.42
identical	0.67	1.55
newer	0.67	1.80
nujabes	0.67	1.29
2005	0.68	1.71
dedicated	0.68	1.67
14	0.68	1.71
method	0.68	1.55
27	0.68	1.69
18	0.68	1.71
your	0.68	2.12
group	0.68	1.76
generations	0.68	1.74
january	0.68	1.58
email	0.68	2.12
jane	0.68	1.41
studio	0.68	1.63
cohen	0.69	1.31
australian	0.69	1.53
similarities	0.69	1.89
tempo	0.69	1.26
ol	0.69	1.35
hour	0.69	1.82
moments	0.69	1.86
nonetheless	0.69	1.87
suite	0.69	1.44
valid	0.69	3.76
night	0.69	1.55
period	0.69	1.79
deep	0.69	1.28
added	0.69	2.19
days	0.69	1.76
spectrum	0.69	1.82
halfway	0.69	1.46
rated	0.69	1.77
ago	0.69	1.86
student	0.70	1.62
headline	0.70	1.96
forward	0.70	2.22
uplifting	0.70	2.73
suggestion	0.70	2.59
portugal	0.70	1.41
yay	0.70	1.86
seconds	0.70	1.80
100	0.70	1.95
greg	0.71	1.34
lol	0.71	2.36
craig	0.71	1.52
crush	0.71	1.35
high	0.71	1.53
1996	0.71	1.45
vol	0.71	1.47
unknown	0.71	1.76
murdered	0.71	2.15
sending	0.71	1.95
fix	0.71	3.31
busy	0.71	1.71
former	0.71	1.58
otis	0.71	1.60
genres	0.71	1.82
answering	0.71	2.58
mr	0.71	1.52
meaningful	0.71	1.34
mix	0.71	1.62
ram	0.72	1.37
drummers	0.72	1.95
bummer	0.72	1.48
thrice	0.72	1.43
15	0.72	1.76
statement	0.72	3.65
sends	0.72	1.47
poetic	0.72	1.45
35	0.72	1.74
movies	0.72	1.48
leonard	0.72	1.33
electronica	0.72	1.27
director	0.72	1.46
25	0.72	1.72
28	0.72	1.71
blake	0.73	1.46
november	0.73	1.57
times	0.73	2.03
ones	0.73	2.34
disclosure	0.73	1.49
karaoke	0.73	1.64
1995	0.73	1.52
wide	0.73	1.67
1990	0.73	1.45
robin	0.73	1.26
episode	0.73	1.54
trance	0.73	1.30
hank	0.74	1.19
24	0.74	1.72
friday	0.74	1.50
anberlin	0.74	1.70
smoked	0.74	1.44
saturday	0.74	1.50
lives	0.74	1.79
chills	0.74	1.60
bands	0.74	2.24
words	0.74	2.30
sunday	0.74	1.53
jason	0.74	1.26
brave	0.74	1.45
tuesday	0.74	1.66
sonny	0.74	2.36
months	0.74	1.88
later	0.74	1.91
lp	0.74	1.58
accessible	0.74	1.61
raped	0.74	2.08
capable	0.74	1.58
13	0.75	1.68
al	0.75	1.44
stating	0.75	3.64
shazam	0.75	1.96
hah	0.75	2.41
bassist	0.75	1.52
platinum	0.75	2.01
denver	0.75	1.56
9	0.75	1.72
11	0.75	1.73
aspect	0.75	1.70
brings	0.75	1.48
prince	0.75	1.14
jesus	0.75	1.74
long	0.75	1.84
discovery	0.75	1.40
leaving	0.75	2.01
registration	0.75	1.49
record	0.76	1.78
burning	0.76	1.53
lists	0.76	2.08
reminds	0.76	2.44
pulled	0.76	1.87
joined	0.76	1.50
june	0.76	1.68
hallelujah	0.76	1.42
session	0.76	1.49
letters	0.76	2.37
devil	0.76	1.32
12	0.76	1.74
films	0.76	1.43
female	0.76	1.41
funny	0.76	1.96
tapes	0.76	1.74
among	0.76	2.27
drew	0.76	1.43
2003	0.77	1.71
selection	0.77	1.69
definitely	0.77	2.89
par	0.77	1.46
performed	0.77	1.46
pat	0.77	1.32
1999	0.77	1.54
ps	0.78	2.43
october	0.78	1.69
footage	0.78	1.56
thats	0.78	2.40
takes	0.78	1.64
ftfy	0.78	2.01
20th	0.78	1.39
every	0.78	1.76
thursday	0.78	1.48
30	0.78	1.74
forgive	0.78	2.74
riff	0.78	1.41
agreed	0.78	2.28
cancer	0.78	2.08
dream	0.78	1.21
infinite	0.78	1.04
artists	0.79	1.96
examples	0.79	2.28
lessons	0.79	1.67
amongst	0.79	1.95
present	0.79	1.73
ballad	0.79	1.31
september	0.79	1.70
mark	0.79	1.42
professional	0.79	1.60
amazingly	0.79	1.63
related	0.79	1.85
tiger	0.79	1.43
divorce	0.79	2.38
yep	0.79	2.17
singers	0.79	1.55
brief	0.80	1.52
april	0.80	1.67
sorry	0.80	4.02
wind	0.80	1.31
heroes	0.80	1.50
july	0.80	1.67
stuff	0.80	1.99
ha	0.80	2.21
college	0.81	1.46
clever	0.81	1.48
45	0.81	1.71
songs	0.81	2.35
mothers	0.81	1.56
ama	0.81	2.53
20	0.81	1.73
inspiration	0.81	1.97
seeing	0.81	1.90
highly	0.81	1.99
middle	0.81	1.52
last	0.81	1.85
shaped	0.81	1.79
cassette	0.81	1.61
opener	0.81	1.40
8	0.81	1.74
score	0.81	1.43
tied	0.81	1.82
ran	0.82	1.82
featured	0.82	1.57
1	0.82	1.90
moody	0.82	1.46
formed	0.82	1.50
2004	0.82	1.73
dudes	0.82	1.42
gift	0.82	1.54
effective	0.82	1.56
february	0.82	1.68
cope	0.82	1.78
hey	0.82	2.40
minute	0.82	1.80
tho	0.82	2.15
language	0.82	2.51
section	0.82	1.54
perfection	0.82	1.55
tops	0.82	2.16
popped	0.83	1.78
streets	0.83	1.55
partial	0.83	1.58
gems	0.83	1.96
date	0.83	1.71
changed	0.83	1.87
buddy	0.84	1.68
covering	0.84	1.48
bunch	0.84	1.64
results	0.84	1.84
patton	0.84	1.36
hundred	0.84	1.76
trained	0.84	1.53
passionate	0.84	1.45
pace	0.84	1.25
contains	0.84	1.62
listed	0.85	2.31
fragile	0.85	1.29
game	0.85	1.35
nah	0.85	2.29
possible	0.85	3.26
10	0.85	1.76
nelson	0.85	1.26
afternoon	0.85	1.39
address	0.86	2.46
week	0.86	1.86
past	0.86	1.85
weird	0.86	1.61
pause	0.86	1.49
film	0.86	1.44
time	0.87	2.20
laura	0.87	2.29
setting	0.87	1.26
2000	0.87	1.61
keith	0.87	1.36
bbc	0.87	1.57
randy	0.87	1.37
games	0.87	1.37
build	0.87	1.54
producer	0.87	1.54
opera	0.87	1.37
skills	0.87	1.57
graduation	0.87	1.41
purity	0.87	1.42
wars	0.87	1.33
whats	0.88	1.99
song	0.88	2.21
went	0.88	1.96
relax	0.88	1.62
certain	0.88	1.92
hi	0.88	2.33
records	0.88	1.69
performing	0.88	1.73
english	0.88	1.94
weed	0.88	1.52
annie	0.88	2.25
joan	0.88	1.34
random	0.88	1.63
grade	0.88	1.51
manchester	0.88	1.44
movie	0.89	1.48
hung	0.89	1.97
memory	0.89	1.54
40	0.89	1.90
7th	0.89	1.41
styles	0.89	1.76
j	0.89	1.39
widely	0.89	1.95
composer	0.89	1.44
highschool	0.89	1.57
within	0.89	1.76
december	0.90	1.44
sets	0.90	1.66
dear	0.90	1.76
comeback	0.90	1.55
saved	0.90	1.64
mbdtf	0.90	1.54
palace	0.90	1.11
dying	0.90	1.84
teacher	0.90	1.67
smart	0.90	1.52
sums	0.90	1.39
vocalists	0.90	1.56
parade	0.90	1.27
smoking	0.90	1.42
energy	0.91	1.59
indeed	0.91	2.09
closing	0.91	1.34
twenty	0.91	1.62
reference	0.91	2.44
kimbra	0.91	2.12
tycho	0.91	1.33
series	0.91	1.46
ten	0.91	1.65
useful	0.91	1.82
russian	0.91	1.61
broke	0.92	1.88
run	0.92	1.48
7	0.92	1.73
appropriate	0.92	3.14
originals	0.92	2.03
class	0.92	1.57
credits	0.92	1.43
imo	0.92	2.53
lily	0.92	2.18
groups	0.92	1.92
projects	0.92	1.90
minds	0.92	1.51
technical	0.92	1.53
watch	0.92	1.61
worlds	0.93	1.55
includes	0.93	1.63
hits	0.93	2.40
woman	0.93	2.05
edition	0.94	1.72
forgot	0.94	2.57
holiday	0.94	1.29
decade	0.94	1.58
lovely	0.94	2.48
ambient	0.94	1.36
soooo	0.94	1.95
school	0.94	1.57
gem	0.95	1.62
exception	0.95	1.69
snl	0.95	1.54
ends	0.95	1.45
freshman	0.95	1.55
lateralus	0.95	1.33
recorded	0.95	1.65
brick	0.95	1.54
edited	0.95	3.43
collaborations	0.95	2.01
adventure	0.96	1.43
aware	0.96	2.38
march	0.96	1.62
cash	0.96	1.24
smoke	0.96	1.53
cat	0.96	1.42
students	0.96	1.65
portion	0.96	1.69
six	0.96	1.68
work	0.96	2.35
actor	0.96	1.55
madlib	0.96	1.36
member	0.96	1.71
hello	0.97	2.28
writers	0.97	1.71
johnny	0.97	1.26
mike	0.97	1.57
gary	0.97	1.42
lesser	0.97	1.93
sam	0.97	1.49
2	0.98	1.68
cheating	0.98	2.77
ingrid	0.98	2.29
hawk	0.98	1.18
opening	0.98	1.40
vibe	0.98	1.55
3	0.98	1.74
younger	0.99	1.88
rocky	0.99	1.46
none	0.99	2.03
controversial	0.99	1.71
specific	0.99	2.01
5	0.99	1.74
thick	0.99	1.32
variety	0.99	1.75
advance	0.99	2.06
armstrong	0.99	1.42
between	0.99	1.90
6	0.99	1.75
goodness	0.99	1.71
tegan	1.00	1.84
followed	1.00	1.61
soft	1.00	1.31
songwriters	1.00	1.59
official	1.01	1.81
kidding	1.01	2.27
changing	1.01	1.78
monday	1.01	1.58
fellow	1.01	2.16
gym	1.01	1.29
mixes	1.01	1.70
4th	1.01	1.42
senior	1.02	1.53
city	1.02	1.38
clear	1.02	3.30
taught	1.02	1.69
listened	1.02	2.38
eight	1.02	1.72
4	1.02	1.75
decades	1.02	1.77
artist	1.02	1.75
dvd	1.02	1.66
louis	1.02	1.39
bud	1.02	1.96
known	1.02	1.92
energetic	1.03	1.32
5th	1.03	1.42
backstage	1.03	2.01
favorites	1.03	2.99
clarify	1.03	3.71
took	1.04	1.96
writer	1.04	1.45
performers	1.04	1.74
rare	1.04	1.58
intelligent	1.04	1.48
recordings	1.04	1.74
whose	1.05	1.79
tbs	1.05	1.46
meeting	1.05	1.70
1st	1.05	1.44
pointing	1.05	3.57
melodic	1.05	1.18
helpful	1.05	2.01
positive	1.05	1.33
6th	1.05	1.43
regarded	1.05	1.82
referring	1.05	3.59
mine	1.06	2.09
rendition	1.06	1.30
god	1.06	1.87
welcome	1.06	1.57
names	1.06	2.08
arrangements	1.06	1.50
strong	1.06	1.45
9th	1.06	1.41
couple	1.06	1.79
answer	1.06	3.55
solo	1.06	1.44
logical	1.06	3.30
funeral	1.06	2.01
kid	1.07	1.32
introduction	1.07	1.58
literal	1.07	2.90
third	1.07	1.49
anyways	1.07	2.46
home	1.07	1.85
whom	1.07	1.71
half	1.07	1.73
critically	1.07	1.85
vid	1.07	1.57
3rd	1.08	1.52
8th	1.08	1.42
joey	1.08	1.52
hahaha	1.08	2.24
bonus	1.09	1.83
tip	1.09	1.95
obscure	1.09	1.66
dropped	1.09	1.75
job	1.09	2.11
memories	1.09	1.32
escape	1.10	1.43
parent	1.10	2.21
mistake	1.10	3.81
heck	1.10	1.74
tony	1.10	1.19
kim	1.11	1.99
m.a.a.d	1.11	1.38
main	1.11	1.63
evening	1.11	1.29
recommendation	1.12	2.06
members	1.12	1.86
gordon	1.12	1.42
childhood	1.12	1.52
hands	1.12	2.78
crew	1.12	1.47
lt	1.12	2.15
technically	1.12	1.91
tracks	1.12	2.03
bc	1.13	1.52
visual	1.13	1.47
own	1.13	1.99
musicians	1.13	1.72
titles	1.13	3.03
speaking	1.14	2.90
legendary	1.14	1.79
earth	1.14	1.44
tight	1.14	1.38
dillinger	1.14	1.37
acclaimed	1.14	1.88
orchestral	1.14	1.35
complex	1.14	1.47
travis	1.15	1.27
ahh	1.15	2.08
jewels	1.15	1.45
titled	1.15	1.69
highlight	1.15	1.79
looks	1.15	1.63
features	1.15	1.68
history	1.15	1.85
acid	1.16	1.42
children	1.16	1.90
intro	1.16	1.41
p.s	1.16	2.26
bassline	1.16	1.23
reminding	1.16	2.04
top	1.16	3.08
setlist	1.16	1.67
made	1.17	2.11
performances	1.17	1.81
rocking	1.17	1.61
some	1.17	2.07
deluxe	1.17	1.64
lord	1.17	1.56
included	1.17	1.78
congratulations	1.18	1.79
creepy	1.19	2.30
vast	1.19	1.75
ooh	1.19	2.17
musician	1.20	1.65
anniversary	1.20	1.59
greatest	1.20	3.10
concept	1.20	1.81
from	1.20	2.08
disc	1.20	1.86
finish	1.20	1.87
sides	1.20	1.95
recognized	1.20	1.89
released	1.21	1.75
gold	1.21	2.15
most	1.21	2.64
happier	1.21	1.77
mercy	1.21	1.51
plan	1.21	1.90
demo	1.22	1.71
types	1.22	1.84
watched	1.22	1.51
popular	1.22	1.69
version	1.22	1.55
pleasant	1.23	2.45
buddies	1.23	2.01
collection	1.23	1.73
musically	1.24	1.76
part	1.24	1.88
guitarist	1.24	1.56
oh	1.24	2.33
coma	1.24	1.71
child	1.25	1.79
spelling	1.25	3.88
surreal	1.25	2.30
extended	1.25	1.52
famous	1.26	1.72
well-known	1.26	1.86
pre	1.26	1.33
imho	1.26	2.29
relationship	1.26	2.49
upcoming	1.27	1.96
correctly	1.27	3.67
stole	1.27	2.29
fancy	1.27	1.22
hospital	1.27	2.28
dozens	1.28	1.87
mistakes	1.28	3.78
obsessed	1.28	1.92
bro	1.29	2.16
alone	1.29	2.51
loads	1.29	1.85
few	1.29	1.77
flows	1.29	1.47
marry	1.29	2.94
hundreds	1.29	1.82
username	1.30	2.33
remixes	1.30	1.86
formatting	1.30	3.85
separate	1.30	1.90
groove	1.30	1.23
guitarists	1.30	1.77
plus	1.31	1.69
whoa	1.31	2.15
sorts	1.31	1.85
final	1.32	1.45
exact	1.32	3.04
countless	1.32	1.86
careers	1.32	1.69
lesson	1.32	1.88
closest	1.33	2.59
career	1.33	1.78
demos	1.33	1.90
prior	1.33	1.79
mood	1.33	2.10
outro	1.33	1.36
sent	1.33	1.77
influential	1.33	1.91
also	1.33	2.76
accurate	1.33	3.12
unreleased	1.34	1.85
newest	1.34	1.87
coolest	1.35	2.75
four	1.35	1.69
three	1.35	1.73
mate	1.35	2.24
word	1.36	3.28
instrumentals	1.36	1.21
entertaining	1.36	1.40
girl	1.36	2.16
prime	1.36	1.56
dozen	1.36	1.81
lots	1.37	1.86
instrumental	1.37	1.18
mixtape	1.37	1.75
regards	1.37	2.77
remembering	1.37	1.89
passed	1.38	2.16
parents	1.38	2.36
scary	1.38	1.74
congrats	1.38	2.15
woah	1.38	2.15
his	1.38	1.53
band	1.38	2.50
sophomore	1.38	1.70
tons	1.39	1.86
beginning	1.39	1.46
musicianship	1.39	1.65
since	1.39	2.43
single	1.39	2.69
thank	1.40	2.23
numerous	1.40	1.83
spell	1.40	3.81
compilation	1.40	1.93
enjoyable	1.40	1.13
singles	1.41	2.12
jams	1.42	1.18
worries	1.42	2.33
cheers	1.42	2.27
insane	1.42	2.31
handful	1.42	1.85
appreciated	1.42	1.72
auto	1.42	2.81
title	1.42	3.61
odd	1.42	1.47
genius	1.43	1.62
typing	1.43	3.81
ahhh	1.43	1.97
unusual	1.44	1.44
apart	1.44	1.50
her	1.44	2.62
addition	1.44	1.61
thanks	1.44	2.31
slow	1.44	1.32
respected	1.44	1.79
ton	1.45	1.84
beast	1.45	1.32
performer	1.45	1.55
successful	1.45	1.72
bless	1.45	1.84
acoustic	1.46	1.32
songwriter	1.46	1.45
named	1.46	2.63
son	1.47	1.99
mother	1.47	2.47
alright	1.47	2.85
sentence	1.47	3.70
theme	1.47	1.25
releasing	1.47	1.92
versions	1.48	1.77
guy	1.48	2.00
error	1.49	3.77
covers	1.49	1.83
ah	1.49	2.30
weakest	1.50	2.62
invited	1.50	2.56
self-titled	1.50	1.69
grammar	1.50	3.81
tunes	1.50	1.33
married	1.50	2.96
ost	1.51	1.32
wife	1.51	3.01
creative	1.51	1.55
alternate	1.52	1.61
notable	1.53	2.75
chilling	1.54	1.56
hooked	1.54	2.17
husband	1.54	3.02
apologies	1.54	3.49
iconic	1.54	2.56
fave	1.54	2.69
b-sides	1.54	1.90
daughter	1.54	2.99
monsters	1.55	1.78
ex	1.55	2.97
sisters	1.56	2.26
second	1.56	1.86
props	1.56	1.75
lucky	1.57	2.25
consistently	1.57	1.62
porter	1.57	1.46
display	1.57	1.53
soundtrack	1.57	1.38
mom	1.57	2.61
father	1.57	2.45
family	1.57	2.30
ending	1.57	1.37
proud	1.58	2.13
proper	1.58	2.92
friend	1.58	2.61
girlfriend	1.59	3.01
soundtracks	1.59	1.40
dad	1.59	2.57
robinson	1.59	1.44
set	1.59	1.55
gf	1.60	2.61
uncle	1.60	2.31
distinct	1.60	1.57
exciting	1.61	1.27
plenty	1.61	1.81
dating	1.62	2.88
boyfriend	1.62	2.95
defining	1.62	2.59
kinds	1.62	1.80
life	1.63	2.39
told	1.63	2.82
track	1.63	1.97
learned	1.63	2.34
fav	1.64	2.58
came	1.64	2.33
wicked	1.64	1.31
eps	1.65	1.92
material	1.65	1.86
these	1.66	1.86
lyricist	1.66	1.65
those	1.67	1.86
departure	1.67	1.68
throughout	1.67	1.62
sister	1.67	2.94
acceptable	1.68	2.68
edit	1.68	3.59
brother	1.68	2.79
other	1.68	1.86
earlier	1.69	1.80
various	1.69	1.78
friendly	1.69	1.76
several	1.69	1.77
jazzy	1.70	1.28
hilarious	1.70	1.88
wedding	1.71	2.25
our	1.71	1.69
fond	1.71	1.56
during	1.72	1.52
cousin	1.72	2.63
releases	1.72	1.92
sexy	1.72	1.23
forever	1.73	2.19
dig	1.74	2.26
multiple	1.74	1.77
length	1.74	1.71
different	1.75	1.70
release	1.75	1.89
sir	1.75	2.13
including	1.75	1.83
planet	1.75	2.07
each	1.76	1.80
consistent	1.77	1.37
alt-j	1.77	1.97
albums	1.78	2.58
cohesive	1.80	1.39
glorious	1.80	2.24
revolutionary	1.81	1.23
varied	1.81	1.50
many	1.81	1.79
crazy	1.82	1.77
pumped	1.82	1.73
christmas	1.82	1.25
inspired	1.83	1.89
previous	1.86	1.71
gorgeous	1.86	1.46
gave	1.87	2.15
familiar	1.87	2.01
ep	1.89	1.85
sooo	1.90	1.50
pharrell	1.90	1.85
wishes	1.90	1.80
blurred	1.91	1.71
catalogue	1.91	1.63
damn	1.91	2.27
sharing	1.91	1.74
quiet	1.91	1.82
such	1.91	1.83
blew	1.91	1.57
friends	1.92	2.10
funky	1.92	1.31
smile	1.93	1.64
essential	1.93	1.94
catalog	1.94	1.68
haha	1.94	2.49
diverse	1.94	1.47
yes	1.95	2.34
two	1.96	1.70
innovative	1.97	1.52
discovered	1.97	2.10
live	2.00	2.03
yeah	2.01	2.43
wow	2.03	2.29
brought	2.03	1.97
stoked	2.04	1.89
absolutely	2.06	2.11
talented	2.07	1.45
overlooked	2.10	2.09
puts	2.10	1.51
share	2.12	2.52
relaxing	2.14	2.04
first	2.15	2.13
flawless	2.17	2.21
relevant	2.18	2.15
warm	2.18	1.86
performance	2.18	1.91
short	2.20	1.43
inspiring	2.20	1.56
go-to	2.21	1.31
mellow	2.21	1.90
reminded	2.22	1.79
tough	2.22	1.97
interesting	2.23	1.50
magical	2.23	1.64
hyped	2.24	1.75
full	2.24	1.57
williams	2.25	1.78
unbelievable	2.26	2.15
sick	2.26	2.01
discography	2.27	1.60
showed	2.29	2.53
truly	2.29	1.77
vibes	2.30	1.79
album	2.31	1.92
debut	2.31	2.04
important	2.32	2.00
excited	2.33	2.06
an	2.34	1.79
incredible	2.34	2.10
btw	2.36	2.03
shared	2.37	1.98
met	2.38	2.23
calm	2.38	1.84
entirety	2.41	1.68
introducing	2.42	1.61
original	2.43	1.77
reminder	2.46	1.56
perfect	2.46	2.04
timeless	2.47	1.65
strange	2.48	1.49
revenge	2.49	1.58
nailed	2.50	1.61
rockin	2.52	1.69
enjoyed	2.53	1.67
humble	2.56	1.49
introduced	2.56	2.53
groovy	2.58	1.70
laid	2.58	1.77
guys	2.59	2.22
recent	2.60	1.84
all	2.62	1.91
rocks	2.62	1.75
masterpiece	2.63	1.80
miss	2.63	2.13
unique	2.65	1.57
j5	2.66	1.64
luck	2.68	1.94
dude	2.68	1.89
smooth	2.72	1.74
birthday	2.72	1.65
tune	2.73	1.53
upbeat	2.73	1.77
phenomenal	2.73	2.03
rest	2.74	1.83
cover	2.75	1.60
sweet	2.76	1.49
excellent	2.77	1.90
latest	2.78	1.69
refreshing	2.81	1.28
chill	2.81	1.74
notch	2.88	1.71
freaking	2.89	1.65
man	2.90	1.85
legit	2.94	1.81
underrated	2.95	1.70
fun	2.97	1.40
spectacular	3.00	1.68
rad	3.02	1.53
blowing	3.05	1.42
great	3.06	1.60
outstanding	3.07	1.72
neat	3.10	1.56
stunning	3.10	1.64
their	3.11	1.76
new	3.14	1.47
similar	3.15	1.47
epic	3.15	1.56
brilliant	3.19	1.57
entire	3.19	1.58
stellar	3.23	1.65
remind	3.23	1.54
cool	3.26	1.79
impressive	3.26	1.55
especially	3.26	1.51
both	3.27	1.58
adore	3.42	1.33
solid	3.49	1.18
blown	3.49	1.19
good	3.49	1.48
whole	3.50	1.35
killer	3.53	1.47
badass	3.58	1.36
unreal	3.63	1.36
wonderful	3.71	1.07
dope	3.72	1.15
