shyamalan	-5.69	1.31
film	-5.53	1.39
worse	-5.47	1.29
movie	-5.42	1.47
director	-5.41	1.58
casting	-5.39	1.59
script	-5.34	1.62
shitty	-5.33	1.43
night	-5.30	1.57
sucked	-5.21	0.82
ruined	-5.11	1.32
crappy	-5.05	1.56
fault	-4.90	1.55
directed	-4.87	1.47
acting	-4.86	1.75
decent	-4.80	1.69
bad	-4.71	1.54
bay	-4.62	1.43
dream	-4.52	1.84
knight	-4.46	1.51
actors	-4.41	1.61
decisions	-4.31	1.72
horror	-4.28	1.86
adaptation	-4.04	1.42
poor	-4.02	1.94
suck	-4.01	1.58
handling	-3.98	1.60
blame	-3.97	1.18
effects	-3.97	1.93
player	-3.92	2.03
choices	-3.79	1.75
mess	-3.67	1.63
meh	-3.59	1.64
james	-3.53	1.30
racist	-3.48	1.58
sucks	-3.44	1.46
professional	-3.42	2.19
films	-3.41	1.39
jerk	-3.36	1.29
obnoxious	-3.32	1.40
dislike	-3.31	2.02
shipped	-3.31	2.32
direct	-3.30	1.25
conditions	-3.30	1.97
throat	-3.25	1.94
unnecessary	-3.23	1.52
complain	-3.23	1.98
stays	-3.19	2.19
disappointing	-3.16	1.94
garbage	-3.15	1.68
cast	-3.14	1.30
keeps	-3.08	2.23
writer	-3.05	1.39
picked	-3.03	2.44
understands	-3.02	1.90
threatened	-3.01	2.32
devoted	-3.00	2.00
aside	-3.00	1.72
circle	-3.00	2.38
dumb	-2.99	1.80
s1	-2.97	2.11
movies	-2.95	1.36
thankfully	-2.90	2.27
sequel	-2.82	1.06
calls	-2.81	2.17
commercials	-2.78	1.05
understood	-2.78	1.78
considered	-2.78	1.96
crew	-2.77	1.11
poorly	-2.77	1.56
chosen	-2.76	1.07
annoying	-2.75	1.48
execution	-2.70	1.92
watches	-2.68	2.16
writing	-2.66	1.99
potentially	-2.63	2.76
producers	-2.63	1.39
explains	-2.61	1.96
marketing	-2.59	2.04
highest	-2.58	2.06
fandom	-2.57	2.29
web	-2.57	1.14
life	-2.57	2.15
quality	-2.56	2.04
holes	-2.55	2.62
surely	-2.53	2.54
live	-2.51	1.09
wikipedia	-2.49	2.57
piss	-2.48	1.93
unlike	-2.47	1.87
ridiculous	-2.46	1.61
staff	-2.46	1.12
hatred	-2.46	2.41
lungs	-2.45	0.77
shipping	-2.44	2.43
forgive	-2.41	1.84
fuel	-2.40	2.54
stupid	-2.39	1.66
michael	-2.38	1.03
trilogy	-2.37	1.03
whereas	-2.37	1.89
sometimes	-2.35	2.05
triangle	-2.35	2.19
anger	-2.34	2.41
rated	-2.32	2.00
breath	-2.27	0.79
denial	-2.27	2.72
personally	-2.26	2.23
dirty	-2.21	2.52
pet	-2.20	2.32
rage	-2.20	2.53
believed	-2.20	2.18
rude	-2.19	0.85
prequel	-2.16	0.97
critic	-2.15	0.93
passion	-2.14	2.53
actor	-2.14	1.26
biased	-2.13	2.57
likes	-2.10	2.85
feels	-2.10	2.99
slot	-2.09	1.06
y'know	-2.08	2.18
exposition	-2.06	1.25
cries	-2.05	3.03
excuse	-2.05	1.17
pointless	-2.04	1.04
felt	-2.04	2.79
swim	-2.04	0.78
absolute	-2.03	2.02
disney	-2.01	1.02
ruin	-2.00	1.73
saturday	-1.99	1.04
disagree	-1.98	2.67
voice	-1.98	1.25
saying	-1.98	3.57
arguing	-1.98	3.21
me	-1.97	3.01
offended	-1.96	3.08
va	-1.96	1.25
unpopular	-1.96	2.25
completely	-1.95	2.96
steve	-1.95	1.19
disliked	-1.95	2.45
downvoted	-1.94	2.97
insulting	-1.94	1.11
re	-1.94	3.39
welp	-1.93	1.90
immature	-1.93	0.91
dialogue	-1.91	2.01
lasting	-1.91	1.07
hard	-1.90	2.94
implying	-1.90	3.02
expand	-1.90	0.71
morning	-1.89	1.33
spongebob	-1.88	1.08
constant	-1.88	0.73
pirate	-1.87	0.77
decision	-1.87	1.25
blum	-1.86	1.22
choice	-1.85	1.95
complaining	-1.84	1.93
career	-1.84	1.05
friday	-1.84	1.09
corrupted	-1.83	0.69
judgement	-1.82	1.08
voices	-1.82	1.25
reruns	-1.82	0.96
doing	-1.81	3.75
makes	-1.81	3.00
mediocre	-1.80	2.08
general	-1.79	2.44
nicktoons	-1.78	0.98
site	-1.77	0.95
replies	-1.76	3.13
odd	-1.76	2.81
thinking	-1.76	3.42
feature	-1.74	0.88
ruins	-1.74	0.67
voiced	-1.74	1.17
bugs	-1.73	2.66
arrogant	-1.72	1.01
john	-1.72	1.12
prefer	-1.72	2.08
stream	-1.71	0.98
depressed	-1.70	3.56
than	-1.70	1.14
janet	-1.69	1.15
tomorrow	-1.69	1.18
act	-1.69	0.94
leaning	-1.69	2.71
subjective	-1.69	2.81
pathetic	-1.68	1.25
worry	-1.67	3.14
consequences	-1.66	1.05
pandering	-1.66	1.06
now	-1.66	3.63
tonight	-1.66	1.25
sexist	-1.65	0.98
charge	-1.64	0.62
boring	-1.64	1.24
race	-1.64	0.98
woke	-1.63	1.41
mr	-1.63	0.77
midnight	-1.63	1.31
teenage	-1.62	0.86
indian	-1.62	1.18
adblock	-1.62	1.08
forced	-1.61	1.23
length	-1.61	0.88
stayed	-1.61	0.92
sleep	-1.60	1.51
review	-1.60	0.91
pleased	-1.60	3.58
spoiled	-1.60	0.88
ignorant	-1.59	1.11
slip	-1.59	0.90
rushed	-1.59	1.41
torrent	-1.58	0.99
making	-1.58	1.56
famous	-1.58	1.02
stuck	-1.57	0.86
recorded	-1.57	1.23
schedule	-1.57	1.03
thinks	-1.57	2.71
smaller	-1.57	0.96
douche	-1.56	0.92
side	-1.56	3.29
idiot	-1.55	1.07
liking	-1.55	2.60
surprising	-1.54	3.06
poisoning	-1.52	1.22
unfair	-1.52	1.47
reads	-1.52	1.01
lame	-1.51	1.33
illegal	-1.51	0.86
rooting	-1.51	2.88
lesser	-1.50	0.79
afraid	-1.50	3.80
bended	-1.50	0.75
bothered	-1.49	3.09
shorter	-1.49	0.89
adults	-1.49	0.83
weaker	-1.49	1.06
actions	-1.48	1.08
hopes	-1.48	0.77
frustrating	-1.48	2.71
streams	-1.47	0.95
recovering	-1.47	1.40
website	-1.46	0.97
uncomfortable	-1.46	3.09
related	-1.46	0.85
screwed	-1.46	1.73
audiences	-1.46	0.86
majority	-1.45	1.24
reactions	-1.45	0.93
agree	-1.45	3.76
sites	-1.45	0.88
childish	-1.44	1.01
low	-1.44	1.00
longer	-1.44	1.04
commercial	-1.44	0.99
chrome	-1.43	1.14
high	-1.43	1.01
aimed	-1.43	0.90
tease	-1.43	1.56
predictable	-1.43	1.11
acts	-1.43	0.81
stronger	-1.41	1.23
shippers	-1.41	1.77
proper	-1.40	0.84
hola	-1.40	1.14
petty	-1.40	0.70
browser	-1.39	1.02
budget	-1.39	1.15
fine	-1.39	3.55
ad	-1.38	0.96
ads	-1.38	0.98
unsure	-1.38	3.61
loads	-1.37	1.02
sounded	-1.37	1.05
maximum	-1.37	0.97
views	-1.37	0.86
hating	-1.36	2.30
bullshit	-1.36	1.04
everybody	-1.36	2.78
sees	-1.35	2.94
bothers	-1.35	1.87
bed	-1.34	1.19
naive	-1.34	0.93
acceptable	-1.34	2.90
feel	-1.33	2.25
materials	-1.33	0.92
bigger	-1.33	1.15
lacking	-1.33	0.83
treatment	-1.33	1.02
unclear	-1.33	2.94
fans	-1.33	1.35
ships	-1.32	1.80
frustrated	-1.32	3.75
hearing	-1.32	1.01
hour	-1.32	0.91
downvoting	-1.31	2.13
cheap	-1.31	1.03
wake	-1.31	1.14
korrasami	-1.30	1.81
suffering	-1.30	1.18
pairing	-1.30	1.76
fanbase	-1.30	1.13
result	-1.30	1.28
bother	-1.30	2.24
legitimate	-1.30	0.92
internet	-1.30	0.91
kataang	-1.29	1.81
significantly	-1.29	1.17
premise	-1.29	0.97
guilty	-1.28	1.93
portion	-1.28	0.74
novel	-1.28	0.80
rush	-1.27	0.94
makorra	-1.27	1.78
writers	-1.26	1.00
cough	-1.26	1.12
talking	-1.26	2.99
barely	-1.25	1.06
vision	-1.25	0.74
reading	-1.25	0.89
beforehand	-1.25	0.84
knows	-1.25	1.64
asking	-1.25	2.27
continuation	-1.24	0.80
damaged	-1.24	1.17
today	-1.24	1.33
crack	-1.24	1.66
mercury	-1.24	1.02
affects	-1.24	0.89
legacy	-1.23	0.69
right	-1.23	3.90
sleeping	-1.23	1.28
tokka	-1.23	1.72
batman	-1.23	0.90
keep	-1.23	1.84
intentionally	-1.22	0.98
ship	-1.22	1.77
bryke	-1.22	0.81
ignoring	-1.22	1.45
tools	-1.22	0.99
damage	-1.22	1.00
sarcastic	-1.21	1.68
divide	-1.20	2.44
load	-1.20	0.99
creators	-1.20	0.89
poison	-1.20	1.13
canon	-1.19	1.73
means	-1.18	3.77
production	-1.18	1.34
effect	-1.18	1.02
mainly	-1.18	1.00
corp	-1.18	0.81
spike	-1.17	0.98
pretending	-1.17	1.98
minority	-1.17	1.16
supports	-1.17	0.93
questionable	-1.17	1.21
ignored	-1.16	0.97
homophobic	-1.16	1.22
animated	-1.16	1.34
advertise	-1.15	0.91
hence	-1.15	0.94
flat	-1.15	1.30
selfish	-1.15	0.75
bam	-1.15	0.85
bitter	-1.14	2.68
hardest	-1.14	2.93
app	-1.14	1.01
creative	-1.14	1.27
promote	-1.13	0.73
justice	-1.13	0.81
williams	-1.13	1.02
inclined	-1.12	2.39
cameo	-1.12	0.92
weekend	-1.12	1.34
acted	-1.12	0.87
wave	-1.12	0.91
bland	-1.11	0.97
kept	-1.11	1.63
roles	-1.11	0.93
choosing	-1.11	1.16
silly	-1.11	1.26
sail	-1.11	1.68
hotter	-1.11	0.88
getting	-1.10	2.34
product	-1.10	0.95
cheesy	-1.10	1.32
service	-1.10	1.01
novels	-1.10	0.76
graphic	-1.09	0.73
nickelodeon	-1.09	0.90
m	-1.09	3.72
denying	-1.09	2.00
us	-1.09	1.46
endgame	-1.08	1.59
suffered	-1.08	0.78
about	-1.08	2.77
telling	-1.08	2.19
machina	-1.08	1.09
call	-1.07	1.81
choose	-1.07	1.24
physically	-1.07	1.61
potter	-1.07	0.76
cents	-1.07	2.99
affect	-1.07	1.01
3d	-1.07	1.14
honest	-1.06	2.71
fanservice	-1.06	1.07
am	-1.06	3.80
honestly	-1.06	2.21
cliche	-1.06	1.56
focusing	-1.06	1.22
lack	-1.06	0.81
henry	-1.06	1.21
chose	-1.06	1.20
individuals	-1.05	0.94
mike	-1.05	0.89
dark	-1.05	0.95
drama	-1.05	0.95
annoyed	-1.05	3.70
vote	-1.05	1.06
feeling	-1.04	3.62
perspective	-1.04	1.05
nuts	-1.04	0.75
at	-1.04	1.88
rather	-1.04	1.40
frankly	-1.04	1.19
angry	-1.03	3.55
agreeing	-1.03	2.75
lazy	-1.03	1.40
day	-1.03	1.19
community	-1.02	1.16
bryan	-1.02	0.89
direction	-1.02	1.03
dante	-1.02	0.84
vacuum	-1.02	0.88
heck	-1.02	0.97
happening	-1.01	2.83
audience	-1.01	0.98
revenue	-1.01	0.60
weakened	-1.01	1.53
write	-1.00	0.99
myself	-1.00	3.69
pacing	-1.00	1.30
injury	-1.00	1.01
calling	-1.00	1.82
wrote	-0.99	1.04
played	-0.99	1.06
comparison	-0.99	1.03
cares	-0.99	2.61
controversial	-0.99	1.72
cartoons	-0.99	0.92
tend	-0.99	1.05
curiosity	-0.99	1.30
evil	-0.99	0.96
campaign	-0.98	0.86
tired	-0.98	3.14
solved	-0.98	0.98
robin	-0.98	0.83
network	-0.97	0.84
incompetent	-0.97	0.70
wheelchair	-0.97	1.63
extension	-0.97	1.21
home	-0.97	0.87
called	-0.97	0.98
useless	-0.97	1.54
primarily	-0.97	0.75
hurting	-0.97	2.39
biggest	-0.97	3.14
teen	-0.96	0.60
twist	-0.96	1.27
trick	-0.96	0.75
being	-0.96	1.45
due	-0.96	0.78
going	-0.96	2.95
streaming	-0.96	0.83
zelda	-0.96	1.01
seem	-0.96	2.14
channel	-0.95	0.85
crippled	-0.95	1.70
paralyzed	-0.95	1.69
consider	-0.95	1.97
superman	-0.95	0.82
prepared	-0.95	1.72
shows	-0.95	0.93
darkest	-0.95	2.94
towards	-0.95	0.93
pick	-0.95	1.44
arguments	-0.95	1.72
adult	-0.95	0.81
poisoned	-0.95	1.55
price	-0.94	1.05
he/she	-0.94	0.98
mind	-0.94	2.32
conquest	-0.94	0.93
fool	-0.94	1.03
stay	-0.94	1.29
horribly	-0.94	1.16
severe	-0.94	0.98
comics	-0.94	0.82
tbh	-0.93	1.17
comic	-0.93	0.78
est	-0.93	1.31
deny	-0.93	1.46
zutara	-0.93	1.75
frozen	-0.93	0.90
generic	-0.93	1.25
agrees	-0.93	1.28
replied	-0.93	3.66
tear	-0.93	3.26
what	-0.92	2.84
download	-0.92	0.89
acknowledge	-0.92	1.29
emotions	-0.92	1.64
favor	-0.92	1.01
cancelled	-0.92	0.83
wants	-0.92	1.59
hired	-0.91	1.14
viewership	-0.91	0.78
regret	-0.91	1.45
beyond	-0.91	0.82
sense	-0.91	2.35
essential	-0.91	2.15
trying	-0.91	2.05
hopeful	-0.91	3.85
assumed	-0.91	1.93
led	-0.91	0.92
hoped	-0.90	2.08
disabled	-0.90	1.58
admit	-0.90	2.50
adventures	-0.90	0.75
using	-0.90	1.48
lower	-0.90	0.84
shadow	-0.90	0.74
sudden	-0.90	1.93
option	-0.90	0.96
disappointed	-0.90	3.83
appeal	-0.89	0.78
hoping	-0.89	3.90
idiots	-0.89	1.06
afford	-0.89	1.18
yelling	-0.89	1.96
make	-0.89	2.16
obsessed	-0.89	2.50
airing	-0.89	0.87
supposed	-0.89	2.79
late	-0.88	1.21
delisle	-0.88	1.05
otp	-0.88	1.54
brain	-0.88	0.96
stubborn	-0.88	1.32
guessing	-0.88	3.12
affected	-0.88	1.53
decides	-0.88	1.58
porn	-0.87	0.77
proxy	-0.87	0.94
claims	-0.87	0.96
try	-0.87	2.03
cause	-0.87	1.47
permanent	-0.87	0.92
glad	-0.87	3.81
meat	-0.87	0.80
returns	-0.87	0.87
d	-0.87	2.32
intend	-0.87	1.73
aim	-0.87	0.85
harry	-0.87	0.62
interviews	-0.87	0.91
rich	-0.86	0.90
legitimately	-0.86	2.35
mentally	-0.86	1.64
behavior	-0.86	0.93
questioning	-0.86	1.23
cowboy	-0.86	0.87
interview	-0.86	0.89
popular	-0.86	1.17
pain	-0.86	1.87
online	-0.86	0.80
traveled	-0.86	0.86
understanding	-0.85	0.79
tried	-0.85	1.87
rift	-0.85	0.78
noticing	-0.85	2.29
independent	-0.85	0.88
ruining	-0.85	0.84
little	-0.85	1.99
bebop	-0.85	0.86
aware	-0.85	2.80
really	-0.85	2.16
search	-0.85	0.78
sure	-0.84	3.53
stop	-0.84	2.01
videos	-0.84	0.96
airs	-0.84	0.88
shallow	-0.84	1.02
upset	-0.84	3.98
clearly	-0.84	2.39
knowing	-0.84	1.89
consensus	-0.84	1.42
matters	-0.84	1.14
harder	-0.84	1.47
difficult	-0.83	2.95
cartoon	-0.83	0.81
kind	-0.83	1.97
hurt	-0.83	2.13
s2	-0.83	1.21
toward	-0.83	1.02
mostly	-0.83	1.09
curious	-0.82	3.94
depression	-0.82	1.29
desperately	-0.82	1.17
recover	-0.82	1.58
anybody	-0.82	1.87
smoke	-0.82	0.80
wondering	-0.82	3.28
fear	-0.82	1.73
complaints	-0.82	1.24
versions	-0.82	1.05
morality	-0.82	1.09
surprised	-0.82	3.91
nick	-0.82	0.84
skrillex	-0.82	0.91
fart	-0.82	1.26
basco	-0.82	0.85
storytelling	-0.82	1.29
everyone	-0.82	1.80
spoil	-0.81	1.47
convenient	-0.81	1.80
confused	-0.81	3.95
occasionally	-0.81	0.86
promise	-0.81	0.78
teenagers	-0.81	0.79
argue	-0.81	2.55
changes	-0.81	0.95
unfortunate	-0.81	0.92
ca	-0.81	2.30
conflicted	-0.81	3.72
teenager	-0.80	0.86
legal	-0.80	0.85
stating	-0.80	2.25
neither	-0.80	1.13
demographic	-0.80	0.79
record	-0.80	1.18
decided	-0.80	1.82
rollins	-0.80	1.16
attempts	-0.80	1.31
necessary	-0.80	1.27
higher	-0.80	0.98
ashamed	-0.80	3.91
experiences	-0.80	0.75
ready	-0.79	2.59
content	-0.79	1.06
count	-0.79	1.37
akin	-0.79	0.74
fill	-0.79	0.92
mentality	-0.79	1.21
speculate	-0.79	1.57
imagining	-0.79	2.66
cancel	-0.79	0.89
international	-0.79	1.03
harsh	-0.79	1.06
struggling	-0.79	2.22
teens	-0.79	0.80
freeze	-0.79	0.89
sink	-0.78	1.48
broken	-0.78	1.60
initially	-0.78	1.63
him	-0.78	2.11
closer	-0.78	1.05
seeing	-0.78	2.58
suffer	-0.78	0.95
prevent	-0.77	1.19
konietzko	-0.77	0.94
much	-0.77	1.83
sorta	-0.77	1.47
standards	-0.77	0.93
read	-0.77	0.91
explained	-0.77	1.04
although	-0.77	2.39
apologize	-0.77	1.81
discussing	-0.77	1.16
decide	-0.77	1.73
recognized	-0.77	1.21
currently	-0.77	1.68
governments	-0.77	1.02
blatant	-0.77	1.12
respond	-0.77	2.10
tv	-0.76	0.81
while	-0.76	1.84
forever	-0.76	1.39
needs	-0.76	2.04
bias	-0.76	1.11
revenge	-0.76	1.01
impact	-0.76	0.94
citizen	-0.76	0.80
dedicated	-0.76	0.81
criticism	-0.76	1.03
oxygen	-0.75	0.85
road	-0.75	0.91
navy	-0.75	1.27
planning	-0.75	2.10
goes	-0.75	1.37
grey	-0.75	0.91
narrative	-0.75	1.07
awkward	-0.75	1.48
proud	-0.75	3.98
forget	-0.75	2.42
properly	-0.75	1.57
field	-0.75	0.75
recognize	-0.75	1.40
hope	-0.75	2.58
wide	-0.74	0.77
referring	-0.74	2.55
rest	-0.74	0.84
hd	-0.74	0.97
examples	-0.74	0.91
rank	-0.74	0.94
busy	-0.74	2.01
scared	-0.74	3.94
rant	-0.74	1.34
hbo	-0.74	0.82
wars	-0.74	0.71
inherently	-0.74	1.00
get	-0.74	2.33
ratings	-0.74	0.77
someone	-0.74	2.08
pushing	-0.73	0.99
stars	-0.73	0.86
originally	-0.73	1.30
ll	-0.73	2.45
picks	-0.73	0.95
bit	-0.73	1.83
sadness	-0.73	2.46
coming	-0.73	2.04
forgetting	-0.73	2.79
ugh	-0.73	2.03
kids	-0.73	0.82
chooses	-0.73	1.20
method	-0.72	0.97
presence	-0.72	1.24
boys	-0.72	0.66
subplot	-0.72	0.83
happier	-0.72	3.53
resistance	-0.72	0.82
comparing	-0.72	1.41
drive	-0.72	1.02
relation	-0.72	0.94
temporarily	-0.72	1.41
circumstances	-0.72	1.00
methods	-0.72	0.91
else	-0.72	2.10
will	-0.72	2.42
opposed	-0.72	0.95
whenever	-0.72	1.95
forth	-0.71	1.23
subtly	-0.71	0.95
then	-0.71	2.37
altogether	-0.71	1.01
target	-0.71	0.82
intended	-0.71	1.50
mini	-0.70	0.76
worried	-0.70	3.99
own	-0.70	0.93
ignore	-0.70	1.38
pages	-0.70	0.80
wanted	-0.70	2.11
ex	-0.70	1.04
tl	-0.70	0.81
believes	-0.69	1.51
vague	-0.69	1.23
cabbages	-0.69	0.86
view	-0.69	1.26
unlikely	-0.69	2.94
aiming	-0.69	1.01
unless	-0.69	2.35
nothing	-0.69	2.49
frustration	-0.69	1.42
health	-0.68	0.89
made	-0.68	1.99
labor	-0.68	0.81
creator	-0.68	1.02
tad	-0.68	1.65
guilt	-0.68	1.75
league	-0.68	0.72
always	-0.68	2.16
genuinely	-0.68	2.37
instead	-0.68	1.60
jokes	-0.68	1.07
assistant	-0.68	0.81
exactly	-0.68	2.88
said	-0.68	1.45
industry	-0.68	1.02
democracy	-0.68	0.68
want	-0.67	2.46
ideals	-0.67	0.77
waste	-0.67	0.73
actress	-0.67	1.25
overly	-0.67	1.19
young	-0.67	0.76
impression	-0.67	2.41
screaming	-0.67	1.62
below	-0.67	1.56
returning	-0.67	0.90
including	-0.67	1.02
shocked	-0.67	3.88
excited	-0.67	3.94
goals	-0.67	0.88
partly	-0.67	0.93
responded	-0.66	2.44
tries	-0.66	1.80
data	-0.66	0.92
older	-0.66	0.84
raiko	-0.66	0.72
filled	-0.66	1.38
assumptions	-0.66	1.32
somehow	-0.66	1.99
instinct	-0.66	1.22
start	-0.66	1.61
risk	-0.66	1.47
anymore	-0.65	2.21
breathe	-0.65	0.99
need	-0.65	2.43
course	-0.65	2.77
bored	-0.65	2.88
eternal	-0.65	1.00
talks	-0.65	1.32
fiction	-0.65	0.69
injured	-0.65	1.34
viewer	-0.65	1.06
star	-0.65	0.74
aboard	-0.65	1.52
slower	-0.64	0.98
hunt	-0.64	1.08
accept	-0.64	1.63
misunderstood	-0.64	3.34
where	-0.64	2.53
channels	-0.64	0.82
believe	-0.64	2.67
weather	-0.64	1.12
belongs	-0.64	1.03
again	-0.64	2.07
material	-0.64	0.79
because	-0.64	2.75
borra	-0.64	1.72
assuming	-0.64	3.55
themselves	-0.64	1.76
programming	-0.64	0.90
leave	-0.64	1.27
willing	-0.64	2.12
opinion	-0.64	1.97
why	-0.64	2.63
toys	-0.63	0.77
pulling	-0.63	1.16
involved	-0.63	2.28
may	-0.63	2.62
helps	-0.63	1.54
usa	-0.63	0.96
happens	-0.63	1.80
feared	-0.63	2.31
disconnected	-0.63	1.30
simply	-0.63	2.47
deliberately	-0.63	0.97
regards	-0.63	0.93
results	-0.63	2.07
allowed	-0.63	1.59
can	-0.63	2.31
something	-0.63	2.50
away	-0.63	1.09
missing	-0.63	3.34
stand	-0.63	1.62
aangs	-0.63	1.11
bar	-0.63	0.97
strongly	-0.63	1.33
voted	-0.63	2.34
joke	-0.62	1.26
increase	-0.62	0.97
forward	-0.62	2.09
allows	-0.62	1.33
greatest	-0.62	3.38
did	-0.62	2.47
merchandise	-0.62	0.86
asshole	-0.62	1.15
panel	-0.62	0.91
voting	-0.62	1.51
terrified	-0.62	3.27
harm	-0.62	1.30
matter	-0.62	2.19
stated	-0.62	0.96
country	-0.62	0.87
theres	-0.62	0.96
depends	-0.61	1.41
hinted	-0.61	1.11
tell	-0.61	2.29
fundamental	-0.61	0.79
dr	-0.61	1.04
spending	-0.61	0.76
works	-0.61	1.48
corrupt	-0.61	0.71
see	-0.61	2.47
expected	-0.61	1.90
expect	-0.61	2.47
attempting	-0.61	1.66
how	-0.61	2.47
strongest	-0.61	3.38
whether	-0.61	2.41
furthermore	-0.60	0.88
explaining	-0.60	1.69
stops	-0.60	1.05
uk	-0.60	0.88
should	-0.60	2.53
still	-0.60	2.63
defending	-0.60	1.63
dont	-0.60	2.34
wouldnt	-0.60	1.47
dates	-0.60	0.71
maybe	-0.60	2.71
we	-0.60	2.57
innocent	-0.60	1.03
does	-0.60	2.41
necessarily	-0.60	2.45
staying	-0.60	1.04
fears	-0.60	1.03
needing	-0.60	1.84
knife	-0.60	0.85
outright	-0.60	1.40
lean	-0.60	1.32
explain	-0.59	2.21
know	-0.59	2.58
children	-0.59	0.82
group	-0.59	0.76
google	-0.59	0.94
remained	-0.59	0.84
options	-0.59	0.94
largely	-0.59	1.16
use	-0.59	1.07
ptsd	-0.59	1.03
confirmed	-0.59	0.99
refused	-0.59	1.58
realize	-0.59	2.56
comments	-0.59	1.85
find	-0.59	2.13
possibility	-0.59	1.32
boulder	-0.59	1.15
begin	-0.59	0.95
imagine	-0.59	2.41
viewers	-0.58	0.79
psychological	-0.58	0.93
lift	-0.58	0.93
victim	-0.58	0.87
needed	-0.58	2.03
says	-0.58	1.29
them	-0.58	2.27
article	-0.58	0.97
ign	-0.58	0.85
essentially	-0.58	1.30
president	-0.58	0.67
recovery	-0.58	1.12
ensure	-0.58	1.11
canada	-0.58	0.91
cable	-0.58	0.81
intentions	-0.58	0.79
bopal	-0.58	1.70
viewing	-0.58	1.01
titans	-0.58	0.66
happen	-0.58	2.49
opportunity	-0.57	1.52
factors	-0.57	0.90
tragic	-0.57	2.60
confirmation	-0.57	1.25
bringing	-0.57	1.53
romance	-0.57	1.18
people	-0.57	2.12
laughing	-0.57	3.48
satisfied	-0.57	3.69
hostile	-0.57	1.22
remains	-0.57	1.01
blog	-0.57	0.96
embrace	-0.57	1.03
hat	-0.57	0.70
whatever	-0.57	2.30
basically	-0.57	1.87
soon	-0.57	1.95
differently	-0.57	1.48
mean	-0.57	2.64
either	-0.57	2.61
pissed	-0.57	3.89
wo	-0.57	2.38
seems	-0.57	1.88
disorder	-0.57	1.01
threaten	-0.57	1.01
hes	-0.57	1.01
argument	-0.56	1.74
free	-0.56	0.86
wondered	-0.56	2.12
planned	-0.56	1.19
say	-0.56	2.63
support	-0.56	0.78
specifically	-0.56	1.62
exist	-0.56	1.39
living	-0.56	0.91
networks	-0.56	0.82
remember	-0.56	2.44
manages	-0.56	1.75
liked	-0.56	2.46
mental	-0.56	1.05
gas	-0.56	0.85
existing	-0.56	0.88
supported	-0.56	0.82
contrary	-0.56	1.11
believing	-0.56	1.08
kid	-0.56	0.87
miniseries	-0.56	0.82
fanfiction	-0.55	0.84
refuses	-0.55	1.68
standpoint	-0.55	1.15
exposed	-0.55	1.50
inner	-0.55	0.94
occurred	-0.55	0.98
predicted	-0.55	0.98
among	-0.55	1.16
refers	-0.55	1.25
also	-0.55	2.51
even	-0.55	2.52
heading	-0.55	1.30
think	-0.55	2.63
available	-0.55	0.85
wishes	-0.55	1.17
changing	-0.55	0.82
lying	-0.55	1.57
statement	-0.55	1.84
ip	-0.55	0.86
realise	-0.55	1.95
allow	-0.54	1.73
users	-0.54	1.02
though	-0.54	2.69
links	-0.54	1.12
might	-0.54	2.53
rid	-0.54	1.12
wished	-0.54	1.77
easier	-0.54	1.68
fact	-0.54	2.65
jedi	-0.54	0.90
attempt	-0.54	1.49
nobody	-0.54	1.58
which	-0.54	2.39
folks	-0.54	1.32
lives	-0.54	0.90
preferred	-0.54	1.24
flames	-0.54	1.22
certainly	-0.54	2.05
australia	-0.54	0.87
handled	-0.54	0.93
till	-0.54	1.28
normally	-0.54	1.07
freedom	-0.54	1.12
crying	-0.54	3.54
topic	-0.54	1.81
wait	-0.54	1.75
current	-0.54	0.90
suggesting	-0.53	1.70
emotionally	-0.53	1.74
id	-0.53	1.67
terribly	-0.53	1.94
office	-0.53	0.75
mention	-0.53	1.84
downvote	-0.53	1.97
vaguely	-0.53	1.06
format	-0.53	0.84
notion	-0.53	1.49
by	-0.53	1.35
accounts	-0.53	1.16
alike	-0.53	0.97
gone	-0.53	1.87
extreme	-0.52	0.77
joy	-0.52	2.35
help	-0.52	1.88
trauma	-0.52	1.01
surprise	-0.52	2.15
cant	-0.52	2.23
explicitly	-0.52	1.31
moved	-0.52	0.93
room	-0.51	0.88
halfway	-0.51	1.04
plain	-0.51	1.17
homosexuality	-0.51	1.29
peacefully	-0.51	1.04
remain	-0.51	1.16
confusing	-0.51	2.84
wonder	-0.51	2.60
tense	-0.51	2.25
meant	-0.51	3.89
opinions	-0.51	1.53
doubt	-0.51	2.58
jealous	-0.51	3.49
plot	-0.51	0.81
gross	-0.51	1.17
holds	-0.51	1.02
eventually	-0.51	1.91
twinkle	-0.51	1.37
dead	-0.50	2.09
supporting	-0.50	0.85
false	-0.50	1.49
taste	-0.50	1.05
younger	-0.50	0.81
here	-0.50	2.38
taking	-0.50	1.80
everything	-0.50	2.14
diplomatic	-0.50	0.95
manage	-0.50	1.80
specially	-0.50	1.11
however	-0.50	2.69
come	-0.50	2.14
involves	-0.50	0.80
actually	-0.50	2.56
thousands	-0.50	0.85
deus	-0.50	1.24
oppression	-0.50	0.81
seemed	-0.50	1.68
typically	-0.50	0.95
trolling	-0.49	1.51
plans	-0.49	1.13
bubble	-0.49	0.91
plan	-0.49	1.28
actively	-0.49	1.46
section	-0.49	0.94
without	-0.49	1.43
daily	-0.49	0.78
particular	-0.49	0.97
mobile	-0.49	0.96
facts	-0.49	1.81
cried	-0.49	3.47
monarchy	-0.49	0.69
airship	-0.48	0.85
hopefully	-0.48	1.99
pretend	-0.48	1.77
bring	-0.48	1.41
negative	-0.48	1.01
chance	-0.48	2.09
object	-0.48	0.90
anyone	-0.48	2.22
1-3	-0.48	0.85
vulnerable	-0.48	1.46
intention	-0.48	1.24
point	-0.48	2.57
possible	-0.48	2.33
market	-0.48	0.80
accepted	-0.48	0.73
claiming	-0.48	0.98
helped	-0.48	1.69
killing	-0.48	1.50
adventure	-0.48	0.76
entire	-0.48	1.25
alive	-0.47	2.15
idea	-0.47	2.40
ages	-0.47	0.80
distribution	-0.47	1.19
sell	-0.47	0.79
horse	-0.47	0.85
discover	-0.47	1.88
fleet	-0.47	0.96
hearts	-0.47	0.91
spent	-0.47	0.88
slightly	-0.47	1.04
thoroughly	-0.47	1.78
powered	-0.47	1.09
greatly	-0.47	0.81
chained	-0.47	1.19
selling	-0.47	0.77
freely	-0.47	1.02
spoiling	-0.47	1.34
misguided	-0.46	0.84
identity	-0.46	1.43
hulu	-0.46	0.81
asked	-0.46	1.67
causes	-0.46	1.08
pace	-0.46	0.81
weekly	-0.46	0.97
minded	-0.46	1.00
finding	-0.46	1.72
successful	-0.46	1.21
weak	-0.46	1.52
return	-0.46	1.48
shock	-0.46	1.58
camp	-0.46	0.84
accepting	-0.46	1.13
working	-0.46	1.79
constantly	-0.46	1.45
interpretation	-0.46	1.45
surrounding	-0.45	0.78
overcome	-0.45	0.98
co	-0.45	0.90
saves	-0.45	0.94
projects	-0.45	0.86
humor	-0.45	1.08
points	-0.45	1.59
chair	-0.45	1.80
wanting	-0.45	1.83
99	-0.45	0.76
exploring	-0.45	1.01
sources	-0.45	0.96
plane	-0.45	1.15
competent	-0.45	1.03
breathing	-0.45	2.02
yourself	-0.45	1.90
video	-0.45	1.08
intentional	-0.45	1.40
prove	-0.45	1.57
running	-0.45	1.71
order	-0.45	1.37
cake	-0.45	0.88
ending	-0.45	3.14
authority	-0.45	0.78
rolling	-0.45	1.40
objective	-0.44	1.47
base	-0.44	0.96
crushed	-0.44	1.32
ask	-0.44	1.97
source	-0.44	0.94
permanently	-0.44	1.21
discuss	-0.44	1.28
spend	-0.44	0.84
res	-0.44	1.00
back	-0.44	1.69
disable	-0.44	0.97
american	-0.44	1.07
unknown	-0.44	1.49
rights	-0.44	0.82
assume	-0.44	2.64
until	-0.44	1.33
refuse	-0.44	1.57
hyped	-0.44	3.76
reveals	-0.43	0.93
moving	-0.43	1.50
ends	-0.43	1.33
happily	-0.43	0.86
program	-0.43	0.92
ended	-0.43	1.34
lot	-0.43	1.61
rely	-0.43	0.84
gets	-0.43	1.49
measure	-0.43	1.04
superior	-0.43	0.81
ahead	-0.43	1.25
movers	-0.43	0.71
mechanism	-0.43	0.87
understandable	-0.43	1.47
brought	-0.43	1.82
netflix	-0.42	0.80
advertising	-0.42	1.07
legally	-0.42	0.78
groups	-0.42	1.06
wheel	-0.42	1.33
server	-0.42	1.31
weakest	-0.42	2.93
laptop	-0.42	0.95
author	-0.42	0.92
burning	-0.42	1.04
die	-0.42	2.12
complaint	-0.42	1.19
interested	-0.41	3.46
wont	-0.41	2.18
left	-0.41	1.61
react	-0.41	1.34
violence	-0.41	1.28
limit	-0.41	0.89
profit	-0.41	0.73
goal	-0.41	1.30
odds	-0.41	0.98
usually	-0.41	1.07
zhurrick	-0.41	1.48
princess	-0.41	0.75
down	-0.41	1.44
level	-0.41	0.86
unable	-0.41	1.81
metallic	-0.41	1.01
interact	-0.41	1.13
healed	-0.41	1.24
starts	-0.41	1.16
upload	-0.41	0.99
associated	-0.41	0.78
scenario	-0.41	1.13
kinda	-0.41	1.89
care	-0.41	1.83
debate	-0.40	1.50
threads	-0.40	1.44
counting	-0.40	1.36
way	-0.40	2.39
bag	-0.40	0.91
yang	-0.40	0.85
concerned	-0.40	3.68
claim	-0.40	1.20
sometime	-0.40	1.36
tends	-0.40	0.91
mature	-0.40	0.90
focused	-0.40	0.99
task	-0.40	1.42
problems	-0.40	1.07
jack	-0.40	0.85
funding	-0.40	0.83
take	-0.40	1.74
irrelevant	-0.40	1.15
could	-0.40	2.42
simple	-0.40	1.44
characterization	-0.40	0.86
remembering	-0.40	3.21
grown	-0.40	1.04
korra	-0.39	1.83
viable	-0.39	1.05
united	-0.39	0.88
compare	-0.39	1.07
attempted	-0.39	1.24
existed	-0.39	1.21
theories	-0.39	1.22
size	-0.39	0.87
organic	-0.39	1.14
stopping	-0.39	1.13
loud	-0.39	1.98
causing	-0.39	1.01
s3	-0.39	1.07
survive	-0.39	1.04
anything	-0.39	2.38
idk	-0.39	2.77
struggle	-0.39	1.09
kidnapping	-0.39	0.98
suggests	-0.39	1.06
values	-0.39	0.81
didnt	-0.39	2.16
lie	-0.39	1.30
instant	-0.39	0.81
depending	-0.39	1.13
host	-0.38	1.00
loss	-0.38	1.08
besides	-0.38	1.16
skipped	-0.38	0.95
manipulation	-0.38	1.04
survival	-0.38	0.85
except	-0.38	2.33
confront	-0.38	0.93
ill	-0.38	2.15
darker	-0.38	1.02
starting	-0.38	1.55
larger	-0.38	0.88
quest	-0.38	1.40
discussion	-0.38	1.31
inside	-0.38	0.92
kidnapped	-0.38	0.93
intent	-0.38	1.26
event	-0.38	1.32
premier	-0.38	0.83
week	-0.38	0.91
levels	-0.38	0.82
able	-0.38	1.96
offense	-0.38	0.88
arrested	-0.38	0.79
elsewhere	-0.37	1.47
avoid	-0.37	1.17
talk	-0.37	1.96
dinner	-0.37	0.70
self	-0.37	1.17
resolution	-0.37	1.19
suggested	-0.37	1.38
announcement	-0.37	1.75
officially	-0.37	0.95
go	-0.37	1.66
counts	-0.37	1.40
democratic	-0.37	0.83
let	-0.37	1.79
letters	-0.37	0.96
too	-0.37	1.87
journey	-0.37	0.87
evidence	-0.37	1.40
survey	-0.37	1.66
directly	-0.37	1.28
driven	-0.37	0.86
imply	-0.37	1.58
ambiguous	-0.37	1.32
route	-0.36	1.09
comparable	-0.36	0.76
paid	-0.36	0.95
enlightenment	-0.36	1.28
caused	-0.36	0.88
more	-0.36	1.66
deal	-0.36	1.34
supply	-0.36	0.85
finally	-0.36	1.80
questions	-0.36	1.44
difficulty	-0.36	1.12
bandit	-0.36	1.16
ego	-0.36	1.00
avoiding	-0.36	0.93
im	-0.36	3.38
include	-0.36	1.08
e.g	-0.36	0.86
turmoil	-0.36	1.03
television	-0.36	0.90
prior	-0.36	0.94
drops	-0.36	0.89
hardcore	-0.36	0.97
handle	-0.36	1.41
cry	-0.36	3.48
further	-0.36	1.13
having	-0.36	1.52
realizes	-0.36	1.37
outside	-0.36	1.06
scheme	-0.35	1.14
taller	-0.35	0.98
end	-0.35	1.34
joining	-0.35	0.78
afterwards	-0.35	1.20
forces	-0.35	0.96
trouble	-0.35	1.46
supporters	-0.35	0.73
upvoted	-0.35	1.86
hole	-0.35	1.04
bone	-0.35	0.89
system	-0.35	0.98
regardless	-0.35	1.57
seek	-0.35	1.35
cringe	-0.35	1.29
dealing	-0.35	0.99
suspicious	-0.35	2.24
beloved	-0.35	0.90
premiere	-0.34	0.85
cuts	-0.34	1.02
buildup	-0.34	1.26
incest	-0.34	1.40
proves	-0.34	0.95
clouds	-0.34	0.83
computer	-0.34	0.99
steps	-0.34	1.07
putting	-0.34	1.51
toes	-0.34	1.31
definitely	-0.34	2.50
references	-0.34	0.89
its	-0.34	2.25
happened	-0.34	2.23
leaks	-0.34	0.90
flash	-0.34	1.00
minor	-0.34	0.99
failed	-0.34	1.20
when	-0.33	1.81
teaches	-0.33	1.17
answered	-0.33	1.27
controls	-0.33	0.85
anarchists	-0.33	0.86
avatarverse	-0.33	0.90
letting	-0.33	1.20
severed	-0.33	1.07
lifetime	-0.33	0.90
finishing	-0.33	1.07
gon	-0.33	2.54
sheltered	-0.33	0.81
change	-0.33	1.45
preference	-0.33	1.35
careful	-0.33	2.66
lens	-0.33	1.09
disappeared	-0.33	1.36
forcing	-0.33	1.12
reincarnate	-0.33	1.27
dimensional	-0.32	0.96
region	-0.32	0.92
dub	-0.32	1.37
lesbians	-0.32	1.06
future	-0.32	1.26
comes	-0.32	1.28
pm	-0.32	1.44
prepare	-0.32	1.59
itself	-0.32	1.14
reviews	-0.32	0.89
surviving	-0.32	1.29
shine	-0.32	0.96
events	-0.32	0.90
grew	-0.32	1.00
leaving	-0.32	1.09
attacked	-0.32	0.80
trade	-0.32	1.77
internal	-0.32	1.01
cliff	-0.32	1.10
europe	-0.32	0.85
rate	-0.32	0.85
dying	-0.32	1.61
devil	-0.32	1.04
things	-0.32	2.05
fix	-0.31	1.46
morally	-0.31	0.90
approach	-0.31	0.98
statements	-0.31	1.15
commenting	-0.31	1.64
bodies	-0.31	1.04
issues	-0.31	1.07
chaos	-0.31	1.01
solve	-0.31	1.12
heroes	-0.31	0.83
retarded	-0.31	2.73
therefore	-0.31	1.94
invade	-0.31	0.84
figure	-0.31	1.87
dealt	-0.31	1.18
done	-0.31	2.06
nor	-0.31	1.50
show	-0.31	1.51
bound	-0.31	1.14
default	-0.31	1.17
evolution	-0.31	0.80
lowest	-0.31	1.24
herself	-0.31	1.68
corner	-0.31	1.37
screentime	-0.31	0.84
hinting	-0.31	1.31
concrete	-0.31	1.36
couldnt	-0.31	1.92
number	-0.30	0.84
proof	-0.30	1.42
stories	-0.30	0.85
company	-0.30	0.83
continued	-0.30	0.76
yesterday	-0.30	1.51
lies	-0.30	1.43
blatantly	-0.30	1.19
basis	-0.30	0.87
push	-0.30	1.15
viacom	-0.30	0.80
amazon	-0.30	0.81
shame	-0.30	1.46
onto	-0.30	1.11
former	-0.30	0.89
pressure	-0.30	0.83
traveling	-0.30	1.08
predict	-0.30	1.72
keeping	-0.30	1.29
pulled	-0.30	1.08
peace	-0.30	1.25
case	-0.30	2.51
area	-0.30	0.84
club	-0.30	0.83
rings	-0.29	0.97
sea	-0.29	0.97
effectively	-0.29	1.52
pure	-0.29	0.93
owned	-0.29	0.82
anywhere	-0.29	2.03
run	-0.29	1.39
resources	-0.29	0.81
companies	-0.29	0.86
kainora	-0.29	1.69
age	-0.29	0.93
required	-0.29	1.23
responsibilities	-0.29	0.94
punishment	-0.29	1.11
restoring	-0.29	1.26
somewhere	-0.29	1.51
votes	-0.29	1.50
development	-0.29	0.89
cruel	-0.29	0.92
continue	-0.29	1.14
secondary	-0.29	0.84
pass	-0.29	1.01
managed	-0.29	1.79
plots	-0.29	0.84
lands	-0.29	0.78
ourselves	-0.29	1.16
lieutenant	-0.29	0.78
height	-0.29	1.14
kill	-0.29	1.52
cat	-0.29	1.25
visions	-0.29	1.37
unity	-0.29	1.19
twisted	-0.29	0.98
costs	-0.29	0.86
faster	-0.28	1.09
threatening	-0.28	0.80
creates	-0.28	0.95
remotely	-0.28	1.39
knew	-0.28	2.20
version	-0.28	1.02
avatar	-0.28	1.25
bittersweet	-0.28	3.51
physical	-0.28	0.97
acceptance	-0.28	1.34
ours	-0.28	0.95
gotten	-0.28	1.73
90	-0.28	0.80
endings	-0.28	1.55
achieved	-0.28	1.35
page	-0.28	1.15
avoided	-0.28	1.06
lesson	-0.28	0.95
sending	-0.28	0.90
foreshadowing	-0.28	1.01
block	-0.28	0.86
story	-0.28	0.96
large	-0.28	0.78
limited	-0.28	1.09
step	-0.28	1.19
watch	-0.28	0.83
skyrim	-0.28	1.15
takes	-0.28	1.36
admitted	-0.28	1.27
equality	-0.28	0.96
prime	-0.28	0.91
helping	-0.28	1.54
assassination	-0.28	1.07
abuse	-0.28	0.97
youtube	-0.27	0.89
latest	-0.27	0.82
core	-0.27	0.78
fanfic	-0.27	0.94
gaang	-0.27	0.76
lucky	-0.27	1.47
crimes	-0.27	1.03
hooked	-0.27	1.26
confusion	-0.27	1.59
commit	-0.27	0.97
removing	-0.27	1.26
vast	-0.27	0.77
mistaken	-0.27	3.48
click	-0.27	1.09
crowd	-0.27	0.92
speculation	-0.27	1.30
question	-0.27	2.15
lotus	-0.27	0.80
stability	-0.27	1.18
offensive	-0.27	0.99
suggest	-0.27	1.09
cutting	-0.27	0.90
access	-0.27	0.90
invested	-0.27	3.60
leaders	-0.27	0.84
teams	-0.27	0.83
pair	-0.26	0.99
reach	-0.26	1.04
conquer	-0.26	0.90
battlefield	-0.26	1.23
state	-0.26	1.02
dunno	-0.26	2.26
understand	-0.26	1.98
belief	-0.26	0.98
storyline	-0.26	0.82
vaatu	-0.26	0.99
gravity	-0.26	0.88
downvotes	-0.26	1.82
government	-0.26	0.79
subtext	-0.26	1.00
implied	-0.26	1.32
captured	-0.26	0.91
failing	-0.26	1.60
give	-0.26	1.69
conservative	-0.26	1.34
carefully	-0.26	0.97
automatically	-0.26	1.28
magically	-0.26	1.16
pause	-0.26	1.34
digging	-0.26	1.51
qualities	-0.25	0.64
relate	-0.25	1.51
unrelated	-0.25	1.09
olds	-0.25	0.84
resolve	-0.25	1.06
compound	-0.25	0.99
gang	-0.25	0.79
there	-0.25	2.38
restore	-0.25	1.23
popularity	-0.25	0.75
desires	-0.25	1.06
letter	-0.25	0.91
upcoming	-0.25	1.01
sensitive	-0.25	1.75
reason	-0.25	2.41
spoilers	-0.25	1.32
balance	-0.25	1.22
entirely	-0.25	1.99
beliefs	-0.25	0.85
serve	-0.25	0.78
struggled	-0.25	0.98
messing	-0.25	1.62
ravaa	-0.25	1.06
chapter	-0.25	0.79
deciding	-0.25	1.32
square	-0.25	1.03
230	-0.25	0.88
attacking	-0.25	0.99
over	-0.24	1.25
pull	-0.24	1.30
once	-0.24	1.82
randomly	-0.24	1.02
ambiguity	-0.24	1.33
reincarnated	-0.24	1.22
secretly	-0.24	0.81
mushroom	-0.24	0.91
carrying	-0.24	1.24
morals	-0.24	0.85
told	-0.24	1.62
accidentally	-0.24	1.34
aka	-0.24	0.93
sooner	-0.24	1.60
venom	-0.24	0.91
environment	-0.24	0.92
surface	-0.24	1.12
stark	-0.24	0.89
countries	-0.24	0.85
achieve	-0.24	1.39
admiral	-0.24	1.07
obviously	-0.24	2.42
noble	-0.24	0.81
conflicts	-0.24	0.95
souls	-0.24	0.97
disbelief	-0.24	1.43
absurd	-0.24	1.23
struggles	-0.24	1.10
raise	-0.24	0.90
chunk	-0.24	0.87
bonded	-0.23	1.03
tells	-0.23	1.33
upon	-0.23	1.50
saved	-0.23	0.97
crisis	-0.23	1.13
doctor	-0.23	0.75
2015	-0.23	1.10
runs	-0.23	1.10
burden	-0.23	1.01
sort	-0.23	1.75
absence	-0.23	0.85
scientific	-0.23	1.40
embodiment	-0.23	1.01
hostage	-0.23	0.84
asks	-0.23	1.29
dragged	-0.23	1.57
vatuu	-0.23	0.94
reveal	-0.23	1.17
reality	-0.23	1.09
produce	-0.23	0.86
tropes	-0.23	0.79
posts	-0.23	1.35
peak	-0.23	0.96
necessity	-0.23	1.04
heavy	-0.23	1.00
reddit	-0.23	1.35
small	-0.22	0.90
red	-0.22	0.80
mentioning	-0.22	1.28
subs	-0.22	1.23
fan	-0.22	1.33
sound	-0.22	1.27
body	-0.22	0.93
counter	-0.22	1.15
finish	-0.22	1.09
lacks	-0.22	0.87
world	-0.22	1.11
returned	-0.22	1.06
pai	-0.22	1.18
slowly	-0.22	1.11
convince	-0.22	1.65
cycle	-0.22	1.11
breaks	-0.22	0.99
started	-0.22	1.29
sub	-0.22	1.36
aggressive	-0.22	1.35
muscle	-0.22	1.02
instance	-0.22	0.87
enters	-0.22	1.12
approval	-0.22	0.91
device	-0.22	0.92
protecting	-0.22	1.19
talked	-0.22	1.36
party	-0.21	0.86
momo	-0.21	1.23
darkness	-0.21	0.98
picking	-0.21	1.23
perception	-0.21	1.05
feed	-0.21	0.98
tears	-0.21	3.32
fused	-0.21	1.00
flame	-0.21	0.92
maintain	-0.21	1.19
organization	-0.21	0.83
mark	-0.21	1.15
population	-0.21	0.76
wasnt	-0.21	1.94
caught	-0.21	1.91
completed	-0.21	0.86
matured	-0.21	1.11
imbalance	-0.21	1.14
ideology	-0.21	0.96
antagonists	-0.21	1.14
rip	-0.21	1.26
wasted	-0.21	0.86
s4	-0.21	0.93
progressed	-0.21	1.09
harmony	-0.21	1.17
owns	-0.20	0.93
aired	-0.20	0.90
puppet	-0.20	0.65
contain	-0.20	1.06
motives	-0.20	0.93
rescue	-0.20	0.89
recent	-0.20	1.01
lived	-0.20	0.93
same	-0.20	2.36
realization	-0.20	1.69
joker	-0.20	0.92
continuing	-0.20	1.03
mass	-0.20	0.93
surrounded	-0.20	0.87
lifetimes	-0.20	0.93
airships	-0.20	0.83
situation	-0.20	1.36
scream	-0.20	0.95
correctly	-0.20	3.71
territory	-0.20	0.86
set	-0.20	0.91
collapse	-0.20	0.98
firefly	-0.20	1.03
10,000	-0.20	1.00
earlier	-0.20	1.78
suddenly	-0.20	1.18
optimistic	-0.20	2.04
pulls	-0.20	1.12
trapped	-0.20	0.93
heart	-0.20	1.04
moral	-0.20	0.93
tip	-0.20	0.98
merged	-0.20	0.95
burn	-0.19	0.75
anarchist	-0.19	0.80
4chan	-0.19	1.37
meditating	-0.19	1.32
explicit	-0.19	1.06
previous	-0.19	0.98
function	-0.19	0.96
taken	-0.19	1.53
members	-0.19	0.82
growing	-0.19	1.02
subreddit	-0.19	1.35
lead	-0.19	0.96
answers	-0.19	1.40
releasing	-0.19	1.09
grow	-0.19	1.19
logic	-0.19	1.57
detective	-0.19	0.83
arcs	-0.19	0.81
pc	-0.19	1.04
thumbnail	-0.19	1.23
reborn	-0.19	1.04
him/her	-0.19	1.48
anarchism	-0.19	0.81
shortly	-0.19	1.06
partially	-0.19	1.41
80	-0.19	0.89
less	-0.19	1.51
posted	-0.19	1.77
lighter	-0.19	1.01
condition	-0.19	1.08
carries	-0.19	1.21
has	-0.19	1.95
destroying	-0.19	1.06
beaten	-0.19	1.34
got	-0.18	2.03
expecting	-0.18	3.51
avatars	-0.18	0.97
rebuilding	-0.18	0.97
magical	-0.18	1.03
broke	-0.18	1.25
leaves	-0.18	1.17
contact	-0.18	1.06
nsfw	-0.18	1.35
motivation	-0.18	1.05
begun	-0.18	1.33
allowing	-0.18	1.47
analogy	-0.18	0.96
browsing	-0.18	1.29
rava	-0.18	1.01
protagonists	-0.18	0.84
desire	-0.18	1.08
posting	-0.18	1.46
proven	-0.18	1.22
strange	-0.18	1.48
subreddits	-0.18	1.25
locked	-0.18	0.94
military	-0.18	0.88
firebend	-0.18	1.05
member	-0.18	0.77
saving	-0.18	1.00
pushed	-0.18	1.24
illusion	-0.18	0.96
tagged	-0.18	1.38
unbendable	-0.18	0.95
kidnap	-0.18	1.02
distance	-0.18	0.91
relative	-0.18	0.99
must	-0.18	2.35
treat	-0.18	0.94
date	-0.18	0.95
guaranteed	-0.17	1.30
ease	-0.17	1.21
guarantee	-0.17	1.34
antagonist	-0.17	0.88
came	-0.17	1.44
leads	-0.17	0.93
slight	-0.17	1.31
restored	-0.17	1.11
express	-0.17	1.49
raava	-0.17	1.00
chaotic	-0.17	1.15
degree	-0.17	1.04
play	-0.17	1.03
trap	-0.17	0.92
past	-0.17	0.99
mouth	-0.17	0.88
disappointment	-0.17	1.62
anyway	-0.17	2.93
turn	-0.17	1.35
krew	-0.17	0.78
determine	-0.17	1.28
distant	-0.17	1.03
finds	-0.17	1.20
critical	-0.17	1.21
unexpected	-0.17	1.78
somewhat	-0.17	1.63
purchase	-0.17	0.82
complete	-0.16	0.89
discussions	-0.16	1.14
iceberg	-0.16	1.39
forest	-0.16	0.89
tongue	-0.16	1.28
thoughts	-0.16	1.35
july	-0.16	0.92
disappear	-0.16	1.26
villian	-0.16	1.22
cloud	-0.16	0.96
tarrlok	-0.16	0.78
puts	-0.16	1.01
received	-0.16	0.97
8	-0.16	0.85
speaks	-0.16	1.23
sides	-0.16	1.22
rebuild	-0.16	1.00
theory	-0.16	1.98
turns	-0.16	1.17
religion	-0.16	1.15
laws	-0.16	1.00
demand	-0.16	0.95
objects	-0.16	1.11
queen	-0.16	0.74
prominent	-0.16	0.99
bet	-0.16	2.22
probably	-0.16	2.50
apparently	-0.16	1.73
connected	-0.15	1.03
legend	-0.15	0.96
america	-0.15	0.85
torture	-0.15	1.02
problem	-0.15	1.83
average	-0.15	1.02
reconnect	-0.15	1.07
familiar	-0.15	1.75
gambit	-0.15	0.88
creating	-0.15	0.99
store	-0.15	0.83
january	-0.15	1.13
glove	-0.15	0.98
announced	-0.15	0.87
expensive	-0.15	1.12
notice	-0.15	2.28
ideologies	-0.15	0.89
rarely	-0.15	1.06
elected	-0.15	0.78
reeducation	-0.15	0.88
tags	-0.15	1.39
lost	-0.15	1.03
cop	-0.15	0.87
challenges	-0.15	1.19
approve	-0.15	1.34
public	-0.15	1.58
controlling	-0.15	1.00
latter	-0.15	1.90
atla	-0.15	1.33
benefit	-0.14	1.03
stepped	-0.14	1.28
banned	-0.14	1.38
genocide	-0.14	0.93
radio	-0.14	0.93
bendable	-0.14	0.95
strictly	-0.14	1.31
goofy	-0.14	1.08
grasp	-0.14	1.54
theirs	-0.14	1.15
major	-0.14	1.04
attitude	-0.14	1.24
occur	-0.14	1.09
tla	-0.14	1.35
guess	-0.14	2.90
thrown	-0.14	1.10
connecting	-0.14	1.06
responsibility	-0.14	1.09
crime	-0.14	0.96
monarch	-0.14	0.72
dry	-0.14	0.99
memories	-0.14	0.91
wiped	-0.14	0.88
mixed	-0.14	1.11
blind	-0.14	1.05
contains	-0.14	1.00
advance	-0.14	0.96
thread	-0.14	2.00
etc	-0.14	0.93
jumped	-0.14	1.52
amon	-0.14	0.78
human	-0.14	1.00
situations	-0.14	0.89
in-universe	-0.14	1.46
manipulated	-0.13	0.93
worldly	-0.13	1.18
before	-0.13	1.62
ironically	-0.13	0.95
na	-0.13	2.47
reasoning	-0.13	1.26
appears	-0.13	1.07
trip	-0.13	0.75
message	-0.13	1.34
viewed	-0.13	0.87
linked	-0.13	1.31
yet	-0.13	2.23
or	-0.13	2.48
watching	-0.13	1.12
technically	-0.13	3.73
put	-0.13	1.40
all	-0.13	2.14
solution	-0.13	1.14
carbon	-0.13	0.90
essence	-0.13	0.92
capture	-0.13	1.08
had	-0.13	2.33
stepping	-0.13	1.23
ruling	-0.13	0.74
built	-0.13	0.80
willingly	-0.13	1.47
featured	-0.13	0.91
dropped	-0.13	0.85
station	-0.13	0.81
contract	-0.13	0.84
learns	-0.13	1.02
destroyed	-0.13	1.04
mentioned	-0.13	1.70
states	-0.13	0.80
flawed	-0.13	1.06
given	-0.13	1.52
limits	-0.13	0.90
written	-0.13	1.01
spoiler	-0.12	1.37
omashu	-0.12	0.82
via	-0.12	0.88
fuse	-0.12	1.02
increased	-0.12	0.78
q	-0.12	1.00
full	-0.12	0.92
out	-0.12	1.52
lay	-0.12	1.10
isolated	-0.12	0.99
24	-0.12	0.83
iirc	-0.12	1.05
property	-0.12	0.83
substance	-0.12	0.95
thousand	-0.12	0.93
planes	-0.12	0.86
role	-0.12	0.85
million	-0.12	0.87
unreasonable	-0.12	1.30
books	-0.12	0.91
perhaps	-0.12	2.10
peoples	-0.12	0.89
regard	-0.12	0.75
land	-0.12	0.83
frequently	-0.12	1.07
buy	-0.12	0.82
cars	-0.12	0.81
remind	-0.12	1.20
tag	-0.12	1.39
old	-0.11	0.87
justified	-0.11	0.96
big	-0.11	1.08
discussed	-0.11	1.52
11	-0.11	0.82
marked	-0.11	1.49
divided	-0.11	0.85
sandbenders	-0.11	0.92
referred	-0.11	1.15
separated	-0.11	1.05
who	-0.11	1.45
technological	-0.11	0.90
ii	-0.11	0.77
light	-0.11	1.12
coronation	-0.11	0.94
warning	-0.11	1.08
borders	-0.11	1.03
revealed	-0.11	1.08
rule	-0.11	0.88
pointed	-0.11	1.96
burst	-0.11	2.15
no	-0.11	2.36
begins	-0.11	1.14
messages	-0.11	1.10
answer	-0.11	1.74
characters	-0.11	0.87
empty	-0.11	1.15
villages	-0.11	1.00
later	-0.11	1.25
around	-0.11	1.15
destruction	-0.11	0.96
realm	-0.11	0.97
humans	-0.11	0.85
giving	-0.11	1.40
nonsense	-0.11	1.16
orientation	-0.10	1.09
place	-0.10	1.79
harmonic	-0.10	1.03
intelligence	-0.10	0.80
skip	-0.10	0.91
cities	-0.10	0.85
listed	-0.10	1.09
sticks	-0.10	0.92
setting	-0.10	0.92
republic	-0.10	0.82
anarchy	-0.10	0.96
lets	-0.10	1.94
closure	-0.10	1.19
within	-0.10	1.03
early	-0.10	1.17
mentions	-0.10	1.12
redemption	-0.10	1.19
joking	-0.10	2.32
department	-0.10	1.15
2014	-0.10	0.97
reasons	-0.10	1.26
line	-0.10	1.62
days	-0.10	0.92
magic	-0.10	0.95
communicate	-0.10	1.13
hero	-0.10	0.92
hide	-0.10	1.26
motive	-0.10	1.03
security	-0.10	0.91
soul	-0.10	1.07
franchise	-0.10	1.25
convinced	-0.09	3.18
been	-0.09	2.22
regain	-0.09	1.10
grows	-0.09	0.93
respectively	-0.09	0.97
buried	-0.09	1.35
confirm	-0.09	1.13
never	-0.09	2.23
fox	-0.09	0.87
through	-0.09	1.03
chin	-0.09	0.78
strict	-0.09	1.47
stopped	-0.09	1.25
til	-0.09	1.09
far	-0.09	1.98
hallucination	-0.09	1.19
arc	-0.09	1.05
12	-0.09	0.86
wrapped	-0.09	1.18
importance	-0.09	0.90
wan	-0.09	0.98
memory	-0.09	0.99
guns	-0.09	0.89
recall	-0.09	1.80
society	-0.09	0.93
travel	-0.09	0.94
wall	-0.09	1.14
properties	-0.09	0.84
began	-0.09	1.10
comedy	-0.09	0.87
main	-0.09	1.07
under	-0.09	0.84
36	-0.09	0.82
unconscious	-0.09	1.27
combine	-0.09	0.80
conspiracy	-0.09	1.04
corruption	-0.09	0.83
temporary	-0.09	0.97
connection	-0.09	1.00
leading	-0.09	0.81
closely	-0.08	0.77
took	-0.08	1.28
used	-0.08	1.73
implications	-0.08	1.06
sitting	-0.08	1.86
recently	-0.08	1.33
faced	-0.08	1.03
wilds	-0.08	0.94
abandoned	-0.08	1.11
motion	-0.08	0.73
wandering	-0.08	1.01
freed	-0.08	1.02
protection	-0.08	0.91
al	-0.08	1.12
research	-0.08	0.93
15	-0.08	0.84
known	-0.08	1.54
detect	-0.08	1.11
span	-0.08	0.99
meet	-0.08	1.23
air	-0.08	0.83
band	-0.08	0.97
slice	-0.08	1.02
wu	-0.08	0.73
endless	-0.08	1.04
sidebar	-0.08	1.34
leaking	-0.08	1.35
despite	-0.08	0.97
26	-0.08	0.78
next	-0.08	1.52
settle	-0.08	1.32
knocked	-0.08	1.33
inability	-0.08	1.44
follow	-0.08	1.26
numbers	-0.08	0.85
regular	-0.08	0.93
signed	-0.08	0.88
minus	-0.07	0.79
sends	-0.07	1.04
universe	-0.07	0.89
your	-0.07	1.49
molecules	-0.07	0.93
alone	-0.07	1.22
succeeded	-0.07	1.20
copyright	-0.07	0.91
present	-0.07	1.17
chances	-0.07	1.07
sent	-0.07	0.91
reaching	-0.07	1.08
moles	-0.07	0.79
hits	-0.07	1.26
outer	-0.07	0.84
dictatorship	-0.07	0.81
politics	-0.07	0.92
honesty	-0.07	1.45
bent	-0.07	0.87
officer	-0.07	0.78
lgbt	-0.07	0.96
mid	-0.07	0.98
repeat	-0.07	0.86
mod	-0.07	1.29
r/korrasami	-0.07	1.24
trigger	-0.07	0.89
secrets	-0.07	1.10
successfully	-0.07	1.16
significant	-0.07	1.05
rational	-0.07	1.18
positive	-0.07	1.03
hook	-0.07	0.82
explode	-0.07	1.04
edge	-0.06	1.09
badly	-0.06	1.10
jail	-0.06	0.97
board	-0.06	1.02
touched	-0.06	0.93
travels	-0.06	0.97
industrial	-0.06	0.80
doesnt	-0.06	1.74
torn	-0.06	1.74
manipulating	-0.06	1.02
eliminate	-0.06	1.08
backwards	-0.06	1.05
weird	-0.06	1.46
food	-0.06	0.80
replace	-0.06	0.91
flag	-0.06	0.83
committed	-0.06	1.51
breaking	-0.06	1.80
blood	-0.06	0.83
dies	-0.06	1.21
weakness	-0.06	1.03
threw	-0.06	1.09
years	-0.06	1.03
submit	-0.06	1.08
controlled	-0.06	0.99
motivations	-0.06	0.94
well	-0.06	2.43
<URL>	-0.06	0.85
<SPECIAL>	-0.06	0.85
ruled	-0.06	0.77
30	-0.06	0.86
shift	-0.06	1.14
mission	-0.06	1.10
kinds	-0.06	1.13
implies	-0.06	1.09
throw	-0.06	1.22
headed	-0.06	1.41
stood	-0.06	1.11
tough	-0.06	1.24
valuable	-0.06	1.01
subject	-0.06	1.27
assumption	-0.06	1.60
clean	-0.05	0.91
experience	-0.05	0.83
introduced	-0.05	0.89
marathon	-0.05	0.97
60	-0.05	0.90
ruler	-0.05	0.78
colonies	-0.05	0.84
statue	-0.05	0.75
christmas	-0.05	1.03
hours	-0.05	0.89
memes	-0.05	1.10
list	-0.05	1.18
18	-0.05	0.86
team	-0.05	0.83
vibrations	-0.05	0.96
covered	-0.05	0.99
guessed	-0.05	1.94
plants	-0.05	0.88
childhood	-0.05	0.90
money	-0.05	0.86
existence	-0.05	1.36
command	-0.05	0.90
organized	-0.05	0.83
float	-0.05	0.87
agreed	-0.05	1.71
time	-0.05	1.55
offered	-0.05	1.08
political	-0.05	0.90
suspect	-0.05	1.56
wipe	-0.05	0.94
year	-0.05	0.90
uhh	-0.05	1.30
released	-0.05	1.04
manner	-0.05	1.15
resolved	-0.05	1.05
heal	-0.05	1.03
tumblr	-0.05	1.13
suppose	-0.05	2.72
similarly	-0.05	0.98
city	-0.05	0.82
judging	-0.05	0.92
titles	-0.05	1.27
22	-0.05	0.86
arrived	-0.05	0.99
rules	-0.05	1.09
local	-0.05	0.80
suicide	-0.05	1.04
produced	-0.05	0.98
ultimately	-0.05	1.10
unfortunately	-0.04	1.82
genre	-0.04	0.92
ago	-0.04	1.04
hanging	-0.04	1.12
19	-0.04	0.88
tearing	-0.04	2.18
removed	-0.04	1.60
any	-0.04	2.02
void	-0.04	1.14
dozens	-0.04	1.02
technology	-0.04	0.89
solely	-0.04	1.02
range	-0.04	0.81
rebirth	-0.04	1.07
spoke	-0.04	1.17
walks	-0.04	1.12
attached	-0.04	2.21
tight	-0.04	0.86
enter	-0.04	1.16
created	-0.04	1.07
depend	-0.04	1.22
save	-0.04	1.42
nature	-0.04	1.34
rulers	-0.04	0.76
hang	-0.04	1.32
sat	-0.04	1.79
tldr	-0.04	0.90
possibilities	-0.04	1.01
natural	-0.04	1.08
focuses	-0.04	0.83
struck	-0.04	1.81
tahno	-0.04	1.22
mirror	-0.04	0.91
conclusion	-0.04	1.39
established	-0.04	1.07
represent	-0.04	0.88
animals	-0.03	0.72
wood	-0.03	0.89
tied	-0.03	1.03
upvotes	-0.03	1.71
swamp	-0.03	1.04
break	-0.03	1.35
throwing	-0.03	1.05
went	-0.03	1.62
huge	-0.03	0.99
nation	-0.03	0.83
escape	-0.03	0.95
file	-0.03	0.94
house	-0.03	0.96
justify	-0.03	1.23
wiki	-0.03	1.54
hunting	-0.03	1.06
bones	-0.03	0.90
across	-0.03	0.87
communist	-0.03	0.87
open	-0.03	0.99
16	-0.03	0.86
subtle	-0.03	1.13
i.e	-0.03	1.17
fantasy	-0.03	0.85
luckily	-0.03	1.10
legs	-0.03	1.14
probending	-0.03	0.76
projecting	-0.03	1.22
vader	-0.03	0.71
initial	-0.03	1.00
seconds	-0.03	1.02
fog	-0.03	0.99
repeatedly	-0.03	1.41
23	-0.03	0.88
destroys	-0.03	1.08
refined	-0.03	0.88
17	-0.03	0.84
implication	-0.03	1.15
terrorist	-0.03	0.86
progression	-0.03	0.86
thin	-0.03	1.05
cells	-0.03	0.91
mortal	-0.02	1.01
shipper	-0.02	2.65
conflict	-0.02	1.03
re-education	-0.02	0.92
cabbage	-0.02	0.96
shaped	-0.02	1.00
zone	-0.02	0.90
path	-0.02	1.04
uncommon	-0.02	1.07
global	-0.02	0.86
13	-0.02	0.86
after	-0.02	1.16
70	-0.02	0.92
fail	-0.02	1.33
prisoner	-0.02	0.98
window	-0.02	1.03
passes	-0.02	0.95
true	-0.02	2.48
25	-0.02	0.86
thing	-0.02	2.44
normal	-0.02	1.05
clue	-0.02	2.21
remove	-0.02	1.27
meanwhile	-0.02	0.97
tank	-0.02	1.09
changed	-0.02	1.06
sold	-0.02	0.81
timeline	-0.02	0.88
from	-0.02	1.16
switch	-0.02	0.98
mods	-0.02	1.44
reincarnation	-0.02	1.08
fails	-0.02	1.38
14	-0.02	0.87
burns	-0.02	1.11
eat	-0.02	0.69
generations	-0.02	0.89
separation	-0.02	0.98
discovering	-0.02	1.43
precedent	-0.02	1.24
fake	-0.02	0.89
hitting	-0.02	0.94
laugh	-0.02	2.08
thus	-0.02	1.31
provide	-0.02	1.18
kills	-0.02	2.41
merely	-0.02	1.29
systems	-0.01	0.95
camps	-0.01	0.88
whole	-0.01	1.53
digital	-0.01	0.82
conquering	-0.01	0.83
times	-0.01	1.17
liquid	-0.01	0.96
dropping	-0.01	1.05
hidden	-0.01	1.11
education	-0.01	0.90
spirits	-0.01	0.92
appear	-0.01	1.09
convergence	-0.01	1.02
commander	-0.01	0.85
replaced	-0.01	1.03
40	-0.01	0.89
carry	-0.01	0.98
connect	-0.01	1.19
added	-0.01	1.39
kingdom	-0.01	0.78
leak	-0.01	1.02
focus	-0.01	0.98
miles	-0.01	0.86
50	-0.01	0.94
move	-0.01	1.07
supplies	-0.01	0.84
manga	-0.01	0.73
sexuality	-0.01	1.09
metals	-0.01	0.97
prince	-0.01	0.75
roughly	-0.01	0.89
throws	-0.01	1.01
survived	-0.01	1.10
above	-0.01	1.40
mainstream	-0.01	0.79
died	-0.01	1.14
plant	-0.01	0.96
long	-0.01	1.12
account	-0.01	1.30
electricity	-0.01	0.83
commentary	-0.01	0.82
wooden	-0.00	0.89
fully	-0.00	1.62
touch	-0.00	1.18
code	-0.00	0.96
severely	-0.00	1.29
worlds	-0.00	0.98
shell	-0.00	1.00
dick	-0.00	1.32
sight	-0.00	0.95
pride	-0.00	1.27
defined	-0.00	1.35
amazed	-0.00	2.25
21	-0.00	0.89
escaping	-0.00	1.07
searching	-0.00	1.23
wish	-0.00	1.76
weeks	-0.00	1.00
interpret	-0.00	1.23
wrap	-0.00	1.02
connections	-0.00	1.00
civilization	-0.00	0.83
cover	-0.00	0.90
success	-0.00	0.84
hardly	0.00	1.14
imgur	0.00	0.97
civil	0.00	0.80
continent	0.00	0.81
primary	0.00	0.87
shenanigans	0.00	1.02
entered	0.00	1.16
seat	0.00	1.35
naturally	0.00	1.31
20	0.00	0.87
earthly	0.00	1.17
incorrect	0.00	3.86
mix	0.00	1.37
uniting	0.00	0.92
plasma	0.00	0.90
space	0.00	0.99
b3	0.00	1.03
sadly	0.01	1.31
applies	0.01	1.13
secret	0.01	0.95
argued	0.01	1.11
since	0.01	2.25
gyatso	0.01	1.11
1000	0.01	0.96
rpg	0.01	1.01
mad	0.01	3.45
troops	0.01	0.86
fairly	0.01	1.45
entity	0.01	1.01
mao	0.01	0.91
invasion	0.01	0.83
stress	0.01	1.01
strikes	0.01	1.22
earth	0.01	0.81
requires	0.01	0.89
regime	0.01	0.85
regarding	0.01	1.50
beginning	0.01	1.06
least	0.01	2.22
justification	0.01	1.14
concentration	0.01	0.86
tornado	0.01	0.96
bandits	0.01	0.82
carried	0.01	0.94
link	0.01	1.15
commented	0.01	1.83
finished	0.01	1.02
names	0.01	2.05
request	0.01	1.40
founded	0.01	0.85
sphere	0.01	0.94
murdered	0.01	1.12
tree	0.01	1.00
minecraft	0.02	0.95
prisons	0.02	0.89
bottom	0.02	1.28
con	0.02	1.22
detached	0.02	1.11
warfare	0.02	0.90
minds	0.02	1.12
areas	0.02	0.85
following	0.02	0.90
pro	0.02	0.83
concepts	0.02	1.00
peaceful	0.02	1.00
minutes	0.02	0.97
external	0.02	0.98
sets	0.02	0.81
cave	0.02	0.89
learn	0.02	1.23
hint	0.02	1.13
prisoners	0.02	0.92
r/lakelaogai	0.02	1.02
raising	0.02	0.94
dense	0.02	1.51
hundreds	0.02	0.99
realised	0.02	1.59
walk	0.02	1.21
solid	0.02	1.01
destroy	0.02	1.02
behind	0.02	1.09
overarching	0.02	0.83
feelings	0.02	1.34
rewatch	0.02	1.03
wrecked	0.02	1.33
citizens	0.02	0.78
principle	0.03	0.97
ideas	0.03	1.09
european	0.03	0.92
tethers	0.03	1.15
entering	0.03	1.11
turned	0.03	1.42
rewatching	0.03	1.01
select	0.03	1.02
noticeable	0.03	1.44
b4	0.03	0.91
truth	0.03	1.36
ordered	0.03	0.90
appa	0.03	0.78
travelling	0.03	0.91
up	0.03	1.55
turtle	0.03	0.85
astral	0.03	1.09
tether	0.03	1.16
serves	0.03	0.87
muscles	0.03	1.23
beginnings	0.03	1.58
location	0.03	0.92
conquered	0.03	0.81
glider	0.03	0.86
month	0.03	0.94
amp	0.03	0.80
classes	0.03	0.79
hundred	0.03	0.98
news	0.03	1.05
threat	0.03	1.07
favourite	0.03	2.98
middle	0.03	0.94
imagination	0.03	0.85
factory	0.04	1.19
spelled	0.04	3.78
rc	0.04	0.87
gender	0.04	1.03
greater	0.04	0.85
stealing	0.04	0.84
stalin	0.04	0.90
council	0.04	0.80
beings	0.04	1.03
random	0.04	1.00
prison	0.04	0.90
parallels	0.04	0.91
immediately	0.04	1.46
pole	0.04	0.89
projection	0.04	1.06
trained	0.04	0.87
guards	0.04	0.88
already	0.04	2.09
mercy	0.04	1.20
structure	0.04	0.86
eclipse	0.04	1.04
value	0.04	1.22
none	0.04	1.09
planet	0.04	1.60
religious	0.04	0.93
part	0.04	1.54
resist	0.04	1.09
titan	0.04	0.72
claimed	0.04	1.12
9	0.04	0.85
maintaining	0.04	1.37
named	0.05	0.86
dust	0.05	0.92
learning	0.05	1.02
sato	0.05	0.81
model	0.05	0.95
daddy	0.05	1.20
opportunities	0.05	1.08
entirety	0.05	1.45
village	0.05	0.81
repost	0.05	1.62
jet	0.05	1.04
failure	0.05	1.08
root	0.05	1.11
drunk	0.05	3.03
fascist	0.05	0.93
steal	0.05	0.90
quickly	0.05	1.45
months	0.05	0.94
deviantart	0.05	0.96
fong	0.05	0.88
impurities	0.05	0.90
tech	0.05	0.88
ups	0.05	1.27
opposite	0.05	1.22
indication	0.05	1.57
kuruk	0.05	0.98
weaknesses	0.05	1.04
wherever	0.05	1.17
adding	0.05	1.02
pattern	0.05	0.95
ran	0.05	1.07
royalty	0.05	0.81
gliders	0.05	0.86
confident	0.05	1.44
7	0.05	0.87
providing	0.05	1.40
electric	0.05	0.92
stick	0.05	1.52
police	0.05	0.82
information	0.05	1.17
unalaq	0.05	0.87
students	0.05	0.81
pay	0.05	1.04
reminded	0.05	2.31
simultaneously	0.05	0.99
speed	0.05	0.90
drill	0.05	1.12
messed	0.06	1.59
crash	0.06	1.05
involve	0.06	1.11
unite	0.06	1.02
sounds	0.06	1.16
force	0.06	0.86
adapt	0.06	1.02
represented	0.06	0.92
afterlife	0.06	1.24
attachments	0.06	1.14
zahir	0.06	1.21
boat	0.06	0.95
seismic	0.06	1.00
table	0.06	1.15
town	0.06	0.84
capacity	0.06	0.99
era	0.06	0.89
explanation	0.06	1.46
themes	0.06	0.85
100	0.06	0.98
conversations	0.06	0.90
okay	0.06	3.69
ways	0.06	1.27
remaining	0.06	0.91
4000	0.06	1.03
visited	0.06	0.97
criminals	0.06	0.91
tradition	0.06	0.86
sick	0.06	3.21
manipulate	0.06	0.94
west	0.06	0.78
amounts	0.06	0.80
albeit	0.06	1.05
similarities	0.06	0.88
yeah	0.06	3.47
bonus	0.06	0.86
firenation	0.06	0.93
exists	0.06	1.37
machines	0.07	0.81
dvd	0.07	0.91
leadership	0.07	0.76
her	0.07	1.11
uses	0.07	0.82
sigh	0.07	1.21
center	0.07	1.10
aang	0.07	1.12
bros	0.07	1.59
slightest	0.07	1.34
asia	0.07	0.82
eps	0.07	0.87
bend	0.07	0.91
soldiers	0.07	0.84
doors	0.07	0.93
reaction	0.07	1.22
followers	0.07	0.91
pilot	0.07	0.92
status	0.07	1.05
sit	0.07	1.10
safety	0.07	1.38
exceptions	0.07	0.90
silence	0.07	1.36
heritage	0.07	0.87
emphasis	0.07	1.02
included	0.07	1.17
native	0.07	1.45
origins	0.07	1.07
hallucinations	0.07	1.05
growth	0.07	0.85
airbend	0.07	1.07
russia	0.07	0.89
project	0.07	0.94
escaped	0.07	0.98
tanks	0.07	0.83
physics	0.08	1.02
blank	0.08	1.09
34	0.08	0.97
library	0.08	0.84
shut	0.08	1.00
coincidence	0.08	1.81
regularly	0.08	0.90
learnt	0.08	1.10
sneak	0.08	1.01
forgotten	0.08	2.07
foot	0.08	1.02
central	0.08	0.79
lore	0.08	0.94
ve	0.08	2.20
creation	0.08	0.84
briefly	0.08	0.90
provides	0.08	1.07
likely	0.08	2.05
10	0.08	0.88
october	0.08	1.36
lion	0.08	0.79
roots	0.08	0.99
thought	0.08	2.39
test	0.08	0.99
iroh	0.08	0.90
example	0.08	1.43
sharp	0.08	0.84
quiet	0.08	1.26
elite	0.08	0.84
filler	0.09	0.96
sorry	0.09	3.72
consistent	0.09	1.26
industries	0.09	0.86
discovered	0.09	1.08
attack	0.09	0.86
hiding	0.09	0.99
often	0.09	1.19
fma	0.09	0.73
defense	0.09	0.93
real	0.09	1.13
couples	0.09	0.85
newly	0.09	0.95
1	0.09	1.01
dvds	0.09	0.76
humanity	0.09	0.90
butt	0.09	1.18
ten	0.09	0.97
hints	0.09	1.09
tlok	0.09	1.22
building	0.09	0.86
steel	0.09	0.94
apply	0.09	1.26
report	0.09	1.43
private	0.09	1.02
refer	0.09	1.38
standing	0.09	1.61
defend	0.09	1.24
stable	0.09	1.35
leader	0.09	0.80
6	0.09	0.89
standard	0.09	0.90
weightlessness	0.09	1.06
form	0.09	0.91
spiritual	0.09	0.94
trend	0.09	0.84
thick	0.09	0.95
centuries	0.09	0.93
whilst	0.09	1.04
park	0.09	0.78
lasted	0.09	1.02
spirit	0.10	0.94
passing	0.10	0.99
basic	0.10	0.89
quite	0.10	1.77
previously	0.10	1.41
walls	0.10	0.92
desert	0.10	0.94
jumps	0.10	1.21
boost	0.10	0.84
pop	0.10	1.10
certain	0.10	1.28
boy	0.10	0.94
relatively	0.10	1.25
limbs	0.10	0.95
compared	0.10	0.79
nations	0.10	0.88
lu	0.10	1.18
mud	0.10	0.91
eastern	0.10	0.90
opens	0.10	1.00
becomes	0.10	1.19
establish	0.10	1.10
agenda	0.10	0.93
towns	0.10	0.81
youth	0.10	0.88
generation	0.10	0.94
everyday	0.10	0.80
episodes	0.10	0.92
floating	0.10	1.06
turning	0.10	1.05
drink	0.10	0.85
popped	0.10	1.28
arm	0.10	1.21
empire	0.11	0.82
dozen	0.11	1.08
diverse	0.11	0.76
obvious	0.11	1.47
official	0.11	1.00
crushing	0.11	0.91
nowhere	0.11	1.22
joins	0.11	0.97
book	0.11	1.02
bombs	0.11	0.88
invented	0.11	0.94
binge	0.11	1.02
dollars	0.11	0.90
americans	0.11	1.57
gray	0.11	0.90
protect	0.11	1.23
progress	0.11	0.86
unrealistic	0.11	1.56
villain	0.11	1.12
law	0.11	1.06
modern	0.11	0.90
launch	0.11	1.03
realized	0.11	2.13
meets	0.11	1.06
ate	0.11	0.81
expression	0.11	1.63
spin	0.11	0.90
key	0.11	1.05
send	0.11	1.14
addressed	0.11	1.27
serious	0.11	1.05
killed	0.11	1.18
army	0.11	0.79
3	0.11	1.02
figures	0.11	0.89
audio	0.11	1.21
tie	0.12	0.99
yue	0.12	0.84
error	0.12	1.73
games	0.12	1.01
identify	0.12	1.18
4	0.12	0.99
foggy	0.12	0.89
sho	0.12	1.24
nearly	0.12	1.08
mmo	0.12	1.04
heavily	0.12	1.10
century	0.12	0.88
some	0.12	1.65
danger	0.12	1.04
distinction	0.12	1.04
active	0.12	1.00
mindset	0.12	0.95
sale	0.12	0.81
tool	0.12	0.87
knowledge	0.12	0.87
closed	0.12	1.00
thrones	0.12	0.84
knock	0.12	1.10
pacifist	0.12	0.93
button	0.12	1.33
gaining	0.12	1.02
indicate	0.12	1.14
ring	0.12	0.83
generate	0.12	0.87
purpose	0.12	1.02
portals	0.12	0.96
zhao	0.12	0.91
expressed	0.12	0.98
singing	0.12	0.81
animal	0.12	0.76
releases	0.12	0.93
violent	0.12	1.18
are	0.12	1.60
5	0.12	0.92
served	0.12	0.79
alchemist	0.13	0.75
jump	0.13	1.12
villains	0.13	1.07
max	0.13	1.78
vines	0.13	0.91
metalbend	0.13	1.09
valid	0.13	1.65
hungry	0.13	0.78
flight	0.13	0.99
king	0.13	0.75
metal	0.13	0.90
treating	0.13	0.95
succeed	0.13	1.22
screw	0.13	1.15
otherwise	0.13	2.00
roku	0.13	0.97
passive	0.13	0.91
waterbenders	0.13	0.99
villians	0.13	1.18
social	0.13	0.92
largest	0.13	1.43
riding	0.13	0.81
sorts	0.13	1.00
catching	0.13	1.67
passed	0.13	0.98
particles	0.13	0.95
extent	0.13	1.03
seemingly	0.13	1.22
gave	0.13	1.14
ton	0.13	1.11
whats	0.13	1.35
actual	0.13	1.01
overwhelming	0.13	0.91
almost	0.13	1.53
weight	0.13	0.92
inuit	0.13	1.02
developed	0.14	0.95
streets	0.14	0.74
ones	0.14	1.42
wind	0.14	1.07
sport	0.14	0.83
others	0.14	1.87
storm	0.14	1.06
granted	0.14	1.03
copy	0.14	0.89
facebook	0.14	1.03
alternative	0.14	0.96
science	0.14	1.01
follows	0.14	0.88
submission	0.14	1.67
healing	0.14	0.93
leg	0.14	1.15
south	0.14	0.81
countless	0.14	1.19
cases	0.14	1.13
position	0.14	0.97
symbolism	0.14	1.09
judge	0.14	1.22
equal	0.14	0.86
sock	0.14	0.99
handed	0.14	1.50
positions	0.14	0.91
secondly	0.14	1.38
along	0.14	1.31
armies	0.14	0.83
logical	0.15	1.46
visit	0.15	1.02
belong	0.15	1.05
alot	0.15	1.13
press	0.15	1.17
principles	0.15	1.03
specific	0.15	1.23
address	0.15	1.28
white	0.15	0.86
spiritually	0.15	1.23
laughed	0.15	2.05
control	0.15	0.88
blocking	0.15	0.94
parallel	0.15	0.96
families	0.15	0.85
advantage	0.15	1.03
oddly	0.15	1.20
additionally	0.15	1.14
forming	0.15	1.21
hetero	0.15	0.94
meme	0.15	1.16
somebody	0.15	1.64
ultimatum	0.15	0.88
lok	0.15	1.20
throne	0.15	0.78
fly	0.16	1.03
spirituality	0.16	0.84
temples	0.16	0.83
figured	0.16	2.34
nowadays	0.16	0.79
note	0.16	1.14
door	0.16	0.89
bridge	0.16	0.93
ur	0.16	1.57
twelve	0.16	0.88
north	0.16	0.84
insert	0.16	1.33
destiny	0.16	1.24
teaching	0.16	1.00
tons	0.16	1.18
cost	0.16	0.91
guidance	0.16	1.00
temple	0.16	0.80
factor	0.16	1.13
balanced	0.16	1.13
dictator	0.16	0.85
clicked	0.17	1.39
enlightened	0.17	1.00
threats	0.17	0.86
water	0.17	0.89
yangchen	0.17	0.99
fullmetal	0.17	0.77
represents	0.17	0.79
nomads	0.17	0.89
slow	0.17	1.24
samurai	0.17	0.81
switched	0.17	1.03
phase	0.17	1.18
bear	0.17	0.85
were	0.17	1.58
fish	0.17	0.78
demonstrated	0.17	0.90
communism	0.17	0.95
sun	0.17	0.76
combination	0.17	0.91
eating	0.17	0.82
laogai	0.17	0.81
blowing	0.17	1.03
palace	0.17	0.80
totally	0.17	3.62
teach	0.17	0.99
experienced	0.17	1.02
details	0.17	1.04
confidence	0.17	1.01
crystal	0.17	0.91
brings	0.17	1.76
missed	0.17	3.69
create	0.17	0.98
bloodbend	0.17	0.92
developing	0.17	0.93
3rd	0.17	1.01
mouse	0.17	0.93
text	0.17	1.28
timing	0.18	1.06
paragraph	0.18	1.90
friendly	0.18	1.37
openly	0.18	0.98
jumping	0.18	1.23
setup	0.18	1.07
symbolic	0.18	1.07
tribes	0.18	0.81
toe	0.18	0.91
appearing	0.18	1.21
grounded	0.18	1.00
satisfying	0.18	3.11
build	0.18	0.93
period	0.18	0.92
bi	0.18	1.01
hit	0.18	1.33
ba	0.18	0.81
laghima	0.18	1.07
gain	0.18	1.02
reflect	0.18	1.24
northern	0.18	0.83
bars	0.18	0.92
cell	0.18	0.89
numerous	0.18	1.26
happiness	0.19	3.10
original	0.19	0.91
executed	0.19	1.00
irl	0.19	1.13
agents	0.19	0.87
separate	0.19	1.08
flesh	0.19	0.92
gag	0.19	1.26
together	0.19	1.41
firebenders	0.19	0.88
loose	0.19	0.99
chief	0.19	0.82
crossroads	0.19	1.45
handful	0.19	1.19
leaked	0.19	0.85
circus	0.19	0.94
significance	0.19	1.24
bosco	0.19	0.85
front	0.19	1.26
bruce	0.19	0.79
nonbenders	0.19	0.87
lineage	0.19	0.89
heir	0.19	0.81
multiple	0.19	1.21
definite	0.19	1.16
heard	0.20	1.97
statues	0.20	0.90
redeem	0.20	1.41
roll	0.20	1.40
steam	0.20	0.88
hiroshi	0.20	1.12
consideration	0.20	1.15
unit	0.20	0.92
issue	0.20	1.54
playing	0.20	1.01
rare	0.20	1.50
trial	0.20	0.83
blows	0.20	1.09
nuktuk	0.20	0.77
dirt	0.20	0.93
waiting	0.20	3.20
rise	0.20	0.80
mechs	0.20	0.84
english	0.20	2.09
depicted	0.20	0.93
walked	0.20	1.21
sacrificing	0.20	1.21
bends	0.20	0.90
anime	0.20	0.77
meditation	0.20	1.03
expanded	0.20	0.99
sandbending	0.20	0.89
35	0.21	0.85
brotherhood	0.21	0.75
neutral	0.21	1.04
look	0.21	2.00
learned	0.21	0.93
gay	0.21	0.98
uncle	0.21	0.89
bang	0.21	1.12
buildings	0.21	0.99
many	0.21	1.27
ocean	0.21	0.90
faith	0.21	0.90
metalbenders	0.21	0.91
medium	0.21	0.89
inevitable	0.21	0.82
nightmares	0.21	1.00
our	0.21	1.00
nuclear	0.21	0.93
fictional	0.21	1.13
invent	0.21	0.95
bunch	0.21	1.20
philosophy	0.21	0.88
clan	0.21	0.83
imho	0.21	1.02
culture	0.21	0.87
imperial	0.21	0.94
bite	0.21	1.22
cult	0.21	0.86
elaborate	0.21	1.08
surrender	0.21	1.01
zukos	0.21	0.90
three	0.21	1.04
lesbian	0.21	0.95
meditate	0.21	1.20
kings	0.21	0.81
six	0.21	0.96
lessons	0.21	0.94
beneath	0.21	0.90
define	0.22	1.49
guru	0.22	1.06
punch	0.22	1.05
re-watch	0.22	1.01
mood	0.22	1.12
domes	0.22	0.97
r	0.22	1.03
senses	0.22	0.89
sibling	0.22	1.22
george	0.22	0.88
southern	0.22	0.83
earn	0.22	1.05
retcon	0.22	1.47
temperature	0.22	0.90
develop	0.22	0.91
flew	0.22	0.98
madness	0.22	0.91
double	0.22	1.29
blade	0.22	1.06
criminal	0.22	0.95
itunes	0.22	0.87
few	0.22	1.16
war	0.22	0.97
u/slyfox00	0.22	1.20
kicks	0.22	1.26
historical	0.22	0.98
kyoshi	0.22	0.88
expectations	0.22	0.79
platform	0.22	1.17
floor	0.22	1.12
drag	0.22	1.20
mystery	0.22	1.06
taught	0.22	0.87
half	0.23	1.13
throughout	0.23	0.86
rigid	0.23	1.29
deleted	0.23	2.51
equalist	0.23	0.85
tarlok	0.23	0.88
seeking	0.23	1.25
painted	0.23	0.87
tarlock	0.23	0.86
pokemon	0.23	0.79
outcome	0.23	1.11
class	0.23	0.84
shop	0.23	0.90
several	0.23	1.14
type	0.23	1.09
rebellion	0.23	0.89
bei	0.23	0.89
scooter	0.23	0.92
rl	0.23	0.82
off	0.23	1.22
gap	0.23	0.87
captain	0.23	1.03
bolins	0.23	1.06
spinning	0.23	0.99
user	0.23	1.41
shi	0.24	0.84
amongst	0.24	1.15
those	0.24	1.27
representative	0.24	1.08
winner	0.24	0.64
beach	0.24	1.12
tactical	0.24	0.93
shed	0.24	1.95
burned	0.24	0.94
revolution	0.24	0.85
gained	0.24	0.98
accident	0.24	0.96
movement	0.24	0.87
noatak	0.24	0.86
oasis	0.24	0.90
siege	0.24	0.87
badger	0.24	0.79
snow	0.24	0.89
112	0.24	1.04
psychic	0.24	0.93
mountain	0.24	1.01
mountains	0.24	1.22
vegetarian	0.24	0.86
british	0.24	1.09
millions	0.24	0.96
china	0.25	0.92
trope	0.25	0.94
delete	0.25	2.48
friction	0.25	0.95
bloodbending	0.25	0.88
stolen	0.25	0.92
short	0.25	1.11
post	0.25	1.71
dragons	0.25	0.80
twice	0.25	1.45
attachment	0.25	1.14
zaofu	0.25	0.88
advice	0.25	1.13
tension	0.25	1.19
meaningful	0.25	0.96
ceremony	0.25	2.08
seasons	0.25	1.10
lovers	0.25	1.01
royal	0.25	0.79
defensive	0.25	0.92
these	0.25	1.27
visible	0.25	1.09
comet	0.25	1.02
fleshed	0.25	0.98
ep	0.25	0.83
black	0.25	0.91
dancing	0.25	0.89
pool	0.25	0.95
dai	0.25	0.80
laughs	0.25	1.39
brute	0.25	0.79
cultural	0.25	0.83
whoever	0.26	0.96
traditions	0.26	0.87
couple	0.26	1.01
provided	0.26	1.18
tong	0.26	0.86
2	0.26	1.08
studio	0.26	1.21
er	0.26	1.39
abandon	0.26	1.18
headcanon	0.26	1.25
box	0.26	0.85
moon	0.26	0.82
iron	0.26	0.96
imdb	0.26	0.81
cross	0.26	0.91
flaws	0.26	1.24
features	0.26	0.89
fascism	0.26	0.98
realizing	0.26	1.24
volcano	0.26	0.93
became	0.26	1.09
senna	0.26	0.85
various	0.26	1.23
parts	0.26	1.17
blocked	0.26	1.12
stone	0.26	0.97
imprisoned	0.26	0.93
youngest	0.26	0.85
receive	0.26	1.25
colored	0.27	0.93
shocking	0.27	1.76
kicking	0.27	1.16
crush	0.27	0.98
dodging	0.27	0.99
tribe	0.27	0.82
bands	0.27	1.02
korras	0.27	1.11
exploding	0.27	1.24
cards	0.27	0.94
hers	0.27	1.02
tyrant	0.27	0.86
energybending	0.27	0.87
technical	0.27	0.87
stance	0.27	1.04
pro-bending	0.27	0.82
lifestyle	0.27	0.97
rock	0.27	0.93
flying	0.28	0.94
feng	0.28	0.80
teachings	0.28	0.92
redirection	0.28	0.90
platinum	0.28	0.93
punches	0.28	0.99
nail	0.28	1.16
admittedly	0.28	1.08
n	0.28	1.13
patient	0.28	1.10
falls	0.28	0.93
treated	0.28	0.85
western	0.28	0.81
game	0.28	1.03
includes	0.28	0.97
females	0.28	0.99
lightening	0.28	0.94
warriors	0.28	0.77
expressions	0.28	1.07
zaheer	0.28	1.00
respect	0.28	0.95
minute	0.28	1.04
supposedly	0.28	1.00
comment	0.28	2.51
street	0.28	0.82
poles	0.28	0.88
ground	0.28	1.03
wisdom	0.29	0.85
placed	0.29	1.40
opened	0.29	1.00
waterbend	0.29	0.97
sacrifice	0.29	1.25
freezing	0.29	0.91
dreams	0.29	0.83
deals	0.29	0.99
lock	0.29	0.97
japan	0.29	0.96
hama	0.29	0.90
emperor	0.29	0.77
visiting	0.29	1.03
contest	0.29	1.02
falling	0.29	1.09
glass	0.29	0.98
cliffhanger	0.29	1.89
colossus	0.29	0.83
evolved	0.29	0.85
require	0.29	0.90
his/her	0.29	1.15
elemental	0.29	0.98
genes	0.29	0.90
adds	0.29	0.92
difference	0.29	1.43
capital	0.29	0.95
cut	0.29	0.94
addition	0.29	0.92
oldest	0.29	1.30
process	0.30	0.94
weapons	0.30	0.93
asses	0.30	1.50
non-benders	0.30	0.87
w	0.30	0.95
cash	0.30	0.99
crossed	0.30	0.96
lake	0.30	0.79
redirect	0.30	0.92
magnetic	0.30	0.87
builds	0.30	0.73
himself	0.30	1.31
ie	0.30	1.07
honor	0.30	0.84
collection	0.30	0.84
powers	0.30	0.92
river	0.30	0.97
shall	0.30	1.19
maturity	0.30	0.76
fingers	0.30	0.93
allies	0.30	0.95
lines	0.30	1.05
reign	0.30	0.89
backs	0.30	0.81
influence	0.30	0.92
heads	0.30	1.04
split	0.30	1.02
everytime	0.30	1.83
variety	0.30	0.99
aid	0.31	0.73
lately	0.31	1.22
per	0.31	0.88
presumably	0.31	0.95
heterosexual	0.31	1.00
nope	0.31	2.18
darth	0.31	0.73
reunite	0.31	1.03
looking	0.31	2.95
lighting	0.31	0.88
personality	0.31	0.96
student	0.31	0.88
zao	0.31	1.26
underground	0.31	0.94
noted	0.31	2.13
firing	0.31	0.94
1st	0.31	1.03
sentiment	0.31	1.66
attacks	0.31	0.94
watched	0.31	1.05
shadows	0.31	0.85
responsible	0.31	1.78
philosophies	0.31	0.86
deeply	0.31	1.31
philosophical	0.31	0.95
badgermoles	0.31	0.83
homosexual	0.32	0.97
unusual	0.32	1.30
continues	0.32	1.17
strike	0.32	1.01
banished	0.32	0.86
bisexual	0.32	0.98
trait	0.32	0.95
aspects	0.32	0.81
emotional	0.32	0.98
explored	0.32	1.09
appeared	0.32	1.07
yakone	0.32	0.88
car	0.32	0.86
single	0.32	1.34
images	0.32	1.04
ultimate	0.32	0.96
exchange	0.32	0.93
flipped	0.32	1.22
emp	0.32	0.86
facing	0.33	1.03
propaganda	0.33	0.87
raised	0.33	0.95
chemistry	0.33	1.03
desna	0.33	0.90
machine	0.33	0.88
enjoying	0.33	2.67
title	0.33	1.55
raiders	0.33	1.51
daughter	0.33	0.82
mere	0.33	0.99
between	0.33	1.00
recommend	0.33	0.82
parties	0.33	0.88
ww2	0.33	1.07
metalbending	0.33	0.95
cultures	0.33	0.92
chain	0.33	1.00
east	0.33	0.89
bolt	0.33	0.98
glowing	0.33	1.05
rewatched	0.33	1.00
genetic	0.33	1.06
kuriva	0.33	1.04
bright	0.33	0.98
protected	0.33	1.07
mechanics	0.33	1.03
history	0.33	0.93
jinora	0.33	0.91
izumi	0.33	0.81
guide	0.33	0.93
fire	0.33	0.82
species	0.34	0.84
overpowered	0.34	1.14
orders	0.34	0.92
shooting	0.34	0.89
equalists	0.34	0.77
siblings	0.34	0.86
personal	0.34	1.18
parents	0.34	0.90
bow	0.34	1.05
combined	0.34	0.79
clear	0.34	1.49
hear	0.34	1.20
updated	0.34	1.16
into	0.34	1.18
fate	0.34	1.15
gene	0.34	0.90
guard	0.34	0.95
bought	0.34	0.78
straight	0.34	1.05
blue	0.34	0.91
spread	0.34	0.93
assholes	0.35	1.22
defining	0.35	0.94
defeating	0.35	0.93
r/thelastairbender	0.35	1.25
different	0.35	1.25
cannon	0.35	0.87
2nd	0.35	0.85
dominant	0.35	0.91
spring	0.35	0.95
airbenders	0.35	0.91
sozin	0.35	0.85
chains	0.35	1.07
turtles	0.35	0.82
defeats	0.35	0.89
monks	0.35	0.89
lavabend	0.35	1.31
trees	0.35	0.99
boomerang	0.35	0.97
uploaded	0.35	1.13
kiss	0.35	1.24
x	0.35	1.01
speech	0.35	0.86
described	0.35	1.26
inherited	0.35	0.86
relief	0.35	0.95
eh	0.36	2.32
redirecting	0.36	0.91
tonraq	0.36	0.85
invisible	0.36	1.18
aged	0.36	0.95
lavabender	0.36	1.84
instances	0.36	0.95
brand	0.36	0.91
nomad	0.36	0.88
metaphor	0.36	0.89
opposing	0.36	1.03
swords	0.36	0.86
firebending	0.36	0.86
artistic	0.36	1.09
formed	0.36	0.87
bloodbender	0.36	1.37
fast	0.36	1.03
ability	0.36	0.96
strategy	0.36	0.92
jk	0.36	1.29
korea	0.36	0.80
season	0.36	1.20
relationships	0.36	0.95
enough	0.36	1.64
vice	0.36	0.85
leverage	0.36	0.96
tiny	0.36	1.06
transition	0.36	0.89
sand	0.37	1.02
ancient	0.37	0.87
200	0.37	1.01
4th	0.37	1.06
ursa	0.37	0.89
insult	0.37	1.15
inspired	0.37	0.92
colour	0.37	0.94
teachers	0.37	0.83
wounds	0.37	0.97
tier	0.37	1.03
mover	0.37	0.72
dog	0.37	1.33
whip	0.37	1.13
mythology	0.37	0.93
portray	0.37	0.90
sticking	0.37	1.21
genetics	0.37	0.92
sympathetic	0.37	1.17
representation	0.37	0.96
germany	0.38	1.04
special	0.38	1.07
personalities	0.38	0.92
sky	0.38	0.80
centered	0.38	0.93
practical	0.38	0.89
arms	0.38	0.96
seen	0.38	2.04
every	0.38	0.89
bisons	0.38	0.83
pronounced	0.38	2.03
grade	0.38	0.92
mate	0.38	1.20
rocks	0.38	0.97
firelord	0.38	0.83
relationship	0.39	1.01
monk	0.39	0.95
benders	0.39	1.06
romantically	0.39	1.19
meeting	0.39	0.83
jeong	0.39	0.87
and/or	0.39	1.08
origin	0.39	0.84
azulon	0.39	0.87
ears	0.39	1.10
vine	0.39	0.91
dance	0.39	0.78
interaction	0.39	0.95
gifs	0.39	1.02
sword	0.39	0.91
lavabending	0.39	0.97
silver	0.39	1.39
same-sex	0.39	1.00
studying	0.39	0.88
drop	0.39	0.96
gun	0.39	1.03
descendants	0.40	1.19
stuff	0.40	1.79
asian	0.40	0.97
legends	0.40	0.92
walking	0.40	1.32
sex	0.40	0.99
card	0.40	0.96
better	0.40	1.95
ice	0.40	0.93
plenty	0.40	1.30
practically	0.40	1.13
heat	0.40	0.90
upper	0.40	0.90
dbz	0.40	0.76
goodbye	0.40	2.51
tune	0.40	0.91
shes	0.40	1.54
shown	0.40	1.34
considering	0.40	1.65
incident	0.40	0.92
hold	0.40	1.31
orange	0.40	1.00
sole	0.40	1.03
release	0.41	0.94
highly	0.41	1.35
shoulder	0.41	1.03
deeper	0.41	0.96
presented	0.41	1.25
portal	0.41	1.03
literal	0.41	1.18
unlock	0.41	1.08
deserved	0.41	1.18
lied	0.41	2.44
mecha	0.41	0.84
cosmic	0.41	1.01
sign	0.41	0.95
marriage	0.41	1.02
parent	0.41	0.93
bomb	0.41	0.90
ordinary	0.41	0.99
join	0.41	1.01
paying	0.41	0.83
gloves	0.41	0.90
mega	0.41	1.41
nod	0.41	0.96
first	0.41	1.24
crossover	0.41	0.75
decades	0.41	0.84
moment	0.42	2.90
lightning	0.42	0.90
map	0.42	0.86
mustache	0.42	1.02
shoot	0.42	0.94
resemblance	0.42	1.00
preview	0.42	0.76
drinking	0.42	1.06
camera	0.42	1.44
fashion	0.42	1.01
acolyte	0.42	0.86
brothers	0.42	0.90
funnier	0.42	1.18
ball	0.42	0.95
ming-hua	0.42	0.96
contained	0.42	0.90
grandson	0.42	0.87
performance	0.42	1.16
patience	0.42	0.86
wild	0.42	1.01
clone	0.42	0.85
winter	0.42	0.86
skin	0.42	0.92
popping	0.42	1.10
advanced	0.42	0.95
calm	0.43	1.13
beifong	0.43	0.86
producing	0.43	1.03
held	0.43	1.12
soldier	0.43	0.93
fires	0.43	0.94
grab	0.43	1.14
action	0.43	1.33
desperate	0.43	1.04
nazi	0.43	1.39
tales	0.43	0.99
subset	0.43	0.94
cage	0.43	1.03
brian	0.43	0.99
color	0.43	0.94
found	0.43	1.62
sexual	0.43	1.08
foreign	0.43	0.97
bullets	0.43	1.11
purple	0.43	0.91
impossible	0.43	1.71
reflection	0.43	0.99
fourth	0.43	0.98
additional	0.43	1.11
spell	0.44	2.27
proficient	0.44	1.15
summary	0.44	1.05
fell	0.44	1.25
melt	0.44	0.95
very	0.44	1.50
hitler	0.44	1.08
troll	0.44	1.31
yellow	0.44	0.92
smart	0.44	0.99
purely	0.44	0.97
tricks	0.44	1.12
strength	0.44	0.86
sing	0.44	0.78
sokka	0.44	0.89
scars	0.44	1.15
pointing	0.44	2.43
grandfather	0.44	0.93
warm	0.44	1.44
varricks	0.44	0.97
technique	0.44	0.90
quotes	0.44	0.86
chest	0.44	0.94
types	0.44	0.96
se	0.45	0.76
brown	0.45	0.90
leaf	0.45	0.96
checked	0.45	1.94
lots	0.45	0.96
glory	0.45	1.01
joined	0.45	1.00
puns	0.45	1.27
smiling	0.45	2.09
murder	0.45	1.10
toph	0.45	1.00
fairy	0.45	0.84
row	0.45	1.09
acolytes	0.45	0.90
mistakes	0.45	2.64
static	0.45	0.90
deserve	0.45	1.26
protagonist	0.46	0.90
determined	0.46	1.12
perform	0.46	0.97
energy	0.46	0.94
jing	0.46	1.02
melting	0.46	0.95
reunion	0.46	0.92
isnt	0.46	1.75
laid	0.46	1.31
stakes	0.46	1.04
quote	0.46	1.66
flaw	0.46	1.31
katara	0.46	0.89
dodge	0.47	1.10
blasts	0.47	0.90
mastered	0.47	0.89
e	0.47	1.10
aiwei	0.47	1.21
unlocked	0.47	1.05
common	0.47	1.06
daughters	0.47	0.90
competition	0.47	0.85
grammar	0.47	3.59
assassin	0.47	1.15
eska	0.47	0.87
individual	0.47	1.00
pathik	0.47	1.06
description	0.47	1.15
t	0.47	1.10
worked	0.48	1.42
screen	0.48	0.98
blast	0.48	0.94
masters	0.48	0.84
symbols	0.48	0.89
traits	0.48	1.08
contribute	0.48	0.87
shave	0.48	1.30
healer	0.48	1.42
players	0.48	0.79
twins	0.48	0.87
trailers	0.48	1.10
influenced	0.48	0.88
enemy	0.48	1.28
stole	0.48	0.88
pakku	0.48	0.89
hurts	0.48	1.76
sarcasm	0.48	1.95
response	0.48	2.10
bot	0.48	2.00
yu	0.48	1.27
bullet	0.48	0.97
round	0.48	0.87
ripped	0.48	1.15
hype	0.48	1.54
explosions	0.49	0.92
agent	0.49	1.04
bison	0.49	0.79
flip	0.49	1.06
emotion	0.49	1.28
both	0.49	1.24
brief	0.49	1.10
women	0.49	0.97
terror	0.49	0.91
enjoyable	0.49	1.46
lord	0.49	0.85
blu-ray	0.49	0.85
la	0.49	0.86
fair	0.49	1.88
study	0.49	0.93
covering	0.49	1.25
lady	0.49	0.87
waterbending	0.50	0.85
suits	0.50	0.86
ghost	0.50	0.88
born	0.50	1.11
shoots	0.50	0.92
train	0.50	0.83
molten	0.50	0.97
series	0.50	1.13
non	0.50	1.12
motions	0.50	0.93
versa	0.50	0.91
death	0.50	1.24
summer	0.50	0.94
amount	0.50	0.85
loses	0.50	0.97
paced	0.50	1.05
ming	0.50	0.99
sake	0.50	0.95
boiling	0.50	1.23
laser	0.50	0.92
kung	0.50	0.89
lee	0.51	0.88
gives	0.51	1.25
awhile	0.51	1.38
paths	0.51	1.01
flow	0.51	1.05
loyalty	0.51	0.92
reached	0.51	0.90
sweat	0.51	1.20
b	0.51	1.09
rating	0.51	0.83
neck	0.51	1.10
realistic	0.51	1.39
theoretically	0.51	1.37
atleast	0.51	0.95
dad	0.51	0.92
lmao	0.51	1.78
jin	0.51	1.20
grandmother	0.51	0.87
power	0.51	0.84
mako	0.51	0.97
c'mon	0.51	1.19
work	0.51	2.04
dragon	0.51	0.80
waterbender	0.51	1.49
family	0.52	0.89
strengths	0.52	1.16
signs	0.52	1.08
male	0.52	0.92
ty	0.52	0.89
sentence	0.52	2.25
queer	0.52	1.03
naruto	0.52	0.75
wealth	0.52	1.10
editing	0.52	1.30
staring	0.53	1.57
beam	0.53	0.92
buying	0.53	0.87
episode	0.53	0.87
explosion	0.53	0.95
extra	0.53	0.94
empathy	0.53	0.82
fired	0.53	1.02
tactics	0.53	0.81
wwii	0.53	1.00
comfortable	0.53	2.84
earthbend	0.53	1.10
complex	0.53	1.03
healthy	0.53	1.08
meta	0.54	1.01
weapon	0.54	0.90
image	0.54	1.03
challenge	0.54	1.02
influences	0.54	0.89
waves	0.54	0.95
phoenix	0.54	0.90
thingy	0.54	1.34
suki	0.54	0.98
conversation	0.54	1.07
gains	0.54	0.96
magma	0.55	0.96
usual	0.55	1.00
son	0.55	0.90
mai	0.55	0.93
introduction	0.55	0.88
deep	0.55	0.95
firebender	0.55	1.60
defeat	0.55	0.90
piandao	0.55	0.82
ideal	0.55	0.94
punching	0.55	1.01
plausible	0.55	1.62
earthbenders	0.55	1.29
versus	0.55	0.98
melted	0.55	0.92
introduce	0.56	1.02
de	0.56	1.02
sisters	0.56	0.89
blocks	0.56	1.00
platonic	0.56	1.08
blushing	0.56	1.07
blush	0.56	1.14
mother	0.56	0.92
compelling	0.56	1.15
girls	0.56	0.99
name	0.56	1.86
logically	0.57	1.48
ive	0.57	1.63
resort	0.57	0.94
reference	0.57	1.18
context	0.57	1.75
magnet	0.57	0.88
green	0.57	0.93
fathers	0.57	0.91
losing	0.57	0.95
egg	0.57	0.78
cactus	0.57	1.08
encounter	0.57	0.96
mastery	0.58	0.80
fucks	0.58	1.15
adopted	0.58	0.97
freak	0.58	1.18
fortune	0.58	0.74
beats	0.58	0.97
grand	0.58	0.97
reply	0.58	2.44
complicated	0.58	1.27
magneto	0.58	1.05
twin	0.58	0.89
beifongs	0.59	0.96
loop	0.59	0.94
shape	0.59	1.03
unavaatu	0.59	0.86
glasses	0.59	0.97
lin	0.59	0.89
deaths	0.59	1.10
distinct	0.59	1.08
driving	0.59	0.84
becoming	0.59	1.08
symbol	0.59	1.02
waited	0.59	1.03
mech	0.59	0.87
em	0.59	1.60
armour	0.59	0.92
continuity	0.59	0.77
chi	0.59	1.00
animators	0.59	1.12
purposes	0.59	0.75
individually	0.59	0.88
become	0.59	1.11
bill	0.59	1.18
seven	0.59	0.93
sister	0.60	0.93
dated	0.60	1.01
fighters	0.60	0.81
chakra	0.60	1.06
useful	0.60	1.19
tenzin	0.60	0.87
impressed	0.60	3.34
rain	0.60	0.93
shoulders	0.60	1.02
his	0.60	1.08
gifted	0.61	1.26
facial	0.61	1.01
their	0.61	1.08
bending	0.61	0.87
category	0.61	1.13
attracted	0.61	1.24
metalbender	0.61	1.28
print	0.61	0.90
extremely	0.61	1.36
trusted	0.61	1.49
easy	0.61	1.74
finale	0.61	1.03
mastering	0.61	1.14
mom	0.61	0.93
translate	0.61	1.70
anyways	0.61	1.75
beat	0.61	1.00
airbending	0.61	0.87
bonding	0.62	0.97
chinese	0.62	1.63
fu	0.62	1.13
training	0.62	0.81
hm	0.62	1.89
sons	0.62	0.89
entertainment	0.62	0.88
teacher	0.62	0.90
depth	0.62	0.83
flashbacks	0.62	0.90
ghazan	0.62	1.08
foundation	0.62	0.84
involving	0.62	0.83
mentor	0.62	0.88
reverse	0.62	1.16
tall	0.63	0.95
blown	0.63	1.44
whatnot	0.63	1.04
fancy	0.63	0.87
tail	0.63	0.77
attraction	0.63	1.08
bastard	0.63	1.09
opal	0.63	0.85
deserves	0.63	1.19
operation	0.63	1.00
hung	0.63	0.83
varrick	0.63	1.07
ugly	0.63	1.46
girl	0.63	0.89
platypus	0.63	0.89
z	0.63	1.13
juice	0.63	1.04
zuko	0.63	0.82
deadly	0.63	1.01
opponents	0.64	1.04
opponent	0.64	1.16
four	0.64	1.06
skilled	0.64	1.24
anytime	0.64	1.55
master	0.64	0.92
excitement	0.64	1.84
offer	0.64	0.97
portrayed	0.64	0.75
defeated	0.64	0.92
importantly	0.64	0.98
third	0.64	0.85
bits	0.64	0.92
logo	0.64	1.03
strong	0.64	1.03
lacked	0.64	0.76
gt	0.65	1.86
romantic	0.65	1.08
based	0.65	0.94
nostalgia	0.65	1.67
literally	0.65	1.53
met	0.65	1.23
infinite	0.65	0.92
interpreted	0.65	1.16
vacation	0.65	0.95
total	0.65	0.90
guy	0.65	1.24
an	0.65	1.29
y	0.65	1.23
five	0.66	0.88
guys	0.66	2.16
aunt	0.66	1.01
matches	0.66	0.83
nose	0.66	1.08
giant	0.66	0.84
believable	0.66	1.28
pregnant	0.66	1.10
rohan	0.66	0.88
shield	0.66	0.96
boulders	0.66	1.03
engaged	0.66	1.26
brave	0.66	0.91
upvote	0.67	1.62
duties	0.67	1.21
info	0.67	1.36
accomplished	0.67	1.00
locations	0.67	0.89
feet	0.67	1.00
huan	0.67	0.81
junior	0.67	1.05
f	0.67	1.18
enjoyed	0.67	1.92
pics	0.68	1.12
colors	0.68	0.93
ray	0.68	0.93
dating	0.68	0.98
k	0.68	1.19
bond	0.68	1.01
cousins	0.68	0.98
hmm	0.68	2.53
crown	0.68	0.86
places	0.68	0.98
relatable	0.68	1.10
bender	0.68	1.77
chasing	0.68	1.17
soft	0.68	0.93
varrik	0.69	1.16
exploded	0.69	1.07
brother	0.69	0.99
soooo	0.69	1.32
quick	0.69	1.09
respective	0.69	1.00
followed	0.69	0.81
suyin	0.69	0.92
creature	0.69	0.81
snap	0.69	2.02
suit	0.69	0.87
spreading	0.69	1.16
spoken	0.70	1.99
character	0.70	0.95
phrase	0.70	1.89
bitches	0.70	1.48
wreck	0.70	1.17
child	0.70	1.02
nerf	0.70	1.24
lava	0.70	1.05
inspiration	0.70	0.91
kicked	0.70	1.41
discipline	0.70	0.76
kuviras	0.70	0.95
polar	0.71	0.88
tearbending	0.71	2.94
fresh	0.71	1.03
whatsoever	0.71	1.27
french	0.71	1.69
flowing	0.71	0.94
national	0.71	1.00
plays	0.71	0.96
non-bender	0.71	1.15
other	0.71	1.38
trains	0.71	0.84
friendships	0.71	0.97
spectrum	0.72	1.02
airbender	0.72	1.30
improved	0.72	0.67
june	0.72	0.95
earthbending	0.72	1.01
ally	0.72	1.04
kissing	0.72	1.04
stands	0.72	2.15
bumi	0.72	0.95
panda	0.72	0.90
kaiju	0.72	0.90
two	0.73	1.23
kya	0.73	0.87
improve	0.73	0.97
dudes	0.73	1.21
birth	0.73	1.09
practiced	0.73	1.01
exclusive	0.73	0.86
ninja	0.73	1.23
bolin	0.74	0.91
wing	0.74	0.83
pacific	0.74	1.00
convincing	0.74	1.00
generally	0.74	0.98
kick	0.74	1.54
add	0.74	1.67
spanish	0.74	1.83
apologies	0.74	2.84
haircut	0.74	0.94
leap	0.74	1.06
ironic	0.74	2.48
broad	0.74	1.13
dangerous	0.74	1.18
non-bending	0.74	0.85
kissed	0.74	1.08
friendship	0.74	1.04
meelo	0.74	0.97
u	0.75	1.63
shoes	0.75	0.97
scale	0.75	0.86
near	0.75	1.15
referencing	0.75	1.37
wife	0.75	1.00
kuvira	0.75	0.87
vibe	0.75	0.93
exception	0.75	1.12
aspect	0.76	0.86
backstory	0.76	1.01
cold	0.76	0.93
clarify	0.76	2.68
meaning	0.76	1.83
last	0.77	0.98
remembered	0.77	2.26
accomplish	0.77	1.21
imo	0.77	2.07
tattoos	0.77	1.00
p'li	0.77	1.07
riot	0.77	1.23
whose	0.77	0.80
applied	0.77	1.00
c	0.77	1.22
translation	0.77	2.22
jr	0.77	1.15
tai	0.77	0.83
likewise	0.78	0.99
footage	0.78	0.83
edit	0.78	3.71
precise	0.78	0.92
techniques	0.78	0.85
armor	0.78	0.90
zero	0.78	1.31
massive	0.78	0.85
conqueror	0.78	0.84
jobs	0.78	0.99
combat	0.79	0.82
passionate	0.79	2.68
pants	0.79	0.95
kai	0.79	0.81
ties	0.79	0.96
genuine	0.79	1.03
wise	0.79	0.94
effort	0.79	0.97
lethal	0.79	1.15
shot	0.79	1.03
comedic	0.79	0.98
intimate	0.79	1.02
effective	0.79	1.31
gesture	0.79	1.14
bataar	0.79	1.15
warrior	0.79	0.81
zhu-li	0.79	1.10
prodigy	0.80	0.91
hand	0.80	1.09
yin	0.80	1.13
animate	0.80	1.07
arrow	0.80	1.03
elements	0.80	0.91
scarf	0.80	1.01
tunnel	0.80	0.91
business	0.80	0.86
karma	0.80	1.62
practice	0.80	0.83
beating	0.80	1.13
rumble	0.80	0.80
paint	0.81	0.94
similar	0.81	1.26
head	0.81	1.18
men	0.81	1.02
lose	0.81	1.05
attention	0.81	0.80
abilities	0.81	0.84
efficient	0.81	1.02
pema	0.81	0.88
concern	0.81	1.26
fitting	0.81	2.67
against	0.81	0.90
duh	0.81	1.72
ftw	0.82	0.93
skill	0.82	0.80
fit	0.82	1.01
partner	0.82	1.09
uniform	0.82	0.89
boxing	0.82	0.81
worthy	0.82	0.80
earned	0.82	1.11
female	0.82	0.91
speak	0.83	1.94
hugs	0.83	1.29
please	0.83	1.74
whom	0.83	1.23
arguably	0.83	2.74
havent	0.83	1.46
scar	0.83	1.15
su	0.84	1.05
mutual	0.84	1.05
fist	0.84	0.98
eyes	0.84	1.21
photoshop	0.84	1.01
scroll	0.84	0.65
showing	0.84	1.15
correction	0.84	3.54
slyfox	0.84	1.19
banana	0.84	1.17
holding	0.84	1.31
introducing	0.85	0.94
saw	0.85	1.45
only	0.85	2.90
baatar	0.85	1.10
flies	0.85	1.26
traditional	0.85	0.89
potential	0.85	1.09
visual	0.85	1.21
fighter	0.85	1.00
quit	0.86	1.26
melon	0.86	1.40
pumped	0.86	3.17
winning	0.86	0.76
azula	0.86	0.79
betrayal	0.86	1.31
li	0.86	1.25
new	0.87	1.17
ozai	0.87	0.80
identical	0.87	1.07
clips	0.87	0.84
terms	0.87	0.84
pun	0.87	1.53
skills	0.87	0.81
interactions	0.87	0.91
combustion	0.87	0.96
worries	0.87	1.99
nuke	0.88	0.97
father	0.88	1.04
duty	0.88	1.12
hands	0.88	1.28
nerd	0.88	1.16
eachother	0.88	1.16
person	0.88	1.67
nonbender	0.88	1.08
screenshots	0.88	1.01
during	0.88	0.87
stare	0.88	1.25
differences	0.89	1.07
media	0.89	0.77
explore	0.89	1.16
close	0.89	1.14
perfectly	0.89	1.44
invited	0.89	0.76
friends	0.89	1.06
capable	0.89	1.17
favorite	0.90	2.64
precisely	0.90	1.58
fought	0.90	0.82
capabilities	0.90	0.92
ember	0.90	0.95
indeed	0.90	1.97
draw	0.90	1.06
victory	0.90	0.86
yours	0.91	1.50
tone	0.91	0.86
edited	0.91	2.77
cousin	0.91	1.12
screenshot	0.91	1.09
proved	0.91	1.06
possibly	0.91	2.62
realistically	0.91	1.22
math	0.92	1.08
ever	0.92	2.89
apparent	0.92	1.26
yes	0.92	2.82
compassion	0.92	0.83
nevermind	0.92	2.71
destructive	0.92	0.90
dare	0.92	1.37
reasonable	0.92	1.29
traitor	0.92	1.51
affection	0.92	1.11
school	0.92	0.86
marry	0.92	1.29
dynamic	0.93	0.97
gold	0.93	1.23
underneath	0.93	0.83
oops	0.93	3.03
fucked	0.93	2.21
favorites	0.93	2.56
manipulative	0.93	0.94
incredibly	0.93	1.32
listened	0.93	0.95
twitter	0.94	1.02
island	0.94	0.89
formal	0.94	0.96
blew	0.94	1.06
important	0.94	1.21
cup	0.94	0.88
wei	0.94	0.92
japanese	0.94	1.44
wins	0.94	0.83
username	0.95	1.75
share	0.95	1.05
tea	0.95	1.17
update	0.95	1.24
zhu	0.95	1.24
particularly	0.95	1.18
closing	0.95	0.90
killer	0.95	1.05
gif	0.95	1.15
koh	0.95	1.15
ikki	0.95	1.01
trailer	0.96	0.84
decade	0.96	0.83
element	0.96	1.01
bird	0.97	0.90
seriousness	0.97	0.96
safe	0.97	1.53
wang	0.97	1.03
attractive	0.97	1.05
wallpaper	0.98	0.94
cooler	0.98	1.12
fat	0.98	1.11
asami	0.98	1.05
crap	0.98	1.33
atmosphere	0.98	0.89
equivalent	0.98	0.84
stage	0.98	0.87
moves	0.99	0.85
shots	0.99	1.04
angle	0.99	1.16
appropriate	0.99	1.49
according	1.00	2.56
wear	1.00	0.92
flashback	1.00	0.82
babies	1.00	0.92
blow	1.00	0.88
another	1.01	2.72
nicely	1.01	0.95
smile	1.01	1.79
whoops	1.01	2.97
breakdown	1.01	0.92
designed	1.02	0.98
engineer	1.02	0.60
da	1.02	1.45
bs	1.02	1.87
pictures	1.02	1.03
checking	1.02	1.33
witch	1.02	1.14
definition	1.02	2.63
heh	1.03	1.85
finales	1.03	2.49
appearance	1.03	0.88
exclusively	1.03	0.86
credit	1.03	1.09
talented	1.03	0.98
pretty	1.03	1.62
arrows	1.04	1.03
smash	1.04	1.27
mysterious	1.04	0.97
naga	1.05	0.91
plz	1.05	1.38
one	1.05	2.73
cheers	1.06	1.57
glow	1.06	0.96
hua	1.06	1.03
wearing	1.06	0.90
top	1.06	2.27
pic	1.06	1.11
unstoppable	1.07	0.85
wedding	1.07	0.91
umm	1.07	2.07
gods	1.07	1.17
husband	1.07	1.18
ok	1.07	2.86
eye	1.08	0.96
classic	1.08	0.82
alongside	1.08	0.77
dramatic	1.08	1.19
combo	1.08	1.04
rim	1.08	0.99
o.o	1.08	1.59
bout	1.08	1.58
suggestion	1.08	1.23
praise	1.09	1.03
match	1.09	0.81
girlfriend	1.09	1.09
instantly	1.09	1.14
ridiculously	1.09	1.30
mode	1.10	1.09
boom	1.10	1.01
contrast	1.11	0.81
charismatic	1.11	0.93
poster	1.11	1.01
fighting	1.11	0.77
0	1.11	1.04
artists	1.12	0.95
clothes	1.12	0.95
grandma	1.12	1.15
yup	1.12	2.56
flair	1.12	1.80
mole	1.12	0.94
pose	1.13	1.08
hello	1.13	1.20
creatures	1.13	0.73
betrayed	1.13	2.32
win	1.14	0.91
bayonetta	1.14	0.99
bold	1.14	1.05
wears	1.15	0.92
extended	1.15	0.77
words	1.15	2.76
caring	1.15	2.04
my	1.16	2.38
hi	1.16	1.39
spelling	1.16	3.04
eyebrows	1.16	1.09
dem	1.16	1.14
fascinating	1.16	2.67
enemies	1.17	0.92
chase	1.17	0.77
forehead	1.17	0.96
earthbender	1.17	2.68
helpful	1.17	1.33
zaheers	1.17	0.91
plus	1.17	1.79
hairstyle	1.17	1.09
college	1.17	0.85
agile	1.18	0.99
beauty	1.18	0.79
expert	1.18	0.88
posters	1.18	1.00
enjoy	1.18	1.88
alright	1.18	2.63
golden	1.19	0.82
entertaining	1.19	1.13
tale	1.19	0.87
tophs	1.21	0.96
fellow	1.21	1.24
mir	1.21	1.13
shaved	1.21	1.07
wore	1.21	0.93
sue	1.22	0.80
pabu	1.22	0.96
face	1.22	1.19
easily	1.22	2.59
mine	1.22	1.35
confrontation	1.22	0.93
irony	1.23	1.44
robot	1.23	0.97
loyal	1.23	2.22
immediate	1.23	1.06
deliver	1.23	1.19
feedback	1.24	1.31
ladies	1.24	1.04
ass	1.24	1.45
check	1.24	1.50
exact	1.24	1.30
movements	1.25	0.89
fits	1.25	0.96
thats	1.26	2.34
shared	1.26	1.01
gift	1.26	0.84
matched	1.26	0.77
word	1.27	3.03
o	1.27	1.64
loving	1.28	1.79
insanely	1.28	1.14
sacrificed	1.28	2.26
super	1.28	1.53
beard	1.28	1.15
vs	1.29	0.81
hmmm	1.29	1.81
clip	1.29	0.82
language	1.29	2.77
won	1.29	0.81
intelligent	1.30	0.83
woman	1.30	1.03
insight	1.30	1.06
climax	1.31	1.16
recap	1.31	0.73
ol	1.31	1.55
feat	1.31	0.96
utterly	1.31	1.53
paper	1.31	0.86
opening	1.32	0.95
studied	1.33	0.86
closest	1.33	2.27
arena	1.33	0.83
powerful	1.34	1.27
input	1.34	1.12
hair	1.34	1.11
forgot	1.34	2.78
practicing	1.34	0.90
corrected	1.34	2.91
ps	1.34	2.01
mask	1.35	1.06
german	1.35	2.79
gameplay	1.35	0.86
robots	1.35	1.01
uh	1.36	2.39
consistently	1.36	0.94
listening	1.36	0.98
moments	1.36	0.89
clothing	1.36	0.98
ftfy	1.36	1.57
pleasure	1.36	0.95
trust	1.36	2.07
nagas	1.36	1.63
second	1.37	2.37
depressing	1.37	2.61
term	1.38	2.65
concept	1.38	1.24
faces	1.38	1.11
pierrot	1.38	1.10
yea	1.38	2.52
listen	1.39	1.03
alternate	1.39	2.10
kingdoms	1.40	0.77
precious	1.40	2.02
chick	1.40	1.13
describe	1.41	2.45
frame	1.41	0.93
um	1.42	2.34
miss	1.42	1.49
feats	1.43	0.91
damnit	1.43	1.45
notes	1.43	0.97
overall	1.43	1.18
artist	1.43	0.83
beast	1.43	1.18
chart	1.43	1.12
animations	1.45	1.20
makeup	1.45	1.11
lol	1.45	2.51
suggestions	1.46	1.43
1v1	1.46	0.81
fanart	1.46	0.94
imagined	1.47	1.47
ahh	1.47	2.33
sooo	1.47	1.75
sheer	1.47	0.80
ride	1.47	0.82
looked	1.48	1.60
ah	1.48	2.66
immense	1.48	0.79
p	1.48	2.35
yay	1.48	1.51
necklace	1.48	0.93
chill	1.49	1.38
rising	1.49	0.86
styles	1.49	0.83
baby	1.50	0.95
forms	1.50	0.85
typical	1.50	1.86
style	1.50	0.82
ahhh	1.51	1.93
betray	1.51	2.28
custom	1.51	0.88
compliment	1.52	1.03
ruthless	1.52	1.00
wtf	1.52	1.34
picture	1.53	1.10
ta	1.53	1.94
prediction	1.53	2.17
arts	1.55	0.85
wat	1.55	1.76
duel	1.55	0.78
cared	1.56	1.88
huh	1.56	2.33
crazy	1.56	1.63
mistake	1.56	2.86
v	1.56	1.11
raw	1.57	0.83
most	1.57	2.13
frames	1.57	0.95
friend	1.58	2.04
stretch	1.58	1.90
speaking	1.58	2.47
hug	1.58	1.00
monster	1.59	1.13
martial	1.59	0.82
chakras	1.59	2.17
buddy	1.59	1.97
swear	1.59	1.24
unique	1.60	1.05
tattoo	1.61	1.01
balls	1.62	1.39
luck	1.62	1.55
bald	1.63	1.05
typo	1.65	2.88
easiest	1.65	1.92
finger	1.65	0.84
reminds	1.66	1.36
aww	1.67	1.43
surprisingly	1.67	1.15
photo	1.68	1.07
intro	1.69	0.78
dat	1.69	1.27
enormous	1.69	0.82
accurate	1.70	1.82
outta	1.70	1.50
dear	1.70	1.40
creativity	1.70	0.76
sparky	1.71	0.95
parody	1.71	0.87
cuz	1.71	1.53
bitch	1.72	1.36
progressive	1.72	1.96
fixed	1.73	2.78
married	1.73	2.10
birthday	1.73	1.97
oh	1.74	2.52
everywhere	1.75	1.17
credits	1.75	1.02
hail	1.76	0.85
heartless	1.76	1.02
glorious	1.77	0.78
talent	1.77	0.76
fluid	1.78	0.81
gurren	1.78	0.93
casual	1.79	2.16
lagann	1.79	0.92
background	1.80	0.88
gear	1.81	0.88
equally	1.84	1.11
woah	1.85	1.47
phone	1.85	0.95
suited	1.85	1.55
drawn	1.85	0.86
dressed	1.86	1.05
funny	1.87	1.57
uniter	1.87	0.91
interests	1.87	1.64
ha	1.87	2.24
prowess	1.88	0.74
props	1.89	1.03
seriously	1.89	1.99
xd	1.90	2.08
showdown	1.91	0.84
legit	1.92	1.32
drew	1.92	0.88
draws	1.93	1.65
precision	1.93	0.80
respected	1.93	1.43
displayed	1.94	0.78
display	1.95	0.80
ai	1.96	1.59
o_o	1.97	1.78
pls	1.99	1.45
outfit	2.00	1.03
dammit	2.00	1.52
boss	2.02	0.95
album	2.02	0.95
pieces	2.03	0.82
noticed	2.04	2.09
congratulations	2.04	1.21
appreciated	2.04	1.12
hahaha	2.05	2.08
legendary	2.06	0.74
yo	2.07	1.50
dress	2.08	0.97
bro	2.09	1.74
battle	2.09	0.82
relevant	2.09	1.72
aw	2.12	1.43
fun	2.12	1.58
darn	2.13	1.38
rough	2.14	1.64
freakin	2.15	1.25
sexy	2.16	1.25
worth	2.17	1.59
flameo	2.17	1.43
nah	2.17	1.71
haha	2.18	2.38
man	2.18	1.64
shit	2.18	1.79
goodness	2.19	1.41
battles	2.19	0.97
coolest	2.19	1.75
analysis	2.20	0.96
buff	2.22	1.21
bloody	2.23	1.30
such	2.23	0.98
painful	2.24	1.67
theme	2.25	0.82
song	2.26	0.94
yep	2.26	2.36
fuck	2.27	1.78
drawings	2.28	0.84
fight	2.29	0.82
shirt	2.29	0.87
sequence	2.30	0.83
whoa	2.30	1.47
hot	2.36	1.07
thanks	2.36	2.18
tracks	2.36	0.91
good	2.36	1.36
welcome	2.36	1.62
reminiscent	2.37	0.74
sir	2.38	1.29
gosh	2.39	1.45
hey	2.40	2.18
boyfriend	2.41	1.46
omg	2.41	1.49
touching	2.43	0.82
tho	2.43	1.51
boobs	2.44	1.62
agni	2.44	0.79
animation	2.45	1.35
apart	2.45	1.62
ya	2.46	2.00
genius	2.46	0.75
op	2.48	1.94
btw	2.49	1.80
catch	2.52	1.95
disturbing	2.55	1.42
delivered	2.56	1.35
fights	2.57	0.82
thank	2.57	2.00
exciting	2.57	1.47
hell	2.58	1.95
painting	2.60	0.85
backgrounds	2.60	0.89
track	2.61	0.91
lt	2.62	1.24
fall	2.63	1.65
dig	2.64	1.48
fallen	2.65	1.54
each	2.70	1.61
detail	2.73	1.25
hah	2.75	1.50
nonetheless	2.75	1.50
goosebumps	2.77	1.29
christ	2.79	1.19
interest	2.79	1.53
intense	2.81	1.37
showed	2.81	1.24
kidding	2.82	1.75
nailed	2.83	1.60
observation	2.84	1.61
final	2.84	1.05
jesus	2.85	1.35
designs	2.86	0.84
hotman	2.87	1.44
scene	2.92	0.97
ooh	2.92	1.30
cue	2.93	0.86
dang	2.93	1.53
insane	2.96	1.07
creepy	2.97	1.43
detailed	3.03	1.20
truly	3.06	0.98
dude	3.09	1.60
choreography	3.11	1.12
scenes	3.12	1.03
brilliant	3.13	1.31
phenomenal	3.14	1.34
refreshing	3.14	1.56
sharing	3.14	1.12
excellent	3.15	1.26
clever	3.17	1.11
chills	3.20	1.04
masterpiece	3.21	0.93
sequences	3.23	1.04
interesting	3.24	1.45
appreciate	3.24	0.81
neat	3.26	1.54
fuckin	3.26	1.38
drawing	3.31	0.99
goddamn	3.32	0.97
especially	3.33	0.90
wonderful	3.35	1.21
perfect	3.37	1.00
spot	3.39	0.92
adorable	3.40	1.09
damn	3.40	1.38
piece	3.43	0.95
jeremy	3.45	0.95
soundtrack	3.47	0.95
scary	3.47	1.23
smooth	3.47	1.20
amazingly	3.48	0.95
beautifully	3.48	0.95
10/10	3.50	1.33
score	3.50	0.90
cute	3.51	1.24
god	3.52	1.26
par	3.53	0.93
hilarious	3.54	0.96
brutal	3.55	1.23
looks	3.59	1.25
fucking	3.64	1.17
zuckerman	3.74	0.87
badass	3.76	1.04
absolutely	3.77	0.77
holy	3.77	1.17
terrifying	3.78	1.01
art	3.78	0.82
cool	3.79	1.11
job	3.79	0.86
music	3.81	0.82
wow	3.82	1.26
impressive	3.85	0.93
epic	3.90	0.86
great	4.01	0.47
cosplay	4.08	0.86
freaking	4.09	0.83
costume	4.09	0.83
sweet	4.13	0.87
gorgeous	4.14	0.72
lovely	4.16	0.53
incredible	4.16	0.65
spectacular	4.21	0.63
artwork	4.29	0.54
beautiful	4.34	0.51
design	4.35	0.52
