unfortunate	-3.59	2.00
singing	-3.52	2.84
editing	-3.46	2.71
whites	-3.40	1.89
corny	-3.40	2.72
lame	-3.28	2.71
choice	-3.27	2.50
voice	-3.27	2.66
acting	-3.26	2.49
timing	-3.20	2.76
production	-3.18	2.81
bonus	-3.15	1.95
bush	-3.13	1.82
crappy	-3.13	2.63
piers	-3.07	1.86
delivery	-3.05	2.75
dislike	-3.03	1.70
shitty	-3.01	2.51
execution	-3.00	2.64
capitalism	-2.99	2.25
cheesy	-2.98	2.69
filled	-2.97	2.70
fucked	-2.91	2.90
repeat	-2.84	1.86
cliche	-2.82	2.66
bad	-2.81	2.78
bizarre	-2.80	2.67
quality	-2.79	2.58
ridiculous	-2.75	2.72
me	-2.75	3.27
excuses	-2.69	2.19
youth	-2.68	2.20
stupid	-2.67	2.70
throat	-2.66	2.74
annoying	-2.66	3.02
destroyed	-2.65	2.22
agreed	-2.62	1.83
reacting	-2.59	2.87
seth	-2.56	1.77
bashing	-2.55	2.13
o'reilly	-2.55	1.87
silly	-2.54	2.88
spit	-2.52	2.75
boring	-2.51	2.73
dislikes	-2.50	1.95
utterly	-2.50	2.64
makes	-2.49	3.20
rant	-2.49	1.68
intro	-2.49	2.40
hatred	-2.48	2.04
commercial	-2.44	2.36
premise	-2.41	2.45
similar	-2.41	2.13
rage	-2.41	2.98
gates	-2.41	1.93
sight	-2.41	2.59
either	-2.40	3.31
unfunny	-2.40	2.72
blame	-2.38	2.18
making	-2.37	1.93
made	-2.37	2.87
oppressed	-2.36	2.24
hope	-2.36	3.26
lighting	-2.33	1.96
catchy	-2.32	2.36
assholes	-2.32	2.14
there	-2.31	3.36
feminists	-2.30	2.18
generic	-2.30	2.03
widely	-2.30	1.95
everything	-2.29	3.60
especially	-2.27	2.60
bieber	-2.26	2.22
doing	-2.26	3.56
everywhere	-2.25	2.20
true	-2.24	3.21
no	-2.24	3.04
irrational	-2.24	2.15
delivered	-2.22	2.32
filthy	-2.22	2.46
blindly	-2.19	2.22
supports	-2.18	2.17
supposed	-2.17	3.55
muslims	-2.16	2.46
nothing	-2.16	3.55
owns	-2.15	2.22
addition	-2.15	3.28
re	-2.15	3.74
hating	-2.14	2.45
saying	-2.14	3.81
majority	-2.13	2.48
inferior	-2.12	2.69
strange	-2.11	2.94
dialogue	-2.11	1.90
important	-2.11	3.15
inducing	-2.10	2.94
tends	-2.10	2.57
apparent	-2.10	2.49
justin	-2.10	2.28
atheists	-2.08	2.54
feel	-2.07	3.38
closely	-2.07	2.76
right	-2.06	3.67
audio	-2.06	1.84
messed	-2.06	2.46
point	-2.05	3.50
itt	-2.05	2.50
what	-2.05	3.73
morally	-2.04	2.89
absurd	-2.03	2.55
frustrating	-2.02	3.21
writing	-2.00	2.55
stating	-2.00	3.12
theirs	-2.00	2.69
pair	-1.99	3.27
actors	-1.98	2.64
usually	-1.98	2.42
depressing	-1.98	3.34
odd	-1.98	3.12
weird	-1.98	3.16
cringeworthy	-1.97	3.30
worded	-1.97	2.75
facepalm	-1.96	2.47
sink	-1.94	2.86
review	-1.93	1.80
animation	-1.92	1.91
enjoyable	-1.90	3.23
cringe	-1.90	3.26
v	-1.89	2.90
meant	-1.88	3.71
sound	-1.87	1.82
difficult	-1.87	3.34
dirty	-1.87	2.61
dumb	-1.85	2.45
track	-1.85	1.75
vocals	-1.85	1.84
worthy	-1.82	3.30
jerk	-1.82	2.36
pathetic	-1.81	2.96
proved	-1.81	3.07
asks	-1.81	2.46
unless	-1.81	3.76
make	-1.80	2.69
background	-1.80	1.72
obnoxious	-1.79	2.02
yet	-1.79	3.62
lowest	-1.79	2.79
recording	-1.75	1.67
guess	-1.75	3.79
v-log	-1.75	1.99
racists	-1.74	1.40
circlejerk	-1.73	2.55
haters	-1.73	2.36
sync	-1.73	1.79
tune	-1.72	1.89
disrespectful	-1.71	2.35
agrees	-1.71	2.62
cringe-worthy	-1.70	2.64
produced	-1.70	1.59
desperate	-1.70	2.90
10/10	-1.69	2.71
disgusting	-1.67	3.20
hard	-1.66	3.09
hear	-1.65	1.80
objectively	-1.64	3.02
exceptions	-1.64	2.47
racist	-1.63	1.45
noises	-1.63	1.60
line	-1.62	1.61
louder	-1.62	1.72
kind	-1.61	3.16
however	-1.61	3.66
jones	-1.61	2.24
actor	-1.60	2.79
look	-1.60	2.41
unprofessional	-1.60	2.08
commercials	-1.60	1.68
little	-1.60	3.30
requirement	-1.59	2.46
pointless	-1.59	1.99
notes	-1.58	1.79
jokes	-1.58	1.88
sings	-1.58	1.76
amusing	-1.58	3.43
whether	-1.58	2.24
overall	-1.58	1.77
or	-1.58	2.47
outdated	-1.58	1.50
screams	-1.57	1.37
understands	-1.57	2.66
loud	-1.57	1.77
value	-1.57	1.74
all	-1.56	2.58
trailers	-1.56	1.71
fit	-1.55	2.22
because	-1.55	3.17
cringey	-1.55	3.43
douchey	-1.54	2.55
almost	-1.54	2.06
intentionally	-1.53	1.83
offensive	-1.52	2.25
disturbing	-1.52	3.42
feeling	-1.52	3.23
insults	-1.52	1.65
downhill	-1.52	2.93
requirements	-1.52	2.46
must	-1.51	2.44
sounds	-1.51	2.61
bill	-1.51	1.76
loose	-1.51	2.87
sure	-1.50	3.69
annoys	-1.50	2.45
ignorant	-1.50	1.87
whatever	-1.49	3.04
backing	-1.49	1.62
about	-1.49	3.18
horribly	-1.49	1.94
likely	-1.48	2.67
shallow	-1.48	2.77
appearance	-1.48	1.65
yelling	-1.47	1.57
also	-1.47	2.87
noise	-1.47	1.67
iggy	-1.46	1.76
mean	-1.46	3.18
song	-1.46	1.92
infuriating	-1.45	3.34
cringy	-1.45	3.48
them	-1.45	2.73
selfish	-1.44	1.93
coming	-1.44	1.85
absolutely	-1.44	3.12
asking	-1.43	1.97
much	-1.43	2.60
interesting	-1.43	3.37
say	-1.43	3.04
drums	-1.43	1.84
going	-1.42	3.25
rude	-1.42	2.05
involve	-1.42	2.34
something	-1.42	3.07
dubstep	-1.42	1.77
irritating	-1.42	2.70
edm	-1.42	1.82
budget	-1.41	1.78
tape	-1.41	1.56
thus	-1.41	2.29
welp	-1.40	3.03
obviously	-1.40	2.90
we	-1.40	3.05
immature	-1.40	1.87
bloody	-1.39	2.58
performances	-1.39	1.96
embarrassing	-1.39	2.29
matter	-1.39	2.89
lyrics	-1.38	1.76
real	-1.38	2.78
work	-1.38	2.59
know	-1.38	3.08
involving	-1.38	2.33
idiotic	-1.38	2.02
laugh	-1.38	2.39
studio	-1.38	1.71
bitter	-1.37	3.04
humorous	-1.37	2.75
film	-1.37	1.68
question	-1.37	1.72
realize	-1.36	3.07
hypocritical	-1.36	1.74
situation	-1.36	2.37
gone	-1.36	3.91
reason	-1.36	2.87
sometimes	-1.36	2.40
painfully	-1.36	2.49
see	-1.36	2.86
voices	-1.35	1.87
anything	-1.35	3.00
edited	-1.35	1.63
lines	-1.35	1.83
indirectly	-1.35	2.28
sing	-1.34	1.77
then	-1.34	2.89
amateur	-1.34	2.72
sense	-1.34	2.09
solved	-1.34	3.41
pranks	-1.34	1.81
attempt	-1.33	1.87
implying	-1.33	3.21
why	-1.33	3.09
maybe	-1.33	3.04
ask	-1.33	2.19
any	-1.32	2.57
exactly	-1.32	3.13
low	-1.32	1.76
additional	-1.32	1.46
lawyer	-1.31	1.11
if	-1.31	3.02
itself	-1.31	2.18
lonely	-1.30	3.07
talking	-1.30	3.16
tell	-1.30	2.81
said	-1.30	2.84
blacks	-1.30	1.14
simple	-1.29	2.05
getting	-1.29	2.46
useless	-1.29	1.73
were	-1.29	2.71
miserable	-1.29	2.91
act	-1.29	1.77
fact	-1.29	2.70
thinking	-1.29	3.06
deposition	-1.29	1.10
awkward	-1.28	2.57
reacted	-1.28	1.99
presentation	-1.28	1.72
looking	-1.28	2.12
scream	-1.28	1.66
certainly	-1.28	2.82
idea	-1.28	2.43
even	-1.28	2.99
satisfying	-1.28	3.08
meet	-1.27	2.53
whatsoever	-1.27	1.77
beyond	-1.27	1.77
always	-1.27	2.73
course	-1.27	3.22
which	-1.27	2.77
clue	-1.26	2.24
removed	-1.26	2.26
etc	-1.26	1.67
childish	-1.26	2.01
music	-1.26	1.75
porn	-1.26	1.71
acted	-1.25	1.68
comedic	-1.25	2.71
did	-1.25	3.00
placement	-1.25	1.70
mic	-1.25	1.52
allowed	-1.24	2.81
care	-1.24	2.99
how	-1.24	2.97
gifs	-1.24	1.61
well	-1.23	2.88
should	-1.23	2.94
sort	-1.23	2.26
started	-1.23	1.68
think	-1.23	3.08
taking	-1.23	2.27
minority	-1.23	1.24
anymore	-1.23	2.96
interrupting	-1.23	1.34
badly	-1.23	1.76
footage	-1.23	1.58
inability	-1.22	1.78
holes	-1.22	1.56
someone	-1.22	2.65
repeating	-1.22	1.40
its	-1.22	3.50
fun	-1.22	2.54
filmed	-1.22	1.54
note	-1.21	1.66
close	-1.21	2.19
gt	-1.21	3.12
subtle	-1.21	1.54
him	-1.21	2.65
clear	-1.21	2.33
inappropriate	-1.21	2.08
again	-1.20	2.85
belong	-1.20	2.36
an	-1.20	1.65
singers	-1.20	2.02
happen	-1.20	2.92
songs	-1.20	1.76
screaming	-1.20	1.57
knowing	-1.19	2.79
here	-1.19	2.67
does	-1.19	2.93
please	-1.19	2.25
loop	-1.19	1.43
sjw	-1.19	1.18
would	-1.19	2.86
people	-1.19	2.59
none	-1.18	1.95
harder	-1.18	2.56
anger	-1.18	1.83
entitled	-1.18	1.76
felt	-1.18	3.23
happening	-1.18	2.87
when	-1.17	2.81
social	-1.17	2.20
moment	-1.17	2.23
bunch	-1.17	1.75
bother	-1.17	2.85
equipment	-1.17	1.61
directly	-1.17	2.22
bannable	-1.17	2.28
deaf	-1.16	1.62
might	-1.16	2.87
unusual	-1.16	2.59
christians	-1.16	1.46
porno	-1.16	1.96
worked	-1.16	2.18
get	-1.16	2.68
r/cringe/about/sidebar	-1.16	2.34
vocal	-1.16	1.71
questions	-1.16	1.34
morgan	-1.15	2.62
owned	-1.15	1.24
piano	-1.15	1.73
chose	-1.15	1.61
lower	-1.15	1.54
breathing	-1.14	1.50
being	-1.14	1.75
now	-1.14	3.29
better	-1.14	2.47
sidebar	-1.14	2.24
ironic	-1.14	2.51
extreme	-1.13	1.50
obvious	-1.13	2.71
dramatic	-1.13	2.28
microphone	-1.13	1.53
painful	-1.13	3.31
help	-1.12	2.56
poor	-1.12	3.06
belongs	-1.12	2.14
ads	-1.12	1.58
scripted	-1.12	2.10
oppression	-1.12	1.36
joke	-1.12	2.59
mind	-1.12	2.47
pretentious	-1.12	1.81
films	-1.12	1.68
flawed	-1.12	1.88
stereotypes	-1.12	1.42
prove	-1.11	2.61
cry	-1.11	2.03
worth	-1.11	2.08
asked	-1.11	2.00
talk	-1.11	2.41
submission	-1.11	2.31
expect	-1.11	2.80
radical	-1.11	1.21
smug	-1.11	1.78
liberals	-1.10	1.37
way	-1.10	2.90
anyone	-1.10	2.81
take	-1.10	2.36
twisted	-1.10	2.53
clothing	-1.10	1.54
come	-1.10	2.40
matters	-1.10	2.29
really	-1.10	2.99
content	-1.09	2.25
could	-1.09	2.73
lip	-1.09	1.50
iq	-1.09	1.34
pretending	-1.08	1.99
deny	-1.08	1.95
arrogant	-1.08	1.78
mindset	-1.08	1.54
as	-1.08	2.73
same	-1.08	2.63
mood	-1.08	1.99
r/justiceporn	-1.08	2.22
explain	-1.08	2.76
insult	-1.08	1.47
only	-1.07	3.00
issue	-1.07	2.59
guitar	-1.07	1.83
races	-1.07	1.40
excuse	-1.07	1.88
racial	-1.07	1.33
yes	-1.07	3.76
trying	-1.07	2.71
laughing	-1.07	2.21
react	-1.06	2.45
probably	-1.06	2.85
answer	-1.06	2.10
themselves	-1.06	2.16
decision	-1.06	1.65
criticize	-1.05	1.57
type	-1.05	1.81
added	-1.05	1.64
otherwise	-1.05	2.28
recorded	-1.05	1.64
mock	-1.05	1.43
fake	-1.05	2.45
higher	-1.05	1.53
cheering	-1.05	1.52
chorus	-1.04	1.74
may	-1.04	2.83
trivial	-1.04	2.03
submissions	-1.04	2.03
solo	-1.04	2.00
accomplish	-1.03	2.36
coincidence	-1.03	3.28
recent	-1.03	1.61
still	-1.03	2.96
sang	-1.03	1.54
pop	-1.03	1.70
defending	-1.03	1.75
actress	-1.03	1.93
set	-1.02	1.76
instruments	-1.02	1.70
funnier	-1.02	2.50
verse	-1.02	1.60
effects	-1.02	1.48
start	-1.02	2.02
relevant	-1.02	2.61
improv	-1.02	1.79
pretend	-1.02	2.50
watch	-1.01	2.72
interviewing	-1.01	1.08
feels	-1.01	2.96
sexuality	-1.01	1.53
can	-1.01	2.76
customer	-1.01	1.53
clearly	-1.00	2.57
calling	-1.00	1.49
convince	-1.00	2.28
rapping	-1.00	1.61
minorities	-1.00	1.14
redditors	-1.00	1.54
more	-1.00	2.54
leave	-1.00	2.48
another	-1.00	3.68
those	-0.99	2.21
gave	-0.99	1.83
honestly	-0.99	2.95
understand	-0.99	3.04
far	-0.99	2.58
relate	-0.99	2.19
dancing	-0.99	1.64
ca	-0.98	2.75
solid	-0.98	2.64
executed	-0.98	1.92
shouting	-0.98	1.55
company	-0.97	1.48
asians	-0.97	1.21
giving	-0.97	2.05
want	-0.97	2.86
retail	-0.97	1.55
already	-0.97	3.10
tracks	-0.97	1.63
rhythm	-0.97	1.64
decide	-0.97	1.89
high	-0.97	1.58
anthem	-0.97	1.60
she	-0.96	2.73
path	-0.96	1.65
atheism	-0.96	1.47
highest	-0.96	3.23
basically	-0.96	2.48
need	-0.96	2.77
so	-0.96	3.15
misleading	-0.96	2.28
along	-0.95	1.52
cringier	-0.95	2.46
volume	-0.95	1.51
answering	-0.95	1.52
joking	-0.95	3.70
every	-0.95	4.29
movie	-0.95	1.62
sarcastic	-0.95	2.36
r/cringe	-0.95	2.24
valuable	-0.95	2.13
literally	-0.95	3.83
preference	-0.94	1.48
workers	-0.94	1.51
guilt	-0.94	1.51
assume	-0.94	3.01
narcissistic	-0.94	1.94
clapping	-0.94	1.46
subreddit	-0.94	2.22
worship	-0.93	1.94
prick	-0.93	1.77
hateful	-0.93	1.40
scenes	-0.93	1.64
reasons	-0.93	2.21
keep	-0.93	2.31
unreasonable	-0.93	1.50
instrument	-0.93	1.96
r/wtf	-0.93	2.42
himself	-0.93	2.18
ratings	-0.93	1.01
flow	-0.93	1.79
kinda	-0.92	3.52
unaware	-0.92	2.03
cam	-0.92	1.80
failed	-0.92	1.71
unfair	-0.92	1.82
instead	-0.92	1.71
possibly	-0.92	2.43
until	-0.92	2.58
unable	-0.92	2.21
harmless	-0.92	2.32
things	-0.92	3.19
deal	-0.92	2.69
entertainment	-0.92	1.51
considered	-0.92	2.48
though	-0.91	2.92
at	-0.91	2.42
feelings	-0.91	1.72
fools	-0.91	1.80
knew	-0.91	2.67
plain	-0.90	1.75
lawyers	-0.90	1.19
breathe	-0.90	2.06
minors	-0.90	2.18
plot	-0.90	1.30
guests	-0.90	1.36
paying	-0.90	1.93
circumstances	-0.90	1.60
r/funny	-0.90	2.43
condescending	-0.89	2.09
yourself	-0.89	2.52
fine	-0.89	3.71
stuff	-0.89	2.52
having	-0.89	2.18
performed	-0.89	1.51
rule	-0.89	2.13
exciting	-0.89	2.37
fair	-0.89	2.84
kept	-0.89	2.03
refuse	-0.88	1.86
telling	-0.88	2.56
punchline	-0.88	1.86
publicized	-0.88	1.57
dont	-0.88	2.91
inherently	-0.88	1.87
sane	-0.88	2.41
whoever	-0.88	1.45
judgement	-0.88	1.58
will	-0.88	2.74
cruel	-0.88	1.81
interview	-0.88	1.59
speech	-0.88	1.54
shtick	-0.88	2.17
case	-0.88	2.35
purposely	-0.87	1.77
these	-0.87	2.31
taken	-0.87	2.62
uninformed	-0.87	1.65
tons	-0.87	2.24
able	-0.87	2.55
find	-0.87	2.65
nerve	-0.87	1.61
record	-0.86	1.53
starts	-0.86	1.35
ridiculously	-0.86	2.04
refused	-0.86	1.70
actions	-0.86	1.55
bring	-0.86	2.21
sexist	-0.86	1.52
price	-0.86	1.60
doubt	-0.86	2.76
white	-0.86	1.27
values	-0.86	1.44
tried	-0.86	2.35
easily	-0.86	2.30
halfway	-0.86	1.51
groups	-0.86	1.41
wo	-0.86	2.78
expensive	-0.86	2.26
levels	-0.85	1.54
controversial	-0.85	1.51
watched	-0.85	4.31
damaged	-0.85	1.63
industry	-0.85	1.54
hollywood	-0.85	1.45
job	-0.85	2.12
captain	-0.85	1.08
deep	-0.85	1.56
deliver	-0.85	1.66
fill	-0.85	1.66
sub	-0.84	2.32
free	-0.84	1.68
records	-0.84	1.51
working	-0.84	2.01
embarrassment	-0.84	2.08
racism	-0.84	1.30
try	-0.84	2.61
wondered	-0.84	4.03
gays	-0.84	1.42
crew	-0.84	1.61
edgy	-0.83	2.65
script	-0.83	1.75
bully	-0.83	1.49
soon	-0.83	2.25
solve	-0.83	2.15
done	-0.83	3.57
cast	-0.83	1.66
easier	-0.83	2.55
submit	-0.83	2.08
goofy	-0.82	2.51
insulting	-0.82	1.65
bit	-0.82	2.91
reality	-0.82	1.88
eventually	-0.82	2.22
went	-0.82	2.21
obsession	-0.82	1.60
decisions	-0.82	1.60
once	-0.82	2.84
recognize	-0.82	2.50
lie	-0.82	2.89
stop	-0.82	2.35
significantly	-0.82	1.81
publicity	-0.82	0.97
actually	-0.81	2.92
ve	-0.81	4.40
certain	-0.81	2.17
cuts	-0.81	1.45
topic	-0.81	2.03
explicitly	-0.81	2.01
spoiled	-0.81	1.85
finally	-0.81	2.32
group	-0.81	1.66
slightest	-0.81	2.36
acknowledge	-0.81	2.44
shots	-0.81	1.48
enough	-0.81	2.73
cameras	-0.81	1.53
photos	-0.81	1.41
refusing	-0.81	1.68
place	-0.81	2.83
advertising	-0.80	1.30
figured	-0.80	2.50
d	-0.80	2.85
cops	-0.80	1.80
scientists	-0.80	1.46
core	-0.80	1.62
typical	-0.80	1.61
dance	-0.80	1.82
ideology	-0.80	1.35
losers	-0.79	1.80
democracy	-0.79	1.34
some	-0.79	2.33
ones	-0.79	2.47
skills	-0.79	1.61
give	-0.79	2.41
acts	-0.79	1.31
bass	-0.79	1.90
rules	-0.79	2.04
imply	-0.78	2.11
camera	-0.78	1.63
mods	-0.78	2.25
filming	-0.78	1.67
pickup	-0.78	1.69
brought	-0.78	1.97
never	-0.78	3.57
socialist	-0.78	1.21
complicated	-0.78	2.46
denying	-0.78	1.95
interviewer	-0.78	1.29
blaming	-0.78	1.35
has	-0.77	2.99
multiple	-0.77	2.28
director	-0.77	1.79
poverty	-0.77	1.32
continues	-0.77	1.53
glenn	-0.77	1.18
behavior	-0.77	1.84
wayne	-0.77	1.32
behaviour	-0.77	1.73
follow	-0.77	2.17
complex	-0.77	1.81
standards	-0.77	1.54
unrelated	-0.77	1.58
produce	-0.77	1.58
selection	-0.77	1.50
sucked	-0.76	1.68
prices	-0.76	1.60
claim	-0.76	1.95
truly	-0.76	2.65
toward	-0.76	1.42
resources	-0.76	1.55
factor	-0.76	1.63
option	-0.76	1.56
let	-0.76	2.72
titles	-0.76	1.75
answers	-0.76	1.43
rates	-0.76	1.58
hipster	-0.76	1.60
reasoning	-0.76	1.59
base	-0.76	1.40
asshole	-0.75	1.97
following	-0.75	2.22
crowd	-0.75	1.62
surely	-0.75	1.85
liking	-0.75	1.19
wanted	-0.75	2.56
change	-0.75	2.15
deciding	-0.75	1.48
notice	-0.74	2.70
problem	-0.74	2.58
lots	-0.74	2.36
figure	-0.74	2.60
r/atheism	-0.74	1.61
go	-0.74	2.52
purpose	-0.74	2.24
defend	-0.74	2.07
douchebags	-0.74	1.71
longer	-0.74	2.43
got	-0.74	2.48
repeated	-0.74	1.45
anxiety	-0.74	1.92
written	-0.74	1.58
actual	-0.74	1.92
terribly	-0.74	1.98
orders	-0.74	1.39
skip	-0.73	2.09
religion	-0.73	1.35
logic	-0.73	1.68
substance	-0.73	1.92
views	-0.73	1.35
80s	-0.73	1.60
presence	-0.73	1.59
someones	-0.73	1.43
lot	-0.73	2.56
ll	-0.73	2.78
file	-0.73	1.53
choosing	-0.73	1.53
us	-0.73	2.32
various	-0.73	2.02
individuals	-0.73	2.06
ourselves	-0.73	2.18
cause	-0.72	2.12
two	-0.72	2.40
related	-0.72	1.87
habit	-0.72	1.57
anarchists	-0.72	1.34
dae	-0.72	2.82
choose	-0.72	1.52
implied	-0.72	1.98
necessary	-0.72	1.80
issues	-0.72	2.04
spouting	-0.71	1.63
hannity	-0.71	1.14
others	-0.71	2.07
aspergers	-0.71	1.97
turned	-0.71	1.94
serious	-0.71	2.42
hamas	-0.71	1.24
americans	-0.71	1.32
turn	-0.71	1.99
concept	-0.71	1.78
direction	-0.71	1.62
purposefully	-0.71	1.44
points	-0.71	1.73
surprising	-0.71	2.87
dismiss	-0.71	1.47
pointing	-0.71	2.19
than	-0.71	2.26
completely	-0.71	2.16
bits	-0.71	1.70
protest	-0.71	1.58
run	-0.71	1.84
opinion	-0.71	1.87
towards	-0.71	1.47
narcissism	-0.70	1.88
sounding	-0.70	1.71
off	-0.70	1.88
concert	-0.70	1.49
religious	-0.70	1.43
travel	-0.70	1.88
dangerous	-0.70	2.30
product	-0.70	1.56
vines	-0.70	2.19
events	-0.70	1.64
advertisement	-0.69	1.76
shout	-0.69	1.51
severe	-0.69	1.94
confusion	-0.69	1.94
particular	-0.69	2.09
happens	-0.69	2.61
anywhere	-0.69	2.59
uneducated	-0.69	1.70
extent	-0.69	1.91
mentioning	-0.69	1.69
farm	-0.69	1.45
entertaining	-0.69	3.10
intentional	-0.69	2.37
disability	-0.69	2.00
imagine	-0.69	2.76
market	-0.69	1.47
gets	-0.69	2.22
anarchist	-0.68	1.36
freestyle	-0.68	1.48
text	-0.68	1.65
humor	-0.68	2.03
compare	-0.68	1.79
simply	-0.68	2.48
begins	-0.68	1.53
black	-0.68	1.28
producers	-0.68	1.75
instance	-0.68	1.68
tv	-0.68	1.64
prank	-0.68	2.32
justification	-0.68	1.67
meaningless	-0.67	1.74
intentions	-0.67	1.77
everyone	-0.67	2.88
editor	-0.67	1.47
been	-0.67	3.51
self	-0.67	1.79
pity	-0.67	2.27
attention	-0.67	1.75
fetish	-0.67	2.06
disorders	-0.67	1.89
money	-0.67	1.81
rate	-0.67	1.59
implies	-0.67	1.57
disorder	-0.67	1.91
emotions	-0.67	1.83
emotional	-0.67	1.63
trolling	-0.67	2.49
chances	-0.67	1.83
too	-0.67	3.01
shocking	-0.67	2.67
creatures	-0.66	3.11
mental	-0.66	1.96
listen	-0.66	1.60
person	-0.66	2.79
from	-0.66	2.40
complain	-0.66	1.57
move	-0.66	1.98
reposted	-0.66	2.48
although	-0.66	2.91
autism	-0.66	1.87
billion	-0.66	1.58
bias	-0.66	1.47
victims	-0.65	1.23
cyrus	-0.65	1.32
colbert	-0.65	1.19
encouraged	-0.65	1.71
factors	-0.65	1.95
cut	-0.65	1.64
fast	-0.65	1.93
ad	-0.65	1.56
couldnt	-0.65	2.34
distinction	-0.65	2.16
chance	-0.65	2.07
pitch	-0.65	1.51
rap	-0.65	1.54
nsa	-0.65	1.55
awkwardness	-0.65	2.21
differences	-0.65	1.81
problems	-0.65	2.05
remotely	-0.65	1.96
treated	-0.65	1.50
continue	-0.65	2.21
metaphor	-0.65	1.64
suspicious	-0.65	1.69
anybody	-0.64	2.72
put	-0.64	2.03
lil	-0.64	1.43
wanting	-0.64	2.27
justify	-0.64	1.94
draw	-0.64	1.53
avoided	-0.64	1.66
pain	-0.64	2.04
affected	-0.64	1.55
garbage	-0.64	1.87
harmful	-0.64	1.69
insanely	-0.64	2.38
shame	-0.64	2.21
sample	-0.64	1.70
shows	-0.64	1.65
beliefs	-0.64	1.49
causing	-0.64	1.60
treat	-0.64	1.81
beck	-0.64	1.17
elaborate	-0.64	1.99
meh	-0.63	2.08
drops	-0.63	1.41
gut	-0.63	1.82
show	-0.63	1.87
witty	-0.63	2.12
watching	-0.63	2.36
plenty	-0.63	2.68
sympathy	-0.63	1.64
pointed	-0.63	2.13
realized	-0.63	2.52
recently	-0.63	2.62
admitted	-0.63	2.04
understanding	-0.63	1.82
instantly	-0.62	1.87
bragging	-0.62	1.96
gotten	-0.62	3.38
options	-0.62	1.52
examples	-0.62	1.90
illness	-0.62	1.95
slaves	-0.62	1.40
connected	-0.62	1.75
else	-0.62	2.76
combined	-0.62	1.38
somebody	-0.62	2.37
mildly	-0.62	2.38
electronic	-0.62	1.57
forcing	-0.62	1.66
paid	-0.62	1.67
confusing	-0.62	2.10
messing	-0.62	2.22
mix	-0.62	1.44
argument	-0.62	2.04
pass	-0.62	1.64
yell	-0.62	1.65
worthless	-0.62	1.63
candidate	-0.61	1.29
hearing	-0.61	1.62
race	-0.61	1.46
families	-0.61	1.44
reporter	-0.61	1.49
focusing	-0.61	1.90
features	-0.61	1.74
next	-0.61	2.63
judge	-0.61	1.83
myself	-0.61	2.52
islam	-0.61	1.37
valid	-0.61	2.25
standard	-0.61	1.49
suppose	-0.61	2.87
expressing	-0.61	1.65
latest	-0.61	1.13
impossible	-0.61	2.17
stupidity	-0.61	1.78
beats	-0.61	1.69
had	-0.61	3.60
grace	-0.61	1.23
aside	-0.61	1.64
privilege	-0.61	1.41
immediately	-0.60	2.16
happened	-0.60	3.14
parody	-0.60	1.91
detail	-0.60	1.69
tension	-0.60	1.78
topics	-0.60	1.71
hidden	-0.60	1.81
featured	-0.60	2.19
wasting	-0.60	1.53
teleprompter	-0.60	1.66
tend	-0.60	1.65
suffer	-0.60	1.86
least	-0.60	2.50
album	-0.60	1.55
christianity	-0.60	1.44
outright	-0.60	1.65
privacy	-0.60	1.80
movement	-0.59	1.32
walking	-0.59	1.78
musicians	-0.59	1.90
proven	-0.59	2.04
guarantee	-0.59	1.76
element	-0.59	1.92
cutting	-0.59	1.57
videos	-0.59	2.50
types	-0.59	2.05
wont	-0.59	2.52
capacity	-0.59	1.62
crossed	-0.59	1.55
r/theredpill	-0.59	1.81
professionals	-0.59	1.26
connect	-0.59	2.11
interviews	-0.59	1.53
call	-0.59	2.42
attempting	-0.59	2.14
subscribers	-0.58	1.41
associated	-0.58	1.43
answered	-0.58	2.05
determine	-0.58	1.96
pleasure	-0.58	1.68
comes	-0.58	1.83
posts	-0.58	2.07
motivation	-0.58	1.70
supporting	-0.58	1.42
based	-0.58	1.68
apparently	-0.58	2.31
address	-0.58	1.98
welfare	-0.58	1.40
ripping	-0.58	1.64
effort	-0.58	1.87
webcam	-0.58	1.70
responded	-0.58	1.92
commenting	-0.58	2.24
ideas	-0.58	1.54
cost	-0.58	1.76
income	-0.58	1.49
proves	-0.58	2.14
genre	-0.58	1.62
trailer	-0.58	1.78
theres	-0.58	1.76
stunt	-0.58	1.15
number	-0.58	2.12
stated	-0.58	2.04
crazy	-0.58	2.15
equal	-0.58	1.38
final	-0.58	1.24
afford	-0.57	1.85
jackass	-0.57	1.60
intended	-0.57	2.22
handled	-0.57	2.04
willing	-0.57	2.65
begging	-0.57	2.07
albums	-0.57	1.56
bridge	-0.57	1.54
metal	-0.57	1.53
mob	-0.57	1.20
netflix	-0.57	1.72
costs	-0.57	1.72
continued	-0.57	1.80
invest	-0.57	1.24
mentality	-0.57	1.56
albeit	-0.57	2.81
crying	-0.57	1.72
i.e	-0.57	1.60
believe	-0.56	2.89
generally	-0.56	2.10
employees	-0.56	1.70
fart	-0.56	1.46
interest	-0.56	1.62
maher	-0.56	1.18
bands	-0.56	1.64
idiots	-0.56	1.91
failing	-0.56	1.95
tumblr	-0.56	1.56
admit	-0.56	2.52
rather	-0.56	2.27
ability	-0.56	1.78
clarify	-0.56	2.96
society	-0.56	1.72
eminem	-0.56	1.52
works	-0.56	2.25
poorly	-0.56	1.86
spends	-0.56	2.03
kanye	-0.56	1.41
tries	-0.56	2.01
return	-0.56	1.50
given	-0.56	2.08
deeper	-0.55	1.87
reaching	-0.55	1.67
brush	-0.55	2.01
segment	-0.55	1.77
hop	-0.55	1.59
funny	-0.55	3.11
yoga	-0.55	1.58
hosts	-0.55	1.36
necessarily	-0.55	2.69
sorts	-0.55	2.01
enjoying	-0.55	1.78
severely	-0.55	1.94
reports	-0.55	1.44
gives	-0.55	1.74
gag	-0.55	1.92
doll	-0.55	1.86
throw	-0.55	1.96
quickly	-0.54	2.11
local	-0.54	1.56
business	-0.54	1.49
seem	-0.54	2.84
singer	-0.54	2.20
while	-0.54	1.73
tiny	-0.54	1.89
general	-0.54	1.74
planned	-0.54	1.76
nor	-0.54	1.70
conservatives	-0.54	1.45
skipped	-0.54	2.48
advocating	-0.54	2.04
arent	-0.54	1.75
cable	-0.54	1.42
against	-0.53	1.63
receiving	-0.53	2.04
impact	-0.53	1.68
mod	-0.53	2.07
realizing	-0.53	1.87
turning	-0.53	1.63
monkeys	-0.53	1.84
alex	-0.53	1.05
45	-0.53	1.90
pay	-0.53	1.70
adults	-0.53	1.59
r/videos	-0.53	2.24
standup	-0.53	1.73
guys	-0.53	2.41
upload	-0.53	1.72
evidence	-0.53	2.03
managed	-0.53	2.18
anyway	-0.53	3.09
reporting	-0.53	1.61
cheap	-0.53	1.66
cop	-0.53	1.58
vague	-0.52	1.84
material	-0.52	2.50
depression	-0.52	1.89
ear	-0.52	1.52
terrorists	-0.52	1.36
causes	-0.52	1.88
restricted	-0.52	2.07
dense	-0.52	1.87
top	-0.52	2.08
personal	-0.52	1.60
planet	-0.52	4.04
condition	-0.52	1.89
dvd	-0.52	1.55
questioning	-0.52	1.48
came	-0.52	2.23
times	-0.52	2.83
producer	-0.52	1.76
posting	-0.52	2.07
syndrome	-0.52	1.76
morals	-0.51	1.55
statement	-0.51	2.04
wrote	-0.51	1.45
imo	-0.51	3.06
ran	-0.51	1.73
chosen	-0.51	1.54
meaningful	-0.51	1.77
band	-0.51	1.89
cheaper	-0.51	2.01
stand-up	-0.51	1.60
assumptions	-0.51	1.70
pictures	-0.51	1.70
stomach	-0.51	1.83
form	-0.51	1.82
neither	-0.51	1.43
homophobic	-0.51	1.49
measure	-0.51	1.68
situations	-0.51	1.96
cynical	-0.51	1.82
confidence	-0.51	1.52
touch	-0.51	2.05
assumption	-0.51	1.93
ptsd	-0.51	1.81
unlikely	-0.51	1.78
pushed	-0.51	1.83
threatening	-0.51	1.59
obama	-0.51	1.26
representative	-0.51	1.41
orange	-0.50	1.59
ego	-0.50	1.43
uploaded	-0.50	2.11
protests	-0.50	1.61
known	-0.50	1.94
trashy	-0.50	2.25
genocide	-0.50	1.20
traditional	-0.50	1.49
details	-0.50	1.97
entirely	-0.50	2.01
economic	-0.50	1.45
documentary	-0.50	2.22
definitely	-0.50	2.97
ton	-0.50	2.06
both	-0.50	2.20
subs	-0.50	1.73
back	-0.50	2.16
order	-0.50	2.22
associate	-0.50	1.54
cell	-0.50	1.36
television	-0.50	1.57
sexism	-0.50	1.38
nobody	-0.50	2.78
time	-0.50	3.66
bright	-0.50	1.50
personality	-0.50	1.79
method	-0.50	1.67
public	-0.50	1.75
percentage	-0.49	1.56
letting	-0.49	2.17
entertain	-0.49	1.96
pull	-0.49	1.88
bullshit	-0.49	1.94
affect	-0.49	1.84
several	-0.49	2.82
strip	-0.49	1.42
offend	-0.49	2.47
outcome	-0.49	1.99
rent	-0.49	1.61
controversy	-0.49	1.36
feminism	-0.49	1.37
keeps	-0.49	1.50
changed	-0.49	2.38
length	-0.49	1.73
constantly	-0.49	1.84
bible	-0.49	1.40
anti	-0.49	1.51
before	-0.49	3.67
wait	-0.49	3.09
equality	-0.49	1.37
sorry	-0.49	3.86
stereotype	-0.49	1.57
political	-0.49	1.48
scenarios	-0.49	1.71
rhyme	-0.49	1.44
reading	-0.49	1.67
shown	-0.49	2.32
proving	-0.49	1.93
discussed	-0.49	2.76
therapy	-0.48	1.85
write	-0.48	1.55
spent	-0.48	2.57
damage	-0.48	1.76
considering	-0.48	2.34
dare	-0.48	2.04
satire	-0.48	2.65
playing	-0.48	1.68
argue	-0.48	3.03
slight	-0.48	1.71
somehow	-0.48	1.93
toy	-0.48	1.83
clips	-0.48	2.25
busted	-0.48	1.71
allow	-0.48	1.92
level	-0.48	1.68
posted	-0.48	2.54
handicapped	-0.48	1.96
photo	-0.48	1.61
numerous	-0.48	2.75
banned	-0.48	1.96
spend	-0.48	2.25
rights	-0.48	1.67
fool	-0.48	1.86
project	-0.48	1.47
designed	-0.48	1.78
lifestyle	-0.48	1.50
orientation	-0.48	1.59
conversations	-0.48	1.51
established	-0.47	1.92
manager	-0.47	1.58
catch	-0.47	2.35
panic	-0.47	1.80
thread	-0.47	1.93
amount	-0.47	1.79
stopping	-0.47	1.65
acceptance	-0.47	1.60
many	-0.47	2.61
avoid	-0.47	2.10
empathy	-0.47	1.99
myth	-0.47	1.70
contribute	-0.47	2.09
violent	-0.47	1.44
clever	-0.47	2.61
blatantly	-0.47	1.65
finish	-0.47	1.86
interrupt	-0.47	1.55
push	-0.47	1.74
drag	-0.47	1.53
whilst	-0.47	1.81
wouldnt	-0.47	2.23
sounded	-0.47	2.02
week	-0.47	2.99
dollars	-0.47	1.81
apply	-0.47	1.69
became	-0.47	1.85
attitude	-0.47	1.68
radio	-0.47	1.58
began	-0.47	1.71
respond	-0.47	2.31
performing	-0.47	1.69
whom	-0.47	1.52
proof	-0.47	1.95
research	-0.46	1.87
subject	-0.46	1.78
tbh	-0.46	2.63
justified	-0.46	1.96
srs	-0.46	1.66
shift	-0.46	1.77
retarded	-0.46	2.15
mainstream	-0.46	1.58
fucker	-0.46	1.75
anytime	-0.46	2.23
conan	-0.46	1.44
promoting	-0.46	1.57
hundreds	-0.46	2.28
vine	-0.46	1.66
psychological	-0.46	1.81
claims	-0.46	1.92
anyways	-0.46	1.86
sudden	-0.46	1.47
muslim	-0.46	1.61
punk	-0.46	1.56
less	-0.46	2.42
visible	-0.46	1.80
thousands	-0.46	2.23
trick	-0.45	1.64
breaks	-0.45	1.79
essentially	-0.45	1.48
ticket	-0.45	1.54
subreddits	-0.45	1.85
attract	-0.45	1.81
minimum	-0.45	1.73
normally	-0.45	2.01
merely	-0.45	1.93
putting	-0.45	2.07
millions	-0.45	1.89
reach	-0.45	1.77
till	-0.45	2.03
forms	-0.45	1.45
mouth	-0.45	1.65
writers	-0.45	1.76
fitting	-0.45	1.82
incredibly	-0.45	2.39
flipping	-0.45	1.43
bay	-0.45	1.56
sucks	-0.45	2.86
mentally	-0.45	1.86
pays	-0.45	1.65
drives	-0.45	1.29
shove	-0.45	1.69
conclusions	-0.45	1.63
discuss	-0.44	2.17
drama	-0.44	1.72
join	-0.44	1.79
includes	-0.44	1.32
carried	-0.44	1.62
sell	-0.44	1.63
expense	-0.44	1.72
kicking	-0.44	1.69
describing	-0.44	1.05
head	-0.44	1.69
hired	-0.44	1.85
raise	-0.44	1.62
burning	-0.44	1.43
harassing	-0.44	1.63
behave	-0.44	1.91
members	-0.44	1.29
slave	-0.44	1.46
zero	-0.44	1.73
instant	-0.44	1.67
profit	-0.44	1.53
sexual	-0.44	1.60
pack	-0.44	1.17
fad	-0.44	1.81
superior	-0.44	1.63
areas	-0.44	1.56
laughs	-0.44	1.71
via	-0.44	1.55
channel	-0.43	1.86
comprehend	-0.43	2.40
seriously	-0.43	3.10
protection	-0.43	1.48
bills	-0.43	1.48
by	-0.43	1.97
islamic	-0.43	1.50
viewers	-0.43	1.45
fix	-0.43	2.13
treating	-0.43	1.58
libertarians	-0.43	1.62
climate	-0.43	1.75
faster	-0.43	2.01
protected	-0.43	1.74
herself	-0.43	2.00
surface	-0.43	1.48
offense	-0.43	1.84
drake	-0.43	1.54
drum	-0.43	1.71
jobs	-0.43	1.68
politicians	-0.43	1.29
face	-0.43	1.72
aspect	-0.43	2.21
tag	-0.43	1.96
buying	-0.43	1.59
candidates	-0.42	1.53
send	-0.42	1.87
store	-0.42	1.55
up	-0.42	2.26
bombing	-0.42	1.24
opinions	-0.42	1.78
ignorance	-0.42	1.59
member	-0.42	1.32
stress	-0.42	1.78
integrity	-0.42	1.68
hand	-0.42	1.73
spending	-0.42	1.91
democrat	-0.42	1.39
cant	-0.42	2.55
jerking	-0.42	1.54
tongue	-0.42	1.70
dozen	-0.42	2.47
ratio	-0.42	1.53
perspective	-0.42	1.83
democrats	-0.42	1.45
borderline	-0.42	2.12
glad	-0.42	2.97
hopefully	-0.42	2.15
smile	-0.42	1.94
stops	-0.42	1.53
pranksters	-0.42	1.84
increase	-0.42	1.56
convention	-0.42	1.69
ignore	-0.42	2.65
connection	-0.41	1.82
surgery	-0.41	1.48
personally	-0.41	2.26
key	-0.41	1.50
found	-0.41	2.70
microsoft	-0.41	1.30
hardly	-0.41	1.89
president	-0.41	1.27
expectations	-0.41	1.54
forced	-0.41	2.14
submitted	-0.41	2.18
repost	-0.41	2.20
irrelevant	-0.41	2.12
mocking	-0.41	1.57
accident	-0.41	1.72
channels	-0.41	1.67
century	-0.41	1.67
original	-0.41	2.17
guest	-0.41	1.27
day	-0.41	3.39
wonder	-0.41	2.52
faked	-0.41	1.59
context	-0.41	2.40
isis	-0.41	1.33
remove	-0.41	1.71
scientific	-0.41	1.77
lecture	-0.41	1.60
whats	-0.41	2.41
companies	-0.40	1.48
reddit	-0.40	1.78
5th	-0.40	1.81
sold	-0.40	1.54
handle	-0.40	2.39
dolls	-0.40	1.99
potential	-0.40	1.99
nose	-0.40	1.58
narrative	-0.40	1.49
taxes	-0.40	1.58
petty	-0.40	1.78
location	-0.40	1.51
youtube	-0.40	1.89
style	-0.40	1.61
dealing	-0.40	1.88
perceived	-0.40	1.67
statements	-0.40	1.81
sales	-0.40	1.48
tsa	-0.40	1.68
strongly	-0.40	1.36
down	-0.40	1.91
avoiding	-0.40	1.77
chuckle	-0.40	2.39
media	-0.40	1.53
lights	-0.40	1.52
profile	-0.40	1.67
encourage	-0.40	1.82
successfully	-0.40	1.75
interviewers	-0.40	1.44
broad	-0.40	1.67
dipshit	-0.40	1.67
solution	-0.40	1.73
wise	-0.40	1.64
countless	-0.39	2.20
fandom	-0.39	1.74
nearly	-0.39	1.66
occurred	-0.39	2.25
libertarian	-0.39	1.41
humans	-0.39	1.90
message	-0.39	1.84
vote	-0.39	1.45
blind	-0.39	1.75
journalist	-0.39	1.53
pushing	-0.39	1.79
turns	-0.39	1.67
gay	-0.39	1.51
future	-0.39	2.04
jews	-0.39	1.10
cultural	-0.39	1.61
inch	-0.39	1.33
didnt	-0.39	2.46
particularly	-0.39	2.23
unique	-0.39	1.79
democratic	-0.39	1.38
after	-0.39	2.95
threads	-0.39	1.78
comments	-0.39	2.05
attacking	-0.39	2.14
attempted	-0.39	1.60
audience	-0.38	1.66
awhile	-0.38	3.35
qualified	-0.38	1.75
physical	-0.38	1.70
twerking	-0.38	1.53
yt	-0.38	1.78
stopped	-0.38	2.18
subscribed	-0.38	1.91
terms	-0.38	1.47
impress	-0.38	1.82
tmz	-0.38	1.51
different	-0.38	2.05
contestants	-0.38	1.55
republicans	-0.38	1.44
away	-0.38	1.86
fox	-0.38	1.53
backed	-0.38	1.74
lasted	-0.38	2.82
bullying	-0.38	2.10
politics	-0.38	1.58
upvotes	-0.38	1.65
phenomenon	-0.38	1.92
mediocre	-0.38	3.10
odds	-0.38	1.63
waited	-0.38	2.63
cnn	-0.38	1.47
depth	-0.38	1.67
terrorist	-0.38	1.27
include	-0.37	1.51
24/7	-0.37	1.67
rush	-0.37	1.28
donate	-0.37	1.85
frustrated	-0.37	3.61
douches	-0.37	1.88
festival	-0.37	1.54
reads	-0.37	1.42
dollar	-0.37	1.63
network	-0.37	1.60
owner	-0.37	1.26
who	-0.37	2.63
likes	-0.37	3.55
drawn	-0.37	1.59
experience	-0.37	1.74
gather	-0.37	1.76
forth	-0.37	1.62
book	-0.37	1.54
msnbc	-0.37	1.52
led	-0.37	1.75
amendment	-0.37	1.83
waste	-0.37	1.87
pun	-0.37	1.83
slowly	-0.37	1.74
sheer	-0.37	1.85
caused	-0.37	1.78
each	-0.36	2.24
gang	-0.36	1.56
conservative	-0.36	1.42
fail	-0.36	1.75
step	-0.36	1.77
jump	-0.36	1.78
voters	-0.36	1.52
extra	-0.36	1.75
walked	-0.36	1.80
read	-0.36	1.58
holocaust	-0.36	1.51
ways	-0.36	2.02
appear	-0.36	1.83
attraction	-0.36	1.63
basic	-0.36	1.76
news	-0.36	1.55
wing	-0.36	1.41
probable	-0.36	1.88
hitler	-0.36	1.28
hitting	-0.36	1.61
principle	-0.36	1.52
idiot	-0.36	2.25
appealing	-0.36	1.97
understandable	-0.36	2.02
fraud	-0.36	1.60
reviews	-0.36	1.50
process	-0.36	1.70
harm	-0.36	1.67
immigrants	-0.36	1.44
view	-0.35	2.09
elected	-0.35	1.22
instagram	-0.35	1.76
support	-0.35	2.00
drove	-0.35	1.75
security	-0.35	1.55
2008	-0.35	1.55
thought	-0.35	2.97
million	-0.35	1.84
conflict	-0.35	1.73
out	-0.35	2.36
homeless	-0.35	1.56
responding	-0.35	2.31
mild	-0.35	1.88
broadcast	-0.35	1.55
minute	-0.35	2.79
affects	-0.35	1.41
obesity	-0.35	1.67
stations	-0.35	1.52
imagined	-0.35	1.54
effectively	-0.35	1.79
genetic	-0.35	1.79
variety	-0.35	1.92
career	-0.35	1.79
conditions	-0.35	1.68
liberal	-0.35	1.44
blog	-0.35	1.58
comedian	-0.34	1.85
dozens	-0.34	3.13
agenda	-0.34	1.48
worker	-0.34	1.65
witness	-0.34	1.34
followers	-0.34	1.50
eyes	-0.34	1.74
riff	-0.34	1.89
board	-0.34	1.56
browsing	-0.34	1.92
desperately	-0.34	1.91
tax	-0.34	1.56
enforce	-0.34	1.82
decades	-0.34	2.37
douchebag	-0.34	1.80
discovered	-0.34	1.76
mostly	-0.34	1.66
clip	-0.34	2.55
month	-0.34	2.35
spectrum	-0.34	1.74
replied	-0.34	2.20
republican	-0.34	1.41
ignoring	-0.34	1.84
knee	-0.34	1.42
differently	-0.34	2.15
difference	-0.34	2.19
images	-0.34	1.62
staring	-0.33	1.78
lacking	-0.33	1.63
minutes	-0.33	2.77
economy	-0.33	1.49
facts	-0.33	1.95
fall	-0.33	1.80
therefore	-0.33	2.01
raising	-0.33	1.44
bbc	-0.33	1.53
tactics	-0.33	1.48
checks	-0.33	1.54
stuck	-0.33	1.95
frustration	-0.33	1.76
addiction	-0.33	1.81
create	-0.33	1.75
ears	-0.33	1.57
revenue	-0.33	1.55
duck	-0.33	1.31
attack	-0.33	1.61
claimed	-0.33	1.67
occur	-0.33	1.95
rapper	-0.33	1.76
reached	-0.33	1.83
comedians	-0.33	1.81
rolling	-0.33	1.71
violation	-0.33	1.75
thankfully	-0.32	1.96
asses	-0.32	1.78
apple	-0.32	1.53
map	-0.32	1.29
sword	-0.32	1.59
nicely	-0.32	1.80
eachother	-0.32	1.79
strict	-0.32	1.78
granted	-0.32	1.46
offered	-0.32	1.68
species	-0.32	1.79
science	-0.32	1.69
commented	-0.32	2.24
cue	-0.32	1.55
thousand	-0.32	2.01
took	-0.32	2.72
punching	-0.32	1.33
between	-0.32	1.84
one	-0.32	4.73
counts	-0.32	1.35
reporters	-0.32	1.48
drew	-0.32	1.49
signed	-0.32	1.71
cash	-0.32	1.68
facing	-0.32	1.69
advantage	-0.32	1.69
genders	-0.32	1.67
jam	-0.32	1.23
physically	-0.32	1.97
hint	-0.32	1.61
below	-0.32	1.69
iraq	-0.31	1.29
kicked	-0.31	1.78
health	-0.31	1.79
email	-0.31	1.84
perform	-0.31	1.58
friday	-0.31	2.11
historical	-0.31	1.67
bucks	-0.31	2.07
feminist	-0.31	1.36
twitter	-0.31	1.73
knowledge	-0.31	1.69
exclusive	-0.31	1.87
nerdy	-0.31	2.44
collection	-0.31	1.50
flight	-0.31	1.44
suspect	-0.31	1.79
heavily	-0.31	1.69
pool	-0.31	1.44
their	-0.31	1.77
moral	-0.31	1.94
mess	-0.31	1.81
performers	-0.31	1.88
possibility	-0.31	1.67
bleeding	-0.31	1.60
flash	-0.31	1.48
user	-0.31	1.80
nancy	-0.31	1.18
appeal	-0.31	1.61
information	-0.31	1.83
becomes	-0.31	2.04
moments	-0.31	3.07
station	-0.31	1.58
ridicule	-0.31	1.62
miley	-0.31	1.40
closer	-0.31	1.72
laughter	-0.31	1.80
pause	-0.31	1.77
criticism	-0.31	1.36
anchors	-0.31	1.47
party	-0.30	1.40
example	-0.30	1.81
kinds	-0.30	2.00
forum	-0.30	1.81
intense	-0.30	2.29
books	-0.30	1.54
speaker	-0.30	1.62
grasp	-0.30	2.05
insurance	-0.30	1.63
statistics	-0.30	1.49
pics	-0.30	1.66
across	-0.30	1.96
pulling	-0.30	1.62
battles	-0.30	1.47
except	-0.30	2.39
further	-0.30	1.84
represents	-0.30	1.23
scumbag	-0.30	1.67
finding	-0.30	1.87
territory	-0.30	2.00
okay	-0.30	3.87
votes	-0.30	1.55
property	-0.30	1.66
sociopath	-0.30	1.95
concern	-0.30	1.76
interests	-0.30	1.67
hanging	-0.30	1.54
facebook	-0.30	1.77
urban	-0.30	1.39
hardcore	-0.29	1.30
deleted	-0.29	2.01
trap	-0.29	1.53
crimes	-0.29	1.46
goes	-0.29	1.95
mentioned	-0.29	2.88
scenario	-0.29	2.09
larger	-0.29	1.83
last	-0.29	3.30
crash	-0.29	1.56
fear	-0.29	1.72
needed	-0.29	2.03
awkwardly	-0.29	1.63
commit	-0.29	1.52
visit	-0.29	1.93
suddenly	-0.29	1.83
humanity	-0.29	1.62
cameraman	-0.29	1.29
advocate	-0.29	1.37
credits	-0.29	1.45
plug	-0.29	1.54
cases	-0.29	1.76
published	-0.29	1.56
potentially	-0.29	1.79
exception	-0.29	1.95
usual	-0.29	1.66
propaganda	-0.29	1.62
voting	-0.29	1.55
alot	-0.29	1.95
labor	-0.29	1.80
punishment	-0.29	1.76
position	-0.29	1.95
addressing	-0.29	2.21
keys	-0.29	1.46
over	-0.29	1.96
persons	-0.29	1.53
accidentally	-0.29	1.70
height	-0.29	1.54
replying	-0.29	2.64
per	-0.29	1.77
owning	-0.29	1.42
hour	-0.29	2.55
monitor	-0.29	1.58
shaking	-0.29	1.63
morning	-0.29	2.01
session	-0.29	1.65
due	-0.29	1.71
hours	-0.29	2.58
violated	-0.29	2.02
mentions	-0.28	1.66
musical	-0.28	1.95
section	-0.28	1.87
victim	-0.28	1.37
quite	-0.28	2.81
hook	-0.28	1.55
quit	-0.28	1.75
programming	-0.28	1.29
identity	-0.28	1.59
scientist	-0.28	1.66
earlier	-0.28	2.99
spread	-0.28	1.63
freshman	-0.28	1.51
grow	-0.28	1.97
admitting	-0.28	1.65
share	-0.28	1.78
upvoted	-0.28	2.06
sadly	-0.28	2.11
greater	-0.28	1.71
beat	-0.28	1.80
chest	-0.28	1.60
days	-0.28	2.51
part	-0.28	4.34
post	-0.28	2.15
pua	-0.28	1.75
analogy	-0.28	1.77
thrown	-0.28	1.71
arbitrary	-0.28	1.90
grounds	-0.28	1.82
stewart	-0.28	1.13
dressing	-0.28	1.56
stories	-0.28	1.73
since	-0.28	3.07
months	-0.28	2.58
education	-0.28	1.51
contrary	-0.27	1.56
policies	-0.27	1.54
grocery	-0.27	1.57
alternative	-0.27	1.71
traits	-0.27	1.75
billions	-0.27	1.71
happiness	-0.27	2.05
evolved	-0.27	1.84
ages	-0.27	1.63
reflect	-0.27	1.73
episodes	-0.27	2.46
financial	-0.27	1.65
bigger	-0.27	2.21
experiment	-0.27	2.13
humour	-0.27	1.76
achieve	-0.27	1.73
randomly	-0.27	1.66
fashion	-0.27	1.73
receive	-0.27	1.76
interactions	-0.27	1.75
without	-0.27	1.87
equally	-0.27	1.79
hits	-0.27	1.49
investment	-0.27	1.60
corrupt	-0.27	1.70
subjective	-0.27	2.40
restaurants	-0.27	1.63
4th	-0.27	2.12
crime	-0.27	1.50
intelligence	-0.27	1.55
twitch	-0.27	1.66
individual	-0.27	2.00
big	-0.27	2.01
horny	-0.27	1.88
association	-0.26	1.61
blah	-0.26	1.58
subjects	-0.26	1.51
viewed	-0.26	1.83
shop	-0.26	1.54
limits	-0.26	1.67
unnecessary	-0.26	1.75
trend	-0.26	1.72
gender	-0.26	1.50
leading	-0.26	1.56
brag	-0.26	2.22
latter	-0.26	1.79
above	-0.26	1.86
hunting	-0.26	1.65
often	-0.26	2.01
cheating	-0.26	1.53
choices	-0.26	1.70
analysis	-0.26	1.82
min	-0.26	2.51
atheist	-0.26	1.35
treatment	-0.25	1.63
data	-0.25	1.73
determined	-0.25	1.70
cents	-0.25	2.04
typically	-0.25	1.51
committed	-0.25	1.56
searching	-0.25	1.75
device	-0.25	1.48
ups	-0.25	1.44
special	-0.25	1.59
africa	-0.25	1.53
released	-0.25	1.68
solely	-0.25	1.60
compared	-0.25	1.99
brains	-0.25	1.71
intent	-0.25	1.62
samsung	-0.25	1.52
consequences	-0.25	1.70
expert	-0.25	1.71
running	-0.25	1.83
existed	-0.25	2.97
guaranteed	-0.25	1.65
dig	-0.25	2.13
sleep	-0.25	1.97
911	-0.25	1.75
isnt	-0.25	2.37
politely	-0.25	1.91
destroying	-0.25	1.32
checkpoint	-0.25	1.73
brony	-0.25	1.64
shopping	-0.25	1.71
shooting	-0.24	1.82
violence	-0.24	1.49
loads	-0.24	1.67
weeks	-0.24	2.67
links	-0.24	1.95
express	-0.24	1.94
violently	-0.24	1.66
m	-0.24	3.09
movies	-0.24	1.59
10,000	-0.24	1.96
nights	-0.24	2.44
lying	-0.24	2.50
shaming	-0.24	1.70
among	-0.24	1.71
comics	-0.24	1.71
ruined	-0.24	1.64
roles	-0.24	1.50
portion	-0.24	2.13
thinks	-0.24	3.51
consistently	-0.24	1.54
improve	-0.24	1.75
popped	-0.24	1.83
committing	-0.24	1.50
canadians	-0.24	1.23
routine	-0.24	1.37
nature	-0.24	1.74
healthcare	-0.24	1.64
increased	-0.24	1.53
senator	-0.23	1.51
finished	-0.23	1.56
criticizing	-0.23	1.55
95	-0.23	1.95
fits	-0.23	1.50
claiming	-0.23	1.65
theory	-0.23	1.79
freedom	-0.23	1.73
forward	-0.23	1.70
responsible	-0.23	1.48
offering	-0.23	1.76
pride	-0.23	1.38
prostitute	-0.23	1.62
coverage	-0.23	1.70
reputation	-0.23	1.27
slavery	-0.23	1.41
500	-0.23	1.85
possible	-0.23	4.34
0	-0.23	1.60
relations	-0.23	1.57
pulled	-0.23	1.72
nut	-0.23	1.59
doesnt	-0.23	2.38
opportunities	-0.23	1.52
traffic	-0.23	1.63
ago	-0.23	2.63
cracking	-0.23	1.65
tagged	-0.23	1.85
tone	-0.23	1.89
steps	-0.23	1.77
smiling	-0.23	1.86
furry	-0.23	1.68
drop	-0.22	1.67
rhymes	-0.22	1.62
lazy	-0.22	1.99
bottom	-0.22	1.59
searched	-0.22	1.73
open	-0.22	1.75
bet	-0.22	2.90
meanwhile	-0.22	1.82
decade	-0.22	1.67
site	-0.22	1.73
deserved	-0.22	1.87
opportunity	-0.22	1.83
drive	-0.22	1.60
hip	-0.22	1.70
department	-0.22	1.77
stage	-0.22	1.68
stream	-0.22	1.60
disabled	-0.22	1.77
success	-0.22	1.58
sale	-0.22	1.51
heads	-0.22	1.68
services	-0.22	1.68
circle	-0.22	1.51
account	-0.21	1.84
specific	-0.21	1.96
aid	-0.21	1.61
enforcement	-0.21	1.61
pic	-0.21	1.80
businesses	-0.21	1.59
walmart	-0.21	1.58
engineer	-0.21	1.50
hundred	-0.21	2.28
mins	-0.21	2.47
circles	-0.21	1.58
breakdown	-0.21	1.61
purely	-0.21	1.84
realise	-0.21	2.79
positions	-0.21	1.49
twice	-0.21	2.59
drawing	-0.21	1.60
escape	-0.21	2.16
wrap	-0.21	1.64
unbearable	-0.21	2.20
aspects	-0.21	1.41
route	-0.21	1.81
rappers	-0.21	1.63
subscribe	-0.21	1.94
guitarist	-0.21	2.18
earn	-0.21	1.76
seeking	-0.21	1.60
fishing	-0.21	1.08
contestant	-0.21	1.67
parties	-0.21	1.50
purchase	-0.20	1.55
large	-0.20	1.91
concerts	-0.20	1.46
drummer	-0.20	2.12
100	-0.20	1.85
own	-0.20	1.67
legally	-0.20	1.82
extremely	-0.20	2.20
applies	-0.20	1.54
curiosity	-0.20	1.85
followed	-0.20	1.59
population	-0.20	2.32
credit	-0.20	1.48
expected	-0.20	2.09
kimmel	-0.20	1.32
phase	-0.20	1.61
page	-0.20	1.88
identical	-0.20	1.47
realizes	-0.20	1.91
separate	-0.20	1.93
eye	-0.20	1.63
mile	-0.20	1.65
1	-0.20	1.90
election	-0.20	1.46
patriarchy	-0.20	1.41
thoughts	-0.20	1.69
loaded	-0.20	1.42
promote	-0.20	1.70
left	-0.20	1.84
offer	-0.20	1.70
opposed	-0.20	1.78
toys	-0.20	1.73
sites	-0.20	1.70
impression	-0.20	1.80
believes	-0.20	3.50
flip	-0.20	1.76
deliberately	-0.20	1.96
yesterday	-0.20	2.22
fascinating	-0.19	3.65
video	-0.19	2.94
teenage	-0.19	1.54
harassment	-0.19	1.63
stance	-0.19	1.83
joined	-0.19	1.71
murder	-0.19	1.46
decided	-0.19	2.32
elsewhere	-0.19	2.17
feeding	-0.19	1.57
douche	-0.19	2.00
furthermore	-0.19	1.56
alone	-0.19	2.10
blatant	-0.19	1.70
private	-0.19	1.62
hurting	-0.19	1.80
removing	-0.19	1.68
linked	-0.19	1.96
conclusion	-0.19	1.91
viral	-0.19	1.65
publicly	-0.19	1.78
slightly	-0.19	2.36
logical	-0.19	1.65
around	-0.19	1.90
seconds	-0.19	2.51
slide	-0.19	1.48
report	-0.19	1.57
punch	-0.19	1.68
opposing	-0.19	1.62
tree	-0.19	1.43
past	-0.19	3.15
trial	-0.19	1.44
thing	-0.19	4.59
mixing	-0.18	1.59
center	-0.18	1.49
delete	-0.18	2.03
creationist	-0.18	1.64
generalization	-0.18	1.95
theme	-0.18	1.57
products	-0.18	1.51
faces	-0.18	1.62
nyc	-0.18	1.49
search	-0.18	1.77
charged	-0.18	1.57
repeatedly	-0.18	1.81
originally	-0.18	2.06
required	-0.18	1.60
prevent	-0.18	1.51
rape	-0.18	1.48
provided	-0.18	1.81
attached	-0.18	1.52
complaining	-0.18	1.54
prepared	-0.18	1.93
percent	-0.18	1.75
women	-0.18	1.50
neck	-0.18	1.55
discussing	-0.18	2.03
wallet	-0.18	1.68
years	-0.18	2.36
tab	-0.18	1.95
kids	-0.18	1.75
grabbing	-0.18	1.54
vids	-0.18	1.90
peoples	-0.18	1.65
night	-0.18	2.21
brain	-0.18	1.56
government	-0.18	1.62
airport	-0.18	1.60
keyboard	-0.17	1.44
bottle	-0.17	1.59
articles	-0.17	1.66
falling	-0.17	1.59
practice	-0.17	1.51
vehicle	-0.17	1.66
staged	-0.17	2.56
nowhere	-0.17	1.61
suspicion	-0.17	1.70
moved	-0.17	1.91
liar	-0.17	1.60
butthole	-0.17	1.66
overly	-0.17	1.95
vs	-0.17	1.25
evolution	-0.17	1.73
challenged	-0.17	1.48
writes	-0.17	1.58
vid	-0.17	2.19
testing	-0.17	1.65
criminal	-0.17	1.56
ultimately	-0.17	1.69
legitimately	-0.17	2.54
suffering	-0.17	1.87
police	-0.17	1.70
clubs	-0.17	1.47
challenge	-0.17	1.42
tickets	-0.17	1.53
popularity	-0.17	1.60
creative	-0.17	1.98
warrant	-0.17	1.75
spray	-0.17	1.52
author	-0.17	1.51
former	-0.17	1.48
professor	-0.17	1.54
passing	-0.17	1.61
phony	-0.17	1.79
cared	-0.16	1.97
israel	-0.16	1.21
paper	-0.16	1.56
governments	-0.16	1.52
besides	-0.16	1.73
id	-0.16	1.67
2013	-0.16	1.67
selling	-0.16	1.58
bite	-0.16	1.67
six	-0.16	2.57
lift	-0.16	1.82
critical	-0.16	1.65
voted	-0.16	1.53
touching	-0.16	1.69
consider	-0.16	2.42
katy	-0.16	1.25
story	-0.16	2.48
long	-0.16	3.05
r/rage	-0.16	2.58
7	-0.16	2.36
portrayed	-0.16	1.57
looked	-0.16	2.28
injury	-0.16	1.64
results	-0.16	1.67
demand	-0.16	1.59
burn	-0.16	1.53
morons	-0.16	1.80
benefit	-0.16	1.66
scare	-0.16	1.76
minds	-0.15	1.63
round	-0.15	1.36
houses	-0.15	1.58
struggling	-0.15	2.14
largely	-0.15	1.63
kiss	-0.15	1.77
emotion	-0.15	2.08
teenager	-0.15	1.52
finds	-0.15	2.09
organization	-0.15	1.45
users	-0.15	1.68
strikes	-0.15	1.50
feedback	-0.15	1.34
five	-0.15	2.61
pile	-0.15	1.51
driven	-0.15	2.45
wasted	-0.15	2.28
horror	-0.15	1.55
jury	-0.15	1.48
stores	-0.15	1.57
communities	-0.15	1.57
alert	-0.15	1.60
perception	-0.15	1.61
homosexuality	-0.15	1.46
caught	-0.15	1.88
program	-0.15	1.54
lately	-0.15	2.20
diversity	-0.15	1.53
goal	-0.15	1.88
sea	-0.15	1.53
joy	-0.15	2.00
headphones	-0.15	1.53
whenever	-0.14	2.02
experiences	-0.14	1.75
minded	-0.14	1.84
under	-0.14	1.81
vacation	-0.14	1.96
threat	-0.14	1.54
degree	-0.14	1.57
99	-0.14	1.53
promise	-0.14	2.08
pr	-0.14	1.54
throwing	-0.14	1.80
artists	-0.14	1.90
driver	-0.14	1.55
appears	-0.14	1.90
officer	-0.14	1.70
jumped	-0.14	1.67
host	-0.14	1.68
masturbate	-0.14	1.98
twenty	-0.14	2.56
useful	-0.14	2.07
seasons	-0.14	2.46
thermodynamics	-0.14	1.80
discrimination	-0.14	1.54
object	-0.14	1.39
skate	-0.14	1.48
artistic	-0.14	1.76
theories	-0.14	1.70
charge	-0.14	1.57
referencing	-0.14	2.23
warning	-0.14	1.57
anchor	-0.14	1.52
regardless	-0.14	2.26
inches	-0.14	2.05
suggests	-0.14	1.81
space	-0.14	1.60
college	-0.14	1.56
occasionally	-0.13	1.71
told	-0.13	2.32
nerds	-0.13	1.90
apologized	-0.13	2.10
pressed	-0.13	1.80
shitting	-0.13	1.60
nsfw	-0.13	1.74
norm	-0.13	1.45
copy	-0.13	1.58
pyramid	-0.13	1.73
effect	-0.13	1.86
blow	-0.13	1.74
scam	-0.13	1.87
walks	-0.13	1.54
brand	-0.13	1.50
communication	-0.13	1.58
conversation	-0.13	1.87
national	-0.13	1.48
focus	-0.13	1.68
window	-0.13	1.78
acceptable	-0.13	1.78
sending	-0.13	1.61
brings	-0.13	1.67
assure	-0.13	2.05
domestic	-0.13	1.52
campaign	-0.13	1.46
artist	-0.13	1.98
smaller	-0.13	1.93
driving	-0.13	1.57
aired	-0.13	2.14
talked	-0.13	3.01
screwed	-0.13	2.07
sets	-0.13	1.56
role	-0.13	1.68
messages	-0.13	1.65
display	-0.13	1.61
fame	-0.12	1.52
manage	-0.12	1.87
parking	-0.12	1.62
jumping	-0.12	1.64
colour	-0.12	1.52
primary	-0.12	1.67
within	-0.12	2.42
harass	-0.12	1.42
gravity	-0.12	1.80
stem	-0.12	1.58
human	-0.12	1.93
nails	-0.12	1.19
musician	-0.12	1.92
bought	-0.12	1.55
behind	-0.12	1.68
major	-0.12	2.04
fallacy	-0.12	1.94
anarchy	-0.12	1.56
spin	-0.12	1.62
embarrass	-0.12	2.00
burst	-0.12	1.67
miles	-0.12	1.96
decides	-0.12	1.83
activities	-0.12	1.64
few	-0.12	2.85
stars	-0.12	1.62
depending	-0.12	1.61
pole	-0.12	1.54
fell	-0.12	1.67
seven	-0.12	2.46
punches	-0.12	1.60
choke	-0.12	1.34
request	-0.12	1.62
life	-0.11	3.48
picture	-0.11	1.39
abuse	-0.11	1.55
150	-0.11	1.93
failure	-0.11	1.68
truth	-0.11	2.01
presented	-0.11	1.70
planning	-0.11	1.61
rolled	-0.11	1.65
logo	-0.11	1.58
2009	-0.11	1.79
revealed	-0.11	1.62
hide	-0.11	1.98
3	-0.11	2.56
significant	-0.11	1.86
threaten	-0.11	1.52
staff	-0.11	1.43
assuming	-0.11	3.24
regard	-0.11	1.69
attacks	-0.11	1.60
street	-0.11	1.65
noticed	-0.11	3.28
grade	-0.11	1.65
offers	-0.11	1.55
e.g	-0.11	1.45
small	-0.11	1.80
drunk	-0.11	2.05
onto	-0.11	1.72
naturally	-0.11	1.51
advance	-0.11	1.51
belief	-0.10	1.55
guy	-0.10	2.58
laws	-0.10	1.69
advanced	-0.10	1.55
lean	-0.10	1.56
fight	-0.10	1.53
empty	-0.10	1.64
management	-0.10	1.72
visual	-0.10	1.57
front	-0.10	1.61
creationists	-0.10	1.57
mall	-0.10	1.58
awareness	-0.10	1.78
boat	-0.10	1.49
lack	-0.10	1.68
owners	-0.10	1.45
aim	-0.10	1.69
invite	-0.10	1.33
permission	-0.10	1.67
replace	-0.10	1.53
threatened	-0.10	1.73
hers	-0.10	1.54
pat	-0.10	1.54
activity	-0.10	1.58
programs	-0.10	1.52
system	-0.10	1.78
developed	-0.10	1.66
bike	-0.10	1.63
rub	-0.10	1.71
perfect	-0.10	2.17
straight	-0.10	2.05
blocked	-0.10	1.71
sorta	-0.10	2.28
lips	-0.10	1.64
walk	-0.10	1.81
structure	-0.10	1.51
ground	-0.10	1.69
wealth	-0.10	1.37
closed	-0.10	1.73
arrested	-0.10	1.62
delusional	-0.10	1.91
formal	-0.09	1.24
placed	-0.09	1.59
math	-0.09	1.61
masturbating	-0.09	1.78
streets	-0.09	1.60
policy	-0.09	1.63
signs	-0.09	1.66
biology	-0.09	1.59
cars	-0.09	1.56
burr	-0.09	0.96
second	-0.09	2.81
stolen	-0.09	1.50
block	-0.09	1.54
favor	-0.09	1.60
vegans	-0.09	1.31
protecting	-0.09	1.90
pretended	-0.09	1.59
represent	-0.09	1.27
primarily	-0.09	1.55
risk	-0.09	1.60
progressive	-0.09	1.45
blackface	-0.09	1.56
image	-0.09	1.63
plant	-0.09	1.56
reveal	-0.09	1.62
teaches	-0.09	1.48
objects	-0.09	1.57
clicked	-0.09	2.07
mannerisms	-0.09	1.72
exists	-0.09	1.59
distance	-0.09	1.72
roughly	-0.09	2.36
theft	-0.09	1.52
digital	-0.09	1.55
politician	-0.08	1.48
5	-0.08	2.59
comedy	-0.08	1.87
vast	-0.08	1.31
slip	-0.08	1.91
walls	-0.08	1.57
hit	-0.08	1.66
sentiment	-0.08	1.80
wind	-0.08	1.52
inner	-0.08	1.64
cooler	-0.08	1.99
automatically	-0.08	1.67
target	-0.08	1.56
balance	-0.08	1.69
naive	-0.08	1.93
become	-0.08	2.01
aggression	-0.08	1.53
picked	-0.08	1.68
immediate	-0.08	1.57
witnessed	-0.08	3.91
full	-0.08	2.63
wage	-0.08	1.62
sweden	-0.08	1.47
checking	-0.08	1.63
flat	-0.08	1.69
west	-0.08	1.45
pizza	-0.08	1.57
ten	-0.08	2.48
korea	-0.08	1.47
agreement	-0.08	1.55
doors	-0.08	1.68
runs	-0.08	1.41
hypocrite	-0.07	2.13
service	-0.07	1.51
kissing	-0.07	1.85
sent	-0.07	1.73
student	-0.07	1.53
received	-0.07	2.48
chat	-0.07	1.61
campus	-0.07	1.67
charges	-0.07	1.51
kissed	-0.07	1.79
sunday	-0.07	1.88
corner	-0.07	1.59
says	-0.07	2.06
common	-0.07	1.72
poster	-0.07	1.90
popular	-0.07	1.84
tears	-0.07	1.69
wide	-0.07	1.64
30	-0.07	2.41
fist	-0.07	1.57
fly	-0.07	1.58
trolls	-0.07	1.53
bitcoin	-0.07	1.64
bronies	-0.07	1.73
feet	-0.07	1.87
religions	-0.07	1.47
negative	-0.07	1.51
whereas	-0.07	1.52
bank	-0.06	1.68
parts	-0.06	2.28
silent	-0.06	1.71
regards	-0.06	1.40
cap	-0.06	1.49
4	-0.06	2.52
very	-0.06	2.48
arm	-0.06	1.58
item	-0.06	1.56
mode	-0.06	1.66
wipe	-0.06	1.60
plants	-0.06	1.58
6	-0.06	2.53
studied	-0.06	1.63
ban	-0.06	1.82
officers	-0.06	1.63
viewer	-0.06	1.50
18	-0.06	1.99
meeting	-0.06	1.56
picking	-0.06	1.62
aggressive	-0.06	1.89
wall	-0.06	1.62
identify	-0.06	2.00
later	-0.06	2.96
build	-0.06	1.62
belly	-0.06	1.59
stays	-0.06	1.49
mechanism	-0.06	2.07
today	-0.06	2.21
everytime	-0.05	1.77
touched	-0.05	3.14
arrest	-0.05	1.65
medicine	-0.05	1.70
teenagers	-0.05	1.61
bash	-0.05	1.76
court	-0.05	1.46
comment	-0.05	2.10
coffee	-0.05	1.55
pick	-0.05	1.59
previous	-0.05	1.98
encounter	-0.05	2.19
cultures	-0.05	1.73
indeed	-0.05	2.31
fighter	-0.05	1.53
decent	-0.05	3.34
celebrities	-0.05	1.57
demographic	-0.05	1.56
constant	-0.05	1.62
russia	-0.05	1.63
university	-0.05	1.57
forces	-0.04	1.35
figures	-0.04	1.81
waving	-0.04	1.59
papers	-0.04	1.65
youtubers	-0.04	1.79
9	-0.04	2.46
performer	-0.04	2.06
survive	-0.04	1.72
sovereign	-0.04	1.59
puts	-0.04	1.59
8	-0.04	2.42
wealthy	-0.04	1.76
shut	-0.04	1.98
laptop	-0.04	1.65
upper	-0.04	1.43
prize	-0.04	1.58
limit	-0.04	1.65
philosophy	-0.04	1.58
switch	-0.04	1.60
sick	-0.04	3.23
deserve	-0.04	1.94
universal	-0.04	1.71
needs	-0.04	2.18
someday	-0.04	2.11
stronger	-0.04	1.94
mass	-0.04	1.29
battery	-0.04	1.58
judges	-0.04	1.54
cried	-0.04	1.85
knees	-0.04	1.35
physics	-0.04	1.60
three	-0.04	2.87
law	-0.04	1.62
sign	-0.04	1.64
jail	-0.04	1.59
truck	-0.04	1.50
citizens	-0.04	1.69
despite	-0.03	1.80
responsibility	-0.03	1.45
places	-0.03	2.07
class	-0.03	1.57
explained	-0.03	2.16
harassed	-0.03	1.60
involves	-0.03	1.43
land	-0.03	1.83
wants	-0.03	2.38
hire	-0.03	1.83
irony	-0.03	1.93
license	-0.03	1.59
during	-0.03	2.61
underwear	-0.03	1.64
communicate	-0.03	2.34
senior	-0.03	1.60
road	-0.03	1.63
buzzfeed	-0.03	1.81
held	-0.03	1.81
attend	-0.03	1.49
contact	-0.03	1.83
pocket	-0.03	1.62
switched	-0.03	1.81
middle	-0.03	1.58
border	-0.03	1.63
couple	-0.03	2.84
cycle	-0.03	1.45
minor	-0.03	1.93
honor	-0.03	1.31
ship	-0.03	1.59
emergency	-0.02	1.86
study	-0.02	1.62
ford	-0.02	1.40
setup	-0.02	1.82
raping	-0.02	1.60
bucket	-0.02	1.45
hopes	-0.02	1.68
earned	-0.02	1.68
warrior	-0.02	1.64
denied	-0.02	1.65
actively	-0.02	1.68
platform	-0.02	1.59
score	-0.02	1.59
exposed	-0.02	1.61
75	-0.02	1.61
downvoting	-0.02	2.41
india	-0.02	1.49
patrick	-0.02	1.61
button	-0.02	1.69
supply	-0.02	1.69
club	-0.02	1.50
marriage	-0.02	1.39
requires	-0.02	1.58
hats	-0.02	1.69
series	-0.02	1.97
range	-0.02	1.58
opens	-0.02	1.60
relative	-0.01	1.76
70	-0.01	1.80
behalf	-0.01	1.46
cooper	-0.01	1.15
secondly	-0.01	1.73
contract	-0.01	1.68
approached	-0.01	2.62
nowadays	-0.01	1.45
trash	-0.01	1.70
war	-0.01	1.44
hall	-0.01	1.63
agreeing	-0.01	2.60
phd	-0.01	1.55
load	-0.01	1.70
viewing	-0.01	1.68
creating	-0.01	1.54
unhealthy	-0.01	1.63
justice	-0.01	1.53
writer	-0.01	1.80
piss	-0.01	1.79
wreck	-0.01	1.64
school	-0.01	1.60
gangster	-0.01	1.56
release	-0.01	2.01
strictly	-0.01	1.87
car	-0.01	1.60
notion	-0.01	1.61
bags	-0.01	1.79
creepy	-0.01	3.77
20	-0.01	2.19
provide	-0.00	1.89
rhetoric	-0.00	1.46
wheel	-0.00	1.62
great	-0.00	2.64
limited	-0.00	1.77
bound	-0.00	1.83
struggle	-0.00	1.72
resist	-0.00	1.80
obscure	-0.00	1.71
ahead	-0.00	2.13
guard	-0.00	1.57
patience	-0.00	1.78
busy	-0.00	1.88
bomb	0.00	1.45
2	0.00	2.66
psychology	0.00	1.59
devil	0.00	1.12
blew	0.00	1.72
door	0.00	1.67
2011	0.00	1.78
highly	0.00	1.73
jimmy	0.00	1.11
torture	0.00	1.57
reported	0.00	1.61
light	0.00	1.53
dies	0.00	1.59
employee	0.01	1.61
injured	0.01	1.76
opened	0.01	1.71
40	0.01	2.13
blood	0.01	1.51
african	0.01	1.42
bs	0.01	1.22
deals	0.01	1.60
paint	0.01	1.49
regret	0.01	1.83
listening	0.01	1.69
24	0.01	1.89
emotionally	0.01	2.05
period	0.01	2.36
debt	0.01	1.72
drug	0.01	1.62
checked	0.01	1.84
woke	0.01	1.84
ended	0.01	1.70
10	0.01	2.38
island	0.01	1.64
sole	0.01	1.63
foot	0.01	1.66
satirical	0.01	2.04
biased	0.01	1.84
greg	0.01	1.43
accents	0.01	1.60
ride	0.01	1.70
row	0.01	1.70
knife	0.01	1.58
credibility	0.01	1.79
arms	0.01	1.59
bars	0.01	1.51
serve	0.01	1.57
dildo	0.01	1.59
starting	0.01	2.16
daily	0.01	1.45
date	0.01	1.83
schools	0.02	1.58
holding	0.02	1.70
congratulations	0.02	3.20
presenting	0.02	1.61
studying	0.02	1.64
dr	0.02	1.49
london	0.02	1.65
60	0.02	2.09
hell	0.02	3.00
bar	0.02	1.51
benefits	0.02	1.66
shock	0.02	1.73
beforehand	0.02	1.80
average	0.02	1.59
hack	0.02	1.70
international	0.02	1.67
plastic	0.02	1.57
recommend	0.02	1.89
factory	0.02	1.48
print	0.02	1.62
agency	0.02	1.57
hug	0.02	1.86
transition	0.02	1.62
church	0.02	1.39
website	0.02	1.70
stone	0.02	1.48
seek	0.02	1.73
into	0.02	1.72
reply	0.02	2.24
iirc	0.02	1.63
christian	0.02	1.67
freaked	0.02	2.02
tech	0.02	1.39
glasses	0.02	1.71
kick	0.02	1.65
cover	0.02	1.42
france	0.02	1.61
frame	0.02	1.61
replaced	0.02	1.67
surrounding	0.02	1.66
sarcasm	0.03	2.44
stroke	0.03	1.65
journalism	0.03	1.71
robbed	0.03	1.64
loses	0.03	1.23
rolls	0.03	1.65
scum	0.03	1.54
degrees	0.03	1.58
naked	0.03	1.65
creates	0.03	1.55
aged	0.03	1.73
four	0.03	2.92
growing	0.03	1.73
participate	0.03	1.69
count	0.03	2.03
venue	0.03	1.47
area	0.03	1.68
win	0.03	1.61
plan	0.03	1.71
hang	0.03	2.07
screen	0.03	1.57
shake	0.03	1.66
2000	0.03	1.65
systems	0.03	1.66
throws	0.03	1.60
90	0.03	1.74
fighting	0.04	1.57
300	0.04	1.71
dj	0.04	1.72
winner	0.04	1.50
update	0.04	1.65
teeth	0.04	1.50
outfit	0.04	1.72
takes	0.04	1.75
customers	0.04	1.58
ever	0.04	5.00
asleep	0.04	1.86
result	0.04	1.65
detained	0.04	1.86
speaking	0.04	1.80
conference	0.04	1.52
conduct	0.04	1.54
lay	0.04	1.58
holds	0.04	1.84
fourth	0.04	1.82
our	0.04	2.27
central	0.04	1.58
fights	0.04	1.55
heavy	0.04	1.52
engage	0.04	1.63
saw	0.04	2.63
gross	0.04	2.12
plane	0.04	1.59
current	0.04	1.66
culture	0.04	1.48
through	0.04	2.38
remembered	0.04	1.80
collective	0.05	1.29
click	0.05	1.76
illegal	0.05	1.91
trouble	0.05	1.84
suggest	0.05	1.79
authority	0.05	1.72
thumb	0.05	1.80
discussion	0.05	1.90
previously	0.05	1.99
engineering	0.05	1.59
romantic	0.05	1.55
provides	0.05	1.45
year	0.05	2.16
meta	0.05	1.94
link	0.05	2.08
australia	0.05	1.63
moving	0.05	1.90
stole	0.05	1.29
hands	0.05	1.51
80	0.05	1.68
25	0.05	2.03
root	0.05	1.93
alien	0.05	1.45
wasnt	0.05	2.07
rejected	0.05	1.62
phones	0.05	1.60
listened	0.05	2.81
quick	0.05	2.11
3rd	0.05	2.10
asia	0.05	1.63
weak	0.06	2.19
generations	0.06	1.71
comprehension	0.06	1.78
neighborhood	0.06	1.61
changes	0.06	1.68
download	0.06	1.73
resort	0.06	1.65
couch	0.06	1.57
highschool	0.06	1.60
deserves	0.06	1.80
scotland	0.06	1.74
dudes	0.06	2.08
ugh	0.06	2.68
interpretation	0.06	1.88
protesting	0.06	1.57
debate	0.06	1.56
15	0.06	2.14
slapped	0.06	1.57
accept	0.06	1.89
sex	0.06	1.67
classes	0.06	1.56
test	0.06	1.70
sean	0.06	1.17
teen	0.06	1.62
civilian	0.06	1.45
35	0.06	1.92
assumed	0.06	2.33
debates	0.06	1.80
observation	0.06	1.76
piece	0.06	1.80
east	0.06	1.82
listed	0.07	1.89
event	0.07	1.86
suggested	0.07	2.27
snl	0.07	1.43
phone	0.07	1.62
marry	0.07	1.64
lock	0.07	1.66
shoulder	0.07	1.58
belt	0.07	1.50
costume	0.07	1.61
faced	0.07	1.97
exclusively	0.07	1.49
dick	0.07	1.67
learning	0.07	1.87
gig	0.07	1.58
flipped	0.07	1.64
cult	0.07	1.43
invented	0.07	1.62
regarding	0.07	1.57
dresses	0.07	1.44
finger	0.07	1.61
pockets	0.07	1.59
forever	0.07	2.42
ceo	0.07	1.43
incident	0.07	1.95
realistic	0.07	2.26
counting	0.07	1.59
sat	0.07	1.72
cocaine	0.08	1.55
battle	0.08	1.42
dry	0.08	1.58
most	0.08	4.57
punched	0.08	1.60
thick	0.08	1.42
building	0.08	1.60
butt	0.08	1.68
garner	0.08	1.45
plus	0.08	2.04
conspiracy	0.08	1.13
ignored	0.08	2.31
unit	0.08	1.53
title	0.08	2.24
plans	0.08	1.60
50	0.08	1.92
wars	0.08	1.63
t-shirt	0.08	1.77
beings	0.08	1.83
abortion	0.09	1.56
oops	0.09	2.22
union	0.09	1.55
development	0.09	1.56
adds	0.09	1.76
helping	0.09	1.82
stranger	0.09	1.78
prepare	0.09	1.52
covering	0.09	1.55
aimed	0.09	1.50
fuel	0.09	1.43
hostile	0.09	1.98
compete	0.09	1.65
scheme	0.09	1.54
america	0.09	1.92
region	0.09	1.54
idol	0.09	1.39
objective	0.09	2.14
bust	0.09	1.69
blown	0.09	1.57
enemy	0.09	1.20
floor	0.09	1.54
energy	0.09	1.61
chipotle	0.09	1.47
catholic	0.09	1.56
format	0.09	1.49
kicks	0.09	1.75
drank	0.09	1.59
unlike	0.09	1.32
wondering	0.09	2.43
unattractive	0.10	2.09
fruit	0.10	1.36
sums	0.10	1.75
grabbed	0.10	1.60
angle	0.10	1.68
cage	0.10	1.60
engaged	0.10	1.63
rocks	0.10	1.54
trained	0.10	1.70
hipsters	0.10	1.63
correlation	0.10	1.78
teacher	0.10	1.57
somewhere	0.10	2.15
available	0.10	1.80
worry	0.10	2.73
predator	0.10	1.70
goals	0.10	1.63
wore	0.10	1.73
grey	0.10	1.55
rounds	0.10	1.64
opposite	0.10	2.06
gear	0.10	1.77
nonetheless	0.10	2.44
pony	0.11	1.68
biological	0.11	1.75
hype	0.11	1.55
tastes	0.11	1.67
washington	0.11	1.51
leaving	0.11	1.71
raised	0.11	1.45
revolution	0.11	1.55
morality	0.11	1.90
tour	0.11	1.33
restaurant	0.11	1.51
monster	0.11	1.35
addict	0.11	1.61
fanbase	0.11	1.41
unexpected	0.11	2.03
becoming	0.11	1.93
exist	0.11	2.57
arts	0.11	1.57
legitimate	0.11	1.80
pieces	0.11	1.41
shirts	0.12	1.74
foreign	0.12	1.49
acid	0.12	1.61
marketing	0.12	1.69
purposes	0.12	1.59
fingers	0.12	1.65
eastern	0.12	1.55
amounts	0.12	1.55
season	0.12	2.56
damned	0.12	1.97
initial	0.12	1.85
jaw	0.12	1.54
hat	0.12	1.81
room	0.12	1.61
spoke	0.12	1.59
usa	0.12	1.59
add	0.12	1.92
literal	0.12	3.94
handshake	0.12	1.63
assault	0.12	1.64
setting	0.12	1.59
suits	0.12	1.59
utter	0.12	1.81
exposure	0.12	1.38
begin	0.12	1.97
art	0.13	1.82
san	0.13	1.57
article	0.13	1.76
faith	0.13	1.61
expressions	0.13	1.64
responses	0.13	1.89
exchange	0.13	1.73
backwards	0.13	1.77
<SPECIAL>	0.13	1.45
<URL>	0.13	1.45
removals	0.13	2.20
break	0.13	2.02
buy	0.13	1.65
friends	0.13	2.07
trade	0.13	1.59
googled	0.13	1.75
ie	0.13	1.83
color	0.13	1.36
yard	0.13	1.56
meth	0.13	1.59
feature	0.13	1.47
men	0.13	1.60
lived	0.13	1.92
oil	0.13	1.54
underage	0.13	1.69
magazine	0.13	1.68
chair	0.13	1.60
threats	0.14	1.50
kill	0.14	1.78
panel	0.14	1.45
stock	0.14	1.53
bothered	0.14	2.73
makeup	0.14	1.65
technique	0.14	1.44
diverse	0.14	1.81
desire	0.14	1.72
trigger	0.14	1.54
harsh	0.14	2.20
smoked	0.14	1.79
reverse	0.14	1.79
tests	0.14	1.68
creation	0.14	1.66
whole	0.14	4.60
impressive	0.14	3.47
versions	0.14	1.53
snap	0.14	1.68
mixed	0.14	1.39
technical	0.14	1.60
ends	0.14	1.34
edge	0.14	1.65
nation	0.14	1.90
south	0.14	1.64
jacket	0.14	1.78
interact	0.14	1.85
access	0.14	1.65
invited	0.14	1.58
clicking	0.14	1.80
military	0.15	1.51
legal	0.15	1.96
guilty	0.15	1.50
competition	0.15	1.54
label	0.15	1.61
verbal	0.15	1.62
youtuber	0.15	1.69
mouse	0.15	1.45
beer	0.15	1.56
card	0.15	1.52
dickhead	0.15	1.77
old	0.15	2.01
award	0.15	1.51
fred	0.15	1.12
oddly	0.15	2.26
weekend	0.15	1.93
punished	0.15	1.74
non	0.15	1.53
firearms	0.15	1.66
seen	0.15	4.98
near	0.16	1.95
numbers	0.16	1.63
intellectual	0.16	1.71
pink	0.16	1.47
dragons	0.16	1.56
slam	0.16	1.51
wood	0.16	1.55
countries	0.16	1.88
smack	0.16	1.84
train	0.16	1.63
rich	0.16	1.89
red	0.16	1.46
visiting	0.16	1.70
lane	0.16	1.61
genetics	0.16	1.50
openly	0.16	1.69
heroin	0.16	1.64
bed	0.16	1.71
23	0.16	1.79
operate	0.16	1.83
pee	0.16	1.73
fucks	0.16	1.74
bus	0.16	1.58
denial	0.16	1.62
respect	0.16	1.64
scale	0.16	1.55
drugs	0.16	1.57
yay	0.16	1.57
adult	0.16	1.67
weather	0.16	1.67
comic	0.17	1.65
single	0.17	4.90
medical	0.17	1.84
bathroom	0.17	1.67
debating	0.17	1.75
winning	0.17	1.56
england	0.17	1.61
jewish	0.17	1.38
appeared	0.17	1.72
criminals	0.17	1.59
interaction	0.17	1.86
kid	0.17	2.16
burned	0.17	1.41
wrestling	0.17	1.67
british	0.17	1.59
state	0.17	1.56
trees	0.17	1.59
martial	0.17	1.56
born	0.17	1.57
hold	0.17	1.76
leaning	0.17	1.54
theyre	0.17	2.09
olds	0.17	1.94
speakers	0.17	1.56
tl	0.17	1.55
2nd	0.17	1.89
civilians	0.17	1.32
nations	0.17	1.79
teaching	0.17	1.54
breaking	0.17	1.71
targeted	0.18	1.47
handful	0.18	2.05
sky	0.18	1.49
22	0.18	1.85
firing	0.18	1.57
approve	0.18	2.17
quotes	0.18	1.67
bullied	0.18	1.65
ryan	0.18	1.50
northern	0.18	1.76
supported	0.18	1.39
forgetting	0.18	1.85
riding	0.18	1.74
characters	0.18	1.67
fault	0.18	3.21
nonsense	0.18	1.79
vegan	0.18	1.46
providing	0.18	1.92
wake	0.18	1.77
doge	0.18	1.69
official	0.18	1.82
pisses	0.18	3.02
ring	0.18	1.47
bedroom	0.18	1.64
heard	0.18	4.78
hiding	0.18	1.80
cringing	0.18	2.68
prison	0.18	1.93
joker	0.18	1.58
professional	0.19	1.93
source	0.19	1.86
indian	0.19	1.42
live	0.19	2.09
dates	0.19	1.78
vegetarian	0.19	1.51
china	0.19	1.56
north	0.19	1.64
safety	0.19	1.74
junk	0.19	1.54
including	0.19	1.53
global	0.19	1.49
powers	0.19	1.48
pressing	0.19	1.63
meal	0.19	1.52
skill	0.19	1.57
california	0.19	1.66
ted	0.19	1.54
basis	0.19	1.74
his	0.19	1.57
masters	0.19	1.60
mute	0.19	1.66
productive	0.19	2.01
beating	0.19	1.59
bodies	0.19	1.55
debaters	0.20	1.60
sunglasses	0.20	1.73
tomorrow	0.20	1.91
tricks	0.20	1.55
socially	0.20	2.14
accomplished	0.20	1.87
blue	0.20	1.50
boner	0.20	2.74
town	0.20	1.96
pedophiles	0.20	1.62
dignity	0.20	1.72
bird	0.20	1.71
practical	0.20	1.84
mention	0.20	2.57
cannon	0.20	1.41
lives	0.20	2.05
wins	0.20	1.48
14	0.20	2.01
insert	0.20	1.44
experts	0.20	1.64
catching	0.20	1.67
forget	0.20	2.52
called	0.20	2.22
anonymous	0.20	1.49
coke	0.20	1.59
maintain	0.20	1.71
direct	0.20	1.79
semi	0.20	1.61
wannabe	0.21	1.36
short	0.21	2.85
fiction	0.21	1.27
legs	0.21	1.56
shape	0.21	1.58
iphone	0.21	1.54
studies	0.21	1.68
animal	0.21	1.52
younger	0.21	1.62
corporations	0.21	1.53
cheek	0.21	1.57
diet	0.21	1.52
practicing	0.21	1.33
counter	0.21	1.58
tradition	0.21	1.48
carrying	0.21	1.65
surrounded	0.21	1.45
contest	0.21	1.46
trust	0.21	1.62
chant	0.21	1.81
half	0.21	3.12
representation	0.21	1.51
europe	0.21	1.93
enthusiasm	0.21	1.49
audition	0.21	1.49
freak	0.21	1.48
bubble	0.22	1.90
wheels	0.22	1.60
laying	0.22	1.65
muscles	0.22	1.61
gluten	0.22	1.50
insecure	0.22	2.43
gun	0.22	1.61
dedicated	0.22	2.07
alcohol	0.22	1.56
dressed	0.22	1.59
starbucks	0.22	1.63
swing	0.22	1.53
judging	0.22	1.97
accused	0.22	1.64
blowing	0.22	1.45
relatively	0.22	1.97
16	0.22	1.91
hole	0.22	1.63
whose	0.22	1.55
bat	0.22	1.62
athletes	0.22	1.56
sexy	0.22	2.35
painting	0.22	1.49
standing	0.22	1.61
pm	0.22	1.67
sources	0.22	1.80
12	0.22	2.11
foods	0.22	1.51
robot	0.22	1.58
seemingly	0.22	1.77
slap	0.23	1.68
stare	0.23	1.72
prior	0.23	2.03
innocent	0.23	1.34
comparing	0.23	1.52
tattoo	0.23	1.63
boxing	0.23	1.50
string	0.23	1.52
horses	0.23	1.61
shared	0.23	1.49
spring	0.23	1.58
japan	0.23	1.62
met	0.23	3.03
attempts	0.23	1.65
candy	0.23	1.59
seats	0.23	1.68
summer	0.23	1.76
gon	0.23	2.81
sexually	0.23	1.70
recall	0.23	2.03
ghetto	0.23	1.57
sam	0.24	1.20
consent	0.24	1.77
asian	0.24	1.48
western	0.24	1.80
sees	0.24	2.17
remains	0.24	1.96
wherever	0.24	1.84
enjoyed	0.24	2.77
banging	0.24	1.54
accounts	0.24	1.67
drinks	0.24	1.50
passion	0.24	1.54
influenced	0.24	1.75
yours	0.24	2.15
abbott	0.24	1.44
grew	0.24	1.71
misunderstanding	0.24	1.99
strategy	0.24	1.60
helped	0.24	1.73
turkey	0.24	1.54
box	0.24	1.58
desk	0.24	1.56
methods	0.25	1.88
specifically	0.25	1.84
exercise	0.25	1.52
mexico	0.25	1.69
vice	0.25	1.55
maximum	0.25	1.62
and/or	0.25	1.63
purple	0.25	1.43
hobby	0.25	1.74
obese	0.25	1.65
somewhat	0.25	2.47
boys	0.25	1.69
duty	0.25	1.47
clock	0.25	1.77
motherfucker	0.25	1.97
cartoon	0.25	1.59
defense	0.25	1.71
virgin	0.25	1.75
ghost	0.25	1.47
ross	0.25	1.66
southern	0.26	1.54
casually	0.26	1.61
sober	0.26	1.88
outside	0.26	1.86
constitution	0.26	1.68
lesson	0.26	1.77
simultaneously	0.26	1.48
dicks	0.26	1.70
drinking	0.26	1.55
protect	0.26	1.67
corporate	0.26	1.59
nail	0.26	1.59
control	0.26	1.50
precisely	0.26	1.90
movements	0.26	1.40
leaders	0.26	1.40
library	0.26	1.74
forbid	0.26	1.68
drivers	0.26	1.60
w	0.26	1.35
food	0.26	1.51
clothes	0.27	1.84
saved	0.27	1.69
subway	0.27	1.61
ew	0.27	1.66
teens	0.27	1.53
beginning	0.27	1.92
fails	0.27	1.53
rise	0.27	1.37
soldier	0.27	1.52
17	0.27	2.00
combat	0.27	1.67
checkpoints	0.27	1.62
suit	0.27	1.67
steal	0.27	1.65
unstable	0.27	2.02
experienced	0.27	4.80
poop	0.27	1.63
passive	0.27	1.80
downvoted	0.27	2.62
mayor	0.27	1.44
changing	0.27	1.90
pewdiepie	0.27	1.55
clutch	0.27	1.65
bullet	0.27	1.64
technology	0.27	1.55
sweaty	0.27	1.64
hurt	0.27	2.04
require	0.27	1.59
talent	0.27	1.94
positive	0.27	1.66
clown	0.28	1.64
lemon	0.28	1.54
table	0.28	1.56
country	0.28	2.41
11	0.28	2.11
coast	0.28	1.53
nerd	0.28	1.72
quiet	0.28	1.81
opponent	0.28	1.55
ppl	0.28	2.08
fought	0.28	1.54
casual	0.28	1.62
jealous	0.28	3.43
yoko	0.28	1.50
closet	0.28	1.65
huge	0.28	1.95
hence	0.29	1.56
reaction	0.29	2.12
hood	0.29	1.58
ending	0.29	2.20
age	0.29	1.80
default	0.29	1.71
handed	0.29	1.55
mcdonald	0.29	1.64
house	0.29	1.64
check	0.29	1.93
waiting	0.29	1.78
size	0.29	1.65
jersey	0.29	1.59
shirt	0.29	1.87
ideal	0.29	1.57
defined	0.29	1.93
yellow	0.29	1.47
marine	0.29	1.54
rifles	0.29	1.61
sued	0.29	1.85
disease	0.30	1.80
texas	0.30	1.60
internet	0.30	1.74
plate	0.30	1.53
weed	0.30	1.57
sway	0.30	1.56
blast	0.30	1.64
motion	0.30	1.43
side	0.30	1.71
performance	0.30	3.65
ultimate	0.30	1.54
forgotten	0.30	2.12
develop	0.30	1.76
101	0.30	1.67
split	0.30	1.50
podcast	0.30	1.51
threw	0.30	1.70
believing	0.30	1.71
capable	0.30	1.88
academic	0.30	1.65
birds	0.30	1.70
built	0.30	1.61
regular	0.30	1.62
fed	0.30	1.57
canada	0.30	1.60
mainly	0.30	1.45
students	0.30	1.45
anime	0.31	1.50
marines	0.31	1.52
trip	0.31	1.55
watches	0.31	3.54
focused	0.31	1.79
allows	0.31	1.68
server	0.31	1.71
accepting	0.31	1.67
commentary	0.31	1.61
tired	0.31	2.24
uk	0.31	1.64
glass	0.31	1.64
straw	0.31	1.74
hair	0.31	1.68
grab	0.31	1.65
90s	0.31	1.66
leaves	0.31	1.57
jew	0.31	1.33
late	0.31	1.91
13	0.31	1.95
armed	0.31	1.71
giant	0.31	1.33
young	0.31	1.74
scientology	0.31	1.34
match	0.32	1.39
uniform	0.32	1.47
dumbest	0.32	5.02
drink	0.32	1.54
living	0.32	2.53
toronto	0.32	1.60
ruin	0.32	1.97
intention	0.32	1.88
bang	0.32	1.88
good	0.32	3.33
afterwards	0.32	1.79
taught	0.32	1.54
mario	0.32	1.49
lessons	0.32	1.79
replies	0.32	2.22
shoot	0.32	1.59
assaulted	0.32	1.60
karate	0.32	1.50
21	0.32	1.80
tied	0.32	1.53
talks	0.32	1.90
liked	0.32	2.68
paragraph	0.33	1.88
attracted	0.33	1.72
xbox	0.33	1.38
approach	0.33	1.93
britain	0.33	1.59
apartment	0.33	1.67
am	0.33	3.01
ranger	0.33	1.53
thumbs	0.33	1.50
facial	0.33	1.61
death	0.33	1.49
included	0.33	1.58
stairs	0.33	1.65
mission	0.33	1.68
applied	0.33	2.77
bag	0.33	1.87
children	0.33	1.65
star	0.33	1.58
vagina	0.33	1.68
broken	0.33	1.55
will.i.am	0.33	1.81
birth	0.33	1.57
fire	0.34	1.56
city	0.34	1.88
code	0.34	1.23
european	0.34	1.57
fancy	0.34	1.64
la	0.34	1.57
boston	0.34	1.51
community	0.34	1.91
skin	0.34	1.44
stayed	0.34	1.87
uncomfortable	0.34	3.82
arguably	0.34	4.22
y'all	0.34	2.01
unbelievable	0.34	1.91
rare	0.34	3.90
beaten	0.35	1.53
sit	0.35	1.94
zone	0.35	1.48
danger	0.35	1.57
tank	0.35	1.57
u.s	0.35	1.59
200	0.35	1.68
sticks	0.35	1.61
fallen	0.35	2.06
mma	0.35	1.48
cringed	0.35	2.83
her	0.35	1.74
australian	0.35	1.58
guide	0.35	1.63
faking	0.35	1.77
falls	0.35	1.55
machine	0.35	1.57
training	0.35	1.52
mask	0.36	1.60
grown	0.36	1.77
q	0.36	1.60
techniques	0.36	1.68
congress	0.36	1.49
quoting	0.36	2.04
excessive	0.36	1.71
parent	0.36	1.53
4chan	0.36	1.69
yelled	0.36	1.71
involved	0.36	2.17
leader	0.36	1.32
2010	0.36	1.71
reasonably	0.36	1.97
massive	0.36	1.92
strangers	0.36	1.82
ill	0.36	1.97
citizen	0.36	1.60
asshat	0.36	2.02
similarly	0.36	1.70
bone	0.36	1.42
influence	0.36	1.52
body	0.36	1.53
county	0.36	1.41
elementary	0.36	1.64
windows	0.36	1.49
19	0.37	1.77
bear	0.37	1.92
controlled	0.37	1.68
soda	0.37	1.52
cheer	0.37	1.65
lifetime	0.37	1.96
daddy	0.37	1.56
lies	0.37	1.67
knocked	0.37	1.73
smoking	0.37	1.62
looks	0.37	2.41
worse	0.37	3.73
hilariously	0.37	2.31
mcdonalds	0.37	1.71
define	0.37	2.26
home	0.37	1.65
frequently	0.37	1.94
de	0.38	1.61
ball	0.38	1.64
twist	0.38	1.49
category	0.38	1.57
wine	0.38	1.68
murdered	0.38	1.24
rose	0.38	1.58
square	0.38	1.71
weapons	0.38	1.68
items	0.39	1.57
stealing	0.39	1.74
jeans	0.39	1.95
dreams	0.39	1.50
prime	0.39	1.27
online	0.39	1.57
pants	0.39	1.94
personalities	0.39	1.75
grand	0.39	1.41
sonic	0.39	1.58
stick	0.39	1.74
york	0.39	1.67
survivor	0.39	1.68
played	0.39	1.68
heat	0.39	1.56
federal	0.39	1.55
passed	0.39	1.89
die	0.39	1.87
umm	0.39	2.65
germany	0.39	1.59
park	0.39	1.69
beach	0.39	1.58
2007	0.40	1.69
animals	0.40	1.55
navy	0.40	1.58
magic	0.40	1.57
dope	0.40	2.11
skit	0.40	1.81
soldiers	0.40	1.23
chain	0.40	1.79
stands	0.40	1.41
lifting	0.40	1.58
upon	0.40	1.58
rooms	0.40	1.65
shoes	0.40	1.97
yup	0.40	1.75
memory	0.40	1.65
den	0.40	1.57
killing	0.40	1.38
angel	0.40	1.64
attacked	0.40	1.73
doctor	0.41	1.67
knock	0.41	1.88
thoroughly	0.41	1.62
idk	0.41	2.25
careful	0.41	1.60
wear	0.41	1.94
jennifer	0.41	1.26
pretty	0.41	2.98
unknown	0.41	1.69
c'mon	0.41	1.93
insane	0.41	3.24
chip	0.41	1.56
fired	0.41	1.68
cup	0.41	1.53
wears	0.41	1.89
strength	0.42	1.55
na	0.42	2.68
leg	0.42	1.47
homosexual	0.42	1.55
sucking	0.42	1.53
shorts	0.42	1.67
allowing	0.42	1.75
aids	0.42	1.82
ipad	0.42	1.57
invested	0.42	2.18
lunch	0.42	1.55
crack	0.42	1.57
2012	0.42	1.65
pulls	0.42	1.33
thumbnail	0.42	1.82
rick	0.42	1.50
roll	0.42	1.73
teach	0.42	1.94
computers	0.42	1.65
churches	0.42	1.49
progress	0.42	1.68
teachers	0.42	1.48
rock	0.42	1.64
info	0.43	1.91
present	0.43	1.65
chin	0.43	1.42
oblivious	0.43	3.28
judged	0.43	1.55
um	0.43	2.67
hill	0.43	1.56
harvard	0.43	1.46
abilities	0.43	1.52
net	0.43	1.53
dunno	0.43	2.60
other	0.44	3.87
pill	0.44	1.70
cunt	0.44	2.07
sitting	0.44	1.66
serves	0.44	1.62
pc	0.44	1.49
canadian	0.44	1.51
early	0.44	1.80
apologize	0.44	2.28
confirmed	0.44	1.61
sharp	0.44	1.64
aw	0.44	3.41
overweight	0.44	1.68
coat	0.45	1.60
girls	0.45	1.93
raped	0.45	1.49
downvotes	0.45	2.30
beard	0.45	1.85
showing	0.45	1.70
toilet	0.45	1.62
tie	0.45	1.61
according	0.45	1.85
kills	0.45	1.43
scottish	0.46	1.68
banter	0.46	1.98
stay	0.46	1.84
moves	0.46	1.71
seat	0.46	1.45
learn	0.46	2.30
mtv	0.46	1.54
screw	0.46	1.57
charity	0.47	1.74
currency	0.47	1.69
banana	0.47	1.51
bait	0.47	1.71
agent	0.47	1.62
inside	0.47	1.63
sugar	0.47	1.48
shot	0.47	1.58
chicago	0.47	1.54
force	0.47	1.67
magically	0.47	1.90
relationships	0.47	1.53
males	0.47	1.47
tools	0.47	1.70
sin	0.47	1.45
rid	0.47	1.71
troll	0.48	2.06
hung	0.48	1.71
family	0.48	1.55
calories	0.48	1.52
supposedly	0.48	1.46
shower	0.48	1.80
judy	0.48	1.45
heck	0.48	1.93
third	0.48	2.13
relationship	0.48	1.65
wikipedia	0.48	1.81
boot	0.48	1.54
united	0.48	1.61
cities	0.48	1.70
function	0.48	1.83
imagining	0.48	1.79
wash	0.48	1.75
x	0.49	1.60
frozen	0.49	1.60
saving	0.49	1.46
9/11	0.49	1.33
nazi	0.49	1.72
vomit	0.49	1.52
army	0.49	1.58
cigarette	0.49	1.54
irish	0.49	1.70
korean	0.49	1.62
psychic	0.49	1.82
taste	0.49	1.50
abusive	0.49	1.57
frankly	0.49	1.99
flirting	0.49	1.81
active	0.49	1.45
consistent	0.49	1.73
moon	0.49	1.41
guns	0.49	1.87
theater	0.49	1.52
jamie	0.49	1.68
automatic	0.49	1.85
steel	0.50	1.70
engine	0.50	1.62
existing	0.50	1.64
florida	0.50	1.66
parents	0.50	1.57
soft	0.50	1.50
app	0.50	1.64
spaghetti	0.50	1.53
extended	0.50	1.61
juice	0.50	1.69
spreading	0.50	1.53
action	0.50	1.78
karma	0.50	2.03
abused	0.50	1.54
taco	0.50	1.69
bull	0.50	1.71
appropriate	0.51	1.67
laughed	0.51	2.41
environment	0.51	1.66
pure	0.51	2.02
bringing	0.51	1.76
ireland	0.51	1.85
penis	0.51	1.55
fence	0.51	1.57
surprise	0.51	1.70
ive	0.51	4.80
females	0.51	1.71
served	0.51	1.44
interviewed	0.51	1.65
doctors	0.51	1.69
dragon	0.52	1.51
accent	0.52	1.88
such	0.52	2.10
ass	0.52	2.12
barely	0.52	2.22
insight	0.52	1.95
shall	0.52	1.68
earth	0.52	1.90
complete	0.52	1.84
soooo	0.52	2.16
buddies	0.52	1.55
opening	0.52	1.70
super	0.52	2.60
largest	0.52	2.24
milk	0.52	1.52
cigarettes	0.52	1.55
mexican	0.52	1.48
recognized	0.53	2.21
states	0.53	1.62
tyson	0.53	2.98
sticking	0.53	1.70
laid	0.53	1.76
irl	0.53	1.66
pregnant	0.53	1.83
adding	0.53	1.73
mlp	0.53	1.59
andrew	0.53	1.46
ice	0.53	1.51
stereotypical	0.53	1.57
queen	0.53	1.59
matches	0.53	1.63
hmmm	0.53	1.51
reactions	0.53	1.90
description	0.53	1.92
equivalent	0.53	1.65
won	0.54	1.54
ugly	0.54	2.35
ron	0.54	1.50
mail	0.54	1.51
total	0.54	1.83
serving	0.54	1.58
older	0.54	1.60
describes	0.54	2.24
basement	0.54	1.63
smell	0.54	1.66
wet	0.54	1.78
marijuana	0.54	1.62
divorce	0.54	1.56
perhaps	0.54	2.22
male	0.54	1.67
gain	0.55	1.53
familiar	0.55	2.56
pissing	0.55	1.75
anderson	0.55	1.35
your	0.55	1.57
boss	0.55	1.31
covers	0.55	1.33
slow	0.55	1.81
jon	0.55	1.39
disney	0.55	1.47
woman	0.56	2.03
blank	0.56	1.50
plays	0.56	1.50
educated	0.56	1.93
generation	0.56	1.62
covered	0.56	1.73
rely	0.56	1.82
weirdest	0.56	4.86
ed	0.56	1.46
pit	0.56	1.44
flag	0.56	1.32
eating	0.56	1.50
eaten	0.56	1.49
feed	0.56	1.61
strike	0.56	1.61
iron	0.56	1.52
swear	0.57	2.59
cracked	0.57	1.35
sleeping	0.57	1.68
fairly	0.57	2.21
american	0.57	1.60
smoke	0.57	1.57
tattoos	0.57	1.76
breakfast	0.57	1.52
aka	0.57	1.39
soap	0.57	1.70
websites	0.57	1.67
wave	0.57	1.48
cancer	0.58	1.77
child	0.58	1.63
heart	0.58	1.57
symbol	0.58	1.61
eggs	0.58	1.48
tonight	0.58	1.99
c	0.58	1.55
computer	0.58	1.61
hypocrisy	0.58	1.69
barrel	0.58	1.66
applause	0.58	1.77
gif	0.58	2.01
main	0.58	2.05
awards	0.58	1.46
ordinary	0.59	1.68
curse	0.59	1.67
follows	0.59	1.57
obsessed	0.59	1.42
scene	0.59	1.56
gained	0.59	1.51
rob	0.59	1.40
smash	0.59	1.55
lets	0.59	2.43
wit	0.59	2.03
patch	0.59	1.62
respected	0.59	1.66
shits	0.59	1.87
boots	0.60	1.59
perfectly	0.60	2.18
models	0.60	1.64
dress	0.60	1.72
agree	0.60	4.75
gas	0.60	1.54
mountain	0.60	1.59
pro	0.60	1.67
crush	0.60	1.63
air	0.60	1.70
creep	0.60	2.48
articulate	0.60	1.99
aliens	0.60	1.48
stood	0.60	1.66
deeply	0.61	1.67
native	0.61	1.75
curious	0.61	2.99
remain	0.61	1.79
shark	0.61	1.57
cure	0.61	1.68
seizure	0.61	1.57
unfortunately	0.61	1.35
hardest	0.61	4.74
guessing	0.61	2.93
nintendo	0.61	1.47
chick	0.61	2.20
arguing	0.61	4.64
picks	0.61	1.45
convincing	0.61	2.34
corn	0.62	1.74
tea	0.62	1.59
comeback	0.62	2.00
lead	0.62	1.95
speed	0.62	1.62
ashamed	0.62	2.97
ok	0.62	3.35
1000	0.62	1.68
enter	0.62	1.70
losing	0.62	1.58
wiki	0.62	1.84
comparison	0.63	1.86
leads	0.63	1.62
play	0.63	1.59
interested	0.63	2.90
destroy	0.63	1.64
effective	0.63	2.39
grandpa	0.63	1.58
typing	0.63	1.79
champion	0.63	1.46
ironically	0.63	1.65
natural	0.63	1.57
spot	0.63	1.97
hes	0.64	2.27
spoken	0.64	2.58
sun	0.64	1.34
comparable	0.64	1.51
addicted	0.64	1.58
steroids	0.64	1.84
st	0.64	1.31
stretch	0.64	1.82
hammer	0.65	1.60
dogs	0.65	1.57
wearing	0.65	1.85
sweat	0.65	1.71
pound	0.65	1.63
cameron	0.65	1.26
mid	0.65	1.75
breath	0.65	1.70
informed	0.65	1.92
yah	0.66	2.05
introduced	0.66	1.44
props	0.66	2.01
gloves	0.66	1.84
rifle	0.66	1.75
impressed	0.66	2.78
bros	0.66	1.59
tactic	0.66	1.84
chicks	0.66	2.07
er	0.66	2.34
described	0.67	2.07
games	0.67	1.52
pot	0.67	1.60
created	0.67	1.46
regularly	0.67	1.31
yeah	0.67	3.24
downvote	0.67	2.43
successful	0.67	1.83
roommate	0.68	1.82
translate	0.68	2.03
opponents	0.68	1.57
eats	0.68	1.47
pressure	0.68	1.59
dropping	0.68	1.51
gamers	0.68	1.60
history	0.68	2.26
bacon	0.68	1.50
accepted	0.68	2.05
loser	0.68	2.10
semantics	0.68	4.31
missed	0.68	2.72
universe	0.68	1.88
offended	0.69	2.91
dirt	0.69	1.50
confirm	0.69	1.59
water	0.69	1.79
status	0.69	1.46
inspired	0.69	1.57
field	0.69	1.56
1st	0.69	2.16
lick	0.69	1.72
meat	0.69	1.48
easy	0.69	3.84
era	0.69	1.39
raging	0.70	1.83
moron	0.70	2.04
raw	0.70	1.57
helps	0.70	1.97
palin	0.70	1.57
initially	0.70	1.93
pissed	0.70	2.70
rings	0.70	1.56
con	0.70	1.58
silence	0.70	1.75
independent	0.70	1.77
proposal	0.70	1.79
where	0.70	4.28
quoted	0.70	2.13
t	0.71	1.54
weapon	0.71	1.74
dave	0.71	1.77
santa	0.71	1.54
dark	0.71	1.85
shit	0.71	2.71
shes	0.71	2.29
advice	0.71	1.84
phil	0.71	1.56
glorious	0.72	1.43
bruh	0.72	2.04
random	0.72	2.02
potato	0.72	1.64
thin	0.72	1.52
cringiest	0.72	4.74
larry	0.73	1.09
fish	0.73	1.56
cards	0.73	1.43
arguments	0.73	1.76
fantasy	0.73	1.61
broke	0.73	1.63
rapist	0.73	1.65
sue	0.73	1.74
2014	0.73	1.55
currently	0.73	1.73
save	0.73	1.98
moms	0.74	1.52
biggest	0.74	4.40
tournament	0.74	1.44
tool	0.74	2.13
al	0.74	1.43
amongst	0.74	1.48
kate	0.74	1.81
double	0.74	1.71
insulted	0.74	2.47
z	0.74	1.55
input	0.74	1.77
cruise	0.74	1.61
pounds	0.74	1.67
typed	0.74	2.10
quote	0.75	1.56
dutch	0.75	1.82
sits	0.75	1.69
version	0.75	1.53
van	0.75	1.47
memes	0.75	1.87
response	0.76	2.13
fat	0.76	1.77
nuts	0.76	1.29
fully	0.76	1.81
master	0.76	1.62
dating	0.77	1.63
properly	0.77	2.21
google	0.77	1.92
skinny	0.77	1.86
balls	0.77	1.71
folks	0.77	1.86
geez	0.77	1.71
carry	0.77	1.73
refer	0.77	1.87
mistakes	0.77	2.29
btw	0.77	1.88
loss	0.78	1.57
dumbass	0.78	2.14
dropped	0.78	1.50
disagree	0.78	4.34
pokemon	0.78	1.45
psycho	0.78	1.58
sells	0.78	1.78
staying	0.78	1.97
kyle	0.78	1.61
mothers	0.79	1.47
famous	0.79	1.72
neighbor	0.79	1.58
skippy	0.79	1.96
pet	0.79	1.61
girl	0.79	2.08
missing	0.79	4.67
defensive	0.80	2.69
reasonable	0.80	2.05
hotel	0.80	1.42
redneck	0.80	1.71
welcome	0.80	2.09
mom	0.80	1.64
world	0.80	4.48
settle	0.80	1.76
clueless	0.80	1.79
snake	0.80	1.59
nevermind	0.80	2.45
bowl	0.80	1.69
cock	0.81	1.69
funniest	0.81	4.79
salt	0.81	1.49
storm	0.81	1.40
prefer	0.81	1.75
blunt	0.81	1.75
minister	0.82	1.27
clap	0.82	1.94
technically	0.82	4.57
username	0.82	2.55
stern	0.82	1.55
luck	0.82	2.00
jay	0.83	1.32
alpha	0.83	1.82
pig	0.83	1.56
explaining	0.83	2.06
list	0.83	1.81
l	0.84	1.61
hail	0.84	1.63
mark	0.84	1.68
andy	0.84	1.72
tear	0.84	1.68
cum	0.84	1.67
civil	0.84	1.75
yikes	0.84	1.75
wolf	0.84	1.69
boom	0.85	1.80
ham	0.85	1.60
auto	0.85	1.49
b	0.85	1.59
eh	0.85	2.59
conscious	0.85	1.87
hurts	0.85	2.31
terrifying	0.85	3.22
angry	0.85	4.06
my	0.86	1.75
model	0.86	1.83
russian	0.86	1.82
apologies	0.86	2.82
poker	0.86	1.42
sentence	0.86	2.34
learned	0.86	1.93
sharing	0.86	1.80
language	0.86	2.32
celebrity	0.87	1.45
lose	0.87	1.53
imaginary	0.87	1.69
alright	0.87	3.19
honesty	0.87	2.17
totally	0.87	3.11
howard	0.87	1.50
wan	0.88	2.59
swedish	0.88	1.77
babies	0.88	1.57
player	0.88	1.62
twin	0.88	1.26
serial	0.88	1.60
competitive	0.89	1.62
gaming	0.89	1.65
ripped	0.90	1.49
heh	0.90	2.62
r/lewronggeneration	0.90	1.90
amazed	0.90	2.53
ordered	0.90	1.37
locked	0.90	1.57
chinese	0.91	1.89
knows	0.91	3.75
coach	0.91	1.49
jack	0.91	1.60
hospital	0.91	1.73
dated	0.91	1.86
rational	0.91	2.08
im	0.91	2.86
disappointed	0.91	3.90
design	0.92	1.62
muscle	0.92	1.52
alive	0.92	1.73
y	0.92	1.54
explains	0.92	1.49
youre	0.93	2.39
louis	0.93	1.44
bald	0.93	1.74
combination	0.94	1.62
suggesting	0.94	4.34
gamer	0.94	1.62
burger	0.94	1.53
proper	0.94	1.81
chief	0.94	1.62
gym	0.94	1.79
wwe	0.94	1.51
brown	0.94	1.32
r/thathappened	0.95	2.38
dream	0.95	1.61
nick	0.95	1.60
medium	0.95	1.61
tony	0.95	1.31
bell	0.95	1.61
johnny	0.95	1.57
absolute	0.95	3.71
realised	0.95	1.53
beast	0.95	1.87
believed	0.96	1.54
ouch	0.96	1.94
weight	0.96	1.51
mother	0.97	1.55
manner	0.97	2.36
playlist	0.97	2.03
dying	0.97	1.71
sake	0.97	1.68
struck	0.97	2.08
seal	0.98	1.94
mormon	0.98	1.87
web	0.98	1.63
translation	0.98	2.22
ancient	0.98	1.52
aware	0.98	4.65
brothers	0.98	1.41
cross	0.98	1.88
fans	0.99	1.50
sincerely	0.99	1.74
swag	0.99	1.86
eat	0.99	1.50
girlfriend	0.99	1.70
duh	0.99	1.93
female	0.99	1.76
pussy	0.99	2.14
stoned	0.99	1.64
husband	1.00	1.68
fuckers	1.00	2.16
peace	1.00	1.70
outta	1.00	2.05
dinner	1.00	1.54
sketch	1.01	1.76
cat	1.01	1.53
vibe	1.01	1.74
chips	1.01	1.54
atleast	1.01	1.77
meaning	1.01	2.84
referred	1.01	1.93
ye	1.02	1.76
richard	1.02	1.25
whatnot	1.02	1.65
stephen	1.02	1.43
ate	1.02	1.49
chuck	1.02	1.81
batman	1.02	1.53
chef	1.02	1.53
fyi	1.02	1.55
software	1.03	1.70
max	1.03	1.53
ama	1.03	1.87
proud	1.03	3.99
convinced	1.03	2.55
euphoric	1.03	1.96
ex	1.04	1.58
cherry	1.04	1.63
fedoras	1.04	3.56
explanation	1.05	1.90
upvote	1.05	2.08
mobile	1.05	1.82
teams	1.05	1.60
emphasis	1.05	1.86
speak	1.05	2.36
eyebrows	1.05	1.51
italian	1.06	2.07
luckily	1.06	1.78
ray	1.06	1.36
letters	1.06	2.29
sandwich	1.07	1.56
sarah	1.07	1.79
cheated	1.07	1.52
presumably	1.07	1.48
worried	1.07	2.83
directed	1.07	1.25
killer	1.07	1.67
tyler	1.07	1.40
modern	1.07	1.61
tall	1.08	2.17
cold	1.08	1.77
blonde	1.08	2.23
jeff	1.08	1.66
cod	1.08	1.56
grandma	1.08	1.59
lt	1.08	1.93
married	1.08	1.46
disgusted	1.08	4.04
entertained	1.08	2.28
depressed	1.08	4.08
japanese	1.08	1.97
epic	1.09	2.22
atmosphere	1.09	1.83
episode	1.09	2.26
don	1.09	1.47
hah	1.09	2.45
nervous	1.09	2.77
chocolate	1.09	1.47
butter	1.10	1.58
sum	1.10	2.06
throughout	1.10	2.20
rough	1.10	2.17
first	1.10	4.53
new	1.10	2.00
pedophile	1.10	1.59
sensitive	1.11	1.86
healthy	1.11	1.67
german	1.11	2.37
appreciate	1.11	2.01
christmas	1.11	1.17
boo	1.11	1.40
jr	1.11	1.44
flying	1.11	1.70
apart	1.12	1.70
refers	1.12	1.69
game	1.13	1.63
cuz	1.13	2.50
funeral	1.13	1.14
cheese	1.13	1.55
ben	1.14	1.41
brainwashed	1.14	1.57
heroes	1.14	1.58
existence	1.14	1.62
kitchen	1.14	1.63
blows	1.14	3.30
meets	1.15	1.54
spell	1.15	3.04
friend	1.15	1.74
speaks	1.15	1.98
incorrect	1.15	4.66
players	1.15	1.64
crap	1.15	2.27
peter	1.16	1.42
dad	1.16	1.61
polish	1.16	1.60
rice	1.16	1.49
congrats	1.16	1.70
gta	1.16	1.41
clean	1.17	3.94
harry	1.17	1.47
sport	1.18	1.59
mistaken	1.18	4.36
accurate	1.18	3.45
brother	1.18	1.70
press	1.19	1.73
dota	1.19	1.58
entire	1.20	4.38
boyfriend	1.20	1.67
j	1.20	1.83
sports	1.20	1.58
freaking	1.20	2.24
mum	1.20	1.98
gf	1.20	1.66
wot	1.20	2.07
father	1.20	1.56
league	1.20	1.66
team	1.20	1.56
grandmother	1.20	1.50
g	1.21	1.73
baseball	1.21	1.54
approval	1.21	2.01
homie	1.21	2.19
commonly	1.21	2.37
mac	1.22	1.56
childhood	1.22	1.82
billy	1.22	1.53
huh	1.22	2.84
english	1.23	2.28
concerned	1.23	2.53
seinfeld	1.23	1.47
error	1.23	2.19
wedding	1.24	1.26
snow	1.24	1.65
jiffy	1.24	2.34
office	1.24	1.50
chicken	1.24	1.54
attractive	1.24	2.40
expression	1.25	1.70
cream	1.25	1.48
danny	1.25	1.57
cares	1.26	3.67
incredible	1.26	2.68
n	1.26	1.69
finest	1.26	3.09
fixed	1.26	2.43
football	1.27	1.59
nah	1.27	2.96
charlie	1.27	1.42
silver	1.27	1.43
aww	1.28	2.50
butthurt	1.29	2.18
nfl	1.29	1.64
champ	1.29	2.47
ooh	1.29	1.94
shia	1.30	1.50
hockey	1.30	1.58
character	1.30	1.75
sentences	1.30	2.15
p	1.30	1.71
importantly	1.30	1.80
creator	1.30	1.64
uh	1.30	2.98
jeez	1.31	1.72
rarely	1.31	3.83
ladies	1.31	1.83
nightmares	1.31	1.78
uhh	1.31	2.78
aunt	1.31	1.34
annoyed	1.31	3.21
scared	1.31	3.08
fresh	1.31	1.63
soccer	1.31	1.56
ta	1.31	2.53
george	1.31	1.33
lmfao	1.32	1.86
bastard	1.32	2.04
green	1.32	1.43
dog	1.32	1.63
uhhh	1.32	2.60
f	1.33	1.54
letter	1.33	2.25
keeping	1.34	1.65
jackson	1.34	1.44
camp	1.35	1.67
definition	1.35	2.97
tommy	1.36	1.60
intensifies	1.36	1.96
bye	1.36	2.88
sauce	1.37	1.63
spanish	1.37	2.41
forgive	1.37	1.82
wife	1.38	1.62
e	1.38	1.69
heaven	1.38	1.79
goldmine	1.38	2.22
daughter	1.39	1.58
sister	1.39	1.60
o	1.40	1.54
magical	1.40	1.81
basketball	1.40	1.64
bitch	1.41	1.89
rest	1.41	4.20
bread	1.41	1.49
bout	1.41	2.34
kudos	1.42	2.01
redditor	1.42	1.97
lady	1.42	1.80
gentlemen	1.42	1.87
joe	1.42	1.27
ol	1.42	1.82
doe	1.43	2.13
apology	1.44	1.61
memories	1.44	1.97
ninja	1.44	1.89
hmm	1.44	2.11
disaster	1.45	1.96
means	1.45	4.22
ahhh	1.46	2.69
bob	1.46	1.60
robert	1.46	1.53
dan	1.47	1.58
fedora	1.48	1.99
boy	1.48	2.23
golden	1.48	1.71
kek	1.48	1.69
spirit	1.49	1.54
parks	1.49	1.50
exaggerated	1.49	3.04
languages	1.50	2.56
honey	1.50	1.86
uncle	1.50	1.47
sooo	1.50	2.56
wild	1.50	1.45
cow	1.51	1.67
nightmare	1.52	1.89
k	1.52	1.90
pal	1.53	2.65
demon	1.53	1.76
dem	1.53	1.90
johnson	1.54	1.40
ur	1.54	2.30
em	1.54	2.39
lee	1.54	1.42
aint	1.54	2.35
frank	1.54	1.49
french	1.54	2.55
beta	1.55	2.12
reference	1.55	1.73
sigh	1.55	2.19
beauty	1.55	1.75
bot	1.56	2.10
passionate	1.56	2.04
amp	1.57	1.24
sunny	1.57	1.67
hehe	1.58	2.09
gary	1.58	1.55
r	1.58	1.82
mad	1.58	2.51
closest	1.58	3.95
paul	1.59	1.36
uses	1.59	2.35
haircut	1.59	1.98
woah	1.59	1.75
wut	1.59	2.07
rip	1.60	1.61
boobs	1.60	1.92
le	1.60	2.17
enjoys	1.60	3.42
false	1.61	3.54
powerful	1.62	1.53
brah	1.63	2.49
damnit	1.64	2.14
son	1.64	1.60
adam	1.64	1.50
everybody	1.64	3.60
lel	1.65	2.19
headed	1.65	2.15
describe	1.65	2.84
scary	1.66	3.76
bravo	1.67	2.11
calls	1.67	3.30
eric	1.68	1.56
adorable	1.68	3.44
mature	1.69	2.30
neat	1.69	3.49
gotcha	1.69	2.50
dis	1.69	2.31
rekt	1.71	2.32
cook	1.71	1.56
names	1.71	2.19
da	1.71	2.48
power	1.71	1.85
dead	1.71	1.72
op	1.72	2.83
til	1.72	1.62
john	1.74	1.40
mr	1.75	1.86
satan	1.75	1.58
kidding	1.75	3.15
horse	1.75	1.87
evil	1.77	1.74
tom	1.77	1.49
king	1.77	1.45
hi	1.78	2.13
pls	1.79	2.00
ftfy	1.80	1.87
ya	1.80	2.97
seems	1.80	3.48
nba	1.80	1.49
excellent	1.80	2.94
nope	1.80	2.81
relax	1.82	2.24
ahh	1.82	2.64
exact	1.83	2.85
gosh	1.83	2.37
edit	1.84	2.74
referring	1.84	4.00
hello	1.84	2.19
tap	1.84	1.48
gentleman	1.85	1.95
u	1.85	2.29
smart	1.85	3.34
fuck	1.86	3.17
bless	1.86	2.53
hometown	1.87	2.05
dat	1.87	2.35
yo	1.89	2.50
reminded	1.89	1.69
brian	1.90	1.44
michael	1.91	1.46
cute	1.92	3.30
worries	1.92	2.53
ai	1.93	2.42
wat	1.93	2.34
m'lady	1.93	2.11
ah	1.93	2.90
thats	1.94	3.13
scott	1.94	1.55
bud	1.95	2.14
cool	1.96	3.88
baby	1.97	2.00
normal	1.98	3.09
surprisingly	1.98	2.36
steve	1.99	1.35
yep	2.02	2.69
embarrassed	2.02	3.69
bow	2.02	1.74
gift	2.03	1.68
amirite	2.03	2.22
xd	2.03	2.32
talented	2.05	2.80
pray	2.06	2.00
seeing	2.08	3.05
m8	2.09	2.23
loving	2.11	1.80
buddy	2.11	2.81
hero	2.11	1.59
perry	2.11	2.74
jim	2.13	1.43
bored	2.13	3.64
legit	2.15	2.97
surprised	2.15	3.51
hungry	2.16	2.85
named	2.16	1.40
sir	2.19	2.35
sayin	2.20	2.76
miss	2.20	2.04
upset	2.21	3.63
profession	2.21	3.05
afraid	2.21	3.48
martin	2.22	1.26
confused	2.23	3.65
kevin	2.24	1.45
honest	2.24	3.06
understood	2.24	3.18
khaled	2.25	3.08
ruining	2.26	2.24
pronounce	2.27	2.93
paranoid	2.27	3.39
used	2.28	3.89
jerry	2.29	1.58
chris	2.29	1.62
mate	2.30	2.45
brilliant	2.31	2.84
mistake	2.31	3.50
dammit	2.32	2.23
james	2.33	1.32
misunderstood	2.34	3.59
pronunciation	2.34	3.89
definitions	2.34	4.00
lucky	2.35	3.20
smarter	2.35	2.62
shocked	2.36	3.61
opie	2.36	2.68
brave	2.38	2.05
par	2.39	2.61
depends	2.40	3.56
omg	2.40	2.49
weirdo	2.41	3.31
comfortable	2.41	3.39
name	2.41	1.93
excited	2.42	3.62
using	2.42	4.06
politically	2.42	3.54
end	2.43	2.58
tough	2.47	3.23
genuinely	2.47	3.29
secretly	2.47	2.98
doug	2.48	2.51
soul	2.48	2.05
rogan	2.49	2.69
forgot	2.49	2.58
smells	2.49	2.96
helpful	2.50	3.33
goodness	2.53	1.95
lied	2.55	2.69
practically	2.56	2.90
hoping	2.57	3.35
lol	2.57	2.91
favourite	2.57	3.09
bro	2.59	2.83
terrified	2.59	3.23
phrase	2.60	3.82
hot	2.61	3.34
cooking	2.63	2.65
seemed	2.63	3.42
yea	2.64	3.40
secret	2.64	2.82
showed	2.65	2.74
pronounced	2.65	3.74
partner	2.65	3.02
references	2.65	2.76
charming	2.65	3.41
term	2.66	4.03
legendary	2.67	2.42
lesbian	2.67	2.82
spelled	2.67	3.88
word	2.67	4.01
expecting	2.70	3.03
use	2.70	3.95
gap	2.71	2.84
remember	2.71	3.06
ha	2.72	2.69
genius	2.73	2.69
dude	2.73	3.48
gods	2.73	1.83
cats	2.73	3.04
brutal	2.74	3.35
died	2.75	2.93
corrected	2.76	3.73
lord	2.76	2.08
dictionary	2.77	3.86
words	2.79	3.94
stand	2.81	3.01
bold	2.81	3.04
minecraft	2.81	2.91
priceless	2.82	1.96
genuine	2.82	3.08
ready	2.82	3.22
dear	2.82	2.12
greek	2.83	3.88
legends	2.84	3.27
hilarious	2.85	3.48
persona	2.87	2.67
spelling	2.88	3.77
nazis	2.89	3.05
mine	2.89	2.80
lmao	2.89	2.64
correctly	2.89	3.77
bothers	2.92	2.57
intelligent	2.92	3.08
grammar	2.94	3.85
admire	2.94	2.18
man	2.97	3.25
meme	2.97	2.86
peers	2.98	2.66
shy	2.98	3.26
hahahaha	2.99	2.58
bones	3.00	2.74
neutral	3.00	3.05
smooth	3.01	2.62
remind	3.01	2.60
worlds	3.01	2.58
wish	3.03	2.63
enjoy	3.03	2.70
thanks	3.04	3.25
highlight	3.05	3.21
killed	3.05	2.80
compliment	3.06	2.91
williams	3.07	2.12
greatest	3.08	3.53
damn	3.09	3.37
suck	3.09	2.68
hahaha	3.10	2.71
sweet	3.11	3.02
quirky	3.12	2.90
fucking	3.16	3.17
wonderful	3.17	2.86
tight	3.19	3.41
hey	3.19	3.24
simon	3.23	2.60
together	3.25	2.57
caring	3.29	3.24
everyday	3.29	2.66
fellow	3.34	2.91
haha	3.36	3.32
comfort	3.37	2.44
lovely	3.38	2.76
goddamn	3.39	1.72
supreme	3.41	2.81
disrespect	3.41	2.51
cheers	3.42	2.51
christ	3.42	2.96
hahah	3.43	2.98
tip	3.44	2.78
cousin	3.44	2.86
cake	3.45	2.58
oh	3.45	3.17
daniel	3.46	2.67
nailed	3.47	3.08
strong	3.47	2.74
warm	3.48	3.22
anthony	3.48	2.45
david	3.51	2.48
confident	3.51	3.32
tells	3.53	2.71
delicious	3.53	2.76
birthday	3.53	2.73
whoa	3.58	2.75
tim	3.59	2.22
patient	3.59	3.29
sides	3.61	2.01
friendly	3.64	3.38
classy	3.65	2.85
humble	3.65	3.39
polite	3.65	3.40
tips	3.69	2.74
respectful	3.70	3.34
tits	3.70	2.86
mike	3.71	2.22
gold	3.72	2.86
praise	3.75	1.79
calm	3.76	3.26
favorite	3.77	2.86
fan	3.79	2.82
fuckin	3.84	3.16
lost	3.87	2.85
matt	3.89	2.44
thank	3.93	2.60
tho	3.96	2.84
wow	4.01	3.25
god	4.09	2.53
smith	4.12	2.24
safe	4.31	2.97
legend	4.42	2.74
jesus	4.44	2.57
holy	4.45	3.00
classic	4.59	2.22
chill	4.60	3.10
sincere	4.66	3.05
beautiful	4.74	2.24
badass	4.79	2.61
wtf	4.93	2.55
reminds	5.27	2.14
