gnomes	-7.19	2.06
racist	-6.91	1.93
dwarves	-6.78	2.13
elves	-6.72	2.12
tieflings	-6.69	2.26
kender	-6.68	1.94
hatred	-6.46	1.91
halflings	-6.28	2.11
humans	-6.15	2.15
drow	-6.09	2.24
race	-5.65	1.73
death	-5.55	2.36
badly	-5.52	2.28
races	-5.46	1.74
inevitable	-5.01	2.29
orcs	-4.99	1.76
freak	-4.96	2.51
unfortunate	-4.95	2.22
dragonborn	-4.85	1.62
extreme	-4.74	2.05
hardcore	-4.72	2.63
worse	-4.67	2.19
caused	-4.67	2.79
nightmare	-4.57	2.35
fear	-4.56	2.07
besides	-4.53	2.26
giants	-4.48	1.66
worships	-4.37	2.76
referred	-4.35	2.39
suffer	-4.35	2.61
absolute	-4.29	2.47
ogres	-4.24	1.73
painful	-4.22	2.58
loaded	-4.20	3.84
eternal	-4.15	2.35
eladrin	-4.13	1.60
horribly	-4.09	2.51
contrast	-4.08	2.89
racial	-4.06	1.57
dislike	-4.04	2.36
lethal	-4.01	3.65
users	-4.00	2.93
dream	-3.99	2.61
trolls	-3.98	1.57
tiefling	-3.91	1.46
strange	-3.86	2.41
accident	-3.86	2.40
humanoids	-3.83	1.59
expecting	-3.81	2.23
suggests	-3.81	2.42
ban	-3.75	2.74
fans	-3.71	2.95
trope	-3.69	2.67
serious	-3.62	2.61
rust	-3.58	2.63
elf	-3.57	1.53
species	-3.57	1.57
live	-3.56	1.39
sucked	-3.56	3.02
habit	-3.54	3.11
dreams	-3.54	2.43
tendency	-3.54	2.53
suffering	-3.53	1.54
deadly	-3.51	3.55
ridiculous	-3.51	2.19
biggest	-3.48	2.71
dominate	-3.48	2.78
dwarf	-3.47	1.51
responsible	-3.44	2.50
talks	-3.41	2.44
playable	-3.34	1.48
ruined	-3.33	2.59
essential	-3.33	2.86
kobolds	-3.32	1.56
railroading	-3.32	2.62
commonly	-3.31	2.47
hobgoblins	-3.29	1.57
goblins	-3.25	1.55
ruin	-3.24	2.53
flaw	-3.23	2.58
held	-3.21	2.89
rid	-3.18	3.31
human	-3.17	1.40
unexpected	-3.15	2.72
pain	-3.15	2.49
trust	-3.14	2.86
whatnot	-3.14	2.33
cruel	-3.12	2.67
severe	-3.10	1.66
doubt	-3.10	2.67
except	-3.09	2.67
tribes	-3.08	1.51
insist	-3.08	2.71
warforged	-3.02	1.27
crappy	-3.01	2.17
optimal	-3.01	2.49
tend	-3.00	2.92
complain	-3.00	2.48
ignoring	-2.95	2.26
folk	-2.94	1.43
hurts	-2.94	2.44
complaining	-2.92	2.41
shame	-2.91	1.97
decision	-2.90	2.67
pointless	-2.90	2.24
half-elf	-2.89	1.34
cause	-2.87	1.55
half	-2.85	1.31
causes	-2.83	1.61
goliath	-2.82	1.26
naturally	-2.81	1.37
absurd	-2.81	2.23
half-orc	-2.78	1.28
halfling	-2.78	1.32
poor	-2.76	2.55
bam	-2.71	2.99
singing	-2.70	2.89
scenario	-2.70	2.70
everywhere	-2.68	2.69
tribe	-2.68	1.45
minotaur	-2.67	1.25
trait	-2.66	1.03
disease	-2.65	1.26
demonic	-2.63	1.05
causing	-2.63	1.72
template	-2.62	1.29
suspect	-2.62	2.44
piss	-2.59	2.60
angry	-2.59	3.19
call	-2.59	2.81
adjustment	-2.54	1.27
constructs	-2.53	1.20
among	-2.52	1.27
hill	-2.52	1.34
odd	-2.51	2.37
bad	-2.50	2.64
loss	-2.49	1.53
elven	-2.49	1.35
theory	-2.48	2.46
tolkien	-2.45	1.37
dwarven	-2.45	1.29
resulting	-2.42	1.37
warlocks	-2.38	1.27
tpk	-2.38	1.40
bloodline	-2.37	1.20
gnome	-2.36	1.19
due	-2.33	1.57
ears	-2.31	1.29
orc	-2.30	1.24
dare	-2.28	2.83
shitty	-2.27	2.20
spiders	-2.26	1.27
harsh	-2.26	2.34
terror	-2.25	1.16
punishment	-2.23	1.38
barbarian	-2.23	1.10
massive	-2.22	1.51
mountain	-2.22	1.28
believed	-2.21	2.66
sorcerer	-2.21	1.13
pact	-2.20	1.20
thinks	-2.19	2.51
broken	-2.18	2.43
wound	-2.17	1.42
destruction	-2.17	1.26
weird	-2.16	2.03
ideal	-2.14	2.51
monstrous	-2.13	1.21
yours	-2.12	2.38
fault	-2.11	2.34
enjoys	-2.11	2.75
frustrated	-2.09	2.82
favourite	-2.08	2.18
instant	-2.07	1.30
unit	-2.06	1.12
inflict	-2.05	1.15
bleeding	-2.04	1.35
stating	-2.04	4.10
assholes	-2.02	2.25
significant	-2.02	1.55
humanoid	-2.01	1.20
morally	-2.01	3.55
voices	-2.00	2.66
amongst	-1.98	1.27
rouge	-1.98	1.11
failure	-1.98	1.36
drizzt	-1.96	1.13
likes	-1.95	2.58
slight	-1.95	1.64
rock	-1.94	1.14
templates	-1.92	1.23
disappointed	-1.91	2.63
lesser	-1.91	1.24
named	-1.91	1.14
pixie	-1.90	1.02
la	-1.90	1.23
missing	-1.90	3.65
risk	-1.89	1.15
dicks	-1.89	1.34
wolves	-1.89	1.12
quit	-1.88	2.71
illusionist	-1.87	1.13
ugly	-1.86	2.70
mountains	-1.86	1.22
suck	-1.85	2.22
plague	-1.84	1.16
penalty	-1.84	1.42
clearly	-1.84	4.31
consequences	-1.84	1.48
lame	-1.83	2.17
sentient	-1.83	1.21
ranger	-1.82	1.07
feeling	-1.81	2.80
horde	-1.81	1.20
barb	-1.80	1.01
clan	-1.80	1.14
raw	-1.79	4.07
beings	-1.75	1.23
changeling	-1.74	1.10
cleric	-1.74	1.15
toward	-1.74	1.43
weather	-1.74	1.28
silly	-1.74	2.09
lived	-1.74	0.99
born	-1.72	1.17
entity	-1.71	0.93
slavery	-1.70	1.02
dragonlance	-1.70	1.20
cheating	-1.69	1.72
sudden	-1.69	1.22
outsiders	-1.68	1.18
female	-1.68	1.16
messed	-1.68	2.74
fact	-1.68	4.23
magics	-1.68	1.02
weakness	-1.67	1.28
deliberately	-1.67	1.23
penalties	-1.67	1.35
deaths	-1.66	1.42
faerun	-1.66	1.23
lotr	-1.66	1.25
unfair	-1.66	1.27
beasts	-1.65	1.05
anger	-1.65	1.04
somewhere	-1.65	4.10
barbarians	-1.64	1.15
matter	-1.64	4.32
nerf	-1.64	1.20
dying	-1.64	1.21
traits	-1.63	1.04
intentionally	-1.62	1.33
nothing	-1.61	4.22
primary	-1.60	1.37
railroaded	-1.59	1.29
raiding	-1.59	1.13
raised	-1.59	1.19
fighter	-1.59	1.07
mean	-1.58	4.29
alien	-1.58	0.95
devils	-1.57	1.24
circumstances	-1.57	1.27
uncommon	-1.57	1.13
wood	-1.57	1.16
enormous	-1.56	1.16
suggesting	-1.56	3.85
troops	-1.56	0.96
rogue	-1.56	1.03
insanity	-1.55	0.89
shaman	-1.55	1.02
goblin	-1.54	1.12
doing	-1.54	4.10
hostile	-1.53	0.85
berserker	-1.52	0.96
punished	-1.51	1.12
possible	-1.50	2.77
unlucky	-1.49	1.51
bond	-1.49	1.05
wizard	-1.49	1.03
nowhere	-1.49	1.41
wounds	-1.48	1.17
violent	-1.47	1.04
zombies	-1.47	1.07
victory	-1.46	1.17
sorc	-1.45	0.99
raging	-1.45	1.01
druid	-1.45	0.96
spreading	-1.43	1.09
believe	-1.43	4.20
warlock	-1.42	0.99
consequence	-1.42	1.31
desire	-1.41	1.26
saying	-1.41	4.16
huge	-1.41	1.21
worthless	-1.41	1.11
triggered	-1.41	1.31
male	-1.40	1.13
variants	-1.40	1.16
mages	-1.39	1.12
wounded	-1.39	1.31
assassin	-1.39	1.05
warden	-1.39	1.03
lasting	-1.38	1.58
negate	-1.37	1.19
whom	-1.37	1.05
west	-1.36	1.23
bard	-1.36	1.00
unusual	-1.36	1.10
bahamut	-1.36	1.11
spellcasters	-1.35	1.14
largest	-1.35	1.14
variant	-1.34	1.24
worship	-1.34	1.27
dread	-1.34	1.01
outcome	-1.34	1.77
blame	-1.33	1.20
twisted	-1.33	0.87
sigh	-1.32	2.39
implies	-1.32	1.82
dealing	-1.32	1.77
distinct	-1.31	1.10
warlord	-1.30	1.00
patron	-1.29	0.94
pitch	-1.29	0.98
replace	-1.29	1.19
psion	-1.28	1.03
major	-1.28	1.37
hobbit	-1.26	1.13
moderate	-1.26	1.19
alike	-1.26	1.05
spider	-1.25	0.91
ex	-1.25	1.04
tiamat	-1.25	1.07
calling	-1.24	1.62
ruining	-1.24	1.30
belong	-1.23	1.08
scary	-1.23	2.11
former	-1.23	0.86
fey	-1.22	1.01
gnomish	-1.22	1.17
overwhelming	-1.22	1.00
effects	-1.22	1.15
formed	-1.21	0.96
era	-1.21	1.03
upset	-1.20	2.79
bears	-1.20	0.99
kobold	-1.20	1.17
torn	-1.20	1.28
fighters	-1.19	1.19
partially	-1.19	1.49
niche	-1.18	1.04
fate	-1.17	1.14
lone	-1.17	1.08
bolts	-1.17	1.29
underdark	-1.17	1.04
native	-1.17	1.48
giant	-1.16	0.82
intended	-1.16	3.72
exclusively	-1.15	1.50
hurting	-1.15	1.44
possess	-1.15	0.99
dealt	-1.15	1.42
ghosts	-1.14	0.93
swordmage	-1.14	1.02
society	-1.14	1.22
virtually	-1.13	1.45
screwing	-1.13	1.69
skeletons	-1.13	1.01
exceptions	-1.13	1.35
faced	-1.13	1.26
unbalanced	-1.13	1.20
artificer	-1.13	0.92
threat	-1.13	1.29
peoples	-1.13	1.14
unnecessary	-1.12	1.15
lean	-1.12	1.40
real	-1.12	1.85
bonds	-1.12	1.10
living	-1.11	1.02
elementals	-1.11	1.01
punches	-1.11	1.14
class	-1.11	1.12
deity	-1.10	1.14
camp	-1.10	1.06
planar	-1.10	1.00
occur	-1.10	1.43
exactly	-1.09	3.95
archer	-1.09	0.99
dark	-1.09	0.97
bandits	-1.09	1.11
domains	-1.08	1.15
cultists	-1.08	0.95
god	-1.08	1.14
fired	-1.08	1.35
nearly	-1.08	1.41
burnt	-1.07	1.11
cases	-1.07	1.42
inventory	-1.07	1.05
removes	-1.07	1.17
punishing	-1.07	1.38
railroad	-1.07	1.35
sorta	-1.07	2.34
archetypes	-1.07	1.02
construct	-1.07	1.00
eberron	-1.06	1.03
joy	-1.06	1.05
monks	-1.06	1.02
measure	-1.06	1.14
creatures	-1.06	1.06
band	-1.06	1.06
unknown	-1.05	1.39
devotion	-1.05	1.11
conjuration	-1.05	1.18
ecl	-1.05	1.09
drain	-1.05	1.00
rats	-1.05	0.93
life	-1.05	1.03
surface	-1.04	1.03
attributes	-1.04	1.06
forever	-1.04	1.00
strikes	-1.03	1.35
inherent	-1.03	0.95
rage	-1.03	0.95
unreasonable	-1.03	1.45
downvoted	-1.03	3.76
combinations	-1.03	0.97
poorly	-1.03	1.60
imply	-1.03	2.90
pack	-1.03	1.06
slave	-1.03	0.90
evocation	-1.03	1.20
pure	-1.01	1.06
constant	-1.01	1.34
placed	-1.01	1.08
mirror	-1.01	1.03
classes	-1.01	1.07
overpowered	-1.01	1.25
damaged	-1.00	1.36
warriors	-1.00	1.04
ability	-1.00	1.05
emotional	-1.00	1.18
occasionally	-1.00	1.12
specialist	-0.99	1.21
follower	-0.99	1.10
removing	-0.99	1.22
paranoia	-0.99	1.03
totem	-0.98	0.93
divination	-0.98	1.20
flaws	-0.98	1.14
obscure	-0.98	1.06
greatest	-0.97	2.34
celestial	-0.97	0.99
developed	-0.97	1.05
drunken	-0.97	1.02
swarm	-0.97	0.99
true	-0.97	3.46
rangers	-0.97	1.01
ending	-0.96	1.10
magic	-0.96	1.06
cure	-0.96	0.96
cry	-0.96	2.53
necromancy	-0.96	1.24
torture	-0.95	1.03
rumors	-0.95	1.12
specialize	-0.95	1.23
smile	-0.95	2.40
op	-0.94	3.73
instance	-0.94	1.50
slap	-0.94	1.42
bards	-0.94	1.04
raid	-0.94	1.03
downvote	-0.94	3.73
inevitably	-0.94	1.19
pair	-0.94	1.06
rogues	-0.93	0.98
clerics	-0.93	0.96
screams	-0.93	1.15
hybrid	-0.93	0.99
domain	-0.93	1.11
draconic	-0.93	1.08
whereas	-0.93	1.22
bird	-0.93	0.85
sorcerers	-0.93	0.99
oddly	-0.93	0.95
paladin	-0.93	1.06
punish	-0.92	1.29
whose	-0.92	0.92
devoted	-0.92	0.93
attacked	-0.92	0.97
fireballs	-0.92	1.18
plants	-0.92	1.00
fortress	-0.92	1.15
event	-0.91	1.48
injured	-0.91	1.11
golem	-0.91	0.97
animals	-0.91	0.95
army	-0.90	0.99
danger	-0.90	1.16
ogre	-0.90	0.98
confusion	-0.90	1.16
origin	-0.90	1.29
enchantment	-0.90	1.22
druids	-0.90	0.97
harm	-0.89	1.11
alcohol	-0.89	1.06
rude	-0.89	1.16
gms	-0.89	1.19
acceptable	-0.89	1.43
undead	-0.88	0.98
relative	-0.88	1.12
ruins	-0.88	1.13
ghost	-0.88	1.04
rails	-0.88	1.44
rat	-0.88	0.81
activate	-0.87	1.29
disagree	-0.87	3.26
matters	-0.87	1.69
surviving	-0.87	1.02
uncomfortable	-0.86	1.34
outright	-0.86	1.86
sample	-0.86	1.07
slaves	-0.86	0.92
dies	-0.85	1.39
personality	-0.85	1.13
cuts	-0.85	1.07
blows	-0.85	1.23
correctly	-0.85	3.47
point	-0.85	3.61
alchemy	-0.85	1.06
raven	-0.85	0.92
fudging	-0.85	1.46
useless	-0.85	1.12
state	-0.84	2.28
spectrum	-0.84	1.50
strikers	-0.84	1.21
resurrected	-0.84	1.09
leader	-0.84	1.08
astral	-0.84	1.23
appearance	-0.84	1.14
between	-0.84	1.21
lion	-0.84	0.82
result	-0.84	1.52
ripped	-0.84	1.32
bear	-0.83	0.85
mode	-0.83	1.12
beaten	-0.83	1.14
dire	-0.83	0.85
dragons	-0.83	0.98
healed	-0.83	1.07
respect	-0.83	1.51
wings	-0.83	0.94
defined	-0.83	2.25
hd	-0.83	1.11
ditch	-0.82	1.20
belief	-0.82	1.50
consists	-0.82	1.11
potential	-0.82	1.28
goddess	-0.82	1.04
owlbear	-0.82	0.74
harmless	-0.82	1.09
obvious	-0.81	1.38
irrelevant	-0.81	1.61
right	-0.81	3.73
deciding	-0.81	1.83
altogether	-0.81	1.21
anytime	-0.81	1.30
angels	-0.81	1.12
cat	-0.81	0.84
possibility	-0.80	1.33
lazy	-0.80	1.18
casters	-0.80	1.02
frost	-0.80	0.98
execution	-0.80	1.21
terrified	-0.80	1.35
burned	-0.80	1.11
necromancers	-0.80	0.98
brutal	-0.79	1.02
tree	-0.79	1.33
men	-0.79	1.25
immune	-0.79	1.06
wolf	-0.79	0.83
sleep	-0.79	1.11
involving	-0.79	1.01
incorrect	-0.78	3.49
weave	-0.78	1.00
charm	-0.78	1.14
mimic	-0.78	1.02
circumstance	-0.78	1.23
vengeance	-0.78	0.92
iirc	-0.78	1.28
superior	-0.78	1.05
zombie	-0.77	0.93
restrict	-0.77	1.28
restore	-0.77	1.27
houserule	-0.77	1.46
regret	-0.77	1.11
subclass	-0.77	1.06
beast	-0.77	0.93
hole	-0.77	1.27
ambush	-0.77	1.05
arbitrary	-0.77	1.17
gods	-0.76	1.07
pointed	-0.76	1.36
traditional	-0.76	1.00
bonuses	-0.76	1.05
breath	-0.76	0.98
fires	-0.76	1.20
feelings	-0.75	1.15
definition	-0.75	1.64
knight	-0.75	0.97
failing	-0.75	1.23
heal	-0.75	0.99
breaking	-0.75	1.41
mage	-0.74	0.98
summoning	-0.74	0.98
scout	-0.74	1.02
dip	-0.74	1.02
throat	-0.74	1.10
summoned	-0.74	0.94
cube	-0.74	1.13
culture	-0.74	1.07
deities	-0.74	0.98
instantly	-0.73	1.37
opposite	-0.73	1.50
ideals	-0.73	1.09
issues	-0.73	1.41
decisions	-0.73	1.72
blow	-0.73	1.22
negative	-0.73	1.16
multiclass	-0.73	1.05
summons	-0.73	0.94
pushed	-0.72	1.31
mob	-0.72	1.11
plant	-0.72	0.99
magical	-0.72	1.08
vecna	-0.72	1.07
haste	-0.72	1.07
archers	-0.72	0.98
regard	-0.72	1.08
duskblade	-0.72	1.02
remove	-0.72	1.20
shorter	-0.72	1.19
fiend	-0.72	0.98
eldritch	-0.72	0.96
discretion	-0.71	1.39
determined	-0.71	1.47
thief	-0.71	1.06
homebrewed	-0.71	1.05
primarily	-0.71	1.70
minor	-0.71	1.24
slayer	-0.71	1.00
ambushed	-0.71	1.04
schools	-0.71	1.20
limbs	-0.71	1.12
arrow	-0.71	1.02
ultimately	-0.70	1.49
wrap	-0.70	1.19
peasants	-0.70	0.92
weaknesses	-0.70	1.11
mobs	-0.70	1.16
bound	-0.70	1.09
runes	-0.70	1.10
lack	-0.70	1.20
stomach	-0.70	1.01
agency	-0.70	1.31
vow	-0.70	1.01
regards	-0.70	1.16
large	-0.69	1.07
destiny	-0.69	0.98
doom	-0.69	1.00
aiming	-0.69	1.84
pretending	-0.69	1.05
charging	-0.69	0.96
gun	-0.69	1.20
sleeping	-0.69	1.09
greataxe	-0.69	0.92
arcane	-0.69	0.99
defenders	-0.69	1.22
arrows	-0.69	1.00
worlds	-0.69	1.10
pleased	-0.69	2.62
mysterious	-0.68	1.01
stated	-0.68	2.60
destroyed	-0.68	1.07
wipe	-0.68	1.13
fiat	-0.68	1.42
feather	-0.68	1.25
lacking	-0.68	1.16
divinity	-0.68	1.06
goals	-0.68	1.17
prisoner	-0.68	1.09
locate	-0.68	1.21
explicitly	-0.68	2.88
activated	-0.67	1.13
lying	-0.67	2.26
choices	-0.67	1.36
knows	-0.67	1.96
results	-0.67	1.40
ie	-0.67	1.10
big	-0.67	1.49
metagaming	-0.67	1.27
wild	-0.67	0.93
dancing	-0.67	1.05
chaos	-0.67	1.10
abilities	-0.66	1.06
conclusion	-0.66	1.60
ordinary	-0.66	1.12
wagon	-0.66	1.03
crossing	-0.66	1.11
desires	-0.66	1.12
selfish	-0.66	1.13
benefits	-0.66	1.09
referring	-0.65	3.57
em	-0.65	2.49
forest	-0.65	0.99
baddies	-0.65	1.22
shenanigans	-0.65	1.09
prisoners	-0.65	1.00
minus	-0.65	1.09
usual	-0.65	1.06
bigger	-0.65	1.31
mental	-0.65	1.13
portable	-0.65	1.23
madness	-0.65	0.89
awakened	-0.65	0.92
mistaken	-0.65	3.17
influence	-0.64	0.99
cannon	-0.64	1.13
seeking	-0.64	1.40
spare	-0.64	0.97
traps	-0.64	1.34
wizards	-0.64	1.05
floating	-0.64	1.21
firing	-0.64	1.06
mortals	-0.64	1.00
pull	-0.64	1.52
resort	-0.64	1.23
meta	-0.64	1.24
realizing	-0.63	1.42
theirs	-0.63	1.55
underpowered	-0.63	1.20
trickster	-0.63	0.89
sun	-0.63	0.92
warn	-0.63	1.50
reverse	-0.63	1.09
tells	-0.63	1.82
bandit	-0.63	1.04
favored	-0.63	1.01
hearing	-0.62	1.16
occurs	-0.62	1.41
insert	-0.62	0.95
specialized	-0.62	0.99
pantheon	-0.62	1.07
metagame	-0.62	1.46
severely	-0.61	1.24
mainly	-0.61	0.92
wake	-0.61	1.07
calls	-0.61	1.40
panic	-0.61	1.00
memory	-0.61	1.11
complaints	-0.61	1.51
mindless	-0.61	0.95
who	-0.61	1.20
dimension	-0.61	1.24
load	-0.60	1.29
greedy	-0.60	1.05
asleep	-0.60	1.03
nature	-0.60	1.50
centuries	-0.60	1.27
telling	-0.60	2.32
longbow	-0.60	0.95
mad	-0.60	1.35
warrior	-0.60	0.98
refer	-0.60	1.46
truth	-0.60	2.27
alongside	-0.60	0.96
desperate	-0.60	1.27
vicious	-0.60	0.98
he/she	-0.60	1.32
waves	-0.60	1.35
honor	-0.60	1.19
therefore	-0.60	2.02
standards	-0.59	1.24
archetype	-0.59	1.01
chooses	-0.59	1.49
guilty	-0.59	1.17
treat	-0.59	1.32
focuses	-0.59	1.11
bow	-0.59	0.99
understands	-0.59	1.53
initially	-0.59	1.35
towards	-0.59	1.36
avenger	-0.59	1.01
directly	-0.59	2.10
queen	-0.59	0.94
wasting	-0.59	1.57
lives	-0.58	0.98
cage	-0.58	1.11
spy	-0.58	0.97
phase	-0.58	1.21
companions	-0.58	0.86
pulling	-0.58	1.52
spirits	-0.58	1.00
needing	-0.58	1.41
small	-0.58	1.04
hitting	-0.58	1.92
demons	-0.58	1.06
savage	-0.58	0.99
shooting	-0.57	1.13
affects	-0.57	1.26
mere	-0.57	1.06
poison	-0.57	1.03
cares	-0.57	1.56
population	-0.57	1.04
guards	-0.57	1.13
noise	-0.57	1.01
multi	-0.57	0.98
mercy	-0.57	0.88
townsfolk	-0.57	0.98
civilization	-0.57	1.01
burst	-0.57	1.18
merely	-0.57	1.91
budget	-0.57	1.39
removed	-0.57	1.46
animal	-0.56	0.95
monk	-0.56	0.95
owned	-0.56	1.01
knights	-0.56	0.96
gut	-0.56	1.17
getting	-0.56	1.91
paladins	-0.56	1.05
features	-0.56	1.05
immediate	-0.56	1.19
enforce	-0.56	1.22
builds	-0.56	1.12
affecting	-0.56	1.15
followers	-0.56	0.94
occurred	-0.56	1.50
canon	-0.55	0.97
blast	-0.55	0.99
resurrect	-0.55	1.26
spellcasting	-0.55	1.03
accidentally	-0.55	1.21
optional	-0.55	1.13
objective	-0.55	1.30
recognize	-0.55	1.84
fantasy	-0.55	0.91
improvise	-0.55	1.51
memories	-0.55	1.12
spring	-0.55	0.90
shoot	-0.55	1.03
wildshape	-0.55	0.94
powers	-0.55	1.07
riding	-0.54	0.83
nerfed	-0.54	1.28
regardless	-0.54	1.96
hordes	-0.54	1.02
cave	-0.54	1.06
advanced	-0.54	1.09
cart	-0.54	1.16
immortal	-0.54	1.09
kit	-0.54	1.12
attacking	-0.54	1.21
main	-0.53	1.47
sphere	-0.53	1.16
combination	-0.53	1.16
rituals	-0.53	1.02
presumably	-0.53	0.87
illusion	-0.53	1.00
counting	-0.53	1.37
specifically	-0.53	2.93
prove	-0.53	1.71
munchkin	-0.53	1.31
randomly	-0.53	1.27
bloody	-0.53	0.97
purpose	-0.53	1.67
logical	-0.53	1.76
factors	-0.53	1.48
siege	-0.53	0.97
ultimate	-0.53	1.13
literally	-0.53	2.53
feats	-0.53	1.15
lands	-0.53	1.06
scream	-0.53	1.01
abandoned	-0.53	1.13
victim	-0.52	1.02
forgotten	-0.52	0.96
rapid	-0.52	0.97
tiny	-0.52	0.84
aim	-0.52	1.13
wooden	-0.52	1.09
bows	-0.52	1.00
exotic	-0.52	0.89
poisoned	-0.52	1.02
waste	-0.52	1.66
vampires	-0.52	1.04
blew	-0.52	1.10
sorcery	-0.52	1.50
champion	-0.52	1.01
screwed	-0.51	1.19
control	-0.51	1.14
happens	-0.51	2.60
transform	-0.51	1.00
anywhere	-0.51	2.31
poisons	-0.51	0.99
encounter	-0.51	1.37
preference	-0.51	1.34
mostly	-0.51	1.70
points	-0.51	1.81
multiclassing	-0.51	1.05
surely	-0.51	1.31
exception	-0.51	1.78
village	-0.51	0.85
vampire	-0.50	0.97
shake	-0.50	1.16
healing	-0.50	1.06
minions	-0.50	1.02
temporary	-0.50	1.06
fuel	-0.50	1.26
bend	-0.50	1.19
showing	-0.50	1.75
physical	-0.50	1.07
shots	-0.50	1.10
vast	-0.50	1.10
his/her	-0.50	1.13
skeleton	-0.50	0.95
designers	-0.50	2.30
mount	-0.50	0.88
caster	-0.50	1.06
pulls	-0.50	1.26
necromancer	-0.49	0.99
distract	-0.49	1.18
hunter	-0.49	0.98
believes	-0.49	1.56
realms	-0.49	0.97
boring	-0.49	1.17
upon	-0.49	1.30
according	-0.49	1.83
samurai	-0.49	0.97
choosing	-0.49	1.35
psionic	-0.49	1.10
crossbow	-0.49	1.02
spirit	-0.49	0.96
instrument	-0.49	1.10
summon	-0.49	0.87
missile	-0.49	1.01
innocents	-0.49	1.05
and/or	-0.48	1.14
triggers	-0.48	1.21
achieve	-0.48	1.18
realistic	-0.48	1.18
banned	-0.48	0.96
prestige	-0.48	1.06
replacing	-0.48	1.45
reducing	-0.48	1.11
forgetting	-0.48	1.91
spellcaster	-0.48	1.01
difference	-0.48	1.74
helpless	-0.47	1.24
sneaking	-0.47	1.22
losing	-0.47	1.23
process	-0.47	1.10
sized	-0.47	0.99
larger	-0.47	1.10
typical	-0.47	0.99
agreement	-0.47	1.42
practically	-0.47	1.56
wands	-0.47	0.97
continent	-0.47	1.05
solely	-0.47	1.31
internal	-0.47	1.23
scenarios	-0.47	1.38
disappear	-0.47	1.06
shot	-0.47	1.06
pick	-0.47	1.53
form	-0.47	1.08
trigger	-0.46	1.25
boom	-0.46	1.06
cold	-0.46	1.05
fr	-0.46	0.99
pet	-0.46	0.77
frustrating	-0.46	1.13
tactic	-0.46	1.08
gamers	-0.46	1.18
contents	-0.46	1.31
fourth	-0.46	1.18
binding	-0.46	0.95
companion	-0.46	0.80
hungry	-0.46	1.03
moral	-0.46	1.55
dogs	-0.46	0.89
bored	-0.46	1.57
setting	-0.46	1.00
missiles	-0.46	1.03
statues	-0.45	1.06
crime	-0.45	0.98
stopping	-0.45	1.70
criminals	-0.45	0.94
identity	-0.45	1.92
strictly	-0.45	1.93
annoyed	-0.45	1.56
views	-0.45	1.86
eye	-0.45	1.45
nations	-0.45	1.07
environment	-0.45	1.14
civil	-0.44	1.18
preparation	-0.44	1.21
chains	-0.44	1.11
stress	-0.44	1.34
restricted	-0.44	1.12
defeated	-0.44	1.11
relies	-0.44	1.29
compare	-0.44	1.14
covered	-0.44	1.26
essence	-0.44	1.06
expanded	-0.44	1.12
nose	-0.44	0.95
raise	-0.44	0.98
fireball	-0.44	1.00
dragon	-0.44	0.87
cliche	-0.44	0.94
called	-0.44	1.63
failures	-0.44	1.17
tear	-0.44	0.93
gelatinous	-0.44	1.09
mortal	-0.43	1.01
gritty	-0.43	1.06
category	-0.43	1.03
successes	-0.43	1.17
problems	-0.43	1.37
sandbox	-0.43	1.22
yelling	-0.43	1.29
exist	-0.43	2.53
stat	-0.43	1.05
describes	-0.43	1.64
arm	-0.43	1.37
retreat	-0.43	1.07
challenge	-0.43	1.31
scattered	-0.43	1.04
perform	-0.43	1.17
knowing	-0.43	2.75
werewolf	-0.43	0.93
size	-0.43	1.04
built	-0.43	1.41
fails	-0.43	1.15
specialization	-0.43	1.08
casts	-0.42	1.05
corrupt	-0.42	0.89
judgement	-0.42	1.64
success	-0.42	1.18
vulnerable	-0.42	1.19
20s	-0.42	1.18
agrees	-0.42	1.58
corrupted	-0.42	1.04
glass	-0.42	1.25
flying	-0.42	1.03
nobles	-0.42	0.93
teleport	-0.42	1.06
actions	-0.42	1.37
wants	-0.42	1.68
curiosity	-0.42	1.38
technically	-0.42	2.77
apart	-0.42	1.21
cult	-0.42	0.98
judge	-0.42	1.52
disadvantage	-0.42	1.10
greyhawk	-0.42	1.00
consuming	-0.41	1.02
axe	-0.41	0.90
minimal	-0.41	1.12
prey	-0.41	1.01
horse	-0.41	0.88
viable	-0.41	1.23
strengths	-0.41	1.08
wand	-0.41	1.07
dependent	-0.41	1.42
medium	-0.41	1.00
charged	-0.41	1.02
casual	-0.41	1.18
experiences	-0.41	1.17
sees	-0.41	1.53
planet	-0.41	1.14
necrotic	-0.41	1.12
throws	-0.41	1.12
clear	-0.41	2.97
cast	-0.41	1.04
non	-0.41	1.23
independent	-0.41	1.13
messing	-0.41	1.84
pressure	-0.41	1.12
prevents	-0.41	1.36
lay	-0.41	1.09
explode	-0.41	1.12
wave	-0.41	1.42
melee	-0.41	1.05
prison	-0.41	0.99
kicks	-0.41	1.11
north	-0.41	1.17
bugbear	-0.40	0.97
encounters	-0.40	1.34
armies	-0.40	0.98
potentially	-0.40	1.19
exploring	-0.40	1.19
desert	-0.40	1.05
side	-0.40	1.92
legitimate	-0.40	1.36
mounts	-0.40	0.97
urban	-0.40	1.00
underground	-0.40	1.02
typically	-0.40	1.45
animate	-0.40	0.93
bolt	-0.40	0.99
devil	-0.40	0.98
feature	-0.40	1.08
subjective	-0.40	1.69
bab	-0.40	1.06
ignored	-0.40	1.24
effect	-0.39	1.16
carefully	-0.39	1.16
detect	-0.39	1.51
assault	-0.39	0.95
settings	-0.39	1.01
crossbows	-0.39	1.02
branch	-0.39	1.09
shape	-0.39	1.04
defender	-0.39	0.99
nation	-0.39	1.01
mentions	-0.39	1.67
attribute	-0.39	1.09
par	-0.39	1.10
impact	-0.39	1.37
planescape	-0.39	1.02
destroy	-0.39	1.14
mounted	-0.39	0.98
left	-0.39	2.26
tears	-0.39	0.85
at-will	-0.39	1.06
explore	-0.39	1.20
cultist	-0.39	0.93
touch	-0.38	1.00
restrictions	-0.38	1.23
gender	-0.38	1.05
elemental	-0.38	1.01
vile	-0.38	1.16
lightning	-0.38	1.01
homebrew	-0.38	1.19
stronger	-0.38	1.26
conditions	-0.38	1.10
snow	-0.38	0.97
crusader	-0.38	1.00
forces	-0.38	1.18
justice	-0.38	0.98
war	-0.38	1.02
reaching	-0.38	1.22
complaint	-0.38	1.36
score	-0.38	1.08
strike	-0.38	0.99
introducing	-0.37	1.09
casting	-0.37	1.08
ray	-0.37	0.98
soldiers	-0.37	0.93
darkvision	-0.37	1.01
rarely	-0.37	1.39
mark	-0.37	1.04
paths	-0.37	1.07
dispel	-0.37	1.03
foes	-0.37	1.07
legs	-0.37	1.01
earth	-0.37	1.02
mix	-0.37	1.05
demand	-0.37	1.35
background	-0.37	1.04
constitution	-0.37	1.17
avoided	-0.36	1.28
balancing	-0.36	1.19
arguing	-0.36	2.28
hideout	-0.36	1.05
nobody	-0.36	1.76
warblade	-0.36	1.02
balance	-0.36	1.26
damaging	-0.36	1.11
spells	-0.36	1.09
ranged	-0.36	1.10
realm	-0.36	1.11
unless	-0.36	2.99
masters	-0.36	1.02
maximize	-0.36	1.07
sneak	-0.36	1.04
cone	-0.36	1.05
radiant	-0.36	1.17
swift	-0.36	1.15
whether	-0.36	2.37
secondary	-0.36	1.12
obnoxious	-0.36	1.08
assassins	-0.36	0.96
optimized	-0.36	1.10
linear	-0.36	1.17
swordsage	-0.36	1.02
bonus	-0.36	1.09
dog	-0.36	0.78
lake	-0.36	1.07
prc	-0.35	1.04
upgrade	-0.35	1.23
motivations	-0.35	1.13
situations	-0.35	1.39
personalities	-0.35	1.09
sole	-0.35	1.25
slip	-0.35	1.46
bed	-0.35	1.08
acts	-0.35	1.18
metamagic	-0.35	1.00
paragon	-0.35	1.05
wind	-0.35	1.14
prefer	-0.35	1.21
plain	-0.35	1.10
fudge	-0.35	1.66
chose	-0.35	1.45
informed	-0.35	1.19
apply	-0.35	1.18
restriction	-0.35	1.22
island	-0.35	0.99
0	-0.35	1.20
breaks	-0.35	1.31
glory	-0.35	0.98
facing	-0.34	1.14
false	-0.34	1.89
broke	-0.34	1.28
conscious	-0.34	1.11
chance	-0.34	1.36
dexterity	-0.34	1.09
attacks	-0.34	1.14
succeed	-0.34	1.19
health	-0.34	1.17
low-level	-0.34	1.21
leaves	-0.34	1.18
abstract	-0.34	1.20
ravenloft	-0.34	0.98
deals	-0.34	1.23
orb	-0.34	1.01
implement	-0.34	1.03
having	-0.34	2.54
interpret	-0.34	1.95
mouth	-0.34	0.98
intelligence	-0.34	1.06
unarmored	-0.34	0.99
tunnel	-0.33	1.06
south	-0.33	1.17
goal	-0.33	1.52
hold	-0.33	1.25
mindset	-0.33	1.29
hopes	-0.33	0.93
lose	-0.33	1.28
threats	-0.33	1.07
twf	-0.33	1.01
break	-0.33	1.34
trees	-0.33	0.99
portal	-0.33	1.29
spell	-0.33	1.08
confirm	-0.33	1.19
beneath	-0.33	1.10
conflicts	-0.33	1.34
degree	-0.33	1.06
strength	-0.33	1.07
squishy	-0.33	0.94
liked	-0.33	2.23
oath	-0.33	1.08
scores	-0.33	1.09
tropes	-0.33	0.87
hands	-0.33	0.96
dead	-0.33	0.97
tied	-0.33	1.20
investigating	-0.33	1.37
automatic	-0.33	1.19
adept	-0.33	1.07
define	-0.33	1.34
government	-0.32	1.10
interrupt	-0.32	1.25
peace	-0.32	1.06
percentage	-0.32	1.21
shout	-0.32	1.09
commoners	-0.32	1.00
chosen	-0.32	1.15
odds	-0.32	1.29
middle	-0.32	1.60
auto	-0.32	1.20
caravan	-0.32	1.00
obviously	-0.32	3.07
constantly	-0.32	1.24
seal	-0.32	1.08
guarantee	-0.32	2.22
resist	-0.32	1.12
controller	-0.32	1.01
advantages	-0.32	1.11
drunk	-0.32	1.14
crimes	-0.32	1.04
additionally	-0.32	1.06
thieves	-0.32	1.02
attitude	-0.32	1.37
horses	-0.32	0.91
arrested	-0.32	1.13
favor	-0.32	1.24
fail	-0.32	1.18
wisdom	-0.31	1.11
located	-0.31	1.47
smaller	-0.31	1.08
shocking	-0.31	0.95
morality	-0.31	1.66
lie	-0.31	2.03
limitations	-0.31	1.17
blade	-0.31	0.94
factor	-0.31	1.33
identical	-0.31	1.33
zero	-0.31	1.38
faction	-0.31	1.37
chances	-0.31	1.27
critical	-0.31	1.20
christian	-0.31	0.88
screw	-0.31	1.57
country	-0.31	1.18
cantrips	-0.31	1.01
win	-0.31	1.40
bludgeoning	-0.31	1.21
empire	-0.31	1.05
equal	-0.31	1.10
storm	-0.31	0.95
happening	-0.31	2.50
noted	-0.31	1.85
troll	-0.31	0.95
elite	-0.31	1.05
under	-0.31	1.93
holes	-0.31	1.05
moon	-0.31	0.92
intelligent	-0.31	0.93
fumble	-0.30	1.20
occasional	-0.30	0.92
con	-0.30	1.08
motivation	-0.30	1.14
int	-0.30	1.08
chill	-0.30	0.93
river	-0.30	1.06
wis	-0.30	1.08
religion	-0.30	1.07
interests	-0.30	1.18
triple	-0.30	1.17
trouble	-0.30	1.43
rod	-0.30	1.05
divide	-0.30	1.12
goddamn	-0.30	2.04
chased	-0.30	1.07
potions	-0.30	0.96
hot	-0.30	0.98
castle	-0.30	1.01
fortitude	-0.30	1.15
slots	-0.30	1.16
talking	-0.30	2.35
dropping	-0.30	1.41
natural	-0.30	1.15
horror	-0.30	0.86
permanently	-0.30	1.21
tough	-0.30	1.19
wander	-0.30	1.33
replaced	-0.30	1.51
plane	-0.29	1.25
saves	-0.29	1.14
dex	-0.29	1.07
trap	-0.29	1.20
buffs	-0.29	1.00
acid	-0.29	1.06
benefit	-0.29	1.39
targets	-0.29	1.17
unrelated	-0.29	1.35
fort	-0.29	1.11
holding	-0.29	1.19
rank	-0.29	1.19
lies	-0.29	1.42
deserve	-0.29	1.52
asshole	-0.29	1.07
polymorph	-0.29	1.01
screaming	-0.29	0.99
fist	-0.29	0.99
healer	-0.29	0.99
established	-0.29	1.10
shadowfell	-0.28	1.20
1/2	-0.28	1.07
being	-0.28	1.41
leap	-0.28	1.05
damage	-0.28	1.24
chase	-0.28	1.13
plot	-0.28	1.26
gravity	-0.28	1.15
touched	-0.28	1.47
forcing	-0.28	1.58
circle	-0.28	0.99
imprisoned	-0.28	1.02
modifier	-0.28	1.11
tunnels	-0.28	1.06
hitpoints	-0.28	1.18
buffing	-0.28	1.03
shaped	-0.28	0.94
archery	-0.28	1.00
tends	-0.28	1.32
essentials	-0.28	1.02
str	-0.28	1.08
rain	-0.28	1.05
wreck	-0.28	1.13
committed	-0.28	1.12
associated	-0.28	0.90
initiate	-0.28	1.17
remaining	-0.28	1.15
stabbed	-0.28	1.04
positions	-0.28	1.12
winning	-0.28	1.15
desired	-0.28	1.19
elaborate	-0.28	0.93
teleportation	-0.28	1.06
raising	-0.28	1.03
bastards	-0.27	1.05
offhand	-0.27	1.05
creature	-0.27	1.18
minion	-0.27	1.14
1d6	-0.27	1.26
backgrounds	-0.27	1.05
enchantments	-0.27	0.97
region	-0.27	1.12
impossible	-0.27	1.39
beliefs	-0.27	1.26
argument	-0.27	2.45
failed	-0.27	1.13
fists	-0.27	1.00
ki	-0.27	1.03
knife	-0.27	1.04
lost	-0.27	1.54
magically	-0.27	1.21
max	-0.27	1.21
shadow	-0.27	1.00
songs	-0.27	1.00
saving	-0.27	1.17
unarmed	-0.27	0.99
determine	-0.27	1.56
proud	-0.27	2.31
trivial	-0.27	0.98
piercing	-0.27	1.20
bent	-0.27	1.04
slashing	-0.27	1.21
haunted	-0.27	0.97
snap	-0.27	1.07
winter	-0.27	0.87
flurry	-0.27	1.01
dictate	-0.27	2.14
grey	-0.27	1.36
climbing	-0.27	1.25
fallen	-0.27	1.03
cantrip	-0.26	0.97
commit	-0.26	1.10
reflex	-0.26	1.15
unconscious	-0.26	1.12
behavior	-0.26	1.24
finding	-0.26	2.12
heart	-0.26	1.03
falling	-0.26	1.23
destroying	-0.26	1.10
18	-0.26	1.08
charges	-0.26	1.11
stolen	-0.26	1.40
land	-0.26	1.13
striker	-0.26	1.02
d12	-0.26	1.16
everybody	-0.26	1.43
string	-0.26	1.13
enhancement	-0.26	1.02
draws	-0.26	1.10
animated	-0.26	0.87
gang	-0.26	1.00
versus	-0.26	1.25
gate	-0.26	1.14
wrath	-0.26	0.96
yell	-0.26	1.11
skip	-0.26	1.39
threatened	-0.26	1.20
confirmed	-0.26	1.67
road	-0.26	1.13
slaughter	-0.26	0.94
laws	-0.26	1.32
2d6	-0.26	1.23
cavern	-0.26	1.09
wiped	-0.26	1.02
psychic	-0.26	1.18
flaming	-0.25	0.92
kingdom	-0.25	1.07
ice	-0.25	1.05
acting	-0.25	1.58
historical	-0.25	1.07
dangerous	-0.25	1.25
authority	-0.25	1.23
bloodied	-0.25	1.16
off-hand	-0.25	1.03
sake	-0.25	1.05
fought	-0.25	1.17
fall	-0.25	1.25
motives	-0.25	1.23
religious	-0.25	0.98
hit	-0.25	1.27
knocking	-0.25	1.23
afraid	-0.25	2.79
pelor	-0.25	1.02
affect	-0.25	1.90
bull	-0.25	1.04
16	-0.25	1.08
progression	-0.25	1.09
tank	-0.25	0.97
travelling	-0.25	1.03
rolls	-0.25	1.19
arms	-0.25	0.97
succeeds	-0.25	1.18
necessarily	-0.25	2.31
14	-0.25	1.07
hits	-0.25	1.26
headed	-0.25	0.91
17	-0.25	1.08
serve	-0.24	1.03
13	-0.24	1.07
shouting	-0.24	1.40
wilderness	-0.24	1.02
duty	-0.24	1.18
case	-0.24	2.32
charisma	-0.24	1.11
bat	-0.24	0.87
meant	-0.24	3.24
19	-0.24	1.08
claws	-0.24	1.00
knocked	-0.24	1.22
d10	-0.24	1.19
improvised	-0.24	1.03
d6	-0.24	1.20
trial	-0.24	1.17
psionics	-0.24	1.03
corpses	-0.24	0.97
territory	-0.24	1.11
automatically	-0.24	1.21
woods	-0.24	1.03
closely	-0.24	1.14
wins	-0.24	1.34
path	-0.24	1.28
efforts	-0.24	1.18
stance	-0.24	1.04
provoke	-0.24	1.23
crack	-0.24	1.00
opportunity	-0.24	1.24
exists	-0.24	1.79
aside	-0.24	1.23
item	-0.23	0.96
rise	-0.23	0.99
cha	-0.23	1.06
1/4	-0.23	1.10
hp	-0.23	1.19
gray	-0.23	1.38
lair	-0.23	0.99
kills	-0.23	1.43
pit	-0.23	1.16
blowing	-0.23	1.35
roll	-0.23	1.20
advantage	-0.23	1.12
ride	-0.23	0.97
law	-0.23	1.27
existence	-0.23	1.30
sits	-0.23	1.14
flight	-0.23	1.06
military	-0.23	0.97
applies	-0.23	1.73
jail	-0.23	1.07
recall	-0.23	2.44
simply	-0.23	2.90
stars	-0.23	0.96
prepare	-0.23	1.15
forge	-0.23	0.86
claiming	-0.22	1.48
whip	-0.22	1.23
threaten	-0.22	1.24
cursed	-0.22	0.96
12	-0.22	1.08
target	-0.22	1.17
captured	-0.22	1.08
rely	-0.22	1.30
modifiers	-0.22	1.19
criminal	-0.22	0.97
generic	-0.22	1.02
energy	-0.22	1.03
kingdoms	-0.22	1.08
martial	-0.22	1.01
utility	-0.22	1.03
stealth	-0.22	1.17
requirement	-0.22	1.26
20	-0.22	1.15
tower	-0.22	1.05
ce	-0.22	1.18
appeal	-0.22	1.11
charge	-0.22	1.12
mod	-0.22	1.11
brute	-0.22	0.98
guard	-0.22	1.12
bardic	-0.22	1.11
armed	-0.22	1.00
cn	-0.22	1.12
voice	-0.22	1.07
tracks	-0.22	1.17
enemies	-0.22	1.13
user	-0.22	1.15
wandering	-0.22	1.01
rating	-0.22	1.18
locks	-0.22	1.25
performance	-0.22	1.04
treated	-0.21	1.36
vs	-0.21	1.17
moving	-0.21	1.86
shoulder	-0.21	1.00
opponents	-0.21	1.18
nearby	-0.21	1.02
high-level	-0.21	1.04
executed	-0.21	0.94
knock	-0.21	1.20
e.g	-0.21	1.11
soldier	-0.21	0.96
petty	-0.21	1.02
regain	-0.21	1.25
precisely	-0.21	1.86
teeth	-0.21	0.93
laid	-0.21	1.31
notion	-0.21	1.52
22	-0.21	1.08
accepted	-0.21	1.22
prone	-0.21	1.17
cutting	-0.21	1.40
trusted	-0.21	0.96
9	-0.21	1.09
front	-0.21	1.81
making	-0.21	2.30
arcana	-0.21	1.20
alignments	-0.21	1.40
corners	-0.21	1.17
extend	-0.21	1.01
pushing	-0.21	1.23
rolling	-0.21	1.20
assumes	-0.21	1.30
condition	-0.21	1.25
d8	-0.21	1.19
abuse	-0.21	0.97
reasoning	-0.21	1.86
ruled	-0.20	1.18
spellbook	-0.20	1.09
universe	-0.20	1.13
youre	-0.20	2.78
worrying	-0.20	1.62
violence	-0.20	0.97
15	-0.20	1.09
chest	-0.20	1.14
situation	-0.20	1.79
categories	-0.20	1.12
ally	-0.20	1.21
opponent	-0.20	1.16
heals	-0.20	0.98
grace	-0.20	0.99
expectations	-0.20	1.30
nat	-0.20	1.18
react	-0.20	1.89
drops	-0.20	1.30
bs	-0.20	1.43
souls	-0.20	1.04
hiding	-0.20	1.14
surge	-0.20	1.25
ended	-0.20	1.35
discover	-0.20	1.20
8	-0.20	1.09
optimization	-0.20	1.69
strict	-0.20	1.41
willingly	-0.20	1.35
endurance	-0.20	1.19
cohort	-0.20	0.81
wall	-0.20	1.25
11	-0.20	1.09
21	-0.20	1.09
drama	-0.19	1.07
harder	-0.19	1.23
crit	-0.19	1.21
underwater	-0.19	1.07
follows	-0.19	1.26
coup	-0.19	1.11
enchant	-0.19	0.98
temporarily	-0.19	0.99
intrigue	-0.19	0.89
fight	-0.19	1.15
die	-0.19	1.22
crits	-0.19	1.21
included	-0.19	1.17
6th	-0.19	1.11
code	-0.19	1.32
dc	-0.19	1.17
chain	-0.19	1.00
survive	-0.19	1.27
leaders	-0.19	1.00
flee	-0.19	1.34
adjacent	-0.19	1.25
pirate	-0.19	0.97
spread	-0.19	1.08
sucks	-0.19	1.99
picking	-0.19	2.01
potion	-0.19	0.97
reputation	-0.19	1.22
avoid	-0.19	1.25
non-magical	-0.19	1.04
mine	-0.18	1.39
accomplish	-0.18	1.57
practical	-0.18	1.17
build	-0.18	1.42
develop	-0.18	1.14
save	-0.18	1.27
vice	-0.18	1.19
shadows	-0.18	1.01
1d20	-0.18	1.16
vital	-0.18	1.41
32	-0.18	1.09
spray	-0.18	0.99
claw	-0.18	1.02
speaking	-0.18	1.61
direction	-0.18	1.33
leaning	-0.18	1.39
7	-0.18	1.10
distracted	-0.18	1.15
rounded	-0.18	1.14
connections	-0.18	1.03
sharp	-0.18	1.03
weak	-0.18	1.04
twist	-0.18	0.83
net	-0.18	1.05
rapier	-0.18	0.98
property	-0.18	1.00
9th	-0.18	1.08
d100	-0.18	1.21
why	-0.18	2.96
adding	-0.18	1.25
shove	-0.18	1.25
1d4	-0.18	1.28
identify	-0.18	1.24
preferably	-0.18	1.06
greatsword	-0.18	0.94
actively	-0.18	1.47
kick	-0.18	1.40
stops	-0.17	1.41
reserve	-0.17	1.40
view	-0.17	2.09
grabbing	-0.17	1.18
4	-0.17	1.10
relationships	-0.17	1.08
feat	-0.17	1.20
center	-0.17	1.04
double	-0.17	1.19
present	-0.17	1.34
6	-0.17	1.10
planes	-0.17	1.18
targeted	-0.17	1.23
city	-0.17	0.99
enchanted	-0.17	0.97
hunting	-0.17	1.06
immunity	-0.17	1.08
23	-0.17	1.05
hide	-0.17	1.10
in-game	-0.17	1.31
ground	-0.17	1.20
distraction	-0.17	1.04
illegal	-0.16	1.12
caught	-0.16	1.20
eyes	-0.16	0.90
falls	-0.16	1.27
fire	-0.16	1.00
gygax	-0.16	1.29
attacker	-0.16	1.16
defending	-0.16	1.01
stupid	-0.16	1.14
resistance	-0.16	1.09
stats	-0.16	1.13
across	-0.16	1.15
against	-0.16	1.13
dodge	-0.16	1.09
alchemist	-0.16	0.98
boosts	-0.16	1.05
stack	-0.16	1.11
determines	-0.16	1.58
shift	-0.16	1.31
cross	-0.16	1.16
furthermore	-0.16	1.18
cr	-0.16	1.15
police	-0.16	1.09
teleporting	-0.16	0.95
port	-0.16	0.99
taking	-0.16	2.16
ac	-0.16	1.05
randomness	-0.16	1.23
argue	-0.16	2.72
warm	-0.16	0.95
common	-0.16	1.34
orders	-0.16	1.13
economy	-0.16	1.39
pocket	-0.16	1.10
deep	-0.16	1.06
aggressive	-0.16	1.04
hammer	-0.16	0.97
longsword	-0.16	0.95
reveal	-0.16	1.77
presence	-0.16	1.29
weapons	-0.16	1.00
attack	-0.16	1.17
dagger	-0.16	1.00
neck	-0.16	1.04
landing	-0.16	1.26
secrets	-0.16	1.16
rip	-0.16	1.16
debate	-0.15	1.95
escaping	-0.15	1.14
turning	-0.15	1.21
medieval	-0.15	0.98
apparent	-0.15	1.38
crystal	-0.15	0.97
misses	-0.15	1.23
tripping	-0.15	1.18
disguise	-0.15	1.15
speaks	-0.15	1.34
indicate	-0.15	1.60
wing	-0.15	1.11
manipulate	-0.15	1.23
performing	-0.15	1.10
slide	-0.15	1.26
2	-0.15	1.12
prepared	-0.15	1.28
presented	-0.15	1.58
aoo	-0.15	1.22
unlike	-0.15	1.25
ceiling	-0.15	1.22
somehow	-0.15	2.04
downside	-0.15	1.04
jerk	-0.15	1.11
stacking	-0.15	1.04
successful	-0.15	1.15
conflict	-0.15	1.41
returns	-0.15	1.03
around	-0.15	1.95
travels	-0.15	1.09
20th	-0.15	1.06
swinging	-0.15	1.20
10	-0.15	1.11
shifting	-0.15	1.22
ships	-0.15	0.97
leg	-0.15	1.11
rocks	-0.15	1.12
suicide	-0.15	1.05
grand	-0.15	1.01
survival	-0.15	1.17
applied	-0.15	1.29
gain	-0.15	1.16
phylactery	-0.14	0.99
improved	-0.14	1.05
rush	-0.14	1.10
ongoing	-0.14	1.20
surges	-0.14	1.22
d4	-0.14	1.18
combo	-0.14	1.03
alchemical	-0.14	1.01
applying	-0.14	1.41
level	-0.14	1.13
bash	-0.14	1.18
majority	-0.14	1.21
silver	-0.14	0.87
enemy	-0.14	1.21
dual	-0.14	1.01
scales	-0.14	0.98
airship	-0.14	1.03
mearls	-0.14	2.57
hand	-0.14	1.02
sales	-0.14	1.08
events	-0.14	1.37
permanent	-0.14	1.06
flanking	-0.14	1.16
fan	-0.14	1.75
revealed	-0.14	1.35
partial	-0.14	0.92
slot	-0.14	1.15
teleported	-0.14	0.99
toss	-0.14	1.21
lg	-0.14	1.13
interest	-0.14	1.18
history	-0.14	1.05
sorts	-0.13	1.16
pretend	-0.13	1.66
structure	-0.13	1.20
cliff	-0.13	1.18
attract	-0.13	1.35
pissed	-0.13	1.38
tail	-0.13	1.10
mass	-0.13	0.97
demon	-0.13	1.01
maneuver	-0.13	1.09
wasted	-0.13	1.20
scroll	-0.13	1.06
vision	-0.13	0.91
personal	-0.13	1.16
almost	-0.13	1.96
bodies	-0.13	1.05
humanity	-0.13	1.03
akin	-0.13	1.36
standing	-0.13	1.80
know	-0.13	2.90
finds	-0.13	1.21
d20	-0.13	1.20
abyss	-0.13	1.07
killing	-0.13	1.45
checks	-0.13	1.21
cities	-0.13	1.00
protect	-0.13	1.17
space	-0.13	1.18
throw	-0.12	1.37
politics	-0.12	1.03
27	-0.12	1.09
stick	-0.12	1.60
26	-0.12	1.09
qualify	-0.12	1.34
proficiency	-0.12	1.11
basically	-0.12	2.38
28	-0.12	1.09
escaped	-0.12	1.05
opening	-0.12	1.25
reaches	-0.12	1.38
lich	-0.12	1.05
wealthy	-0.12	0.79
bosses	-0.12	1.12
backstory	-0.12	1.12
grappled	-0.12	1.12
behind	-0.12	1.37
alert	-0.12	1.39
bridge	-0.12	1.11
world	-0.12	1.27
defeating	-0.12	1.22
spots	-0.12	1.19
than	-0.12	1.27
issue	-0.12	1.71
appropriately	-0.12	1.73
contract	-0.12	1.25
centered	-0.12	1.03
novels	-0.12	1.01
neverwinter	-0.12	0.96
hallway	-0.12	1.22
putting	-0.12	2.20
supernatural	-0.12	1.04
pray	-0.12	0.95
liquid	-0.12	1.01
requirements	-0.12	1.23
area	-0.12	1.18
throwing	-0.12	1.50
base	-0.12	1.11
breathe	-0.11	1.22
depending	-0.11	2.01
realistically	-0.11	1.70
passive	-0.11	1.21
complete	-0.11	1.15
justify	-0.11	1.81
figuring	-0.11	2.01
sea	-0.11	1.04
concentration	-0.11	1.20
capacity	-0.11	1.05
insight	-0.11	1.18
merchants	-0.11	0.91
distinction	-0.11	1.70
parties	-0.11	1.31
properties	-0.11	1.03
boat	-0.11	1.02
1	-0.11	1.15
accordingly	-0.11	1.79
trading	-0.11	1.00
connected	-0.11	1.31
connection	-0.11	1.28
crown	-0.11	0.95
lava	-0.11	1.05
states	-0.11	2.27
exploit	-0.11	1.28
athletics	-0.11	1.19
flies	-0.11	1.16
intent	-0.11	2.31
shifts	-0.11	1.29
walls	-0.11	1.11
fly	-0.11	1.27
average	-0.11	1.19
persuasion	-0.11	1.19
offensive	-0.11	1.00
rights	-0.11	1.09
burns	-0.11	1.06
annoying	-0.11	1.03
opens	-0.11	1.31
gestalt	-0.10	1.04
push	-0.10	1.38
chair	-0.10	1.39
recover	-0.10	1.26
de	-0.10	1.05
optimize	-0.10	1.65
handling	-0.10	1.27
swap	-0.10	1.33
struggling	-0.10	1.77
fed	-0.10	1.11
pin	-0.10	1.14
finesse	-0.10	1.02
10th	-0.10	1.09
buff	-0.10	0.97
tier	-0.10	1.06
consumed	-0.10	1.56
glorious	-0.10	1.88
forth	-0.10	1.05
valid	-0.10	2.79
calculated	-0.10	1.27
wield	-0.10	0.99
bomb	-0.10	1.02
childhood	-0.10	0.86
skills	-0.10	1.17
focusing	-0.10	1.00
picks	-0.10	1.26
climb	-0.10	1.22
beating	-0.10	1.25
grab	-0.10	1.23
reach	-0.10	1.31
name	-0.10	1.75
follow	-0.10	1.29
thrown	-0.10	1.11
demands	-0.10	1.06
punch	-0.10	1.16
preventing	-0.10	1.36
burning	-0.10	0.94
equivalent	-0.10	1.19
24	-0.09	1.14
tome	-0.09	1.05
quarterstaff	-0.09	0.98
drug	-0.09	0.99
acrobatics	-0.09	1.20
wearer	-0.09	1.02
forced	-0.09	1.56
gains	-0.09	1.09
no	-0.09	2.82
proficiencies	-0.09	1.11
corridor	-0.09	1.12
illusions	-0.09	0.97
leading	-0.09	1.11
cap	-0.09	1.09
factions	-0.09	1.10
parent	-0.09	0.93
twin	-0.09	0.75
necklace	-0.09	0.95
supported	-0.09	1.46
traveling	-0.09	1.06
tight	-0.09	1.02
directions	-0.09	1.26
horrors	-0.09	1.12
corpse	-0.09	0.98
lift	-0.09	1.15
happen	-0.09	2.67
bump	-0.09	1.04
armored	-0.09	1.08
slay	-0.09	1.28
perception	-0.09	1.21
action	-0.09	1.31
weapon	-0.09	0.99
le	-0.09	1.15
declare	-0.09	1.63
quarter	-0.09	1.00
fishing	-0.09	1.02
proficient	-0.09	1.11
retain	-0.09	1.37
captain	-0.09	0.98
stealthy	-0.09	0.98
flat	-0.09	1.62
cg	-0.09	1.12
fell	-0.09	1.16
jack	-0.09	1.09
<SPECIAL>	-0.09	0.95
<URL>	-0.09	0.95
logic	-0.09	2.27
tie	-0.09	1.22
sewers	-0.09	0.91
lock	-0.09	1.32
understand	-0.09	2.80
trying	-0.09	2.45
depend	-0.09	1.85
trip	-0.09	1.14
devices	-0.09	1.24
default	-0.09	1.20
wielding	-0.09	1.00
total	-0.08	1.18
crowd	-0.08	0.90
specify	-0.08	2.65
enlarge	-0.08	1.05
power	-0.08	1.07
walks	-0.08	1.26
instances	-0.08	1.33
travel	-0.08	1.12
tongue	-0.08	1.23
reroll	-0.08	1.22
object	-0.08	1.10
glue	-0.08	1.25
gloves	-0.08	0.95
enters	-0.08	1.53
body	-0.08	1.06
wet	-0.08	0.95
report	-0.08	1.25
flank	-0.08	1.20
puts	-0.08	1.33
standard	-0.08	1.26
cons	-0.08	1.22
grappling	-0.08	1.15
assign	-0.08	1.24
spear	-0.08	0.97
loud	-0.08	1.03
skill	-0.08	1.20
wielder	-0.08	1.07
move	-0.08	1.32
minimum	-0.08	1.11
master	-0.08	1.09
pop	-0.08	1.35
foe	-0.08	1.16
selection	-0.08	1.18
conversations	-0.08	1.14
effectively	-0.08	1.50
head	-0.08	1.05
dcs	-0.08	1.22
status	-0.07	1.10
inclined	-0.07	1.11
ocean	-0.07	1.08
affected	-0.07	1.16
trail	-0.07	1.21
passing	-0.07	1.18
sides	-0.07	1.31
two-handed	-0.07	1.00
open	-0.07	1.28
monsters	-0.07	1.15
scale	-0.07	1.10
hunt	-0.07	1.09
inspire	-0.07	1.11
entering	-0.07	1.39
mace	-0.07	0.96
check	-0.07	1.24
determining	-0.07	1.62
3d6	-0.07	1.20
possibly	-0.07	1.82
uses	-0.07	1.28
senses	-0.07	1.10
1st	-0.07	1.09
bluff	-0.07	1.32
swing	-0.07	1.10
focus	-0.07	1.01
ignore	-0.07	1.03
darkness	-0.07	1.03
movement	-0.06	1.29
caves	-0.06	0.99
water	-0.06	1.01
ties	-0.06	1.15
bite	-0.06	1.13
unearthed	-0.06	1.19
deception	-0.06	1.18
heavy	-0.06	0.97
intimidation	-0.06	1.18
wherever	-0.06	1.43
invisibility	-0.06	1.02
corner	-0.06	1.60
position	-0.06	1.23
grapple	-0.06	1.18
square	-0.06	1.26
door	-0.06	1.29
acquired	-0.06	1.19
inside	-0.06	1.20
commoner	-0.06	1.47
remember	-0.06	2.81
jumping	-0.06	1.19
grabs	-0.06	1.00
room	-0.06	1.28
lvl	-0.06	1.16
leadership	-0.06	1.09
belt	-0.06	0.98
notice	-0.06	2.34
angel	-0.06	1.02
gathered	-0.06	0.96
edge	-0.06	1.13
versatility	-0.06	1.03
stairs	-0.06	1.24
spaces	-0.06	1.21
tries	-0.06	1.44
ring	-0.06	0.96
range	-0.06	1.22
forms	-0.06	0.90
upper	-0.06	1.06
limiting	-0.06	1.02
opened	-0.06	1.29
cunning	-0.05	0.95
stood	-0.05	1.24
supplement	-0.05	1.09
assume	-0.05	2.76
establish	-0.05	1.04
reduction	-0.05	1.07
care	-0.05	2.75
clarify	-0.05	3.14
90	-0.05	1.07
99	-0.05	1.07
floor	-0.05	1.23
distance	-0.05	1.25
hunters	-0.05	1.03
extra	-0.05	1.20
popular	-0.05	0.86
counts	-0.05	1.25
carry	-0.05	1.12
problematic	-0.05	1.05
activities	-0.05	1.16
along	-0.05	1.39
disarm	-0.05	1.18
jungle	-0.05	0.99
command	-0.05	1.13
types	-0.05	1.23
heads	-0.05	1.07
7th	-0.05	1.10
inherently	-0.05	1.65
maintain	-0.05	1.19
investigation	-0.05	1.31
explosive	-0.05	1.08
discussing	-0.05	2.16
studying	-0.05	1.71
maximum	-0.05	1.16
mystery	-0.05	1.14
reasons	-0.05	1.81
doors	-0.05	1.27
understanding	-0.05	2.03
filled	-0.04	1.11
albeit	-0.04	1.07
does	-0.04	2.82
confident	-0.04	1.18
amulet	-0.04	0.97
outside	-0.04	1.76
nor	-0.04	1.95
jump	-0.04	1.22
additional	-0.04	1.22
marked	-0.04	1.19
ropes	-0.04	1.17
dance	-0.04	1.07
followed	-0.04	1.09
ranks	-0.04	1.14
change	-0.04	2.05
rope	-0.04	1.15
moves	-0.04	1.28
grease	-0.04	0.98
proof	-0.04	1.39
stab	-0.04	1.17
5ft	-0.04	1.22
organization	-0.04	1.12
tradition	-0.04	1.21
spiked	-0.04	1.02
drop	-0.04	1.26
cell	-0.04	1.16
bottom	-0.04	1.43
diplomacy	-0.04	1.27
air	-0.04	1.03
order	-0.04	1.37
70	-0.04	1.12
expertise	-0.04	1.04
stepped	-0.03	1.22
frozen	-0.03	1.02
frequently	-0.03	1.12
increased	-0.03	1.02
top	-0.03	1.43
blinded	-0.03	1.16
roof	-0.03	1.33
chamber	-0.03	1.08
struck	-0.03	1.07
boots	-0.03	0.97
based	-0.03	1.58
battlefield	-0.03	1.08
1d8	-0.03	1.19
1d10	-0.03	1.21
strongly	-0.03	1.40
defenses	-0.03	1.14
visit	-0.03	1.11
25	-0.03	1.13
curse	-0.03	0.97
says	-0.03	2.38
confused	-0.03	2.21
legends	-0.03	1.37
sort	-0.03	1.90
mask	-0.03	1.12
rob	-0.03	1.17
daggers	-0.03	1.02
shield	-0.03	0.97
array	-0.03	1.17
staring	-0.03	1.18
craft	-0.03	0.99
supposedly	-0.03	1.23
values	-0.03	1.28
consume	-0.03	1.17
locked	-0.03	1.23
complicated	-0.03	1.02
row	-0.03	1.21
dropped	-0.03	1.23
intimidate	-0.03	1.24
properly	-0.03	1.86
threatening	-0.03	0.99
thick	-0.02	1.35
key	-0.02	1.68
ahead	-0.02	1.37
sheer	-0.02	0.96
lacks	-0.02	1.01
decides	-0.02	1.49
1s	-0.02	1.21
ritual	-0.02	1.15
silently	-0.02	1.19
sand	-0.02	1.05
duel	-0.02	1.04
ancient	-0.02	1.01
shields	-0.02	0.98
dust	-0.02	0.99
allies	-0.02	1.14
sword	-0.02	0.93
fond	-0.02	1.01
ship	-0.02	1.06
stealing	-0.02	1.35
explained	-0.02	1.75
sneaky	-0.02	0.89
reset	-0.02	1.40
knowledge	-0.02	1.26
servants	-0.02	0.88
music	-0.02	0.98
secretly	-0.02	0.87
grip	-0.02	0.99
passage	-0.02	1.14
tax	-0.02	1.04
spikes	-0.01	1.07
freedom	-0.01	1.24
letting	-0.01	2.33
murder	-0.01	1.05
buildings	-0.01	1.00
resolved	-0.01	1.54
axes	-0.01	0.98
trade	-0.01	0.99
else	-0.01	2.46
treating	-0.01	0.95
paranoid	-0.01	1.40
4d6	-0.01	1.19
loses	-0.01	1.29
political	-0.01	0.94
describe	-0.01	2.19
aoe	-0.01	0.98
staff	-0.01	0.93
divided	-0.01	1.15
applicable	-0.01	1.24
trapped	-0.01	1.11
mentality	-0.01	1.57
steals	-0.01	1.23
whilst	-0.01	1.19
brew	-0.01	0.95
east	-0.01	1.04
ranges	-0.01	1.27
zone	-0.01	1.17
rape	-0.01	0.86
crew	-0.01	1.04
pursue	-0.01	1.40
tailor	-0.01	1.38
fleeing	-0.01	0.98
increases	-0.01	1.07
entrance	-0.01	1.16
evil	-0.01	1.60
swim	-0.01	1.13
laughter	-0.01	0.92
claims	-0.01	1.29
cut	-0.00	1.13
secret	-0.00	1.27
slain	-0.00	0.91
wheel	-0.00	1.04
growth	-0.00	1.10
innocent	-0.00	1.01
meaningful	-0.00	1.18
meaning	-0.00	2.18
using	-0.00	1.87
defeat	-0.00	1.17
material	-0.00	1.23
refuses	-0.00	1.47
security	-0.00	1.17
line	-0.00	1.78
compensate	-0.00	1.13
exalted	-0.00	1.06
marks	0.00	1.03
sky	0.00	1.06
60	0.00	1.15
slash	0.00	1.08
within	0.00	1.28
court	0.00	1.00
shoulders	0.00	1.00
barrier	0.00	1.05
force	0.00	1.45
sticking	0.00	1.79
sacrifice	0.00	1.11
houses	0.00	0.95
subject	0.00	1.89
35	0.00	1.17
town	0.01	0.97
wondrous	0.01	0.93
crush	0.01	1.02
plans	0.01	1.26
clone	0.01	1.07
adjust	0.01	1.45
surprise	0.01	1.08
clue	0.01	2.34
sacrificing	0.01	1.11
arena	0.01	1.00
specified	0.01	1.81
dice	0.01	1.19
adjusted	0.01	1.36
deeper	0.01	1.16
ruling	0.01	1.64
speech	0.01	1.35
steam	0.01	1.00
stands	0.01	1.45
grabbed	0.01	1.12
capture	0.01	1.17
requires	0.01	1.25
entire	0.01	1.51
static	0.01	1.22
technology	0.01	0.91
resting	0.01	1.27
strongest	0.01	1.80
amounts	0.01	1.08
stays	0.01	1.27
cheat	0.01	1.53
closed	0.01	1.31
quietly	0.01	1.20
deal	0.01	1.58
gap	0.01	1.12
backup	0.01	1.22
bounty	0.01	1.07
hoard	0.02	1.09
inform	0.02	1.72
difficulty	0.02	1.24
victims	0.02	0.89
higher	0.02	1.10
walking	0.02	1.46
mercenaries	0.02	1.02
happily	0.02	1.17
sunlight	0.02	0.91
switched	0.02	1.37
aligned	0.02	1.31
leaving	0.02	1.44
kings	0.02	0.86
heavily	0.02	1.22
endless	0.02	1.02
created	0.02	1.43
slaughtered	0.02	0.90
shows	0.02	0.92
onto	0.02	1.35
survived	0.02	1.28
carrying	0.02	1.04
lights	0.02	0.92
jumped	0.02	1.21
adds	0.02	1.05
opposed	0.02	1.33
13th	0.02	1.01
anything	0.02	2.72
proceed	0.02	1.23
basement	0.02	1.13
somatic	0.02	1.19
fully	0.02	1.96
stole	0.02	1.03
modify	0.02	1.41
alter	0.02	1.25
polearm	0.02	1.05
shoes	0.02	0.99
stumble	0.02	1.31
villages	0.02	0.91
worn	0.02	0.98
manner	0.03	1.36
closer	0.03	1.18
relationship	0.03	1.02
scratch	0.03	1.14
crawl	0.03	1.10
75	0.03	1.14
own	0.03	1.14
responsibility	0.03	1.11
hidden	0.03	1.43
itself	0.03	1.51
fighting	0.03	1.02
tedious	0.03	1.06
radius	0.03	1.10
empty	0.03	1.20
choose	0.03	1.57
monkey	0.03	0.93
evidence	0.03	1.71
expected	0.03	1.74
rolled	0.03	1.13
pattern	0.03	1.18
bringing	0.03	1.61
mid	0.03	1.06
ball	0.03	1.00
convincing	0.03	1.61
highest	0.03	1.11
buried	0.03	1.16
prevent	0.04	1.34
fights	0.04	1.13
30	0.04	1.17
disable	0.04	1.26
thus	0.04	1.27
places	0.04	1.52
reduces	0.04	1.06
unaware	0.04	1.50
lit	0.04	0.94
storyline	0.04	1.26
consistency	0.04	1.18
hint	0.04	1.29
ft	0.04	1.19
beforehand	0.04	1.62
soul	0.04	1.02
roles	0.04	1.03
crafted	0.04	1.20
passes	0.04	1.48
tumble	0.04	1.16
circles	0.04	1.09
vastly	0.04	1.10
plays	0.04	1.62
served	0.04	0.99
developing	0.04	1.37
carved	0.04	0.95
sizes	0.04	1.04
leveling	0.04	1.16
say	0.04	2.80
rings	0.04	0.87
essentially	0.04	1.84
hack	0.04	1.08
down	0.04	1.44
approaching	0.04	1.06
boss	0.04	1.14
skull	0.04	0.99
killed	0.05	1.14
awkward	0.05	1.10
cloth	0.05	0.95
statue	0.05	0.94
lowest	0.05	1.20
begins	0.05	1.22
advancement	0.05	1.15
spoke	0.05	1.41
investigate	0.05	1.02
because	0.05	2.73
possessed	0.05	0.87
maneuvers	0.05	1.06
mastery	0.05	1.04
plus	0.05	1.23
burn	0.05	1.08
sealed	0.05	1.18
squares	0.05	1.25
taken	0.05	1.60
acquire	0.05	1.08
novel	0.05	1.13
dimensional	0.05	1.14
spin	0.05	1.11
everything	0.05	2.51
bible	0.05	1.23
him/her	0.05	1.34
train	0.05	0.99
oil	0.05	1.00
surrounding	0.05	0.98
verbal	0.05	1.18
scaling	0.05	1.16
symbol	0.05	0.93
requiring	0.05	1.22
ends	0.05	1.37
spot	0.05	1.32
controlled	0.06	1.11
gamer	0.06	0.84
statistics	0.06	1.11
gaining	0.06	1.15
tell	0.06	2.61
80	0.06	1.13
bypass	0.06	1.16
duration	0.06	1.25
sound	0.06	1.15
struggle	0.06	1.04
pool	0.06	1.12
exit	0.06	1.22
armour	0.06	0.99
weight	0.06	1.06
positive	0.06	1.28
ii	0.06	1.20
claim	0.06	1.76
bust	0.06	1.15
handed	0.06	0.94
speed	0.06	1.18
bag	0.06	1.04
field	0.06	1.12
unlikely	0.06	1.01
character	0.06	1.50
coast	0.06	1.07
sitting	0.06	1.36
existing	0.06	1.23
express	0.06	1.54
yay	0.06	2.06
filling	0.06	1.23
literal	0.06	1.56
ooc	0.06	1.42
act	0.06	1.59
experiment	0.06	1.10
mile	0.06	1.20
two-weapon	0.07	0.99
sight	0.07	1.05
levels	0.07	1.10
enter	0.07	1.37
cycle	0.07	1.01
mixing	0.07	1.04
designed	0.07	1.62
dirty	0.07	1.00
stones	0.07	0.97
threw	0.07	1.24
rising	0.07	1.05
missions	0.07	1.16
reality	0.07	1.10
steps	0.07	1.27
philosophy	0.07	1.12
dungeon	0.07	1.09
reduce	0.07	1.05
neutral	0.07	1.37
splitting	0.07	1.17
through	0.07	1.27
asks	0.07	1.70
without	0.07	1.52
playstyle	0.07	1.85
entertainment	0.07	0.96
drag	0.07	1.24
masterwork	0.07	0.98
safety	0.07	1.00
problem	0.07	1.91
scrolls	0.07	0.92
hanging	0.08	1.20
final	0.08	1.20
cloak	0.08	0.98
components	0.08	1.26
grasp	0.08	1.11
swords	0.08	0.98
equipment	0.08	1.14
invisible	0.08	1.05
shock	0.08	0.98
hood	0.08	1.02
concealment	0.08	1.04
hair	0.08	0.87
lords	0.08	1.00
woke	0.08	1.10
sold	0.08	1.02
liking	0.08	1.39
beholder	0.08	1.07
limit	0.08	1.18
number	0.08	1.21
profit	0.08	1.02
latter	0.08	1.42
prestidigitation	0.08	0.89
formula	0.08	1.15
balanced	0.08	1.22
equipped	0.08	1.23
environmental	0.08	0.99
described	0.09	1.91
re-roll	0.09	1.28
armor	0.09	0.98
numbers	0.09	1.27
handing	0.09	1.63
means	0.09	2.30
dungeons	0.09	1.05
lead	0.09	1.16
40	0.09	1.14
cover	0.09	1.09
limited	0.09	1.08
button	0.09	2.15
normal	0.09	1.36
pile	0.09	1.13
jumps	0.09	1.33
expert	0.09	1.06
snake	0.09	0.84
dnd	0.09	1.12
rival	0.09	0.94
45	0.09	1.19
remembering	0.09	1.87
usable	0.09	1.23
mansion	0.09	0.94
hurt	0.09	2.11
describing	0.09	1.92
originally	0.09	1.92
xp	0.10	1.17
fingers	0.10	0.91
continues	0.10	1.20
spending	0.10	1.43
weaker	0.10	1.14
capital	0.10	0.94
signs	0.10	1.25
covers	0.10	1.36
modified	0.10	1.25
guideline	0.10	1.20
rests	0.10	1.32
manages	0.10	1.49
advance	0.10	1.28
angle	0.10	1.55
access	0.10	1.18
allows	0.10	1.41
books	0.10	1.13
mail	0.10	0.97
guild	0.10	1.07
further	0.10	1.25
following	0.10	1.36
clues	0.10	1.42
behave	0.10	2.15
scaled	0.10	1.36
breathing	0.10	0.93
keen	0.10	0.88
gas	0.10	1.04
usage	0.10	1.54
carries	0.10	1.00
finger	0.10	0.94
pole	0.10	1.05
component	0.10	1.20
capabilities	0.11	1.04
mercenary	0.11	1.05
longer	0.11	1.27
resolve	0.11	1.53
similarly	0.11	1.44
adamantine	0.11	0.94
motion	0.11	1.26
digging	0.11	1.54
portion	0.11	1.21
returning	0.11	1.14
importantly	0.11	1.24
surprising	0.11	0.96
secure	0.11	1.22
swear	0.11	1.08
seek	0.11	1.27
accurate	0.11	1.45
combine	0.11	1.05
streets	0.11	0.90
heat	0.11	0.90
solution	0.11	1.47
iron	0.11	0.97
dick	0.11	1.17
adapt	0.11	1.48
tweak	0.11	1.36
flame	0.11	0.90
occasion	0.11	1.19
differences	0.11	1.35
fiction	0.11	0.91
plate	0.12	0.97
period	0.12	1.33
convert	0.12	1.10
possibilities	0.12	1.10
entered	0.12	1.42
profession	0.12	1.08
challenging	0.12	1.17
step	0.12	1.28
stunned	0.12	1.19
activity	0.12	1.09
objects	0.12	0.99
shine	0.12	1.09
add	0.12	1.22
individuals	0.12	1.03
calculate	0.12	1.25
crafting	0.12	1.14
protected	0.12	1.09
5	0.12	1.16
actual	0.12	1.63
preparing	0.12	1.34
required	0.12	1.34
covering	0.13	1.08
journey	0.13	1.23
daily	0.13	1.13
building	0.13	1.40
whenever	0.13	1.90
clothing	0.13	0.97
gates	0.13	1.24
forget	0.13	2.64
replacement	0.13	1.06
powered	0.13	0.91
trained	0.13	1.12
reasonable	0.13	1.43
quest	0.13	1.23
pulled	0.13	1.21
attempted	0.13	1.41
backstories	0.13	1.11
leveled	0.13	1.23
exp	0.13	1.15
materials	0.13	1.10
must	0.13	1.47
chainmail	0.13	0.97
imagine	0.13	2.56
genre	0.13	0.91
faith	0.13	0.93
stabbing	0.13	1.27
sticks	0.13	1.13
searching	0.13	1.69
styles	0.13	1.22
fifth	0.13	1.24
solo	0.13	1.20
spend	0.13	1.44
8th	0.13	1.13
mess	0.13	1.28
unable	0.13	1.47
challenges	0.13	1.20
laying	0.14	1.10
light	0.14	0.88
taverns	0.14	1.11
trick	0.14	1.14
hall	0.14	1.14
protecting	0.14	1.16
mundane	0.14	0.94
languages	0.14	1.41
surrounded	0.14	1.17
hung	0.14	1.09
away	0.14	1.43
shadowrun	0.14	1.01
pass	0.14	1.42
planned	0.14	1.57
somebody	0.14	1.90
defensive	0.14	0.97
rest	0.14	1.36
lastly	0.14	1.09
cooler	0.14	1.08
obstacles	0.14	1.13
thrones	0.14	0.87
kill	0.14	1.82
suggested	0.14	1.59
language	0.15	1.46
mike	0.15	1.84
above	0.15	2.05
explains	0.15	1.54
entry	0.15	1.88
supposed	0.15	2.53
appropriate	0.15	1.26
amount	0.15	1.13
runs	0.15	1.24
inner	0.15	0.94
throughout	0.15	1.22
dedicated	0.15	1.41
led	0.15	0.78
murdering	0.15	0.97
bags	0.15	1.05
despite	0.15	1.29
rate	0.15	1.16
tyranny	0.15	1.16
direct	0.15	1.15
modern	0.15	0.89
leather	0.15	0.95
bug	0.15	1.08
50	0.15	1.13
dive	0.15	1.18
towns	0.16	1.03
hence	0.16	1.24
reflect	0.16	1.62
split	0.16	1.39
previously	0.16	1.98
supplies	0.16	1.00
hat	0.16	0.94
defend	0.16	1.25
extended	0.16	1.35
consensus	0.16	2.42
villagers	0.16	0.87
noble	0.16	0.76
sink	0.16	1.02
increase	0.16	1.08
protection	0.16	0.99
blood	0.16	0.94
lets	0.16	1.82
won	0.16	1.02
enjoyment	0.16	1.07
bring	0.16	1.71
lower	0.17	1.19
in-character	0.17	1.34
self	0.17	1.18
monster	0.17	1.28
basis	0.17	1.42
merchant	0.17	0.88
worry	0.17	2.24
sure	0.17	2.68
put	0.17	1.98
appear	0.17	1.28
ol	0.17	0.87
fill	0.17	1.29
skin	0.17	0.92
safely	0.17	1.40
torches	0.17	0.92
our	0.17	1.29
dirt	0.17	0.97
3	0.17	1.17
require	0.17	1.38
smash	0.17	1.11
attempt	0.17	1.55
going	0.17	2.62
gather	0.17	1.14
stop	0.17	1.82
interact	0.17	1.53
motive	0.18	1.34
ed	0.18	1.09
reactions	0.18	1.33
did	0.18	2.63
puzzle	0.18	1.46
regular	0.18	1.22
alignment	0.18	1.36
said	0.18	2.52
maintaining	0.18	1.05
veteran	0.18	1.00
addition	0.18	1.20
tactics	0.18	1.08
window	0.18	1.26
purposes	0.18	1.29
drinking	0.18	0.94
vault	0.18	1.17
avatar	0.18	0.78
rare	0.18	0.91
tavern	0.18	1.12
mission	0.18	1.16
slow	0.18	1.11
paying	0.18	1.62
timer	0.18	1.43
dragged	0.18	0.91
brain	0.18	1.06
creating	0.18	1.47
gear	0.18	1.04
spoilers	0.18	1.12
miles	0.18	1.23
physics	0.18	1.38
puzzles	0.18	1.28
height	0.18	0.97
wear	0.19	0.95
shirt	0.19	0.95
accent	0.19	1.16
realize	0.19	2.58
elsewhere	0.19	2.35
3rd	0.19	1.15
tales	0.19	0.97
5th	0.19	1.16
anybody	0.19	1.74
bar	0.19	0.96
starts	0.19	1.41
ale	0.19	0.90
device	0.19	1.28
functional	0.19	1.02
safe	0.19	1.31
black	0.19	0.91
changing	0.19	1.44
downtime	0.19	1.33
attempting	0.19	1.60
company	0.19	1.04
mentioned	0.19	2.28
club	0.19	0.92
inn	0.20	1.09
feet	0.20	1.19
suits	0.20	1.18
worthy	0.20	0.92
chaotic	0.20	1.20
explosion	0.20	1.03
kicking	0.20	1.11
weigh	0.20	1.08
minds	0.20	1.00
priests	0.20	0.89
mixed	0.20	0.86
creation	0.20	1.21
wonders	0.20	1.29
supporting	0.20	1.42
pouch	0.20	0.94
justified	0.20	1.48
bare	0.20	0.99
150	0.20	1.12
gained	0.20	1.17
match	0.20	1.36
hired	0.20	1.04
promptly	0.20	1.11
sends	0.20	1.24
purely	0.20	1.32
interpretation	0.21	2.07
foot	0.21	1.17
recurring	0.21	1.00
needed	0.21	2.17
methods	0.21	1.29
tougher	0.21	1.19
network	0.21	1.04
agree	0.21	2.72
list	0.21	1.32
chart	0.21	1.34
iconic	0.21	0.76
arguments	0.21	1.75
titles	0.21	1.24
book	0.21	1.36
silence	0.21	0.96
fleshed	0.21	1.16
defense	0.21	1.02
earned	0.21	1.23
straight	0.21	1.33
switch	0.21	1.58
noting	0.22	1.06
min	0.22	1.36
obtain	0.22	1.10
driven	0.22	0.99
silent	0.22	0.95
purple	0.22	0.89
communicate	0.22	1.50
darker	0.22	1.09
tasks	0.22	1.12
brown	0.22	0.90
spoken	0.22	1.40
suddenly	0.22	1.32
short	0.22	1.37
brings	0.22	1.02
catching	0.22	1.12
random	0.22	1.15
addressed	0.22	1.92
fish	0.22	1.31
continued	0.22	1.02
labyrinth	0.22	1.02
expect	0.22	2.49
edges	0.22	1.04
mines	0.22	1.23
3.0	0.22	1.13
themes	0.22	0.92
location	0.22	1.40
leave	0.22	2.07
positioning	0.23	1.23
interactions	0.23	1.07
appeared	0.23	1.17
artifact	0.23	1.05
prep	0.23	1.36
tired	0.23	1.31
choice	0.23	1.68
unseen	0.23	0.96
per	0.23	1.41
100	0.23	1.12
nonsense	0.23	1.10
consistently	0.23	1.24
everyone	0.23	1.87
immersion	0.23	1.10
initiative	0.23	1.24
exposed	0.23	1.09
tech	0.23	0.96
items	0.23	0.97
opinions	0.23	2.15
eaten	0.23	0.92
owner	0.23	0.98
ect	0.23	1.06
combats	0.24	1.15
themed	0.24	0.95
quiet	0.24	0.91
ca	0.24	2.51
asking	0.24	2.36
characters	0.24	1.32
favorite	0.24	1.91
visible	0.24	1.28
sit	0.24	1.57
discussed	0.24	1.79
2nd	0.24	1.13
aka	0.24	1.06
re	0.24	2.48
yellow	0.24	0.93
hotdq	0.24	1.21
rule	0.24	1.95
lbs	0.24	1.05
reduced	0.24	1.06
slowly	0.24	1.27
converting	0.24	1.24
stay	0.24	1.35
tension	0.24	0.99
overcome	0.24	1.24
attached	0.24	1.07
turned	0.24	1.36
includes	0.24	1.23
social	0.24	1.08
generate	0.24	1.20
round	0.24	1.50
alternatively	0.24	1.35
tentacles	0.24	0.98
understood	0.24	1.99
retrieve	0.24	1.22
house	0.25	1.05
lasts	0.25	1.47
wide	0.25	1.09
continuing	0.25	1.36
pounds	0.25	1.06
used	0.25	1.66
abandon	0.25	1.10
investment	0.25	1.09
4th	0.25	1.12
decide	0.25	2.38
encountered	0.25	1.30
baldur	0.25	0.84
mighty	0.25	0.95
dumb	0.25	1.07
limits	0.25	1.07
reaction	0.25	1.23
gem	0.25	0.91
accomplished	0.25	1.47
competition	0.25	1.06
char	0.26	1.78
narrow	0.26	1.00
remains	0.26	1.25
allowed	0.26	2.14
select	0.26	1.38
terms	0.26	1.45
soft	0.26	0.92
designing	0.26	1.38
ruler	0.26	0.91
written	0.26	1.75
section	0.26	1.74
solutions	0.26	1.32
gets	0.26	1.53
families	0.26	0.71
confusing	0.26	1.20
cost	0.26	1.13
frame	0.26	1.13
standpoint	0.26	1.57
spends	0.26	1.44
generation	0.26	1.13
intend	0.26	1.80
walked	0.26	1.29
handbook	0.26	1.34
warned	0.26	1.70
church	0.26	0.91
accept	0.26	1.52
4e	0.27	1.05
changes	0.27	1.51
scene	0.27	1.14
hardly	0.27	1.34
strategy	0.27	1.14
wildly	0.27	1.22
lawful	0.27	1.29
pg	0.27	1.55
200	0.27	1.12
flash	0.27	0.98
description	0.27	2.06
wearing	0.27	0.92
shut	0.27	1.29
twice	0.27	1.57
usually	0.27	1.77
realism	0.27	1.12
utilize	0.27	1.18
importance	0.27	1.29
accuracy	0.27	1.16
stable	0.27	1.11
largely	0.27	1.28
retired	0.27	0.83
treasure	0.27	1.17
management	0.27	0.97
smoke	0.27	0.95
see	0.27	2.52
takes	0.27	1.54
steal	0.27	1.33
otherwise	0.28	2.38
training	0.28	1.14
distribution	0.28	1.13
white	0.28	0.90
bothered	0.28	1.75
continue	0.28	1.55
day	0.28	1.38
support	0.28	1.12
grow	0.28	0.94
walk	0.28	1.58
etc	0.28	0.96
talk	0.28	2.01
mobility	0.28	1.00
handle	0.28	1.97
anyone	0.28	2.10
working	0.28	2.14
roughly	0.28	1.13
contained	0.28	1.17
speak	0.28	1.44
test	0.28	1.34
mud	0.28	0.99
combined	0.28	1.08
near	0.28	1.29
starting	0.28	1.76
gp	0.28	1.08
whoever	0.28	1.37
opportunities	0.28	1.12
type	0.28	1.41
staying	0.29	1.26
carried	0.29	1.16
effort	0.29	1.34
servant	0.29	0.79
chapter	0.29	1.52
plan	0.29	1.78
end	0.29	1.62
containing	0.29	1.13
slower	0.29	1.22
manuals	0.29	1.23
slaying	0.29	1.12
spelling	0.29	2.81
i.e	0.29	1.18
into	0.29	1.53
published	0.29	1.18
guns	0.29	1.08
converted	0.29	1.24
goods	0.29	1.00
afford	0.29	1.23
villain	0.29	1.15
market	0.29	0.99
concepts	0.29	1.00
gathering	0.29	1.21
normally	0.29	2.09
depends	0.30	2.10
now	0.30	2.56
recommended	0.30	1.08
handled	0.30	1.60
possession	0.30	0.99
options	0.30	1.09
balls	0.30	1.03
bank	0.30	1.00
connect	0.30	1.42
how	0.30	2.44
generally	0.30	1.53
attention	0.30	1.23
night	0.30	1.19
1-3	0.30	1.10
represented	0.30	1.14
laughing	0.30	1.05
drink	0.30	0.96
represents	0.30	1.19
public	0.30	1.08
tools	0.30	1.22
regularly	0.30	0.93
invest	0.30	1.28
learning	0.30	1.65
chasing	0.30	1.18
healthy	0.30	1.30
table	0.30	1.33
bottle	0.31	0.98
place	0.31	1.98
solving	0.31	1.34
wealth	0.31	1.04
explain	0.31	2.28
pace	0.31	1.21
stepping	0.31	1.26
minute	0.31	1.43
hang	0.31	1.33
thac0	0.31	1.14
stand	0.31	1.61
grants	0.31	1.21
reached	0.31	1.43
award	0.31	1.16
discuss	0.31	1.81
wanting	0.31	2.03
ease	0.31	0.99
cleared	0.31	1.49
seat	0.31	1.23
conversion	0.31	1.17
settle	0.31	1.44
inch	0.31	1.13
ideally	0.31	1.35
lore	0.31	1.06
turns	0.31	1.55
dramatic	0.31	1.07
listed	0.31	1.54
interacting	0.32	1.27
terribly	0.32	1.25
peasant	0.32	0.94
lawyer	0.32	1.17
worth	0.32	1.14
escape	0.32	1.05
contest	0.32	1.02
feel	0.32	1.85
switching	0.32	1.48
dmg	0.32	1.39
revenge	0.32	0.83
maze	0.32	1.00
arc	0.32	1.33
acted	0.32	1.53
splat	0.32	1.16
during	0.32	1.47
face	0.32	1.02
sat	0.32	1.31
temple	0.32	0.90
contains	0.32	1.28
compatible	0.32	1.13
curve	0.32	1.18
count	0.33	1.36
rping	0.33	1.12
concern	0.33	1.36
modules	0.33	1.22
careful	0.33	1.34
themselves	0.33	1.84
broad	0.33	1.12
wishes	0.33	0.90
poster	0.33	2.11
scenes	0.33	1.09
mentally	0.33	1.01
premade	0.33	1.22
tracking	0.33	1.16
green	0.33	0.83
produce	0.33	1.17
alpha	0.33	1.21
nearest	0.33	1.02
likely	0.33	1.90
adventuring	0.33	1.06
solved	0.33	1.54
translate	0.33	1.52
npcs	0.33	1.17
quickly	0.34	1.30
told	0.34	2.02
construction	0.34	1.05
bone	0.34	0.87
throne	0.34	0.91
core	0.34	1.24
supplements	0.34	1.19
rewards	0.34	1.18
300	0.34	1.13
has	0.34	2.19
mm	0.34	1.40
android	0.34	1.28
earn	0.34	1.18
stage	0.34	1.07
school	0.34	0.80
turn	0.34	1.66
efficient	0.34	1.23
urge	0.34	1.46
talked	0.34	1.96
blocks	0.34	1.16
thumb	0.34	1.29
spent	0.34	1.45
strip	0.34	1.17
progress	0.34	1.25
reading	0.34	1.95
movies	0.34	0.79
succeeded	0.35	1.05
show	0.35	1.80
sections	0.35	1.25
metal	0.35	0.95
scare	0.35	1.01
box	0.35	1.19
legend	0.35	0.87
faster	0.35	1.23
full	0.35	1.03
anymore	0.35	2.33
areas	0.35	1.06
prior	0.35	1.35
amp	0.35	1.11
goes	0.35	1.84
hook	0.35	1.14
packs	0.35	0.98
method	0.35	1.19
rich	0.35	0.86
alternate	0.35	1.12
500	0.35	1.12
catch	0.35	1.94
controlling	0.35	1.22
smarter	0.35	1.19
stopped	0.35	1.45
eliminate	0.35	0.99
wrapped	0.35	0.93
existed	0.35	1.89
warhammer	0.36	0.94
phb	0.36	1.51
barely	0.36	1.35
stone	0.36	0.90
laughs	0.36	1.11
pants	0.36	1.08
lighting	0.36	0.91
wanted	0.36	2.17
exploration	0.36	1.10
returned	0.36	1.27
whatever	0.36	2.33
entirely	0.36	1.68
involves	0.36	1.19
active	0.36	1.53
priest	0.36	0.81
suspicious	0.36	1.57
off	0.36	1.24
dms	0.36	1.29
1e	0.36	1.26
royal	0.36	0.82
wise	0.36	1.12
blacksmith	0.36	0.76
return	0.36	1.27
ourselves	0.36	1.26
individually	0.36	1.22
divine	0.36	0.87
solve	0.36	1.52
adventure	0.36	1.31
term	0.36	1.91
intentions	0.37	1.46
encouraged	0.37	1.26
differently	0.37	1.83
legendary	0.37	0.92
becoming	0.37	1.27
spice	0.37	1.35
finish	0.37	1.46
want	0.37	2.41
even	0.37	2.41
comes	0.37	1.82
writer	0.37	1.11
wash	0.37	1.02
coming	0.37	1.94
writing	0.37	1.39
1000	0.37	1.16
copper	0.37	0.93
regarding	0.37	1.96
study	0.37	1.16
citizens	0.37	0.93
costs	0.37	1.10
assumption	0.37	2.35
begin	0.37	1.30
let	0.37	2.21
rooms	0.38	1.06
coin	0.38	1.03
were	0.38	2.29
names	0.38	1.31
license	0.38	1.19
sex	0.38	0.73
stayed	0.38	1.34
mind	0.38	2.15
need	0.38	2.41
paizo	0.38	1.20
incentive	0.38	1.21
compelling	0.38	1.28
props	0.38	1.00
central	0.38	1.29
mature	0.38	1.06
completed	0.38	1.30
found	0.38	1.60
incorporate	0.38	1.27
rpg	0.38	1.05
cthulhu	0.38	0.87
tablet	0.38	1.25
instead	0.38	1.51
loot	0.38	1.09
figure	0.38	2.34
physically	0.38	1.21
consistent	0.38	1.11
boards	0.38	1.70
leads	0.38	1.02
avoiding	0.38	1.10
ruleset	0.38	1.20
words	0.38	1.54
length	0.38	1.10
starter	0.38	1.26
quests	0.38	1.18
edition	0.38	1.22
grounds	0.38	1.18
drinks	0.38	0.93
wears	0.38	0.88
playing	0.38	1.74
battle	0.38	1.06
grant	0.38	1.16
display	0.39	1.22
cloud	0.39	0.88
gift	0.39	0.92
3-4	0.39	1.23
lizard	0.39	0.87
convince	0.39	1.63
separated	0.39	1.26
villains	0.39	1.12
available	0.39	1.25
guide	0.39	1.41
set	0.39	1.25
layer	0.39	1.09
windows	0.39	1.28
considered	0.39	2.02
introduce	0.39	1.23
contain	0.39	1.29
began	0.39	1.29
interaction	0.39	1.16
newer	0.39	1.09
manual	0.39	1.35
backpack	0.39	0.95
classic	0.39	0.68
precise	0.40	1.18
robes	0.40	0.87
song	0.40	0.96
pf	0.40	1.13
halfway	0.40	1.25
supply	0.40	1.02
proceeded	0.40	1.32
jokes	0.40	0.97
lighter	0.40	1.13
advantage/disadvantage	0.40	1.20
seconds	0.40	1.43
stream	0.40	1.01
2e	0.40	1.20
decided	0.40	1.92
free	0.40	1.41
story	0.40	1.24
red	0.40	0.81
rpgs	0.40	1.01
engage	0.40	1.22
theme	0.40	1.00
deliver	0.40	1.11
guess	0.40	2.71
related	0.40	1.61
current	0.40	1.13
sub	0.40	2.39
crying	0.40	0.75
special	0.40	1.07
terrain	0.40	0.98
flesh	0.40	0.93
thousands	0.40	1.07
known	0.41	1.39
succubus	0.41	0.73
office	0.41	1.09
3.5	0.41	1.21
gold	0.41	1.05
bbeg	0.41	1.21
allow	0.41	2.05
rations	0.41	1.03
approaches	0.41	1.18
rounds	0.41	1.46
systems	0.41	1.05
compendium	0.41	1.40
scheme	0.41	0.91
rulebook	0.41	1.40
hour	0.41	1.46
tldr	0.41	1.01
suit	0.41	1.16
smite	0.41	0.92
butt	0.41	0.93
refuse	0.41	1.63
ogl	0.41	1.18
boot	0.41	1.10
simplicity	0.41	1.08
alone	0.41	1.32
officially	0.42	1.35
season	0.42	0.96
giving	0.42	1.57
hex	0.42	0.97
dialogue	0.42	1.15
wo	0.42	2.33
granting	0.42	1.15
3e	0.42	1.17
alive	0.42	1.23
wotc	0.42	1.26
asses	0.42	1.11
hours	0.42	1.45
player	0.42	1.83
output	0.42	1.08
kept	0.42	1.44
money	0.42	1.15
clothes	0.42	0.91
products	0.42	1.13
minutes	0.42	1.45
record	0.42	0.92
quote	0.42	1.96
doesnt	0.42	1.86
should	0.43	2.37
cautious	0.43	1.14
emphasis	0.43	1.16
remind	0.43	1.52
page	0.43	1.65
pointing	0.43	1.73
whole	0.43	1.89
freely	0.43	1.30
content	0.43	1.24
non-combat	0.43	1.16
rulebooks	0.43	1.30
tempted	0.43	1.39
team	0.43	1.12
third	0.43	1.50
feed	0.43	0.96
heard	0.43	1.46
module	0.43	1.27
separate	0.43	1.27
witch	0.43	1.00
flip	0.43	1.01
died	0.43	1.20
discussion	0.43	2.18
phandelver	0.43	1.32
create	0.43	1.14
heroes	0.43	0.99
application	0.43	1.38
pockets	0.43	1.01
transition	0.43	0.90
complex	0.43	0.99
insult	0.43	1.38
improvement	0.43	1.12
strong	0.43	0.96
references	0.44	1.10
eventually	0.44	1.48
individual	0.44	1.22
pathfinder	0.44	1.25
obsessed	0.44	0.94
color	0.44	0.92
tried	0.44	1.81
plots	0.44	1.14
sent	0.44	1.26
intention	0.44	1.70
fields	0.44	1.09
admittedly	0.44	1.31
someone	0.44	1.75
exchange	0.44	1.16
wonder	0.44	1.95
orphan	0.44	0.63
product	0.44	1.13
mechanical	0.44	1.28
council	0.44	0.97
idiot	0.44	1.03
1-2	0.44	1.19
use	0.44	1.33
original	0.44	2.19
passed	0.44	1.35
pcs	0.45	1.93
3.x	0.45	1.11
editions	0.45	1.15
versa	0.45	1.15
advise	0.45	1.17
3.5e	0.45	1.13
boost	0.45	0.97
simplified	0.45	1.07
easy	0.45	1.07
easiest	0.45	1.70
rewarded	0.45	1.19
able	0.45	2.16
long	0.45	1.53
immediately	0.45	1.49
vary	0.45	1.51
nervous	0.45	1.66
ad	0.45	1.12
read	0.45	1.75
tone	0.45	1.29
willing	0.45	2.01
exact	0.45	2.40
versions	0.45	1.13
king	0.46	0.75
business	0.46	1.01
pay	0.46	1.29
4-5	0.46	1.26
wrote	0.46	1.51
spotlight	0.46	1.41
significantly	0.46	1.14
grows	0.46	1.06
tv	0.46	1.00
posts	0.46	2.36
mods	0.46	1.95
fake	0.46	1.03
moved	0.46	1.62
coins	0.46	0.99
drugs	0.46	0.95
campaigns	0.46	1.33
difficult	0.46	1.01
sufficient	0.46	1.51
prince	0.46	0.80
added	0.46	1.64
streamlined	0.47	1.12
storage	0.47	1.17
dmpc	0.47	1.79
one-shot	0.47	1.30
increasing	0.47	1.03
joining	0.47	1.38
official	0.47	1.26
single	0.47	1.61
aware	0.47	2.03
course	0.47	2.32
function	0.47	1.30
pre-made	0.47	1.25
imagining	0.47	1.52
golden	0.47	0.89
complexity	0.47	1.04
layers	0.47	1.16
plastic	0.47	1.39
discovered	0.47	1.52
particular	0.47	1.57
member	0.47	1.09
adventurer	0.47	1.01
quicker	0.47	1.21
fat	0.47	0.92
collecting	0.47	0.98
beginning	0.48	1.37
cents	0.48	1.35
rules	0.48	1.31
compromise	0.48	1.55
babies	0.48	0.88
newest	0.48	1.19
neither	0.48	2.19
conversation	0.48	1.59
became	0.48	1.13
perspective	0.48	1.56
campaign	0.48	1.48
take	0.48	1.95
often	0.48	1.72
detail	0.48	1.31
shown	0.48	1.28
released	0.48	1.27
pound	0.48	1.03
selling	0.48	1.07
sell	0.48	1.03
hooks	0.48	1.14
below	0.48	1.52
imagination	0.48	1.24
creator	0.48	1.38
legal	0.48	1.26
purchase	0.48	1.22
development	0.48	1.06
egg	0.48	0.75
research	0.48	1.28
5e	0.48	1.22
convenient	0.48	1.02
aura	0.48	0.94
repeatedly	0.48	1.07
took	0.48	1.53
combat	0.48	1.13
tricky	0.49	1.06
elements	0.49	1.07
admit	0.49	1.42
himself	0.49	1.31
eg	0.49	1.05
bought	0.49	1.09
stories	0.49	0.96
concerns	0.49	1.27
srd	0.49	1.49
second	0.49	1.92
magazine	0.49	1.30
fast	0.49	1.10
afterwards	0.49	1.41
disguised	0.49	0.79
sacred	0.49	0.93
smart	0.49	1.07
subtle	0.49	1.04
picked	0.49	1.42
over	0.49	1.48
underneath	0.49	1.01
given	0.49	1.57
software	0.49	1.21
sometimes	0.49	1.86
looking	0.49	2.12
introduced	0.49	1.30
harry	0.49	0.90
fewer	0.49	1.15
play	0.50	1.80
accessible	0.50	1.18
web	0.50	1.29
beer	0.50	0.89
arrived	0.50	1.33
worthwhile	0.50	0.88
dollars	0.50	1.20
loads	0.50	1.12
after	0.50	1.53
focused	0.50	0.96
specifics	0.50	2.11
wine	0.50	0.92
series	0.50	0.78
either	0.50	2.21
remain	0.50	1.36
while	0.50	1.37
colors	0.51	1.01
back	0.51	1.69
launch	0.51	1.19
virtual	0.51	1.30
reliable	0.51	1.13
taste	0.51	1.26
groups	0.51	1.34
token	0.51	1.16
instructions	0.51	1.40
generator	0.51	1.25
unsure	0.51	1.65
tabletop	0.51	1.13
dry	0.51	1.05
each	0.51	1.54
battles	0.51	1.01
involve	0.51	1.11
low	0.51	1.02
compared	0.51	1.08
communication	0.51	1.28
excuse	0.51	1.51
sexual	0.51	0.79
go	0.51	2.21
assist	0.51	1.17
scared	0.51	1.17
digital	0.51	1.26
legacy	0.51	0.87
made	0.51	1.71
lasted	0.51	1.46
where	0.51	2.29
again	0.51	2.23
swings	0.51	1.13
finishing	0.51	1.31
reads	0.52	1.74
days	0.52	1.47
star	0.52	0.86
shops	0.52	1.02
flavour	0.52	1.20
needs	0.52	1.54
element	0.52	1.15
same	0.52	2.25
basic	0.52	1.30
shortly	0.52	1.32
dm	0.52	2.05
times	0.52	1.50
version	0.52	1.23
varying	0.52	1.29
chat	0.52	1.40
person	0.52	1.57
playtest	0.53	1.35
ways	0.53	1.47
participate	0.53	1.37
every	0.53	1.55
growing	0.53	0.88
brought	0.53	1.66
online	0.53	1.42
claimed	0.53	1.73
any	0.53	2.20
refused	0.53	1.50
artifacts	0.53	0.95
asked	0.53	2.00
sale	0.53	1.06
oriented	0.53	1.01
fit	0.53	1.66
internet	0.53	1.97
whichever	0.53	1.85
tool	0.53	1.08
ink	0.53	0.98
run	0.53	1.56
assumed	0.53	2.02
bullshit	0.53	1.06
cash	0.54	1.10
bulk	0.54	1.01
creativity	0.54	1.12
batman	0.54	0.90
learn	0.54	1.69
already	0.54	2.15
preferred	0.54	1.53
sing	0.54	0.88
updated	0.54	1.29
r/dnd	0.54	2.25
hire	0.54	1.00
reward	0.54	1.18
easily	0.54	1.82
birth	0.54	0.67
releasing	0.54	1.26
appears	0.54	1.16
time	0.54	1.48
keeps	0.54	1.31
came	0.54	1.77
seemingly	0.54	1.06
citadel	0.54	1.02
riddle	0.54	1.49
subscription	0.54	1.31
npc	0.54	1.25
press	0.54	1.47
respectively	0.54	1.01
learned	0.55	1.59
together	0.55	1.52
session	0.55	1.49
packet	0.55	1.30
intro	0.55	1.27
beyond	0.55	1.23
something	0.55	2.26
nine	0.55	1.05
deck	0.55	1.04
eggs	0.55	0.80
model	0.55	1.04
oops	0.55	2.61
yourself	0.55	2.07
nights	0.55	1.15
sign	0.55	1.21
gone	0.55	1.95
blessed	0.55	0.87
adult	0.55	0.72
beta	0.55	1.30
then	0.55	2.16
knew	0.55	2.05
luckily	0.55	1.05
2-3	0.55	1.30
fool	0.55	1.06
situational	0.55	0.81
bother	0.55	1.80
ninja	0.55	1.17
dungeonscape	0.55	1.21
prices	0.55	1.02
decade	0.55	1.43
tactical	0.55	1.11
sessions	0.55	1.38
ran	0.55	1.50
high	0.55	1.00
adventures	0.55	1.15
topic	0.55	2.25
warning	0.56	1.31
locations	0.56	1.08
builder	0.56	1.35
address	0.56	1.60
grid	0.56	1.00
group	0.56	1.41
mmo	0.56	0.98
flexibility	0.56	1.05
pirates	0.56	0.86
driving	0.56	1.09
search	0.56	1.59
heading	0.56	1.39
technical	0.56	1.24
roll20	0.56	1.38
tarrasque	0.56	1.05
paint	0.56	1.06
little	0.56	1.19
functions	0.56	1.12
members	0.56	1.20
prime	0.56	1.02
years	0.56	1.42
shipping	0.56	1.05
resources	0.56	1.18
gives	0.56	1.26
landed	0.56	1.16
news	0.56	1.05
image	0.56	1.14
context	0.57	2.14
statement	0.57	2.32
got	0.57	1.67
sticky	0.57	0.92
letters	0.57	1.28
suitable	0.57	1.11
crazy	0.57	1.04
wars	0.57	0.87
theater	0.57	1.24
lines	0.57	1.07
lmop	0.57	1.33
depth	0.57	1.09
grew	0.57	0.68
weeks	0.57	1.48
mat	0.57	0.97
finally	0.57	1.60
reasonably	0.57	1.44
happened	0.57	1.94
pdfs	0.57	1.29
grown	0.57	0.79
serves	0.57	1.04
amazon	0.58	1.11
simpler	0.58	1.18
week	0.58	1.39
descriptions	0.58	1.41
ask	0.58	2.17
library	0.58	0.97
opinion	0.58	2.01
hard	0.58	1.51
last	0.58	1.48
first	0.58	1.58
twenty	0.58	1.27
seven	0.58	1.20
earlier	0.58	1.65
edit	0.58	2.59
write	0.58	1.24
answered	0.58	2.22
journal	0.58	1.40
parts	0.58	1.23
once	0.58	1.75
ddi	0.58	1.32
science	0.58	0.80
shall	0.58	0.86
necessary	0.58	1.91
better	0.58	1.72
serving	0.58	0.92
pdf	0.58	1.37
buy	0.58	1.05
months	0.59	1.49
detailed	0.59	1.20
linked	0.59	2.15
letter	0.59	1.35
role-play	0.59	1.15
numerous	0.59	1.29
flames	0.59	0.88
blown	0.59	0.99
mistakes	0.59	1.85
next	0.59	1.53
ten	0.59	1.29
app	0.59	1.35
lists	0.59	1.20
simple	0.59	1.12
later	0.59	1.62
beats	0.59	1.07
inspired	0.59	0.78
customization	0.59	1.06
pieces	0.59	1.01
math	0.59	1.32
laugh	0.59	0.88
could	0.59	2.20
kicked	0.59	1.00
others	0.59	1.77
markers	0.59	1.00
capable	0.59	1.05
million	0.59	1.16
repeat	0.60	1.12
fortunately	0.60	1.36
buying	0.60	1.20
dump	0.60	0.96
five	0.60	1.29
wait	0.60	1.91
salt	0.60	1.22
heck	0.60	1.36
try	0.60	2.10
insider	0.60	1.35
comparison	0.60	1.09
keeping	0.60	1.42
flow	0.60	1.10
rather	0.60	1.40
hundred	0.60	1.25
services	0.60	1.18
month	0.60	1.45
attempts	0.60	1.28
computer	0.60	1.22
allowing	0.60	1.31
price	0.60	1.07
ridiculously	0.60	1.10
muscle	0.60	0.83
review	0.60	1.40
till	0.60	1.36
sending	0.60	1.34
erase	0.60	0.99
gaming	0.61	1.09
bounded	0.61	1.07
screen	0.61	1.27
pages	0.61	1.27
program	0.61	1.26
career	0.61	1.00
alternative	0.61	1.24
mention	0.61	2.01
find	0.61	2.10
forum	0.61	2.14
both	0.61	1.42
thinking	0.61	2.14
saved	0.61	1.11
thread	0.61	2.24
expensive	0.61	0.90
secondly	0.61	1.06
proper	0.61	1.51
log	0.61	1.36
will	0.62	2.13
six	0.62	1.31
crunch	0.62	1.15
had	0.62	1.83
his	0.62	1.04
sheet	0.62	1.19
however	0.62	2.19
mist	0.62	0.89
ago	0.62	1.49
which	0.62	2.15
offered	0.62	1.33
may	0.62	2.16
posted	0.62	2.15
title	0.62	2.27
weekly	0.62	1.28
english	0.62	1.95
bones	0.62	0.92
grids	0.62	1.00
teach	0.62	1.49
paragraph	0.62	1.97
party	0.62	1.51
went	0.62	1.69
started	0.62	1.54
straightforward	0.63	1.07
realise	0.63	1.67
eight	0.63	1.22
role-playing	0.63	1.13
friday	0.63	1.29
schedule	0.63	1.23
summer	0.63	1.20
morning	0.63	1.16
bucks	0.63	1.15
thousand	0.63	1.25
come	0.63	2.08
copies	0.63	1.14
chessex	0.63	1.01
effectiveness	0.63	1.10
perhaps	0.63	1.86
games	0.63	0.99
nope	0.63	1.72
mood	0.63	1.04
completely	0.63	1.37
probably	0.63	2.15
experienced	0.63	1.21
whiteboard	0.63	1.01
latest	0.63	1.16
age	0.63	0.75
decades	0.63	1.45
reason	0.64	2.12
subreddit	0.64	2.15
crushed	0.64	1.00
expense	0.64	0.92
laptop	0.64	1.24
felt	0.64	1.16
narrative	0.64	1.16
beat	0.64	1.09
website	0.64	1.58
yesterday	0.64	1.65
binder	0.64	1.01
four	0.64	1.26
offering	0.64	1.23
we	0.64	1.87
met	0.64	1.46
fresh	0.64	1.03
author	0.64	1.15
rewarding	0.64	1.04
played	0.64	1.44
him	0.64	1.71
cheaper	0.64	1.13
rescue	0.64	0.91
production	0.65	1.05
ready	0.65	1.74
skype	0.65	1.35
overly	0.65	1.14
mayor	0.65	0.79
reddit	0.65	2.18
handful	0.65	1.14
meet	0.65	1.39
concerned	0.65	1.33
descriptive	0.65	1.22
click	0.65	1.80
cats	0.65	1.14
august	0.65	1.33
receive	0.65	1.14
sites	0.65	1.65
pc	0.65	1.67
mtg	0.65	1.12
roleplaying	0.65	1.14
machine	0.66	1.25
yet	0.66	2.04
join	0.66	1.62
include	0.66	1.24
golems	0.66	0.78
coffee	0.66	0.91
meh	0.66	1.05
past	0.66	1.50
provided	0.66	1.42
certainly	0.66	1.81
encourage	0.66	1.25
encourages	0.66	1.09
block	0.66	1.33
before	0.66	1.75
diamond	0.66	0.97
slightly	0.67	1.22
least	0.67	1.94
evening	0.67	1.19
exercise	0.67	1.04
fuck	0.67	1.81
versatile	0.67	0.82
future	0.67	1.19
farm	0.67	0.67
easier	0.67	1.30
board	0.67	1.12
dm'ing	0.67	1.44
suited	0.67	1.55
awhile	0.67	1.86
text	0.67	1.89
hints	0.68	1.24
creative	0.68	1.22
roleplay	0.68	1.13
tiles	0.68	1.01
running	0.68	1.45
two	0.68	1.24
cue	0.68	1.00
route	0.68	1.37
dozen	0.68	1.20
pen	0.68	1.04
killer	0.68	0.83
heroic	0.68	0.89
tables	0.68	1.10
value	0.68	1.02
keep	0.68	1.66
food	0.68	0.95
general	0.68	1.31
brand	0.68	1.02
fancy	0.68	0.92
painting	0.69	1.14
league	0.69	1.24
steel	0.69	0.90
models	0.69	1.01
gameplay	0.69	1.13
smooth	0.69	0.98
kickstarter	0.69	1.11
ordered	0.69	1.19
close	0.69	1.61
chunk	0.69	0.92
site	0.69	1.71
stores	0.69	1.02
recently	0.69	1.66
finished	0.69	1.36
flgs	0.70	1.07
recent	0.70	0.86
here	0.70	2.16
drawn	0.70	0.97
forward	0.70	1.16
think	0.70	2.21
date	0.70	1.31
impression	0.70	1.06
noticed	0.70	1.87
contribute	0.70	1.53
fix	0.70	2.02
article	0.70	1.76
gm	0.70	1.49
start	0.70	1.56
worried	0.70	1.51
bane	0.70	0.77
sells	0.70	0.98
rp	0.70	1.10
including	0.70	1.02
mold	0.70	0.77
fashion	0.71	1.09
via	0.71	1.43
maybe	0.71	2.09
women	0.71	0.67
collect	0.71	1.03
irl	0.71	1.08
brave	0.71	0.86
previous	0.71	1.41
forums	0.71	1.97
brief	0.71	1.24
approach	0.71	1.44
dudes	0.71	0.86
showed	0.71	1.54
painted	0.71	1.01
only	0.71	2.08
since	0.71	2.00
closest	0.71	1.05
looked	0.72	1.41
remembered	0.72	1.95
fine	0.72	2.12
hundreds	0.72	1.16
note	0.72	1.49
done	0.72	2.05
weekend	0.72	1.33
bastard	0.72	0.84
ensure	0.72	1.14
utterly	0.72	0.87
loyal	0.72	0.69
drive	0.72	1.06
download	0.72	1.40
provide	0.72	1.24
remotely	0.72	1.40
aspects	0.73	1.09
different	0.73	1.25
community	0.73	1.46
beard	0.73	0.82
cardboard	0.73	1.09
bit	0.73	1.29
thankfully	0.73	1.39
private	0.73	1.37
request	0.73	1.53
specific	0.73	1.45
watch	0.74	0.87
fucked	0.74	0.98
contact	0.74	1.23
certain	0.74	1.33
upcoming	0.74	1.24
terrifying	0.74	1.45
managed	0.74	1.38
hardest	0.74	1.61
storytelling	0.74	1.10
tale	0.74	0.74
greater	0.74	0.88
expand	0.74	1.08
us	0.74	1.54
new	0.74	1.42
channel	0.74	0.82
bits	0.75	1.19
phrase	0.75	2.02
bob	0.75	0.97
saturday	0.75	1.27
word	0.75	1.99
service	0.75	1.04
still	0.75	2.07
meeting	0.75	1.12
video	0.75	0.94
exciting	0.75	0.93
variety	0.75	1.11
sunday	0.76	1.28
dmed	0.76	1.44
checking	0.76	1.61
organized	0.76	1.13
give	0.76	1.61
varied	0.76	1.06
sheets	0.76	1.16
three	0.76	1.26
consideration	0.76	1.10
custom	0.76	1.01
stock	0.76	1.02
fog	0.76	0.90
satisfying	0.76	0.95
way	0.76	1.98
invested	0.76	1.13
soon	0.76	1.46
planning	0.77	1.61
flexible	0.77	0.87
release	0.77	1.23
extent	0.77	1.10
been	0.77	1.83
printed	0.77	1.12
card	0.77	1.12
font	0.77	0.97
task	0.77	0.99
shop	0.77	0.88
assuming	0.77	2.19
until	0.77	1.47
ones	0.77	1.49
arrive	0.77	1.27
tomb	0.77	1.01
surprised	0.77	1.65
host	0.78	1.03
never	0.78	1.92
too	0.78	1.47
honestly	0.78	2.13
kinds	0.78	1.03
wiki	0.78	1.67
sources	0.78	1.13
resurrection	0.78	0.83
bitch	0.78	0.92
nerd	0.78	0.80
dig	0.78	1.17
blog	0.78	1.73
initial	0.78	1.48
adults	0.78	0.81
framework	0.78	1.03
releases	0.78	1.26
represent	0.79	1.07
document	0.79	1.39
sets	0.79	1.05
dynamic	0.79	0.95
extensive	0.79	0.92
flavor	0.79	1.24
articles	0.79	1.34
charts	0.79	1.10
adventurers	0.79	1.04
work	0.79	2.02
audience	0.79	1.02
lots	0.79	1.08
sidebar	0.79	1.94
drew	0.79	1.03
calm	0.79	1.00
mechanically	0.80	1.29
miss	0.80	1.18
consider	0.80	1.67
script	0.80	1.22
boxes	0.80	1.00
printer	0.80	1.08
impressed	0.80	1.65
likewise	0.80	1.02
google	0.80	1.36
flowing	0.80	0.93
enjoying	0.80	1.16
cheese	0.80	1.10
local	0.80	0.93
early	0.80	1.28
damned	0.80	0.91
cook	0.80	0.96
buddies	0.81	0.91
copy	0.81	1.31
blue	0.81	0.79
excel	0.81	1.19
c	0.81	0.93
track	0.81	1.11
multiple	0.81	1.20
doctor	0.81	0.99
invite	0.81	1.37
dozens	0.81	1.11
lesson	0.82	1.02
much	0.82	1.62
files	0.82	1.35
stuck	0.82	1.30
saw	0.82	1.83
home	0.82	0.79
question	0.82	2.26
phone	0.82	1.52
comment	0.82	2.15
mechanics	0.82	1.08
account	0.82	1.59
ages	0.82	0.85
paper	0.82	1.02
system	0.82	1.05
fluff	0.83	1.29
actually	0.83	2.07
visual	0.83	1.05
charismatic	0.83	0.91
ve	0.83	1.76
plenty	0.83	1.19
fair	0.83	1.70
cup	0.83	0.92
several	0.84	1.19
skilled	0.84	0.84
tokens	0.84	1.03
ever	0.84	1.94
data	0.84	1.24
episode	0.84	0.94
realized	0.84	1.85
offers	0.84	1.19
cheap	0.84	0.98
gotten	0.84	1.63
various	0.85	1.11
naked	0.85	0.85
married	0.85	0.67
become	0.85	1.20
newbie	0.85	1.19
less	0.85	1.20
facebook	0.85	1.76
favorites	0.85	1.33
store	0.85	0.97
older	0.85	0.79
far	0.85	1.78
things	0.85	1.85
dr	0.86	0.98
aspect	0.86	1.07
couple	0.86	1.25
cards	0.86	1.08
also	0.86	2.00
tl	0.86	0.98
personally	0.86	1.83
mobile	0.86	1.63
respond	0.86	1.64
source	0.87	1.18
especially	0.87	1.25
introduction	0.87	1.36
tons	0.87	1.09
beneficial	0.87	0.79
farmer	0.87	0.60
people	0.87	1.78
seen	0.87	1.86
thin	0.87	0.91
although	0.87	1.91
newbies	0.87	1.17
guaranteed	0.88	1.14
effective	0.88	0.86
dming	0.88	1.43
notebook	0.88	1.12
kidnapped	0.88	0.67
opposing	0.88	0.96
x	0.88	1.08
b	0.88	1.01
vague	0.88	1.16
watched	0.88	1.02
meanwhile	0.88	0.95
message	0.88	1.50
frankly	0.89	1.01
herself	0.89	0.71
considering	0.89	1.02
tag	0.89	1.90
game	0.89	1.21
manage	0.89	1.44
documents	0.89	1.22
example	0.89	1.65
brush	0.89	0.94
project	0.90	1.05
outline	0.90	1.14
guidelines	0.90	1.14
purchased	0.90	1.10
invited	0.90	1.00
3d	0.90	0.97
changed	0.90	1.47
becomes	0.90	1.16
link	0.91	1.91
post	0.91	2.04
swamp	0.91	0.79
boys	0.91	0.62
shapes	0.91	0.96
backwards	0.91	1.01
loose	0.91	0.99
few	0.91	1.28
joined	0.91	1.20
file	0.91	1.31
familiar	0.92	1.42
sum	0.92	1.06
moments	0.92	0.85
update	0.92	1.71
another	0.92	1.84
draw	0.92	0.94
children	0.92	0.59
might	0.92	1.95
details	0.92	1.35
threads	0.92	1.88
explaining	0.92	1.64
simultaneously	0.92	0.82
send	0.93	1.38
toys	0.93	0.83
notes	0.93	1.18
photoshop	0.93	1.12
sometime	0.93	1.22
vanilla	0.94	0.77
miniature	0.94	0.95
enough	0.94	1.54
ebay	0.94	0.98
perfectly	0.94	1.47
print	0.94	1.10
engaging	0.94	0.99
late	0.94	1.23
drawing	0.94	0.99
potent	0.94	0.73
righteous	0.95	0.75
apologize	0.95	2.14
gay	0.95	0.61
lego	0.95	0.88
reference	0.95	1.17
today	0.95	1.18
stretch	0.95	1.01
reaper	0.95	0.95
index	0.95	1.08
e	0.95	0.93
mini	0.96	0.94
seem	0.96	1.47
year	0.96	1.11
doable	0.96	1.16
share	0.96	1.12
examples	0.96	1.12
guides	0.96	1.53
wont	0.96	1.63
miniatures	0.97	0.95
seemed	0.97	1.02
blank	0.97	0.97
lord	0.97	0.71
episodes	0.97	0.88
experience	0.97	1.20
powerful	0.97	0.80
family	0.97	0.69
currently	0.97	1.40
movie	0.98	0.72
sentence	0.98	2.11
other	0.98	1.42
minis	0.98	0.95
eat	0.98	1.07
thematically	0.99	1.31
format	0.99	1.33
delay	0.99	1.21
listen	0.99	0.91
option	0.99	1.64
parents	0.99	0.68
figures	1.00	0.95
insane	1.00	0.96
toes	1.00	1.21
hobby	1.00	0.94
pencil	1.00	0.96
answers	1.00	1.64
style	1.00	0.95
suggest	1.00	1.31
successfully	1.01	0.81
vote	1.01	1.20
fortune	1.01	0.90
answer	1.01	2.04
many	1.01	1.19
counter	1.01	1.08
errata	1.01	1.37
thing	1.01	1.83
premise	1.01	1.30
alley	1.01	1.21
practice	1.01	0.92
wording	1.02	1.95
ate	1.02	0.84
strangers	1.02	1.04
creepy	1.02	0.83
friends	1.02	1.03
graph	1.02	0.95
none	1.02	1.09
y	1.02	1.09
thoroughly	1.03	1.01
promise	1.03	1.06
hooked	1.03	0.97
incredible	1.03	1.32
ll	1.03	1.85
checked	1.03	1.60
isnt	1.03	1.26
information	1.03	1.34
offense	1.03	1.04
summary	1.03	1.29
mentioning	1.03	1.09
tall	1.04	0.88
baby	1.04	0.56
dont	1.04	1.80
maps	1.04	0.93
father	1.04	0.68
map	1.04	0.94
christmas	1.05	0.73
needless	1.05	0.97
guidance	1.06	0.92
myself	1.06	1.46
technique	1.06	0.81
scope	1.06	1.01
beauty	1.06	0.84
jobs	1.07	0.90
atmosphere	1.07	0.82
sense	1.07	1.84
comments	1.07	1.85
glowing	1.07	0.76
relatively	1.07	1.14
highly	1.07	1.04
shy	1.07	1.22
particularly	1.08	1.22
feels	1.08	1.11
pvp	1.08	0.87
blind	1.08	0.96
equally	1.08	1.16
brothers	1.08	0.66
sick	1.08	0.83
sooner	1.08	1.20
eats	1.08	0.87
mother	1.09	0.67
podcast	1.09	0.83
famous	1.09	0.79
enjoyable	1.09	0.92
seeing	1.09	1.54
mistake	1.09	1.77
somewhat	1.09	1.13
r/lfg	1.10	1.67
agreed	1.10	1.37
taught	1.10	0.81
granted	1.10	0.89
intimidating	1.10	0.71
poker	1.10	0.83
these	1.11	1.11
john	1.11	0.69
waiting	1.11	1.10
hear	1.11	1.03
son	1.12	0.65
youtube	1.12	0.96
edited	1.12	2.00
torch	1.12	0.75
extremely	1.12	1.15
quite	1.12	1.39
busy	1.12	1.10
sketch	1.12	0.93
creates	1.12	0.77
meat	1.12	0.99
skyrim	1.13	0.74
infinite	1.13	0.94
flair	1.13	1.77
fairly	1.13	1.18
eating	1.13	0.88
fellow	1.13	0.91
professional	1.13	0.89
role	1.13	0.99
email	1.13	1.49
holds	1.13	1.28
deeds	1.14	0.88
bot	1.14	1.73
child	1.14	0.59
entertaining	1.14	0.79
assistance	1.14	1.09
basics	1.15	1.08
n	1.15	0.97
murdered	1.15	1.04
its	1.15	1.68
important	1.15	1.03
tomorrow	1.15	1.14
meets	1.15	0.76
incredibly	1.15	1.13
hero	1.16	0.72
forests	1.16	0.60
v	1.16	1.03
insanely	1.16	1.15
stranger	1.16	0.86
street	1.17	0.85
fixed	1.17	1.88
arts	1.17	0.71
glance	1.17	1.04
guessing	1.17	1.20
permission	1.17	1.02
mechanic	1.17	1.06
faces	1.17	0.86
shared	1.17	1.02
wouldnt	1.17	1.38
me	1.18	1.66
unlimited	1.18	0.90
kind	1.18	1.31
very	1.18	1.16
links	1.19	1.64
didnt	1.19	1.59
works	1.19	1.64
elder	1.19	0.77
she	1.19	0.75
car	1.19	0.69
relevant	1.19	1.03
error	1.19	1.86
goodness	1.19	0.86
blades	1.19	0.67
testing	1.19	1.03
quick	1.20	0.98
shiny	1.20	0.74
ive	1.20	1.43
comfortable	1.20	1.22
memorable	1.20	0.81
precious	1.21	0.82
most	1.21	1.49
hes	1.21	1.19
responses	1.21	1.69
ai	1.21	1.01
bunch	1.21	1.10
really	1.21	1.66
lately	1.22	1.15
tonight	1.22	1.19
kids	1.22	0.59
talent	1.22	0.77
laughed	1.23	0.91
bright	1.23	0.69
smell	1.23	0.87
watching	1.23	0.76
convinced	1.24	1.20
reminded	1.24	1.51
bread	1.24	0.77
fits	1.25	1.17
genuinely	1.25	1.11
fitting	1.25	0.82
sounded	1.25	1.35
overall	1.25	1.06
college	1.25	0.83
nicely	1.26	1.25
t	1.26	1.19
posting	1.26	1.69
improve	1.26	1.08
interested	1.26	1.34
paid	1.26	0.95
brother	1.27	0.68
design	1.27	0.88
gave	1.27	1.16
friend	1.27	0.79
makes	1.28	1.23
younger	1.28	0.62
gems	1.29	0.72
part	1.29	1.45
young	1.29	0.54
imho	1.29	0.85
always	1.30	1.61
gt	1.30	1.61
wondering	1.30	1.64
curious	1.31	1.33
piece	1.31	0.84
id	1.31	1.19
providing	1.31	0.94
sister	1.31	0.65
improv	1.32	1.11
daughter	1.32	0.60
clever	1.32	0.86
unique	1.32	0.82
excited	1.33	1.23
joke	1.33	0.89
aid	1.33	0.86
her	1.34	0.62
mom	1.34	0.61
anyway	1.34	1.72
tricks	1.35	0.90
cant	1.35	1.45
offer	1.35	1.12
videos	1.35	0.87
folks	1.35	1.24
questions	1.36	1.55
dinner	1.36	0.76
guy	1.36	0.99
valuable	1.37	0.80
recommend	1.37	0.89
figured	1.37	1.60
imo	1.37	1.13
competent	1.37	0.71
hell	1.38	1.35
amusing	1.38	0.71
husband	1.38	0.61
tea	1.39	0.77
rough	1.39	0.92
though	1.39	1.62
theres	1.39	1.22
colored	1.40	0.77
princess	1.40	0.49
delicious	1.40	0.76
similar	1.41	1.33
fun	1.41	1.28
apparently	1.41	1.58
lucky	1.41	0.81
intense	1.42	0.67
worked	1.42	1.43
chicken	1.43	0.70
borrow	1.43	0.78
inspiration	1.43	0.76
pizza	1.43	0.70
dad	1.44	0.93
listening	1.44	0.75
w	1.44	0.94
images	1.44	0.94
picture	1.46	1.23
ass	1.46	0.82
girlfriend	1.46	0.86
penny	1.47	0.70
dressed	1.47	0.63
deserves	1.47	1.06
well	1.47	1.55
incorporated	1.47	0.69
podcasts	1.47	0.72
provides	1.47	0.83
comics	1.49	0.69
til	1.50	0.82
involved	1.50	1.06
hilarious	1.50	1.19
helping	1.50	1.06
candy	1.51	0.70
kid	1.51	0.89
stuff	1.51	1.27
nuts	1.51	0.87
engaged	1.52	1.06
mr	1.52	0.91
ton	1.52	0.85
quality	1.52	0.76
recommendation	1.52	0.72
suppose	1.52	1.54
garg	1.52	1.26
those	1.54	0.92
look	1.54	1.43
humor	1.55	0.76
old	1.55	0.55
lot	1.56	1.14
thoughts	1.56	1.04
whats	1.56	1.10
honest	1.56	0.99
super	1.58	0.96
generous	1.58	0.91
resource	1.58	1.03
clearing	1.59	0.90
indeed	1.59	1.13
teaching	1.59	0.77
epic	1.60	0.93
such	1.60	1.05
absolutely	1.60	1.13
comic	1.60	0.64
chris	1.60	0.83
kinda	1.60	0.98
perkins	1.60	0.82
moment	1.62	0.86
help	1.62	1.30
sadly	1.63	0.89
seems	1.63	0.99
am	1.64	1.16
wife	1.65	0.94
o	1.65	0.86
friendly	1.65	0.84
bet	1.67	1.12
boy	1.67	0.48
girls	1.68	0.49
m	1.68	1.21
reply	1.68	1.37
interesting	1.68	0.72
enjoy	1.70	0.80
yes	1.71	1.43
formatting	1.72	1.39
woman	1.73	0.44
explanation	1.74	1.02
pm	1.75	1.13
surprisingly	1.76	0.85
tbh	1.76	1.05
received	1.78	0.91
please	1.78	1.33
thought	1.79	1.23
u	1.80	0.90
na	1.81	1.05
decent	1.82	0.87
idk	1.83	1.15
useful	1.83	0.67
yup	1.83	1.03
lt	1.83	0.88
unfortunately	1.83	1.02
sorry	1.84	1.31
im	1.85	1.08
wan	1.85	0.95
pictures	1.85	0.74
criticism	1.85	0.95
credit	1.86	0.81
pun	1.86	0.93
printing	1.86	0.63
hopefully	1.87	1.00
clean	1.87	0.80
gon	1.89	0.99
hi	1.90	1.00
girl	1.91	0.40
clarification	1.91	1.21
setup	1.92	0.74
response	1.93	1.08
greatly	1.93	0.68
um	1.94	0.96
pretty	1.94	0.88
missed	1.95	1.18
nah	1.95	0.84
upvote	1.97	1.10
hm	1.97	0.98
dunno	1.97	0.94
ugh	1.99	0.67
forgot	1.99	1.14
shit	1.99	0.73
yo	2.01	0.73
lady	2.01	0.42
truly	2.01	0.65
concept	2.03	0.75
info	2.04	0.87
suggestion	2.04	0.79
ya	2.06	0.85
jesus	2.08	0.62
okay	2.08	1.09
eh	2.10	0.90
ta	2.10	0.75
legit	2.12	0.76
tip	2.13	0.75
tho	2.14	0.86
funny	2.14	0.60
ill	2.15	0.81
good	2.15	0.84
uh	2.16	0.84
ideas	2.16	0.79
alot	2.17	0.80
wtf	2.17	0.68
hmmm	2.18	0.77
p	2.21	0.83
handy	2.21	0.66
anyways	2.22	0.85
definitely	2.22	0.91
neat	2.23	0.55
enjoyed	2.23	0.47
totally	2.23	0.75
hello	2.25	0.73
amazingly	2.25	0.55
crap	2.26	0.60
yea	2.27	0.80
suggestions	2.28	0.75
input	2.29	0.62
feedback	2.29	0.73
helps	2.29	0.65
impressive	2.30	0.35
buddy	2.32	0.63
hoping	2.33	0.62
advice	2.33	0.70
ah	2.34	0.82
badass	2.34	0.47
dear	2.34	0.53
kidding	2.35	0.57
solid	2.36	0.56
huh	2.36	0.72
layout	2.38	0.50
loving	2.38	0.28
worries	2.39	0.71
thats	2.39	0.72
welcome	2.39	0.59
collection	2.39	0.51
tips	2.39	0.62
fucking	2.39	0.47
ok	2.40	0.74
holy	2.41	0.47
yeah	2.42	0.72
heh	2.43	0.61
xd	2.44	0.64
alright	2.44	0.69
omg	2.45	0.51
seriously	2.45	0.51
ooh	2.46	0.43
hey	2.46	0.61
lol	2.46	0.67
yep	2.48	0.62
hmm	2.48	0.66
hope	2.49	0.65
helped	2.49	0.54
guys	2.50	0.57
haha	2.50	0.64
bro	2.51	0.51
ha	2.54	0.57
cheers	2.54	0.58
idea	2.56	0.56
oh	2.58	0.56
artist	2.58	0.36
dude	2.59	0.44
freaking	2.61	0.31
appreciate	2.62	0.49
glad	2.62	0.49
reminds	2.63	0.30
mate	2.63	0.48
thanks	2.64	0.50
wonderful	2.65	0.26
damn	2.66	0.40
sounds	2.66	0.41
hahaha	2.68	0.44
genius	2.68	0.36
luck	2.68	0.45
job	2.70	0.36
perfect	2.70	0.37
jealous	2.70	0.27
btw	2.70	0.39
thank	2.70	0.42
helpful	2.71	0.33
wish	2.71	0.38
sir	2.72	0.33
beautiful	2.72	0.23
man	2.73	0.37
brilliant	2.74	0.30
cute	2.74	0.24
cake	2.75	0.25
cool	2.75	0.32
sharing	2.77	0.31
excellent	2.78	0.26
great	2.79	0.26
art	2.80	0.21
wow	2.81	0.28
sweet	2.81	0.26
lovely	2.82	0.20
looks	2.82	0.28
appreciated	2.82	0.27
artwork	2.83	0.20
