dislike	-5.51	1.61
dr	-4.90	1.45
shitty	-4.83	1.87
devil	-4.65	1.81
worship	-4.64	1.75
tl	-4.63	1.42
returns	-4.43	1.80
overrated	-4.37	1.32
disappointed	-4.33	2.21
ignored	-4.29	1.72
jelsa	-4.28	2.68
rushed	-4.20	2.03
popular	-4.14	1.98
shipping	-4.13	2.73
satan	-4.12	2.01
liking	-4.11	1.97
hanna	-4.10	2.75
passion	-4.06	2.13
ship	-4.04	2.83
worse	-4.03	2.21
confused	-3.99	2.82
shippers	-3.99	2.84
hitler	-3.96	2.23
girlfriend	-3.95	1.64
kristelsa	-3.94	2.83
jack	-3.94	2.44
haters	-3.91	2.79
elsanna	-3.90	2.88
frost	-3.88	2.50
helsa	-3.87	2.82
ships	-3.84	2.94
hansoff	-3.82	2.95
kristanna	-3.80	2.87
shipper	-3.77	2.86
annoying	-3.75	1.84
stupid	-3.73	1.93
famous	-3.72	1.92
ghost	-3.71	1.95
ridiculous	-3.69	1.73
literally	-3.66	2.11
otp	-3.63	2.98
nightmare	-3.62	1.89
dumb	-3.59	1.84
choices	-3.55	2.04
fault	-3.55	1.93
bad	-3.53	2.56
except	-3.52	2.67
bothers	-3.51	1.77
prefer	-3.50	2.49
shipped	-3.49	2.90
pairing	-3.49	2.64
freak	-3.49	2.04
poor	-3.46	2.05
terrified	-3.46	2.71
process	-3.44	2.13
y'know	-3.44	1.90
support	-3.42	2.88
rough	-3.41	2.19
worried	-3.39	2.71
exception	-3.37	1.87
hating	-3.34	2.44
mistake	-3.33	2.24
canon	-3.30	2.64
ashamed	-3.29	2.46
elselsa	-3.26	2.59
decisions	-3.24	2.05
actions	-3.22	1.90
pitch	-3.22	1.95
superman	-3.19	2.31
biased	-3.19	2.34
consequences	-3.18	1.98
pan	-3.13	2.30
conflicted	-3.12	2.82
upset	-3.12	2.87
thick	-3.11	2.29
cancer	-3.10	2.13
hatred	-3.03	2.48
anger	-3.02	2.46
ends	-3.01	2.09
depressed	-3.00	2.96
incest	-2.98	2.59
expecting	-2.96	2.00
sadness	-2.95	2.82
demi	-2.94	2.44
scared	-2.93	2.92
phrase	-2.93	2.28
annoyed	-2.92	2.73
confirmed	-2.92	2.74
thousands	-2.92	1.77
walking	-2.92	2.34
empty	-2.92	2.67
fucked	-2.91	1.57
pissed	-2.85	2.60
fail	-2.83	2.35
idk	-2.82	2.11
felt	-2.80	2.74
sick	-2.78	2.41
scenario	-2.77	2.47
nervous	-2.77	2.53
society	-2.76	1.97
parody	-2.75	2.11
fears	-2.75	2.02
trailer	-2.72	2.23
angry	-2.69	2.90
lonely	-2.68	3.06
exact	-2.68	1.96
low	-2.67	2.13
proud	-2.65	2.31
killer	-2.62	1.90
fans	-2.61	2.81
tear	-2.61	2.77
joy	-2.61	3.05
cry	-2.61	3.22
weird	-2.60	2.73
sort	-2.59	2.42
crying	-2.59	2.99
specific	-2.59	2.24
downvotes	-2.58	2.83
uncomfortable	-2.54	2.77
stopping	-2.54	2.44
feeling	-2.54	3.09
teams	-2.53	2.44
hungry	-2.53	2.67
possibly	-2.51	2.47
show	-2.50	2.60
campaign	-2.50	2.00
generally	-2.48	2.01
w	-2.48	2.24
shed	-2.47	2.78
liked	-2.45	2.47
leads	-2.42	2.60
sucks	-2.42	2.48
throat	-2.40	2.07
confusing	-2.39	2.52
gay	-2.39	2.69
terribly	-2.38	2.66
poorly	-2.37	2.08
cried	-2.34	3.01
towards	-2.34	2.53
isnt	-2.34	2.34
lazy	-2.33	1.60
drunk	-2.31	2.06
offended	-2.30	2.38
hardcore	-2.30	2.25
speaks	-2.30	2.44
hikelsa	-2.29	2.51
am	-2.29	3.02
intense	-2.28	2.40
personally	-2.27	2.64
feel	-2.27	3.25
painful	-2.26	2.72
hopes	-2.26	2.77
pics	-2.25	2.58
prank	-2.25	2.40
jokes	-2.25	2.01
possible	-2.24	3.04
likes	-2.24	2.35
amazed	-2.23	2.31
tired	-2.19	2.16
almost	-2.16	2.73
annacherry	-2.16	2.49
reads	-2.16	2.27
belong	-2.15	2.79
funeral	-2.14	2.71
people	-2.13	2.90
depressing	-2.13	2.65
lmao	-2.12	2.45
feed	-2.12	2.53
x	-2.10	2.41
bloody	-2.09	2.12
animals	-2.09	2.72
card	-2.08	2.34
strange	-2.07	2.79
blind	-2.06	2.66
hooked	-2.03	2.73
concerned	-2.01	2.06
mad	-2.01	2.13
boyfriend	-2.00	2.21
glass	-1.99	2.33
laugh	-1.99	2.77
lesbian	-1.98	2.70
dreaming	-1.98	3.19
nothing	-1.98	3.24
made	-1.98	3.03
everytime	-1.97	2.66
fandom	-1.96	2.45
serious	-1.95	3.08
afraid	-1.95	2.33
secretly	-1.94	2.01
bored	-1.94	2.02
showed	-1.91	2.43
dramatic	-1.91	2.66
scene	-1.88	2.79
nobody	-1.87	2.57
crossover	-1.87	2.19
planning	-1.85	3.47
pain	-1.83	1.95
obsessed	-1.82	1.93
rise	-1.80	1.53
unique	-1.79	2.07
different	-1.79	3.00
disturbing	-1.79	2.52
surprised	-1.78	2.11
cheesy	-1.77	2.41
everybody	-1.76	2.57
aus	-1.76	1.79
guilty	-1.74	1.55
fixer	-1.74	1.29
joking	-1.74	3.21
acting	-1.73	2.34
tough	-1.72	2.33
guessing	-1.72	2.49
spirit	-1.72	1.18
guardians	-1.72	1.87
pet	-1.70	2.08
youre	-1.70	2.46
curious	-1.69	2.73
hard	-1.69	2.84
non	-1.69	1.52
impressed	-1.69	1.95
modern	-1.68	1.63
watches	-1.68	2.42
jesus	-1.67	2.20
shame	-1.67	2.40
guilt	-1.67	1.85
unsure	-1.66	2.22
aware	-1.66	2.42
emotions	-1.66	1.59
relatable	-1.65	2.55
messed	-1.63	1.24
r/elselsa	-1.63	2.13
affect	-1.61	1.50
childish	-1.60	1.66
makes	-1.57	3.02
emotion	-1.56	1.60
au	-1.56	1.92
responsible	-1.56	1.37
forced	-1.56	1.62
plays	-1.56	2.28
thinks	-1.56	2.58
cares	-1.55	2.59
cannon	-1.54	1.81
unnecessary	-1.53	1.34
upper	-1.51	1.19
jealous	-1.51	2.54
gon	-1.51	3.82
satisfied	-1.51	2.53
tears	-1.49	2.30
sex	-1.49	3.03
queens	-1.49	1.18
ftw	-1.49	1.80
interested	-1.48	2.57
going	-1.48	3.93
smut	-1.48	2.07
term	-1.47	1.36
decision	-1.47	1.17
silly	-1.46	1.65
complaining	-1.46	2.09
feels	-1.46	3.01
aka	-1.45	1.44
disagree	-1.44	1.63
about	-1.43	3.66
ouch	-1.43	2.51
lovato	-1.43	1.29
fetish	-1.42	1.50
hiccup	-1.41	1.60
officially	-1.40	2.06
downvoted	-1.40	1.41
fandoms	-1.40	1.49
odd	-1.38	2.05
obviously	-1.38	3.24
fascinating	-1.38	2.06
feelings	-1.37	1.43
slightly	-1.37	2.00
fear	-1.37	1.66
regards	-1.37	1.28
revenge	-1.35	1.31
yelling	-1.34	1.41
saying	-1.32	3.89
spoiled	-1.31	1.56
mistakes	-1.31	1.15
random	-1.30	1.37
involved	-1.29	1.33
apart	-1.28	1.84
rid	-1.28	1.36
anxiety	-1.27	1.52
shock	-1.27	1.14
parent	-1.27	0.94
tragic	-1.27	2.58
tags	-1.26	1.57
meant	-1.24	3.71
ending	-1.23	2.73
dead	-1.22	3.10
tagged	-1.21	1.92
general	-1.21	1.30
disappointing	-1.19	2.34
dropped	-1.19	1.39
regret	-1.18	1.75
reasoning	-1.18	1.85
views	-1.18	1.05
rolling	-1.18	2.08
addicted	-1.17	1.99
fics	-1.17	1.87
halfway	-1.17	1.62
depression	-1.17	1.59
shocked	-1.17	1.69
bite	-1.17	1.34
favor	-1.17	1.15
blame	-1.16	1.42
rights	-1.16	1.28
laughter	-1.16	2.15
political	-1.15	1.24
screams	-1.15	1.96
300	-1.15	1.28
cries	-1.15	1.73
convinced	-1.14	1.71
agree	-1.14	3.58
covers	-1.13	1.13
referring	-1.13	1.45
negative	-1.13	1.27
remind	-1.13	1.49
hoping	-1.11	2.20
stress	-1.11	1.46
result	-1.11	1.16
safety	-1.10	2.51
stolen	-1.09	1.83
angst	-1.08	1.63
theres	-1.08	1.43
potentially	-1.08	1.28
tragedy	-1.07	1.18
no	-1.07	3.74
burst	-1.07	1.89
grief	-1.07	1.54
pleased	-1.06	2.59
fic	-1.06	1.86
unlikely	-1.05	1.28
right	-1.05	3.80
religious	-1.05	1.51
drugs	-1.05	1.15
offensive	-1.04	1.93
kinda	-1.04	2.87
legitimate	-1.03	1.27
rush	-1.03	1.39
options	-1.03	1.31
assuming	-1.03	1.71
confusion	-1.02	1.49
grammar	-1.02	1.35
disgusting	-1.02	1.36
version	-1.01	1.46
useless	-1.01	1.26
circumstances	-1.01	1.33
extent	-1.00	1.44
affected	-1.00	1.22
absolute	-1.00	2.41
exist	-1.00	2.06
happiness	-1.00	1.95
sorry	-0.99	3.28
funnycherry	-0.99	1.56
scream	-0.99	1.83
lets	-0.99	1.65
among	-0.99	1.49
brings	-0.98	1.96
sometimes	-0.98	1.94
attached	-0.98	1.39
common	-0.98	1.34
sure	-0.98	3.77
versions	-0.97	1.46
avoid	-0.97	1.38
betrayal	-0.97	1.54
legit	-0.95	1.19
setting	-0.95	1.50
often	-0.95	1.56
pop	-0.94	1.31
depending	-0.94	1.38
panic	-0.94	1.55
conceal	-0.94	1.75
existence	-0.93	1.22
asian	-0.93	1.66
shorter	-0.93	1.46
excitement	-0.93	1.51
quality	-0.93	1.03
arthas	-0.92	1.33
r9kelsa	-0.92	1.51
mood	-0.91	1.69
dc	-0.90	1.23
slip	-0.90	1.39
dealing	-0.89	1.48
dub	-0.89	1.28
dunno	-0.89	1.55
fluff	-0.88	1.60
mlp	-0.88	1.59
intentions	-0.88	1.09
bang	-0.88	1.52
control	-0.88	1.57
distracted	-0.87	1.78
heavily	-0.87	1.29
wondering	-0.87	2.73
enjoying	-0.86	1.37
respect	-0.86	1.31
strongly	-0.86	1.58
r9k	-0.86	1.70
harder	-0.86	1.60
imagining	-0.86	1.63
easy	-0.86	1.68
suffering	-0.86	1.43
genius	-0.85	1.28
bringing	-0.85	1.69
ultimately	-0.85	1.54
edit	-0.85	2.84
kissed	-0.85	1.88
double	-0.84	1.33
basis	-0.84	1.34
problems	-0.84	1.49
standard	-0.84	1.26
repeat	-0.84	1.31
honest	-0.83	1.70
mess	-0.83	1.35
holding	-0.83	1.53
everywhere	-0.83	1.24
selfish	-0.83	1.13
identify	-0.82	1.61
dreamworks	-0.82	1.45
complicated	-0.82	1.72
laughing	-0.81	1.85
r/kristanna	-0.81	1.63
china	-0.81	0.99
brought	-0.81	1.92
forces	-0.81	1.31
sight	-0.81	1.18
twisted	-0.80	1.21
option	-0.80	1.34
loose	-0.80	1.07
described	-0.80	1.38
legend	-0.79	1.46
bots	-0.79	1.73
spelling	-0.79	1.21
street	-0.79	1.16
irrelevant	-0.79	1.44
therefore	-0.79	1.25
technically	-0.79	1.43
caused	-0.79	1.41
implied	-0.79	1.59
boring	-0.78	1.39
expensive	-0.78	1.21
burning	-0.78	1.21
horror	-0.78	1.10
emotional	-0.77	1.55
lig	-0.77	1.37
loud	-0.77	1.72
arc	-0.77	1.19
hype	-0.77	1.33
relief	-0.77	1.11
credits	-0.77	1.48
thinking	-0.77	2.81
arguing	-0.76	1.82
flash	-0.76	1.50
russian	-0.76	1.24
particular	-0.76	1.37
tall	-0.76	1.38
cat	-0.75	1.06
hundreds	-0.75	1.11
suck	-0.75	1.27
french	-0.74	1.28
poll	-0.74	1.25
degree	-0.74	1.21
song	-0.74	1.43
constantly	-0.74	1.52
expression	-0.73	2.40
missing	-0.73	2.29
knights	-0.73	1.56
tempest	-0.73	1.64
opposed	-0.73	1.41
slight	-0.73	1.29
easier	-0.72	1.82
avengers	-0.72	1.12
dare	-0.72	1.71
overcome	-0.72	1.40
fix	-0.72	1.45
singing	-0.72	1.35
wolf	-0.72	1.01
murica	-0.71	1.39
drama	-0.71	1.29
aside	-0.71	0.97
lead	-0.70	1.27
upvoted	-0.70	1.40
slowly	-0.70	1.31
behavior	-0.70	1.20
rocks	-0.70	1.29
pointless	-0.70	1.30
meh	-0.70	1.61
than	-0.69	1.64
bigger	-0.69	1.23
mix	-0.69	1.33
alone	-0.69	2.09
waiting	-0.69	2.31
approve	-0.69	1.87
afford	-0.68	1.38
thus	-0.68	1.08
joke	-0.68	2.19
accept	-0.68	1.46
instrumental	-0.67	1.35
canadian	-0.67	1.30
lying	-0.67	1.53
extreme	-0.67	1.37
bit	-0.67	2.07
beautifully	-0.67	2.43
listening	-0.67	1.40
viewers	-0.67	1.31
false	-0.67	1.31
monster	-0.66	1.31
supposed	-0.66	2.78
hitting	-0.66	1.50
fine	-0.66	3.65
cover	-0.65	1.33
darkness	-0.65	1.22
lyrics	-0.65	1.44
sense	-0.65	2.10
greatest	-0.65	2.51
preference	-0.65	1.39
seemed	-0.65	1.73
videos	-0.65	1.15
noise	-0.65	1.39
forth	-0.65	1.59
ouat	-0.65	1.15
fanfiction	-0.65	1.71
deal	-0.65	1.85
available	-0.65	1.26
humans	-0.65	1.43
plain	-0.65	1.29
sorcery	-0.64	1.49
suggest	-0.64	1.32
duck	-0.64	0.94
trend	-0.64	1.27
consider	-0.64	1.56
universe	-0.64	1.48
followed	-0.63	1.04
rage	-0.63	1.50
accent	-0.63	1.33
mostly	-0.63	1.56
depends	-0.63	1.29
gain	-0.62	1.33
expert	-0.62	1.51
car	-0.62	1.23
standards	-0.62	1.24
smaller	-0.62	1.37
solely	-0.61	1.10
phase	-0.61	1.40
middle	-0.61	1.31
else	-0.61	2.13
barely	-0.61	1.62
struggle	-0.61	1.40
load	-0.61	1.13
females	-0.61	1.35
sudden	-0.61	1.28
growing	-0.61	1.35
tales	-0.61	1.30
dragon	-0.61	1.16
flaws	-0.60	1.19
logical	-0.60	1.58
length	-0.60	1.44
dad	-0.60	0.93
y'all	-0.60	1.63
names	-0.60	1.69
laughed	-0.60	1.59
doctor	-0.60	1.22
star	-0.60	1.29
forcing	-0.60	1.52
staring	-0.60	1.53
normal	-0.59	1.34
loss	-0.59	1.38
properly	-0.59	1.45
solo	-0.59	1.06
universes	-0.59	1.48
brief	-0.59	1.33
popularity	-0.58	1.36
successful	-0.58	1.17
nsfw	-0.58	1.59
set	-0.58	1.27
crossovers	-0.58	1.32
foreign	-0.58	1.15
chorus	-0.57	1.38
u/sgtmichaels	-0.57	1.27
military	-0.57	1.25
wars	-0.57	1.32
comparing	-0.57	1.44
sitting	-0.57	1.65
starting	-0.57	2.07
same	-0.57	2.36
combat	-0.56	1.54
decent	-0.56	2.00
fuck	-0.56	2.68
generic	-0.56	1.68
fanfics	-0.56	1.69
asleep	-0.56	1.29
peace	-0.56	1.31
illuminati	-0.56	1.30
ac	-0.55	1.35
replace	-0.55	1.25
emotionally	-0.55	1.56
t	-0.55	1.29
dywtbas	-0.55	1.39
sexual	-0.55	1.71
initial	-0.55	1.22
pride	-0.55	1.25
lantern	-0.55	1.19
self	-0.55	1.27
flying	-0.55	1.17
fond	-0.55	1.72
straight	-0.55	1.56
kingdoms	-0.55	1.21
status	-0.55	1.35
r/elsanna	-0.54	1.57
teacher	-0.54	1.00
corner	-0.54	1.56
effective	-0.54	1.77
countries	-0.54	1.23
reasonable	-0.54	1.32
making	-0.54	2.12
situation	-0.54	1.54
tons	-0.53	1.19
belongs	-0.53	1.22
males	-0.53	1.47
erm	-0.53	1.58
rude	-0.53	1.79
died	-0.53	1.23
victory	-0.53	1.44
cost	-0.53	1.31
trap	-0.53	1.40
let	-0.53	1.79
dangerous	-0.53	1.38
radio	-0.52	1.24
tune	-0.52	1.33
response	-0.52	1.35
less	-0.52	1.78
schedule	-0.52	1.29
weak	-0.52	1.23
reprise	-0.52	1.39
m	-0.52	2.48
ran	-0.52	1.32
inside	-0.52	1.64
downvoting	-0.52	1.51
situations	-0.52	1.54
dying	-0.52	1.50
reminded	-0.52	1.47
kinds	-0.51	1.66
somehow	-0.51	1.45
allowed	-0.51	2.18
unable	-0.51	1.93
flag	-0.51	1.12
issues	-0.51	1.60
returned	-0.51	1.19
including	-0.51	1.52
epilogue	-0.51	1.62
bullshit	-0.51	1.12
trying	-0.51	2.50
orders	-0.51	1.36
i.e	-0.50	1.36
american	-0.50	1.27
fever	-0.50	1.19
separate	-0.50	1.48
screaming	-0.50	1.49
base	-0.50	1.22
scary	-0.50	2.61
justice	-0.50	1.19
kicked	-0.50	1.01
offense	-0.50	1.68
explanation	-0.50	1.64
swedish	-0.49	1.24
pack	-0.49	1.39
lies	-0.49	1.27
titles	-0.49	1.54
crack	-0.49	1.43
friendship	-0.49	1.41
humor	-0.49	1.41
compared	-0.49	1.27
failed	-0.49	1.14
bring	-0.49	1.87
ftftif	-0.49	1.38
lately	-0.49	1.55
associated	-0.49	1.27
sentence	-0.49	1.49
view	-0.49	1.15
currently	-0.49	1.72
faith	-0.48	1.31
meaning	-0.48	1.20
whether	-0.48	2.18
based	-0.48	1.01
gets	-0.48	1.66
leaving	-0.48	1.52
grown	-0.48	1.52
completely	-0.48	1.99
supporting	-0.48	1.27
suffer	-0.47	1.45
york	-0.47	1.08
insert	-0.47	1.37
author	-0.47	1.48
didnt	-0.47	1.98
destroy	-0.47	1.38
pressure	-0.47	1.35
expected	-0.47	1.77
element	-0.47	1.11
evidence	-0.47	1.65
recent	-0.47	1.26
destroyed	-0.47	1.02
sides	-0.47	1.36
idina	-0.47	1.14
desire	-0.47	1.61
mom	-0.47	1.00
menzel	-0.47	1.14
parents	-0.47	1.17
merida	-0.47	1.26
cheap	-0.47	1.23
tbh	-0.47	1.68
practicing	-0.46	1.54
shrug	-0.46	1.68
characterization	-0.46	1.36
english	-0.46	1.25
throws	-0.46	1.24
brave	-0.46	1.07
hah	-0.46	1.43
violence	-0.46	1.34
fanfic	-0.46	1.54
example	-0.46	1.24
hardly	-0.46	1.36
wood	-0.45	1.14
neither	-0.45	1.49
stuck	-0.45	1.45
production	-0.45	1.20
sgpfc	-0.45	1.42
speaking	-0.45	1.19
wet	-0.45	1.38
piss	-0.45	1.42
read	-0.45	1.50
concern	-0.45	1.54
ruining	-0.45	1.51
reader	-0.45	1.44
mere	-0.45	1.54
mic	-0.44	1.09
equivalent	-0.44	1.04
busy	-0.44	1.80
regina	-0.44	1.04
verse	-0.44	1.24
included	-0.44	1.34
hm	-0.44	1.23
ring	-0.44	1.10
abc	-0.44	1.18
spanish	-0.44	1.25
potential	-0.44	1.36
separated	-0.44	1.11
violent	-0.44	1.51
ratio	-0.44	1.38
killing	-0.44	1.23
reality	-0.44	1.21
mainly	-0.44	1.37
whereas	-0.44	1.01
causes	-0.43	1.43
tag	-0.43	1.51
laws	-0.43	1.16
powers	-0.43	1.46
ugly	-0.43	1.27
frankly	-0.43	1.36
sis	-0.43	1.50
agreed	-0.43	1.20
gasp	-0.43	1.30
valid	-0.43	1.61
allow	-0.42	1.54
judge	-0.42	2.06
attacked	-0.42	1.34
female	-0.42	1.44
babies	-0.42	1.27
native	-0.42	1.25
doesnt	-0.42	1.42
translated	-0.42	1.26
whenever	-0.42	1.66
hell	-0.42	3.23
danish	-0.42	1.21
trained	-0.41	1.18
guns	-0.41	1.08
mission	-0.41	1.38
mental	-0.41	1.35
solution	-0.41	1.32
riding	-0.41	1.27
belle	-0.41	1.13
freedom	-0.41	1.29
myself	-0.41	2.13
speak	-0.41	1.31
wont	-0.41	1.90
laptop	-0.41	1.02
every	-0.41	1.48
tend	-0.41	1.39
butt	-0.41	1.19
michael	-0.41	1.07
audience	-0.40	1.26
tiny	-0.40	1.29
responses	-0.40	1.43
recognized	-0.40	1.25
japanese	-0.40	1.23
temperature	-0.40	1.07
ended	-0.40	1.52
zone	-0.40	1.22
vs	-0.40	1.15
lose	-0.40	1.35
carry	-0.40	1.19
courage	-0.39	1.23
afterwards	-0.39	1.42
entirely	-0.39	1.41
endless	-0.39	1.35
sucked	-0.39	1.23
foot	-0.39	1.31
lovers	-0.39	1.37
leading	-0.39	1.39
stone	-0.39	1.38
bot	-0.39	1.48
daily	-0.39	1.17
suddenly	-0.39	1.28
differently	-0.39	1.53
wants	-0.39	2.11
talking	-0.38	2.89
listen	-0.38	1.37
believes	-0.38	2.02
blew	-0.38	1.22
knowing	-0.38	1.80
eight	-0.38	1.45
sings	-0.38	1.27
pleasure	-0.38	1.60
wanting	-0.38	2.02
messing	-0.38	1.74
escape	-0.38	1.40
asshole	-0.38	1.11
interest	-0.38	1.46
languages	-0.38	1.25
words	-0.38	1.53
contain	-0.38	1.48
sled	-0.38	1.14
1000	-0.37	1.25
causing	-0.37	1.41
heavy	-0.37	1.18
becoming	-0.37	1.60
league	-0.37	1.13
normally	-0.37	1.34
ignore	-0.37	1.64
involving	-0.37	1.20
roles	-0.37	1.07
adds	-0.37	1.19
finger	-0.37	1.07
case	-0.37	2.25
implying	-0.37	1.73
b	-0.37	1.27
stories	-0.37	1.39
songs	-0.37	1.30
hold	-0.37	1.58
expectations	-0.37	1.40
fanfictions	-0.37	1.49
usually	-0.37	1.34
state	-0.37	1.24
articles	-0.37	1.44
exclusive	-0.36	1.25
active	-0.36	1.40
losing	-0.36	1.48
scenes	-0.36	1.45
stairs	-0.36	1.21
marvel	-0.36	1.15
settings	-0.36	1.34
manage	-0.36	1.61
100	-0.36	1.59
basic	-0.36	1.22
gravity	-0.36	1.28
sung	-0.36	1.25
cast	-0.36	1.05
getting	-0.36	2.45
price	-0.36	1.24
make	-0.36	2.33
asking	-0.35	2.55
alternate	-0.35	1.20
grade	-0.35	1.10
without	-0.35	1.63
whoever	-0.35	1.30
marketing	-0.35	1.25
na	-0.35	2.57
kick	-0.35	1.27
beats	-0.35	1.31
initially	-0.35	1.42
summon	-0.35	1.32
suppose	-0.35	1.84
deeper	-0.35	1.51
korean	-0.35	1.24
vote	-0.35	1.35
leaves	-0.35	1.31
acceptable	-0.35	1.78
showing	-0.35	1.18
choose	-0.35	1.49
ahem	-0.34	1.41
reveal	-0.34	1.05
stayed	-0.34	1.29
flow	-0.34	1.22
tight	-0.34	1.16
edited	-0.34	1.53
represent	-0.34	1.09
statement	-0.34	1.73
elizabeth	-0.34	1.06
relate	-0.34	1.79
germany	-0.34	1.17
however	-0.34	2.36
fool	-0.34	1.35
touching	-0.34	2.46
apparently	-0.34	1.55
human	-0.34	1.27
himself	-0.34	1.16
character	-0.34	1.28
civil	-0.34	1.39
formatting	-0.34	1.61
vocal	-0.33	1.28
achieve	-0.33	1.47
spoil	-0.33	1.88
amazon	-0.33	1.42
glance	-0.33	1.29
lines	-0.33	1.44
anybody	-0.33	1.69
desperate	-0.33	1.54
intro	-0.33	1.42
plane	-0.33	1.14
limits	-0.33	1.36
p.s	-0.33	1.54
ray	-0.33	1.07
stab	-0.33	1.23
prison	-0.33	1.17
structure	-0.33	1.28
prove	-0.33	1.58
closely	-0.32	1.15
train	-0.32	1.33
whatsoever	-0.32	1.20
somebody	-0.32	1.59
staff	-0.32	1.07
examples	-0.32	1.47
deeply	-0.32	1.94
rape	-0.32	1.32
sequence	-0.32	1.38
faster	-0.32	1.33
members	-0.32	1.31
zero	-0.32	1.14
impact	-0.32	1.20
majority	-0.31	1.23
canada	-0.31	1.30
naked	-0.31	1.29
players	-0.31	1.31
church	-0.31	1.25
damage	-0.31	1.32
sound	-0.31	2.05
voted	-0.31	1.34
public	-0.31	1.14
downvote	-0.31	1.47
anytime	-0.31	1.82
harsh	-0.30	1.65
ready	-0.30	2.09
appeal	-0.30	1.29
fps	-0.30	1.26
death	-0.30	1.19
puts	-0.30	1.42
encourage	-0.30	1.68
possibility	-0.30	1.56
80	-0.30	1.35
fictional	-0.30	1.36
curiosity	-0.30	1.38
knows	-0.30	2.06
steps	-0.30	1.35
spring	-0.30	1.31
others	-0.30	1.69
complain	-0.30	1.55
crowd	-0.30	1.01
buying	-0.30	1.84
opinion	-0.29	1.68
playing	-0.29	1.24
specially	-0.29	1.25
runs	-0.29	1.20
ost	-0.29	1.27
results	-0.29	1.12
sane	-0.29	1.43
unfortunate	-0.29	1.68
working	-0.29	2.43
cruel	-0.29	1.24
marriage	-0.29	1.47
aunt	-0.29	1.18
bear	-0.29	1.12
side	-0.29	1.46
ruling	-0.29	1.17
personality	-0.29	1.10
realizing	-0.29	1.05
nsfl	-0.29	1.42
visiting	-0.29	1.67
fractals	-0.28	1.38
telling	-0.28	2.44
redemption	-0.28	1.24
fast	-0.28	1.57
bothered	-0.28	1.36
readers	-0.28	1.42
instruments	-0.28	1.32
pretend	-0.28	1.83
brand	-0.28	1.29
harm	-0.28	1.74
understandable	-0.28	1.86
romance	-0.28	1.51
student	-0.28	1.09
screw	-0.27	1.38
primary	-0.27	1.23
walked	-0.27	1.27
rather	-0.27	1.88
quote	-0.27	1.15
language	-0.27	1.19
social	-0.27	1.28
sing	-0.27	1.39
badly	-0.27	1.29
overall	-0.27	1.17
who	-0.27	1.99
reaction	-0.27	1.27
arguments	-0.27	1.57
drop	-0.27	1.24
range	-0.27	1.31
bell	-0.26	1.13
knowledge	-0.26	1.12
calls	-0.26	1.11
youtube	-0.26	1.09
attracted	-0.26	1.47
yourself	-0.26	2.05
rare	-0.26	1.36
intensifies	-0.26	1.24
video	-0.26	1.11
besides	-0.26	1.79
sadly	-0.26	1.57
react	-0.26	2.07
service	-0.26	1.35
constant	-0.26	1.37
praise	-0.26	1.18
u/alex0229	-0.26	1.11
standing	-0.26	1.59
storyline	-0.26	1.24
thrones	-0.26	1.20
comments	-0.26	1.53
doubt	-0.25	1.82
wave	-0.25	1.26
bother	-0.25	1.90
combination	-0.25	1.23
dialogue	-0.25	1.31
nuts	-0.25	1.50
im	-0.25	2.15
casual	-0.25	1.36
superhero	-0.25	1.21
thingy	-0.25	1.19
having	-0.25	1.81
sociopath	-0.25	1.04
e	-0.25	1.29
follows	-0.25	1.28
roughly	-0.25	1.22
somewhat	-0.25	1.93
stage	-0.25	1.31
german	-0.25	1.18
material	-0.25	1.24
unrelated	-0.25	1.36
easily	-0.24	1.46
left	-0.24	1.80
inner	-0.24	1.27
piano	-0.24	1.26
combined	-0.24	1.34
reading	-0.24	1.45
tongue	-0.24	1.14
tracks	-0.24	1.26
dragons	-0.24	1.11
teeth	-0.24	1.11
raises	-0.24	1.27
deserves	-0.24	1.18
chapter	-0.24	1.37
high	-0.24	1.23
influence	-0.24	1.16
music	-0.24	1.25
demand	-0.24	1.45
west	-0.24	1.16
nowhere	-0.24	1.42
soundtrack	-0.24	1.24
difficult	-0.24	1.63
worlds	-0.24	1.32
preferred	-0.24	1.15
u/mourinho1234	-0.24	1.06
skull	-0.24	1.13
cause	-0.24	2.33
wall	-0.23	1.16
emma	-0.23	1.15
f	-0.23	1.33
word	-0.23	1.38
passing	-0.23	1.26
various	-0.23	1.58
science	-0.23	1.08
heat	-0.23	1.18
fired	-0.23	1.25
user	-0.23	1.52
lower	-0.23	1.13
rarely	-0.23	1.32
ride	-0.23	1.37
uses	-0.23	1.78
backstory	-0.23	1.20
batman	-0.23	1.21
marked	-0.23	1.40
controversial	-0.23	1.33
extra	-0.23	1.23
personalities	-0.22	1.53
blown	-0.22	1.17
torture	-0.22	1.32
upvotes	-0.22	1.36
cash	-0.22	1.23
cousin	-0.22	1.23
refer	-0.22	1.34
ban	-0.22	1.47
cough	-0.22	1.09
none	-0.22	1.19
subscribers	-0.22	1.40
ways	-0.22	1.49
lame	-0.22	1.39
regularly	-0.22	1.36
guarantee	-0.22	1.83
living	-0.22	1.23
iron	-0.22	1.27
trains	-0.22	1.05
kid	-0.22	1.25
shrek	-0.22	1.09
necessarily	-0.21	1.89
addiction	-0.21	1.48
nbsp	-0.21	1.21
switch	-0.21	1.25
force	-0.21	1.19
onto	-0.21	1.33
continues	-0.21	1.31
sleep	-0.21	1.62
rumple	-0.21	1.06
per	-0.21	1.37
climax	-0.21	1.11
conversation	-0.21	1.41
translate	-0.21	1.40
town	-0.21	1.25
responsibility	-0.21	0.97
punched	-0.21	1.38
everyday	-0.21	1.38
produced	-0.21	1.36
dawn	-0.20	1.44
occasionally	-0.20	1.39
pushing	-0.20	1.41
insane	-0.20	1.27
stands	-0.20	1.31
chicken	-0.20	1.30
area	-0.20	1.27
certain	-0.20	1.33
season	-0.20	1.17
parts	-0.20	1.40
actual	-0.20	1.11
lessons	-0.20	1.29
print	-0.20	1.25
places	-0.20	1.43
clumsy	-0.20	1.07
spin	-0.20	1.22
include	-0.20	1.35
treason	-0.20	1.07
on	-0.20	1.72
christian	-0.20	1.26
market	-0.20	1.12
dick	-0.20	1.18
<SPECIAL>	-0.20	1.13
<URL>	-0.20	1.13
woke	-0.19	1.72
surprising	-0.19	1.59
factor	-0.19	1.28
genuinely	-0.19	1.68
broadway	-0.19	1.03
skip	-0.19	1.30
souls	-0.19	1.49
checking	-0.19	1.40
nuclear	-0.19	1.28
horse	-0.19	1.25
looking	-0.19	2.71
v	-0.19	1.08
regarding	-0.19	1.45
hint	-0.19	1.47
types	-0.19	1.56
led	-0.19	1.29
starts	-0.19	1.08
ups	-0.19	1.38
culture	-0.19	1.31
directly	-0.19	1.19
proper	-0.19	1.43
shes	-0.19	1.51
questions	-0.19	1.91
chapters	-0.19	1.39
norwegian	-0.19	1.15
board	-0.19	1.23
western	-0.19	1.07
default	-0.19	1.14
debate	-0.19	1.51
context	-0.19	1.48
excuse	-0.18	1.40
vuelie	-0.18	1.31
daughter	-0.18	0.97
perhaps	-0.18	1.79
r/frozenfriends	-0.18	1.34
better	-0.18	1.87
updates	-0.18	1.27
beach	-0.18	0.98
anyone	-0.18	1.92
drive	-0.18	1.15
stood	-0.18	1.38
essentially	-0.18	1.11
reactions	-0.18	1.38
field	-0.18	1.16
grand	-0.18	1.34
translation	-0.18	1.27
memory	-0.18	1.23
recommend	-0.18	1.31
unexpected	-0.18	1.46
discussing	-0.18	1.32
hotter	-0.18	1.49
motivation	-0.17	1.31
dedicated	-0.17	1.11
attacks	-0.17	1.35
camera	-0.17	1.17
moving	-0.17	1.22
listened	-0.17	1.15
reverse	-0.17	1.21
me	-0.17	2.19
accounts	-0.17	1.24
fitting	-0.17	1.32
obsession	-0.17	1.41
assume	-0.17	2.53
lesson	-0.17	1.27
anymore	-0.17	2.41
happens	-0.17	1.95
storybrooke	-0.17	1.15
chills	-0.17	1.63
own	-0.17	1.11
animal	-0.17	1.28
end	-0.17	1.38
current	-0.17	1.20
allows	-0.17	1.50
remove	-0.17	1.35
messages	-0.17	1.17
type	-0.17	1.51
okay	-0.16	3.33
solve	-0.16	1.49
strength	-0.16	1.18
physics	-0.16	1.20
law	-0.16	1.27
episode	-0.16	1.12
complex	-0.16	1.65
special	-0.16	1.07
someone	-0.16	1.70
above	-0.16	1.22
realise	-0.16	1.74
chain	-0.16	1.18
football	-0.16	1.25
target	-0.16	1.27
gerda	-0.16	1.20
lail	-0.16	1.27
blizzard	-0.16	1.12
grace	-0.16	1.18
staying	-0.16	1.48
deleted	-0.16	1.45
hear	-0.16	1.73
jump	-0.16	1.31
r/elsamasterrace	-0.16	1.36
toward	-0.16	1.24
shadow	-0.16	1.08
res	-0.16	1.18
conclusion	-0.15	1.68
shoulder	-0.15	1.56
wide	-0.15	1.14
monarch	-0.15	0.90
harry	-0.15	1.24
monitor	-0.15	1.26
themes	-0.15	1.39
grow	-0.15	1.50
turns	-0.15	1.19
stronger	-0.15	1.15
levels	-0.15	1.27
bones	-0.15	1.26
drown	-0.15	1.30
90	-0.15	1.10
hurting	-0.15	2.00
opinions	-0.15	1.26
beginning	-0.15	1.34
walls	-0.15	1.18
seem	-0.15	2.18
related	-0.15	1.46
hurts	-0.15	1.46
step	-0.15	1.52
broken	-0.15	1.13
receive	-0.15	1.25
intention	-0.15	1.37
cut	-0.15	1.11
moved	-0.14	1.35
teenage	-0.14	1.55
cases	-0.14	1.39
criticism	-0.14	1.62
mother	-0.14	1.02
extended	-0.14	1.23
karma	-0.14	1.37
single	-0.14	1.38
legal	-0.14	1.18
attempts	-0.14	1.51
wife	-0.14	0.95
intentional	-0.14	1.34
private	-0.14	1.30
chinese	-0.14	1.24
ultimate	-0.14	1.31
sang	-0.14	1.19
elaborate	-0.14	1.62
nearly	-0.14	1.29
route	-0.14	1.42
12	-0.14	1.00
brothers	-0.14	0.98
subscribed	-0.14	1.45
wan	-0.14	2.17
tad	-0.13	1.94
budget	-0.13	1.39
holes	-0.13	1.47
itself	-0.13	1.23
representation	-0.13	1.19
beat	-0.13	1.30
trade	-0.13	1.00
sale	-0.13	1.35
shooting	-0.13	1.28
height	-0.13	1.24
scare	-0.13	1.49
porn	-0.13	1.47
notes	-0.13	1.28
4chan	-0.13	1.11
prevent	-0.13	1.42
attempt	-0.13	1.60
threw	-0.12	1.22
baby	-0.12	1.15
equal	-0.12	1.19
quickly	-0.12	1.45
quiet	-0.12	1.21
witch	-0.12	1.10
relations	-0.12	1.10
prepared	-0.12	1.71
handle	-0.12	1.57
beating	-0.12	1.30
arrangement	-0.12	1.44
sea	-0.12	1.30
breaks	-0.12	1.25
forward	-0.12	1.67
ball	-0.12	1.27
reposts	-0.12	1.57
clip	-0.12	1.12
accepted	-0.11	1.35
class	-0.11	1.16
pulling	-0.11	1.33
black	-0.11	1.27
events	-0.11	1.14
number	-0.11	1.40
gladly	-0.11	1.47
automatically	-0.11	1.31
write	-0.11	1.59
held	-0.11	1.23
greater	-0.11	1.48
falling	-0.11	1.28
ticket	-0.11	1.32
arrow	-0.11	1.26
sit	-0.11	1.57
wolves	-0.11	1.32
tends	-0.11	1.30
build	-0.11	1.65
uhh	-0.11	1.60
bluray	-0.11	1.16
describe	-0.11	1.76
fill	-0.11	1.41
shake	-0.11	1.46
internal	-0.11	1.39
creating	-0.11	1.15
able	-0.10	2.50
over	-0.10	1.84
coming	-0.10	2.28
boys	-0.10	1.20
isolation	-0.10	1.35
loop	-0.10	1.23
ability	-0.10	1.11
trust	-0.10	1.80
beware	-0.10	1.04
express	-0.10	1.47
awake	-0.10	1.76
trapped	-0.10	1.17
cars	-0.10	1.26
latter	-0.10	1.23
snowflake	-0.10	1.31
trailers	-0.10	1.13
data	-0.10	1.22
small	-0.10	1.29
posts	-0.10	1.53
boobs	-0.10	1.42
record	-0.10	1.28
large	-0.10	1.14
resistance	-0.10	1.10
finishing	-0.10	1.43
sports	-0.10	1.07
searching	-0.10	1.26
humanity	-0.09	1.39
european	-0.09	0.96
imo	-0.09	1.21
product	-0.09	1.18
directed	-0.09	1.22
searched	-0.09	1.08
punishment	-0.09	1.14
ingrid	-0.09	1.20
learning	-0.09	1.34
knife	-0.09	1.12
fade	-0.09	1.39
longer	-0.09	1.69
hits	-0.09	1.21
recording	-0.09	1.01
hints	-0.09	1.44
rewatch	-0.09	1.51
curse	-0.09	1.17
die	-0.09	1.72
em	-0.09	2.05
pointing	-0.09	1.60
snowman	-0.09	1.44
hunger	-0.09	1.32
adding	-0.09	1.38
birth	-0.09	1.04
ideas	-0.09	1.47
fingers	-0.09	1.38
sat	-0.09	1.40
willing	-0.09	2.17
georgina	-0.08	1.11
submission	-0.08	1.34
turning	-0.08	1.34
machine	-0.08	1.25
considered	-0.08	1.39
characters	-0.08	1.46
re	-0.08	2.56
misunderstood	-0.08	1.30
average	-0.08	1.30
fixed	-0.08	1.48
typo	-0.08	1.68
sigh	-0.08	1.83
hands	-0.08	1.17
trouble	-0.08	1.64
change	-0.08	1.87
square	-0.08	1.23
argument	-0.08	1.55
timing	-0.08	1.16
power	-0.08	1.17
higher	-0.08	1.20
coast	-0.08	1.08
comparison	-0.08	1.50
redditor	-0.08	1.44
team	-0.08	1.36
magical	-0.08	1.28
correctly	-0.08	1.37
rings	-0.07	1.31
settle	-0.07	1.42
role	-0.07	1.01
connected	-0.07	1.42
flesh	-0.07	1.05
slow	-0.07	1.17
idiot	-0.07	1.51
instant	-0.07	1.04
pull	-0.07	1.40
across	-0.07	1.32
spam	-0.07	1.40
t_t	-0.07	1.46
amp	-0.07	1.24
break	-0.07	1.31
gaming	-0.07	1.27
prepare	-0.07	1.32
british	-0.07	1.24
subject	-0.07	1.25
jennifer	-0.07	1.40
press	-0.07	1.20
usa	-0.07	1.13
cinderella	-0.07	0.98
cheer	-0.07	1.40
torrent	-0.07	1.23
choice	-0.07	1.05
attitude	-0.07	1.29
citizens	-0.07	1.33
ourselves	-0.07	1.38
fairy	-0.07	1.18
follow	-0.07	1.19
luckily	-0.07	1.20
changes	-0.07	1.20
picked	-0.07	1.21
naive	-0.07	1.21
creators	-0.07	1.39
lurk	-0.07	1.43
boom	-0.06	1.19
deluxe	-0.06	1.22
latest	-0.06	1.29
walk	-0.06	1.23
alternative	-0.06	1.24
mixed	-0.06	1.25
adultsupervision	-0.06	1.19
refuse	-0.06	1.74
respond	-0.06	1.73
subs	-0.06	1.36
thin	-0.06	1.14
extension	-0.06	1.07
answers	-0.06	1.55
hd	-0.06	1.13
appear	-0.06	1.42
kristen	-0.06	1.07
twice	-0.06	1.32
america	-0.06	1.15
note	-0.06	1.51
temporary	-0.06	1.30
u/adultsupervision	-0.06	1.24
energy	-0.06	1.20
votes	-0.06	1.29
matches	-0.06	1.14
stays	-0.06	1.02
cue	-0.06	1.25
produce	-0.06	1.27
glory	-0.06	1.14
road	-0.06	1.11
key	-0.06	1.13
armor	-0.05	1.10
park	-0.05	1.29
shared	-0.05	1.08
childhood	-0.05	1.33
fall	-0.05	1.36
leave	-0.05	1.98
balls	-0.05	1.56
physical	-0.05	1.27
series	-0.05	1.11
basically	-0.05	1.77
seeing	-0.05	2.06
oddly	-0.05	1.43
trick	-0.05	1.21
boat	-0.05	1.44
spoiler	-0.05	1.10
upvote	-0.05	1.41
enemy	-0.05	1.11
aye	-0.05	1.34
bout	-0.05	1.56
usual	-0.05	1.39
happening	-0.05	2.31
ass	-0.05	1.46
removed	-0.05	1.31
dammit	-0.05	1.86
resolution	-0.05	1.18
audio	-0.05	1.24
roll	-0.05	1.43
begins	-0.05	1.13
spell	-0.05	1.24
issue	-0.05	1.68
effects	-0.04	1.31
lay	-0.04	1.26
suicide	-0.04	1.23
mr	-0.04	1.08
narrative	-0.04	1.32
proof	-0.04	1.42
groups	-0.04	1.38
e.g	-0.04	1.13
complete	-0.04	1.23
considering	-0.04	1.42
letting	-0.04	1.59
rain	-0.04	1.19
shower	-0.04	1.45
tries	-0.04	1.60
blu-ray	-0.04	1.17
n	-0.04	1.31
kills	-0.04	1.17
watching	-0.04	1.47
sobs	-0.04	1.65
implies	-0.04	1.16
dies	-0.04	1.67
practically	-0.04	1.40
r/annamasterrace	-0.04	1.37
size	-0.04	1.29
adult	-0.04	1.24
police	-0.04	1.17
7	-0.04	1.09
applies	-0.04	1.37
abilities	-0.04	1.31
member	-0.04	1.15
feet	-0.04	1.32
stole	-0.04	0.98
claim	-0.04	1.41
finished	-0.04	1.36
discover	-0.04	1.21
neutral	-0.04	1.31
instantly	-0.03	1.44
bits	-0.03	1.02
defeat	-0.03	1.33
graphics	-0.03	1.01
guitar	-0.03	1.20
stomach	-0.03	1.15
push	-0.03	1.36
healthy	-0.03	1.44
hit	-0.03	1.29
intentionally	-0.03	1.13
travel	-0.03	1.25
grows	-0.03	1.36
overly	-0.03	1.43
taking	-0.03	2.04
wo	-0.03	2.48
green	-0.03	1.12
picking	-0.03	1.25
familiar	-0.03	1.50
yours	-0.03	1.23
anything	-0.03	2.48
studying	-0.03	1.29
threat	-0.02	1.27
itunes	-0.02	1.18
u/cupcakes_please	-0.02	0.94
k	-0.02	1.42
episodes	-0.02	1.15
scandinavian	-0.02	1.15
course	-0.02	3.37
1080p	-0.02	1.13
fate	-0.02	1.28
movement	-0.02	1.35
paragraph	-0.02	1.29
announced	-0.02	1.00
hanging	-0.02	1.40
mystery	-0.02	1.28
8	-0.02	1.07
dancing	-0.02	1.10
title	-0.02	1.58
burns	-0.02	1.10
enter	-0.02	1.11
developed	-0.02	1.28
go	-0.02	2.12
battle	-0.02	1.18
metal	-0.02	1.18
tastes	-0.02	1.14
direction	-0.02	1.40
musical	-0.02	1.32
sweg	-0.02	1.11
purposes	-0.02	1.24
army	-0.02	1.22
actively	-0.02	1.42
wild	-0.02	1.28
sets	-0.02	1.27
charm	-0.01	1.19
lip	-0.01	1.16
goofy	-0.01	1.29
tied	-0.01	1.10
likely	-0.01	1.68
movements	-0.01	1.25
volunteer	-0.01	1.20
murdered	-0.01	1.54
confidence	-0.01	1.30
originally	-0.01	1.35
weight	-0.01	1.08
bonus	-0.01	1.27
musicals	-0.01	1.27
comment	-0.01	1.64
ideal	-0.01	1.16
executed	-0.01	1.29
region	-0.01	1.21
counter	-0.01	1.27
interests	-0.01	1.28
built	-0.01	1.17
ahead	-0.01	1.36
posters	-0.01	1.37
halo	-0.01	1.03
device	-0.01	1.32
move	-0.01	1.61
running	-0.01	1.33
trilogy	-0.01	1.20
uk	-0.01	1.18
6	-0.00	1.10
poster	-0.00	1.07
larger	-0.00	1.23
stretch	-0.00	1.23
buried	-0.00	1.23
drag	-0.00	1.15
portgas	-0.00	1.24
individual	-0.00	1.29
pure	-0.00	1.27
silence	-0.00	1.17
dvd	-0.00	1.21
stops	-0.00	1.13
commit	-0.00	1.32
learn	-0.00	1.34
cursed	0.00	1.13
pass	0.00	1.45
alot	0.00	1.46
dota	0.00	1.02
gods	0.00	1.19
potter	0.00	1.18
numbers	0.00	1.21
lost	0.00	1.09
breathing	0.00	1.35
try	0.00	2.28
rock	0.00	1.17
fighting	0.00	1.52
like	0.00	2.35
during	0.00	1.39
hide	0.00	1.40
hurt	0.00	2.04
excited	0.00	2.40
typical	0.01	1.27
lie	0.01	1.98
ruined	0.01	1.39
within	0.01	1.42
track	0.01	1.31
reach	0.01	1.31
south	0.01	1.18
mention	0.01	2.07
floating	0.01	1.21
forgot	0.01	2.03
system	0.01	1.21
tale	0.01	1.17
watch	0.01	1.47
deny	0.01	1.99
form	0.01	1.35
trolls	0.01	1.13
shoot	0.01	1.29
protagonist	0.01	1.26
points	0.01	1.41
managed	0.01	1.73
uploaded	0.01	1.05
kai	0.01	1.23
ye	0.01	1.20
silent	0.01	1.11
unless	0.01	1.93
sven	0.01	1.01
grab	0.01	1.27
bioshock	0.01	1.09
defense	0.02	1.33
wind	0.02	1.19
via	0.02	1.32
buy	0.02	1.37
9	0.02	1.06
sites	0.02	1.34
plans	0.02	1.25
fell	0.02	1.24
aim	0.02	1.18
fresh	0.02	1.34
these	0.02	1.76
flairs	0.02	1.48
computer	0.02	1.14
dozen	0.02	1.32
voices	0.02	1.32
stand	0.02	1.74
warning	0.02	1.27
tonight	0.02	1.69
r	0.02	1.35
meaningful	0.02	1.33
upon	0.02	1.30
dog	0.02	1.05
pixar	0.02	1.21
floor	0.02	1.21
becomes	0.02	1.39
relationships	0.02	1.66
suggested	0.02	1.13
blood	0.02	1.15
doing	0.03	2.79
code	0.03	1.24
moon	0.03	1.22
terms	0.03	1.06
college	0.03	1.20
under	0.03	1.36
experience	0.03	1.47
massive	0.03	1.19
survive	0.03	1.42
lights	0.03	1.28
sheet	0.03	1.28
school	0.03	1.26
means	0.03	2.49
rules	0.03	1.24
everyone	0.03	1.78
ground	0.03	1.23
worthy	0.03	1.26
gave	0.03	1.28
majesty	0.03	1.27
fourth	0.03	1.29
letters	0.03	1.10
magic	0.03	1.25
mode	0.03	1.32
chris	0.03	1.20
isolated	0.03	1.44
paying	0.03	1.75
spread	0.03	1.20
position	0.04	1.16
ca	0.04	2.56
credit	0.04	1.22
60fps	0.04	1.16
browsing	0.04	1.35
hole	0.04	1.26
alien	0.04	1.26
clean	0.04	1.06
smash	0.04	1.12
aspects	0.04	1.25
minor	0.04	1.27
clever	0.04	1.36
duet	0.04	1.18
and/or	0.04	1.16
trip	0.04	1.22
research	0.04	1.29
catching	0.04	1.26
tone	0.04	1.28
updated	0.04	1.28
cinema	0.04	1.23
imagination	0.04	1.26
brown	0.04	1.09
singer	0.04	1.08
advice	0.04	1.48
bought	0.04	1.20
became	0.04	1.44
sake	0.04	1.07
effect	0.04	1.27
conversations	0.04	1.41
bottle	0.05	1.07
into	0.05	1.32
alright	0.05	3.16
pokemon	0.05	1.17
download	0.05	1.18
goal	0.05	1.22
mass	0.05	1.25
building	0.05	1.25
danger	0.05	1.30
models	0.05	1.11
memories	0.05	1.26
necessary	0.05	1.32
theatre	0.05	1.18
thumbnail	0.05	1.33
funny	0.05	2.55
y	0.05	1.34
filled	0.05	1.30
arrived	0.05	1.32
along	0.05	1.37
older	0.05	0.94
eventually	0.05	1.71
north	0.05	1.20
logic	0.05	1.39
etc	0.05	1.03
any	0.05	2.25
counting	0.05	1.33
sky	0.05	1.20
frame	0.05	1.31
ruin	0.05	1.57
cutting	0.05	1.17
controlled	0.05	1.31
his	0.05	0.96
struck	0.05	1.16
l	0.05	1.34
needs	0.05	1.95
where	0.05	2.45
highly	0.06	1.41
report	0.06	1.44
httyd	0.06	1.11
click	0.06	1.28
captain	0.06	1.18
differences	0.06	1.31
swords	0.06	1.16
interpretation	0.06	1.32
classes	0.06	1.14
rapunzel	0.06	1.11
burn	0.06	1.85
sign	0.06	1.24
discussions	0.06	1.36
regular	0.06	1.27
former	0.06	1.08
reasons	0.06	1.91
university	0.06	1.30
copies	0.06	1.23
article	0.06	1.25
attack	0.06	1.23
judging	0.06	1.24
placed	0.06	1.22
multiple	0.06	1.62
engineering	0.06	1.15
grin	0.07	1.26
broke	0.07	1.33
conflict	0.07	1.21
began	0.07	1.25
cuz	0.07	1.73
round	0.07	1.10
sequels	0.07	1.23
taste	0.07	0.91
against	0.07	1.39
urge	0.07	1.96
clearly	0.07	1.56
copy	0.07	1.21
path	0.07	1.27
rate	0.07	1.13
obligatory	0.07	1.29
fair	0.07	1.77
jumping	0.07	1.26
learned	0.07	1.16
pulled	0.07	1.24
caught	0.07	1.47
bed	0.07	1.37
house	0.07	1.16
draft	0.07	1.24
enemies	0.07	1.26
c	0.07	1.26
purely	0.08	1.18
them	0.08	2.31
bottom	0.08	1.45
eating	0.08	0.88
adults	0.08	1.31
moves	0.08	1.37
orange	0.08	1.02
snowmen	0.08	1.20
split	0.08	1.05
villain	0.08	1.24
actors	0.08	1.15
spoilers	0.08	1.04
huge	0.08	1.16
cards	0.08	1.14
obvious	0.08	1.57
action	0.08	1.08
theme	0.08	1.23
create	0.08	1.34
subreddits	0.08	1.37
mentally	0.08	1.15
what	0.08	2.86
off	0.08	1.11
photos	0.08	1.27
falls	0.08	1.18
connect	0.08	1.61
sell	0.08	1.27
avatar	0.08	1.17
upload	0.08	1.16
infinite	0.08	1.08
things	0.08	1.93
villains	0.08	1.13
apply	0.08	1.22
definition	0.08	1.11
body	0.08	1.26
maleficent	0.08	1.20
channel	0.09	1.13
appears	0.09	1.09
are	0.09	1.90
fancy	0.09	1.31
race	0.09	1.10
merely	0.09	1.24
government	0.09	1.18
soldier	0.09	1.19
space	0.09	1.33
lots	0.09	1.59
releases	0.09	1.26
contact	0.09	1.28
confirm	0.09	1.24
fight	0.09	1.36
typing	0.09	1.56
start	0.09	1.70
knocked	0.09	1.23
pizza	0.09	1.15
edits	0.09	1.24
timeline	0.09	1.21
advantage	0.09	1.38
novel	0.09	1.23
walks	0.09	1.13
match	0.09	1.38
explore	0.09	1.40
method	0.09	1.32
cant	0.09	1.99
major	0.09	1.19
limit	0.09	1.33
fake	0.10	1.28
gif	0.10	1.34
weekly	0.10	1.31
activity	0.10	1.31
oops	0.10	1.69
here	0.10	2.55
mountains	0.10	1.23
greatly	0.10	1.20
costumes	0.10	1.26
speed	0.10	1.16
perspective	0.10	1.26
access	0.10	1.40
40	0.10	1.26
crush	0.10	1.13
explained	0.10	1.32
tropes	0.10	1.20
immediately	0.10	1.36
although	0.10	2.28
continued	0.10	1.25
east	0.10	1.10
out	0.10	1.77
matter	0.10	2.43
arm	0.10	1.27
tv	0.10	1.07
format	0.10	1.14
references	0.10	1.21
commented	0.10	1.23
banned	0.10	1.31
test	0.10	1.26
slide	0.10	1.21
shot	0.10	1.27
population	0.10	1.23
50	0.11	1.24
hand	0.11	1.40
downloaded	0.11	1.08
ones	0.11	1.48
storm	0.11	1.30
understanding	0.11	1.25
chance	0.11	1.96
matters	0.11	1.39
themselves	0.11	1.48
rated	0.11	1.27
moar	0.11	1.26
thoughts	0.11	1.38
11	0.11	1.08
troll	0.11	1.11
window	0.11	1.12
skyrim	0.11	1.02
sweden	0.11	1.16
flowers	0.11	1.08
pages	0.11	1.17
pushed	0.11	1.21
training	0.11	1.23
id	0.11	1.53
dolls	0.11	1.29
sees	0.11	1.79
involve	0.11	1.36
shows	0.11	1.46
catchy	0.11	1.69
ugh	0.11	1.48
limited	0.11	1.14
experiences	0.11	1.23
hiding	0.11	1.29
vacation	0.12	1.20
attempted	0.12	1.30
throne	0.12	1.13
wherever	0.12	1.37
awkward	0.12	1.59
location	0.12	1.25
taken	0.12	1.65
titan	0.12	0.98
filter	0.12	1.39
spinning	0.12	1.28
blu	0.12	1.18
map	0.12	1.13
russia	0.12	1.40
decide	0.12	1.99
til	0.12	1.38
realised	0.12	1.59
game	0.12	1.02
banner	0.12	1.26
required	0.12	1.34
friends	0.12	1.37
files	0.12	1.18
thread	0.12	1.53
manner	0.12	1.34
maximus	0.12	0.97
block	0.12	1.21
crew	0.12	1.25
little	0.12	1.73
raise	0.13	1.20
intended	0.13	1.30
shorts	0.13	1.23
shape	0.13	1.14
thirteen	0.13	1.23
possibilities	0.13	1.27
cliff	0.13	1.04
hyped	0.13	2.13
actor	0.13	1.08
images	0.13	1.30
recall	0.13	1.33
provided	0.13	1.25
ill	0.13	1.86
whom	0.13	0.94
darker	0.13	1.34
terrifying	0.13	2.03
level	0.13	1.19
there	0.13	2.57
studio	0.13	1.22
bunch	0.13	1.64
understand	0.13	2.42
cooler	0.13	1.34
discussion	0.13	1.36
elements	0.13	1.19
those	0.13	1.67
hundred	0.13	1.41
circle	0.13	1.20
korea	0.13	1.12
he	0.13	1.53
writers	0.13	1.14
frog	0.13	0.97
study	0.13	1.18
destruction	0.13	1.12
kids	0.13	1.19
mod	0.13	1.27
designed	0.13	1.26
below	0.13	1.19
supply	0.13	1.16
ruler	0.13	1.11
care	0.13	2.05
room	0.13	1.35
actress	0.13	1.18
finish	0.14	1.42
states	0.14	1.25
court	0.14	1.27
royalty	0.14	1.18
aspect	0.14	1.12
mods	0.14	1.32
signature	0.14	1.26
custom	0.14	1.31
accident	0.14	1.06
evening	0.14	1.34
player	0.14	1.16
math	0.14	1.19
approach	0.14	1.40
can	0.14	2.54
counts	0.14	1.20
u/leviro2005	0.14	1.06
carrots	0.14	0.86
live	0.14	1.31
34	0.14	1.28
front	0.14	1.24
loyal	0.14	1.25
ta	0.14	2.14
child	0.14	1.12
dungeon	0.15	1.29
total	0.15	1.21
edition	0.15	1.16
minecraft	0.15	1.06
sir	0.15	1.47
sticks	0.15	1.18
4k	0.15	1.12
box	0.15	1.09
discuss	0.15	1.61
through	0.15	1.31
tip	0.15	1.21
throwing	0.15	1.21
30	0.15	1.31
line	0.15	1.53
u/orangefeels	0.15	1.07
remembered	0.15	1.26
compare	0.15	1.79
keeps	0.15	1.54
premise	0.15	1.55
promise	0.15	1.84
other	0.15	1.80
tree	0.15	1.13
further	0.15	1.43
calling	0.15	1.38
graphic	0.15	1.09
appeared	0.15	1.30
involves	0.15	1.07
order	0.15	1.57
personal	0.16	1.36
moment	0.16	1.38
million	0.16	1.26
delete	0.16	1.60
covered	0.16	1.23
plug	0.16	1.22
changing	0.16	1.40
insult	0.16	1.25
elsas	0.16	1.29
miles	0.16	1.32
nor	0.16	1.42
shown	0.16	1.25
model	0.16	1.08
night	0.16	1.42
program	0.16	1.22
error	0.16	1.57
united	0.16	1.21
replied	0.16	1.47
home	0.16	1.47
review	0.16	1.25
thrown	0.16	1.19
exists	0.17	1.30
snowflakes	0.17	1.10
not	0.17	2.75
0	0.17	1.33
cross	0.17	1.20
portrayed	0.17	1.16
fat	0.17	1.20
return	0.17	1.19
island	0.17	1.21
named	0.17	1.32
florida	0.17	1.18
cgi	0.17	1.28
put	0.17	1.50
male	0.17	1.43
taught	0.17	1.17
secret	0.17	1.26
answer	0.17	1.91
500	0.17	1.19
incident	0.17	1.23
subreddit	0.17	1.47
denmark	0.17	1.13
goes	0.17	1.50
holds	0.17	1.29
includes	0.17	1.12
office	0.17	1.09
argue	0.17	2.05
content	0.17	1.31
morning	0.17	1.39
should	0.17	2.50
positive	0.18	1.09
closer	0.18	1.22
additional	0.18	1.27
palace	0.18	1.22
address	0.18	1.52
several	0.18	1.56
moral	0.18	1.07
mature	0.18	1.38
seven	0.18	1.39
fiction	0.18	1.17
contribute	0.18	1.48
could	0.18	2.55
talks	0.18	1.18
teach	0.18	1.39
shirts	0.18	1.20
ll	0.18	2.45
local	0.18	1.19
pabbie	0.18	1.15
lego	0.18	1.08
disney	0.18	1.21
chest	0.18	1.08
seasons	0.18	1.19
nation	0.18	1.19
shots	0.19	1.17
light	0.19	1.18
merchandise	0.19	1.26
after	0.19	1.58
g	0.19	1.30
scar	0.19	1.05
internet	0.19	1.51
boss	0.19	0.98
putting	0.19	1.40
blast	0.19	1.25
stock	0.19	1.32
assassin	0.19	1.15
wanted	0.19	2.25
duh	0.19	1.49
does	0.19	2.46
forgive	0.19	1.47
wdas	0.19	1.24
hook	0.19	1.23
development	0.19	1.22
begin	0.19	1.20
looked	0.20	1.64
instrument	0.20	1.41
justify	0.20	1.59
period	0.20	1.20
siblings	0.20	1.01
duke	0.20	1.16
thousand	0.20	1.44
corona	0.20	1.09
lack	0.20	1.25
count	0.20	1.48
replaced	0.20	1.18
background	0.20	1.19
norway	0.20	1.10
upcoming	0.20	1.01
comes	0.20	1.46
entire	0.20	1.24
monday	0.20	1.41
tarzan	0.20	0.98
texas	0.20	1.22
ordered	0.20	1.25
run	0.20	1.44
submit	0.20	1.37
due	0.20	1.31
california	0.20	1.35
forum	0.20	1.27
clicked	0.20	1.43
powerful	0.20	1.39
studios	0.20	1.23
future	0.20	1.42
cloud	0.20	1.22
anywhere	0.20	1.43
expect	0.20	2.41
hence	0.21	1.20
file	0.21	1.17
reflection	0.21	1.16
chose	0.21	1.18
country	0.21	1.14
inevitable	0.21	1.38
partner	0.21	1.48
posting	0.21	1.55
at	0.21	2.35
threads	0.21	1.37
australia	0.21	1.21
formal	0.21	1.31
topic	0.21	1.34
full	0.21	1.14
randomly	0.21	1.28
seems	0.21	1.98
reply	0.21	1.69
especially	0.21	1.34
invited	0.21	1.54
foreshadowing	0.21	1.18
reference	0.21	1.47
pictures	0.21	1.43
represents	0.21	1.21
please	0.21	2.14
or	0.21	2.42
hikarioni	0.21	1.19
hal	0.21	1.10
hidden	0.21	1.25
gifs	0.22	1.24
opportunity	0.22	1.67
pair	0.22	1.18
seek	0.22	1.33
soldiers	0.22	1.16
previous	0.22	1.31
frames	0.22	1.25
director	0.22	1.24
grew	0.22	1.22
streak	0.22	1.17
yellow	0.22	1.13
ariel	0.22	1.03
introduced	0.22	1.15
castle	0.22	1.21
reviews	0.22	1.11
creates	0.22	1.25
analysis	0.22	1.29
passed	0.22	1.31
sarcasm	0.22	1.83
merch	0.22	1.24
recorded	0.22	1.13
we	0.22	2.60
surely	0.22	1.39
company	0.22	1.20
opened	0.22	1.15
store	0.22	1.25
more	0.22	1.98
reindeers	0.22	1.15
granted	0.23	1.34
from	0.23	1.72
england	0.23	1.13
careful	0.23	1.26
tomorrow	0.23	1.53
us	0.23	1.88
journey	0.23	1.19
will	0.23	2.44
css	0.23	1.16
digital	0.23	1.14
japan	0.23	1.14
chandelier	0.23	1.18
selling	0.23	1.23
flat	0.23	1.15
games	0.23	1.03
mountain	0.23	1.12
born	0.23	1.08
letter	0.23	1.24
they	0.23	2.50
dont	0.23	2.15
dollars	0.23	1.29
screenshots	0.23	1.19
wonder	0.23	2.35
alike	0.23	1.18
fit	0.23	1.69
central	0.24	1.15
stopped	0.24	1.30
free	0.24	1.46
library	0.24	1.17
screwed	0.24	1.42
help	0.24	2.27
la	0.24	1.28
spending	0.24	1.35
risk	0.24	1.32
er	0.24	1.70
accurate	0.24	1.35
accepting	0.24	1.13
physically	0.24	1.37
wake	0.24	1.33
friday	0.24	1.35
fire	0.24	1.26
23	0.24	1.17
apologize	0.24	1.56
check	0.24	1.38
dollar	0.24	1.23
tie	0.24	1.01
sandwich	0.24	1.16
ebay	0.25	1.31
if	0.25	2.56
album	0.25	1.22
stop	0.25	1.79
say	0.25	2.59
half	0.25	1.43
disappoint	0.25	1.41
instead	0.25	1.43
bay	0.25	1.27
went	0.25	1.66
midnight	0.25	1.39
u/spacecati	0.25	0.98
weapons	0.25	1.12
charge	0.25	1.15
saturday	0.25	1.34
pc	0.25	1.22
screen	0.25	1.20
reindeer	0.25	0.97
25	0.25	1.29
5	0.25	1.15
60	0.25	1.23
till	0.25	1.58
pink	0.25	1.20
24	0.25	1.28
southern	0.25	1.14
decided	0.26	2.07
isles	0.26	1.12
script	0.26	1.16
day	0.26	1.52
monsters	0.26	1.08
turn	0.26	1.51
might	0.26	2.53
business	0.26	1.28
theory	0.26	1.34
treat	0.26	1.18
display	0.26	1.07
pun	0.26	1.53
angle	0.26	1.22
smiling	0.26	1.51
expand	0.26	1.26
portal	0.26	1.06
browse	0.26	1.13
john	0.26	1.11
toy	0.26	1.04
age	0.26	1.22
sorts	0.26	1.23
tuesday	0.26	1.50
gt	0.26	1.87
table	0.26	1.12
unfortunately	0.27	1.44
anime	0.27	1.04
comfort	0.27	1.36
acts	0.27	0.96
now	0.27	2.79
irl	0.27	1.16
recognize	0.27	1.62
camp	0.27	1.47
breaking	0.27	1.20
breath	0.27	1.40
moments	0.27	1.34
ask	0.27	2.24
fan	0.27	1.51
wrote	0.27	1.27
disneyland	0.27	1.32
fallen	0.27	1.13
heir	0.27	1.14
explain	0.27	2.18
answered	0.27	1.33
online	0.27	1.16
finding	0.27	1.45
adele	0.27	1.39
why	0.28	2.65
forever	0.28	1.58
sub	0.28	1.46
server	0.28	1.23
commenting	0.28	1.43
yesterday	0.28	1.25
hospital	0.28	1.20
toys	0.28	1.23
suit	0.28	1.16
paging	0.28	1.06
serve	0.28	1.02
interact	0.28	1.55
attraction	0.28	1.27
r/frozen	0.28	1.41
gun	0.28	1.17
want	0.28	2.43
20	0.28	1.28
ten	0.28	1.41
generation	0.28	1.11
site	0.28	1.16
sun	0.28	1.14
sheer	0.28	1.01
stores	0.28	1.25
200	0.28	1.23
drinking	0.28	1.08
difference	0.29	1.32
waste	0.29	1.40
how	0.29	2.53
sales	0.29	1.18
call	0.29	2.09
specifically	0.29	1.24
sidebar	0.29	1.26
visit	0.29	1.24
tribute	0.29	1.25
iphone	0.29	1.19
ton	0.29	1.43
christmas	0.29	0.83
many	0.29	1.65
logo	0.29	1.20
bow	0.29	1.38
know	0.29	2.54
spare	0.29	1.31
question	0.29	2.05
ears	0.29	1.14
fantasy	0.29	1.13
chances	0.29	1.23
4	0.30	1.14
pay	0.30	1.48
technology	0.30	1.11
button	0.30	1.32
pick	0.30	1.50
submissions	0.30	1.23
up	0.30	1.43
suspect	0.30	1.02
soon	0.30	2.02
viewings	0.30	1.25
guide	0.30	1.15
exactly	0.30	2.63
decade	0.30	1.30
marshmallow	0.30	1.14
convert	0.30	1.30
perfectly	0.30	1.49
sophisticated	0.30	1.10
years	0.30	1.27
hikari	0.30	1.23
eye	0.30	1.18
decides	0.30	1.35
mulan	0.30	0.96
all	0.30	2.40
15	0.30	1.21
plenty	0.30	1.48
projects	0.31	1.37
raised	0.31	1.15
because	0.31	2.62
solid	0.31	1.15
screenshot	0.31	1.19
young	0.31	1.21
scale	0.31	1.13
wtf	0.31	1.67
14	0.31	1.20
rest	0.31	1.33
quick	0.31	1.24
him	0.31	1.65
princesses	0.31	1.14
keeping	0.31	1.39
europe	0.31	1.09
natural	0.31	1.21
albums	0.31	1.17
headcanon	0.31	1.34
smell	0.31	1.00
whose	0.31	1.08
gender	0.31	1.01
happen	0.31	2.39
post	0.31	1.39
shop	0.31	1.09
past	0.31	1.48
ai	0.31	1.51
potato	0.32	1.33
17	0.32	1.26
play	0.32	1.10
hour	0.32	1.40
lopez	0.32	1.15
mins	0.32	1.32
figure	0.32	2.05
color	0.32	1.17
city	0.32	1.13
royal	0.32	1.11
minute	0.32	1.34
add	0.32	1.59
traits	0.32	1.11
buddies	0.32	1.30
importantly	0.32	1.20
era	0.32	1.17
sunday	0.32	1.32
history	0.32	1.14
changed	0.32	1.48
franchise	0.32	1.17
shall	0.32	1.59
release	0.32	1.27
seriousness	0.32	1.19
happier	0.32	1.42
outside	0.32	1.25
need	0.32	2.43
sniff	0.32	1.24
scheme	0.32	1.17
beast	0.33	0.97
pls	0.33	1.45
big	0.33	1.29
present	0.33	1.16
jk	0.33	1.73
nature	0.33	1.00
someday	0.33	1.78
behind	0.33	1.25
voice	0.33	1.17
nope	0.33	2.09
father	0.33	0.94
men	0.33	1.24
received	0.33	1.17
white	0.33	1.09
presence	0.33	1.29
10	0.33	1.15
confirmation	0.33	1.56
find	0.33	2.12
story	0.33	1.31
dirty	0.33	1.13
bar	0.33	1.19
master	0.33	1.21
real	0.33	2.20
bag	0.33	1.11
text	0.33	1.25
contrast	0.33	1.13
took	0.33	1.46
throw	0.34	1.41
were	0.34	1.82
main	0.34	1.26
weaseltown	0.34	1.22
rule	0.34	1.20
dark	0.34	1.17
somewhere	0.34	1.20
keyboard	0.34	1.18
beauty	0.34	0.94
books	0.34	1.16
reddit	0.34	1.28
sleeping	0.34	1.01
realize	0.34	2.33
creative	0.34	1.19
ear	0.34	1.22
lives	0.34	1.12
called	0.34	1.23
web	0.34	1.19
puns	0.34	1.24
seconds	0.34	1.34
features	0.34	1.12
provide	0.34	1.31
contest	0.34	1.30
creation	0.34	1.08
sharp	0.34	1.10
band	0.35	1.19
improved	0.35	0.93
twist	0.35	1.11
minds	0.35	1.03
written	0.35	1.26
2	0.35	1.12
talk	0.35	2.09
bitch	0.35	1.26
minutes	0.35	1.38
rip	0.35	1.08
each	0.35	1.62
speech	0.35	1.12
become	0.35	1.51
introduce	0.35	1.20
son	0.35	1.02
next	0.35	1.61
mouse	0.35	1.28
flair	0.35	1.32
sold	0.35	1.21
blue	0.35	1.14
tried	0.35	1.57
waited	0.35	1.35
han	0.35	1.12
forgotten	0.35	1.29
assumed	0.35	1.36
started	0.35	1.36
stated	0.35	1.18
least	0.35	2.32
driving	0.35	1.12
daughters	0.36	1.23
addition	0.36	1.27
max	0.36	1.20
website	0.36	1.21
five	0.36	1.42
fits	0.36	1.30
down	0.36	1.30
phone	0.36	1.21
sibling	0.36	1.28
see	0.36	2.34
joined	0.36	1.32
hours	0.36	1.34
explaining	0.36	1.56
weapon	0.36	1.06
everything	0.36	1.97
aha	0.36	1.41
focus	0.36	1.15
theaters	0.36	1.28
punch	0.36	1.18
wicked	0.36	1.04
cell	0.36	1.17
fashion	0.37	0.98
nostalgia	0.37	1.30
naturally	0.37	1.28
convince	0.37	1.64
brother	0.37	0.99
crown	0.37	1.12
just	0.37	2.62
either	0.37	2.56
search	0.37	1.22
easter	0.37	1.13
superior	0.37	1.27
pro	0.37	0.98
few	0.37	1.55
boy	0.37	1.17
hearing	0.37	1.15
psst	0.37	1.17
shy	0.38	1.22
war	0.38	1.24
dressed	0.38	1.00
says	0.38	1.67
regardless	0.38	1.38
skin	0.38	1.09
paid	0.38	1.25
plot	0.38	1.29
dry	0.38	1.11
sorta	0.38	1.22
increase	0.38	0.98
steam	0.38	1.26
motion	0.38	1.26
nowadays	0.38	1.22
asks	0.38	1.35
mentions	0.38	1.15
believe	0.38	2.55
girls	0.38	1.30
realistic	0.38	1.32
near	0.38	1.33
brb	0.38	1.47
sequel	0.38	1.57
update	0.38	1.40
remember	0.38	2.35
marry	0.38	1.29
hero	0.38	1.14
gloves	0.39	1.19
away	0.39	1.30
reason	0.39	2.40
planet	0.39	1.12
did	0.39	2.47
three	0.39	1.47
crossed	0.39	1.21
beard	0.39	1.23
hat	0.39	1.08
mermaid	0.39	0.97
dis	0.39	1.41
finds	0.39	1.70
snowball	0.39	1.21
red	0.39	1.13
week	0.39	1.39
point	0.39	2.34
two	0.39	1.63
guards	0.39	1.23
remains	0.39	1.04
secrets	0.39	1.19
earth	0.39	1.26
inspiration	0.39	1.20
sounded	0.39	1.76
name	0.39	1.26
google	0.40	1.11
fly	0.40	1.35
arendelle	0.40	1.08
colour	0.40	1.18
surface	0.40	0.91
app	0.40	1.25
de	0.40	1.38
children	0.40	1.11
tell	0.40	2.22
imagine	0.40	2.37
dig	0.40	1.31
kind	0.40	2.03
shirt	0.40	1.14
competition	0.41	1.28
noice	0.41	1.24
land	0.41	1.11
blow	0.41	1.16
later	0.41	1.66
think	0.41	2.56
uhhh	0.41	1.69
six	0.41	1.31
winter	0.41	1.16
neck	0.41	1.10
surprisingly	0.41	1.51
score	0.41	1.25
year	0.41	1.27
both	0.41	1.59
get	0.41	2.19
interview	0.41	1.29
clear	0.41	1.69
deserved	0.41	1.12
3d	0.41	1.10
annas	0.41	1.26
depth	0.41	1.39
shoulders	0.41	1.27
snow	0.42	1.14
bark	0.42	1.24
air	0.42	1.10
technical	0.42	1.22
chill	0.42	1.45
require	0.42	1.22
stahp	0.42	1.50
pm	0.42	1.56
21	0.42	1.24
lion	0.42	0.95
weeks	0.42	1.33
whatever	0.42	2.20
married	0.42	0.98
happily	0.43	1.12
sent	0.43	1.23
folks	0.43	1.37
instance	0.43	1.12
forgetting	0.43	1.93
something	0.43	2.40
walt	0.43	1.18
around	0.43	1.49
list	0.43	1.41
ive	0.43	1.13
survey	0.43	1.25
district	0.43	1.03
comedy	0.43	1.11
1st	0.43	1.06
maybe	0.43	2.52
19	0.43	1.38
connection	0.43	1.25
four	0.43	1.36
wallpapers	0.43	1.15
problem	0.43	2.27
appearance	0.43	1.12
ol	0.43	1.19
using	0.43	1.68
particularly	0.43	1.37
northern	0.43	1.13
flynn	0.44	0.94
again	0.44	2.13
project	0.44	1.32
lunch	0.44	1.13
gross	0.44	1.21
empire	0.44	1.30
noble	0.44	1.13
proportions	0.44	1.26
head	0.44	1.21
aladdin	0.44	0.96
leader	0.44	1.15
ages	0.44	1.26
wut	0.44	1.35
billion	0.44	1.24
meeting	0.44	1.15
relevant	0.44	1.26
films	0.44	1.14
stuff	0.44	1.65
back	0.44	1.53
take	0.44	1.95
takes	0.44	1.26
eugene	0.45	1.04
o_o	0.45	1.66
bridge	0.45	1.10
mean	0.45	2.54
couple	0.45	1.48
money	0.45	1.37
hydra	0.45	1.24
amount	0.45	1.29
helped	0.45	1.22
sandwiches	0.45	1.12
send	0.45	1.47
participate	0.45	1.51
last	0.45	1.46
spend	0.45	1.37
giant	0.45	1.19
archives	0.45	1.22
forget	0.45	2.18
opening	0.45	1.11
admit	0.45	1.94
wreck-it	0.45	1.48
heartbreaking	0.45	2.15
4th	0.45	1.19
dun	0.45	1.56
despite	0.46	1.21
prompt	0.46	1.23
18	0.46	1.34
movies	0.46	1.13
being	0.46	1.48
useful	0.46	1.47
u/thirteen_fears	0.46	1.11
enjoyable	0.46	1.44
abandoned	0.46	1.20
sometime	0.46	1.47
resist	0.46	1.47
forms	0.46	1.18
jelly	0.46	1.39
hopefully	0.46	1.90
wot	0.46	1.29
days	0.47	1.32
biggest	0.47	1.70
come	0.47	1.87
ama	0.47	1.41
their	0.47	1.38
murder	0.47	1.63
purple	0.47	1.11
balance	0.47	1.23
trope	0.47	1.26
may	0.47	2.26
section	0.47	1.24
evil	0.47	1.18
new	0.47	1.19
while	0.47	1.67
desktop	0.47	1.05
impression	0.47	1.28
safe	0.47	1.69
helps	0.47	1.44
leg	0.47	1.13
loses	0.47	1.03
fails	0.47	1.20
stream	0.47	1.37
spent	0.47	1.40
arms	0.48	1.11
weather	0.48	1.25
success	0.48	1.23
media	0.48	1.06
visual	0.48	1.20
neat	0.48	1.81
pillow	0.48	1.26
with	0.48	2.28
adventure	0.48	1.09
kept	0.48	1.30
significant	0.48	1.29
writing	0.48	1.38
develop	0.48	1.20
its	0.48	2.14
swear	0.48	1.47
eternal	0.48	1.07
chrome	0.48	1.18
challenge	0.48	1.29
wallpaper	0.49	1.12
princess	0.49	1.00
relatively	0.49	1.46
remain	0.49	1.24
marrying	0.49	1.10
movie	0.49	1.25
subtle	0.49	1.17
deliver	0.49	1.17
fish	0.49	1.14
linked	0.49	1.22
weekend	0.49	1.20
eyebrows	0.49	1.23
dat	0.49	1.29
advance	0.49	1.34
fact	0.49	2.45
probably	0.49	2.51
16	0.49	1.36
u/funnycherry	0.50	1.11
directors	0.50	1.23
relative	0.50	1.21
even	0.50	2.47
continue	0.50	1.30
according	0.50	1.12
quite	0.50	1.99
category	0.50	1.60
chosen	0.50	1.08
damnit	0.50	1.56
ago	0.50	1.46
exciting	0.50	1.57
when	0.50	1.78
creepy	0.50	1.63
whats	0.50	1.70
optimistic	0.50	0.93
kill	0.50	1.59
must	0.50	2.32
antagonist	0.50	1.25
realized	0.50	1.42
pile	0.50	1.21
notice	0.50	1.90
weselton	0.50	1.17
coffee	0.50	1.05
hair	0.51	1.14
windows	0.51	1.08
worry	0.51	2.47
some	0.51	1.93
lot	0.51	1.89
glorious	0.51	1.23
eh	0.51	1.76
theater	0.51	1.24
request	0.51	1.04
heck	0.51	1.48
pulls	0.51	1.19
1	0.51	1.10
edge	0.51	1.13
prince	0.51	1.08
strike	0.51	1.16
lighting	0.52	1.19
ps	0.52	1.23
would	0.52	2.40
august	0.52	1.18
chocolate	0.52	0.84
plus	0.52	1.23
earlier	0.52	1.28
fairly	0.52	1.57
core	0.52	1.06
november	0.52	1.12
then	0.52	2.29
food	0.52	0.98
rekt	0.52	1.26
win	0.52	1.34
which	0.53	2.38
thought	0.53	1.82
king	0.53	0.95
crossbow	0.53	1.11
carrot	0.53	0.94
highest	0.53	1.65
giving	0.53	1.46
impossible	0.53	1.66
defend	0.53	1.12
until	0.53	1.50
blonde	0.53	1.15
way	0.53	2.38
plz	0.53	1.56
her	0.53	1.26
ralph	0.53	1.46
hardest	0.53	1.75
renaissance	0.53	0.97
u/haljordangotsweg	0.54	1.09
steal	0.54	1.19
uhm	0.54	1.77
22	0.54	1.29
shut	0.54	1.28
use	0.54	1.53
suggestion	0.54	1.37
water	0.54	1.12
ice	0.54	1.15
ate	0.54	1.01
plan	0.54	1.63
melted	0.54	1.06
distance	0.54	1.09
photo	0.54	1.27
april	0.54	1.30
links	0.54	1.22
honestly	0.54	2.29
heaven	0.54	1.39
months	0.54	1.33
heroes	0.54	1.09
olaf	0.54	1.08
cousins	0.54	1.08
goddammit	0.55	1.06
similar	0.55	1.35
freezes	0.55	1.07
u/teamhans	0.55	1.00
clue	0.55	2.00
deserve	0.55	1.06
introduction	0.55	1.16
u/duckbutt11	0.55	1.03
viewing	0.55	1.23
exams	0.55	1.34
saving	0.55	1.16
knock	0.55	1.14
times	0.55	1.26
lock	0.55	1.14
seriously	0.55	2.88
finals	0.55	1.39
lover	0.55	1.20
dinner	0.55	1.09
writer	0.55	1.01
place	0.56	1.69
compliment	0.56	1.21
description	0.56	1.15
2nd	0.56	1.20
stars	0.56	1.22
still	0.56	2.56
13	0.56	1.05
independent	0.56	1.07
clothes	0.56	1.13
tells	0.56	1.58
husband	0.56	0.97
women	0.56	1.38
lurking	0.56	1.39
smart	0.56	1.02
shoes	0.57	1.14
username	0.57	1.30
month	0.57	1.33
icy	0.57	1.13
planned	0.57	1.39
locked	0.57	1.16
purpose	0.58	1.27
soul	0.58	1.11
was	0.58	2.18
appropriate	0.58	1.58
u/lazybutter	0.58	1.07
original	0.58	1.18
stick	0.58	1.12
tab	0.58	1.09
software	0.58	1.16
cared	0.58	1.70
knight	0.58	1.13
january	0.59	1.25
dynamic	0.59	1.27
lady	0.59	1.20
first	0.59	1.44
opens	0.59	1.10
u/blaaze6	0.59	1.27
boots	0.59	1.09
truth	0.59	1.23
group	0.59	1.23
capable	0.59	1.23
old	0.59	1.31
lord	0.59	1.29
event	0.59	1.13
favourite	0.59	1.73
braid	0.59	1.12
duty	0.59	1.00
creator	0.59	1.12
only	0.60	2.27
figures	0.60	1.14
equally	0.60	1.36
folder	0.60	1.12
feature	0.60	1.26
wear	0.60	1.12
checked	0.60	1.20
trading	0.60	1.10
ya	0.60	1.67
accidentally	0.60	1.11
cheers	0.60	1.07
rich	0.61	1.10
animations	0.61	1.12
february	0.61	1.29
nose	0.61	1.15
bright	0.61	1.21
browser	0.61	1.11
center	0.61	1.22
eat	0.61	0.93
lived	0.61	1.03
deviantart	0.61	1.23
lee	0.61	1.06
laughs	0.61	1.23
she	0.61	1.66
u/charredgrass	0.62	1.03
mine	0.62	2.05
imagined	0.62	1.39
wiki	0.62	1.12
time	0.62	1.59
mind	0.62	2.21
released	0.62	1.04
genre	0.62	1.03
meets	0.62	0.93
message	0.62	1.26
impaled	0.63	1.23
favorite	0.63	1.79
sooner	0.63	1.64
wedding	0.63	0.96
information	0.63	1.23
beloved	0.63	1.50
pattern	0.63	1.16
revealed	0.63	1.23
lurker	0.63	1.33
theatres	0.63	1.16
ii	0.63	1.02
helping	0.64	1.52
definitely	0.64	2.41
define	0.64	1.11
paint	0.64	0.98
hans	0.64	1.12
totally	0.64	2.41
glad	0.64	2.51
deep	0.64	1.47
dreams	0.64	1.25
value	0.64	1.10
freezing	0.64	1.01
wore	0.64	1.09
3rd	0.64	1.20
row	0.64	1.02
recently	0.64	1.36
march	0.65	1.20
o.o	0.65	1.45
came	0.65	1.47
grossing	0.65	1.72
perfection	0.65	1.05
charming	0.65	1.03
cape	0.65	1.09
golden	0.65	1.28
fully	0.65	1.41
alive	0.65	1.75
freeze	0.66	1.08
mouth	0.66	1.12
cold	0.66	1.19
doors	0.66	1.13
kissing	0.66	1.21
kingdom	0.66	0.97
smiles	0.66	1.09
throughout	0.66	1.08
added	0.66	1.26
third	0.66	1.21
wearing	0.66	1.09
confident	0.67	1.27
gates	0.67	1.15
hmmm	0.67	1.35
interaction	0.67	1.17
following	0.67	1.67
brain	0.67	1.19
um	0.67	1.99
hmm	0.67	1.66
herself	0.67	1.51
infinity	0.67	1.08
dem	0.67	1.28
drink	0.68	0.96
o	0.68	1.35
listed	0.68	1.08
discovered	0.68	1.12
yo	0.68	1.51
c'mon	0.68	1.47
permission	0.68	1.22
mini	0.68	1.09
meanwhile	0.68	1.14
render	0.68	1.17
improve	0.68	1.40
precious	0.69	1.17
much	0.69	2.15
extremely	0.69	1.56
doll	0.69	1.07
heads	0.69	1.10
attention	0.69	1.22
u	0.69	1.47
lutefisk	0.69	0.97
snap	0.70	1.27
pic	0.70	1.05
eyes	0.70	1.18
figured	0.70	1.23
turned	0.71	1.27
m8	0.71	1.42
top	0.71	1.76
needed	0.71	1.49
once	0.71	1.38
embrace	0.71	1.18
certainly	0.72	2.02
quest	0.72	1.07
reached	0.72	1.10
legs	0.72	1.17
so	0.72	2.41
popcorn	0.72	0.96
facial	0.72	1.24
believed	0.72	1.21
innocent	0.72	0.99
since	0.72	1.42
melt	0.72	1.09
feedback	0.73	1.32
ummm	0.73	1.54
as	0.73	2.31
umm	0.73	1.74
given	0.73	1.16
sword	0.73	1.01
ur	0.73	1.55
dresses	0.73	1.17
experienced	0.73	1.11
gold	0.74	1.15
one	0.74	1.98
family	0.74	0.95
cupcake	0.74	1.08
2014	0.74	1.08
oaken	0.74	1.07
goddess	0.74	1.32
girl	0.74	1.38
romantic	0.75	1.66
awhile	0.75	1.45
frozen	0.75	1.26
artistic	0.75	1.04
subjects	0.75	1.18
keep	0.75	1.59
july	0.75	1.13
mark	0.75	1.08
classic	0.75	1.00
ooo	0.76	1.51
touch	0.76	1.27
facebook	0.76	1.13
join	0.76	1.38
catch	0.76	1.37
suggestions	0.76	1.31
hers	0.76	1.08
closed	0.76	1.12
cartoon	0.76	1.00
wait	0.76	2.37
pen	0.76	1.09
froze	0.76	1.02
december	0.76	1.20
kidding	0.76	2.15
details	0.76	1.14
account	0.77	1.21
uh	0.77	2.05
june	0.77	1.20
delicious	0.77	1.00
stare	0.77	1.27
visited	0.77	0.95
film	0.77	1.62
explains	0.77	1.23
fjord	0.77	0.99
summer	0.77	1.00
u/cleansedbubbles	0.77	1.05
appreciation	0.77	0.99
consistent	0.77	1.03
ha	0.77	1.49
expressions	0.77	1.16
puppy	0.77	0.98
winning	0.77	1.17
part	0.78	1.95
cosplay	0.78	1.22
execution	0.78	1.09
late	0.78	1.27
flip	0.78	1.21
cream	0.79	0.90
club	0.79	1.16
hips	0.79	1.30
today	0.79	1.26
themed	0.79	0.93
look	0.79	2.02
thing	0.80	1.96
too	0.80	2.13
mirror	0.80	1.11
idea	0.80	2.24
closest	0.80	1.49
platinum	0.80	1.12
gives	0.80	1.41
guy	0.80	1.53
calm	0.80	1.54
hang	0.80	1.49
tho	0.81	1.62
give	0.81	1.61
chat	0.81	1.24
queen	0.82	1.01
fanart	0.82	1.38
melting	0.82	0.99
makeup	0.82	1.20
cup	0.82	1.09
sending	0.82	1.15
variety	0.82	1.35
fellow	0.83	1.51
entertaining	0.83	1.95
otherwise	0.83	1.32
longest	0.83	1.67
colors	0.83	1.12
noted	0.83	1.43
found	0.84	1.10
soooo	0.84	1.16
bastard	0.84	1.10
enough	0.84	2.04
repost	0.84	1.48
asked	0.84	1.43
has	0.84	1.51
vile	0.85	0.99
hahahahaha	0.85	1.53
u/eren_jeager	0.85	1.18
fist	0.85	1.11
anyway	0.85	2.15
understands	0.86	1.60
tea	0.86	1.00
signed	0.86	1.07
gg	0.86	1.22
cupcakes	0.86	0.98
skype	0.86	1.18
also	0.86	2.35
happened	0.86	1.73
short	0.86	1.65
sister	0.86	1.40
my	0.86	1.61
saw	0.87	1.27
caring	0.87	0.96
hearts	0.87	0.87
whole	0.87	1.67
welp	0.87	1.52
nevermind	0.87	1.58
2013	0.87	1.17
photoshop	0.88	1.15
long	0.88	1.56
profile	0.88	1.11
image	0.88	1.09
share	0.88	1.35
glasses	0.88	1.08
finally	0.88	1.42
cherry	0.89	1.13
won	0.89	1.62
wears	0.89	1.09
fanarts	0.90	1.09
worries	0.90	1.74
elsewhere	0.90	1.28
invite	0.90	1.24
dance	0.90	1.08
elsa	0.91	1.29
editing	0.91	1.17
dear	0.91	1.36
amusing	0.91	1.73
detailed	0.91	1.31
intelligent	0.91	1.32
pointed	0.92	1.07
established	0.92	1.12
ftfy	0.92	1.23
strong	0.92	1.06
honey	0.92	1.31
dream	0.92	1.34
david	0.92	1.15
unlike	0.93	1.07
guess	0.93	2.36
wikipedia	0.93	1.50
page	0.93	1.10
discussed	0.93	1.21
got	0.93	1.79
quit	0.93	1.08
second	0.93	1.71
stranger	0.93	1.13
wat	0.94	1.68
person	0.94	1.19
early	0.94	1.07
incredibly	0.94	1.56
crazy	0.94	2.21
traditional	0.94	1.00
appreciated	0.94	1.23
effort	0.95	1.22
century	0.95	1.15
though	0.95	2.28
lips	0.95	1.02
cuter	0.95	1.20
wins	0.95	1.44
whoa	0.95	1.53
world	0.95	1.54
woo	0.95	1.48
actually	0.96	2.24
favorites	0.96	1.58
used	0.96	1.35
younger	0.96	1.23
tangled	0.96	1.29
url	0.96	1.06
wise	0.97	1.19
mate	0.97	1.56
winner	0.97	1.61
oscars	0.97	1.57
christ	0.97	1.35
comfortable	0.97	1.47
posted	0.98	1.14
hehehe	0.98	1.55
joining	0.98	1.21
said	0.99	1.69
oscar	0.99	1.62
dress	0.99	1.07
hugging	0.99	1.13
yes	0.99	2.43
anyways	1.00	1.59
xbox	1.00	1.34
users	1.00	1.04
admire	1.01	1.17
created	1.01	1.39
coincidence	1.01	1.63
bet	1.01	1.15
news	1.02	1.11
visible	1.02	1.38
tablet	1.02	1.07
stay	1.02	1.33
promised	1.02	1.24
never	1.02	1.68
submitted	1.02	0.99
sisterly	1.03	1.59
opposite	1.03	1.31
official	1.03	1.35
far	1.04	1.96
info	1.04	1.19
before	1.04	1.42
yet	1.04	1.88
nah	1.04	1.92
mentioned	1.04	1.19
always	1.05	2.07
mobile	1.05	1.04
beyond	1.05	1.20
da	1.06	1.25
surprise	1.06	1.32
direct	1.07	1.03
life	1.07	1.54
enjoyed	1.07	1.21
important	1.07	1.32
skills	1.08	1.04
u/portgas	1.08	1.10
meet	1.09	1.36
tips	1.09	1.22
super	1.09	1.57
final	1.09	1.47
wreck	1.09	1.17
costume	1.09	0.96
cutest	1.09	1.72
fluffy	1.10	1.09
designs	1.10	1.05
miss	1.11	1.51
met	1.11	1.08
overload	1.11	1.11
pants	1.11	1.30
killed	1.12	1.18
object	1.12	0.96
colored	1.13	0.98
strikes	1.13	1.12
gallery	1.14	1.01
gotten	1.14	1.37
community	1.15	1.12
wondered	1.15	1.27
coronation	1.15	1.00
clothing	1.15	1.01
existed	1.16	1.47
woman	1.16	1.15
simple	1.17	1.03
pieces	1.17	0.89
practice	1.17	1.10
op	1.18	1.72
tumblr	1.18	1.04
bro	1.18	1.54
by	1.18	1.00
twitter	1.18	1.01
progress	1.18	1.14
professional	1.18	1.05
selfless	1.19	0.92
already	1.19	1.64
another	1.19	1.62
offer	1.20	1.17
relationship	1.20	1.52
piggyback	1.20	1.08
comics	1.21	0.96
panel	1.21	0.99
sacrifice	1.22	0.92
friendly	1.22	0.77
animated	1.22	1.41
crap	1.22	1.49
watched	1.22	1.25
yea	1.23	1.77
capture	1.23	1.07
celine	1.23	1.24
imgur	1.23	0.99
thx	1.23	1.43
u/corteno	1.23	1.23
u/hikarioni	1.24	1.23
ladies	1.24	1.31
ve	1.24	1.37
animation	1.24	1.03
hahahaha	1.24	1.56
yup	1.25	1.48
friend	1.25	1.33
played	1.26	1.04
handsome	1.26	1.03
design	1.26	0.92
requires	1.26	0.95
link	1.26	1.01
inspired	1.26	0.92
smile	1.27	1.23
saves	1.27	1.20
talked	1.27	1.05
save	1.27	1.23
hail	1.27	1.07
skating	1.27	1.00
outfit	1.28	1.02
guard	1.28	1.46
worth	1.29	1.44
spot	1.29	1.11
most	1.29	1.44
lute	1.30	1.07
book	1.30	0.98
blog	1.31	0.98
understood	1.31	1.09
celebrate	1.32	1.26
props	1.32	1.05
performance	1.32	1.09
very	1.32	1.54
touched	1.32	1.06
ridiculously	1.33	1.23
been	1.33	1.28
face	1.33	1.11
hilarious	1.34	1.50
perfect	1.34	1.97
gone	1.34	1.38
draw	1.35	1.41
p	1.35	2.12
faces	1.36	1.10
bye	1.37	1.33
our	1.38	1.02
huh	1.38	1.84
heh	1.38	1.73
epic	1.38	1.13
source	1.39	1.01
had	1.40	1.45
thats	1.40	1.67
cuddle	1.40	1.12
19th	1.40	1.03
appreciate	1.40	1.08
anniversary	1.40	1.13
attractive	1.41	1.14
soft	1.41	0.89
close	1.41	1.45
picture	1.41	1.24
candy	1.42	1.00
cuteness	1.42	0.96
honor	1.42	0.88
ohhh	1.42	1.18
really	1.42	1.93
artists	1.42	1.03
focused	1.42	1.06
pixiv	1.43	0.98
2d	1.44	0.87
heard	1.45	1.20
u/vilethevandal	1.45	0.92
missed	1.45	1.57
u/greenlamb	1.45	1.09
3	1.46	1.04
protect	1.46	1.28
tool	1.46	1.03
cheeks	1.46	0.91
src	1.46	1.11
ahhh	1.47	1.12
bond	1.47	1.30
goddamn	1.48	1.14
kristoff	1.48	1.15
sauna	1.48	1.18
shit	1.49	1.78
awesomeness	1.51	1.26
captured	1.52	1.00
tension	1.52	1.20
chops	1.53	1.34
date	1.53	1.23
worked	1.54	1.02
your	1.54	1.32
fun	1.55	1.80
sisters	1.55	1.33
between	1.56	1.33
cake	1.56	1.10
interesting	1.56	1.75
goodbye	1.57	1.40
lucky	1.57	1.25
u/notesofasociopath	1.57	1.13
u/elsathequeen	1.58	1.02
d	1.58	2.10
mutton	1.58	1.36
party	1.58	1.12
together	1.58	1.45
sideburns	1.59	1.08
oc	1.59	0.89
ok	1.59	2.07
yeah	1.59	2.13
slam	1.59	1.17
ahaha	1.59	1.31
knew	1.60	1.34
collection	1.60	1.17
wish	1.61	1.77
previously	1.61	1.09
comic	1.61	0.90
wishes	1.61	1.20
ah	1.61	1.83
smooth	1.62	1.13
10/10	1.62	0.95
sacrificed	1.63	1.12
gift	1.63	0.89
works	1.64	1.61
darn	1.65	1.48
saved	1.66	0.82
door	1.66	1.17
known	1.66	1.20
oooh	1.67	1.31
realizes	1.69	1.20
shadows	1.70	1.14
god	1.70	1.61
goodness	1.70	1.05
teamhans	1.70	1.19
freckles	1.71	0.99
detail	1.71	1.00
paper	1.73	0.92
nonetheless	1.73	1.22
guys	1.73	1.89
act	1.74	1.02
open	1.75	1.15
spoken	1.75	0.95
nicely	1.75	1.10
ahh	1.76	1.08
reminds	1.77	0.81
pretty	1.77	1.67
lol	1.78	1.79
kiss	1.78	1.04
sounds	1.78	1.58
excellent	1.79	1.28
animators	1.79	1.06
adorkable	1.80	1.00
hoo	1.80	1.10
hi	1.80	1.30
noticed	1.81	1.18
pose	1.82	1.06
well	1.82	1.90
congrats	1.83	0.96
skill	1.83	1.05
buddy	1.84	1.38
told	1.84	1.10
luck	1.84	1.44
hugs	1.84	1.04
talent	1.85	1.00
arts	1.86	0.98
thaw	1.86	1.01
regal	1.87	1.00
draws	1.87	0.82
elegant	1.87	1.05
madness	1.87	1.10
styles	1.88	1.08
heart	1.88	0.99
ever	1.90	1.10
dude	1.90	1.63
fucking	1.90	1.39
birthday	1.90	1.19
xd	1.91	1.73
cool	1.92	1.58
helpful	1.92	1.23
oh	1.92	1.81
ooh	1.93	1.31
omg	1.93	1.08
hahaha	1.95	1.64
hey	1.95	1.65
casting	1.96	0.88
dang	1.96	1.41
drew	1.96	0.81
true	1.98	1.19
man	1.99	1.71
hope	1.99	1.27
seen	1.99	1.04
hehe	1.99	1.41
ohh	2.01	1.26
hello	2.02	1.12
yep	2.03	1.28
magnificent	2.03	0.93
painting	2.04	0.84
anna	2.04	1.01
haha	2.04	1.73
holy	2.05	1.37
thawed	2.05	0.93
yay	2.08	1.29
sharing	2.11	1.12
hot	2.12	1.18
thaws	2.13	0.88
drawings	2.17	0.81
simply	2.18	0.96
majestic	2.20	0.98
congratulations	2.20	0.71
concept	2.20	0.80
welcome	2.21	1.07
sooo	2.21	0.91
hug	2.22	0.92
flawless	2.23	0.90
sketch	2.24	0.76
soo	2.26	0.89
enjoy	2.26	0.76
indeed	2.29	1.09
colours	2.30	0.87
loving	2.31	0.56
woah	2.32	1.34
sketches	2.32	0.74
warm	2.34	0.85
sexy	2.35	0.97
thanks	2.39	1.40
constable	2.39	1.08
work	2.40	1.26
good	2.40	1.29
such	2.42	0.91
talented	2.43	0.56
badass	2.44	1.04
aw	2.45	1.11
an	2.48	0.65
shading	2.49	0.77
beautifuller	2.50	0.97
drawn	2.51	0.80
pencil	2.53	0.70
gosh	2.54	1.02
thank	2.54	1.20
masterpiece	2.56	0.78
lt	2.58	0.74
aww	2.59	1.00
impressive	2.62	0.67
damn	2.63	1.08
drawing	2.64	0.74
socool	2.66	0.90
amazingly	2.68	0.87
btw	2.72	0.65
done	2.75	0.99
freaking	2.79	0.77
looks	2.79	0.86
truly	2.80	0.51
cute	2.83	0.62
sweet	2.86	0.68
artist	2.86	0.63
brilliant	2.89	0.62
beautiful	2.90	0.72
adorable	2.93	0.55
adore	2.95	0.40
piece	2.99	0.56
great	2.99	0.63
a-ka	2.99	0.55
artwork	3.00	0.56
gorgeous	3.01	0.62
absolutely	3.01	0.60
style	3.01	0.55
stunning	3.04	0.53
wow	3.08	0.64
lovely	3.10	0.41
art	3.11	0.41
wonderful	3.14	0.42
job	3.14	0.50
incredible	3.17	0.42
