minorities	-3.48	1.96
committed	-3.42	1.58
beautiful	-3.40	1.79
bad	-3.38	2.32
racists	-3.27	1.93
aside	-3.21	1.68
mexicans	-3.19	2.08
funny	-3.06	2.64
arabs	-2.85	1.67
anyways	-2.82	1.72
blacks	-2.69	1.95
honestly	-2.66	3.04
commit	-2.64	1.77
grow	-2.58	1.97
nor	-2.58	1.77
are	-2.57	2.40
feel	-2.56	2.63
asians	-2.55	1.98
seem	-2.54	2.87
jealous	-2.52	2.45
backwards	-2.51	1.82
masturbate	-2.50	2.11
poor	-2.49	1.96
freedom	-2.48	1.92
makes	-2.45	2.75
opened	-2.44	1.94
bit	-2.43	2.72
everyday	-2.41	1.80
didnt	-2.38	1.97
there	-2.38	3.31
fatties	-2.38	1.80
true	-2.36	2.67
disabled	-2.34	1.99
guess	-2.34	3.55
right	-2.32	3.57
quite	-2.31	2.85
though	-2.31	2.87
continue	-2.30	1.72
violent	-2.29	1.96
arab	-2.28	1.56
fags	-2.28	1.79
scum	-2.27	2.04
feminists	-2.25	2.13
against	-2.25	2.16
many	-2.24	2.31
benefit	-2.23	1.98
complain	-2.23	2.17
cops	-2.22	2.12
much	-2.21	2.20
fact	-2.21	3.06
where	-2.21	3.51
target	-2.20	1.93
threw	-2.19	1.94
really	-2.18	2.90
working	-2.18	2.11
not	-2.17	3.01
agree	-2.17	3.49
thousands	-2.17	1.68
across	-2.16	2.07
still	-2.15	2.96
doesnt	-2.15	2.29
its	-2.15	2.27
worse	-2.14	2.65
sure	-2.12	3.43
caption	-2.12	2.13
saying	-2.11	3.58
jews	-2.11	2.08
like	-2.09	2.70
pretty	-2.09	2.75
definitely	-2.09	2.74
stereotype	-2.09	1.94
unhealthy	-2.08	2.03
kinda	-2.08	2.64
even	-2.08	2.86
doing	-2.07	3.43
roll	-2.06	2.08
hits	-2.06	1.88
going	-2.04	3.60
assume	-2.03	3.52
fine	-2.02	3.18
gay	-2.01	2.43
specifically	-2.01	2.07
talked	-2.00	2.36
ok	-2.00	3.28
cute	-1.99	2.54
muslims	-1.99	2.06
fake	-1.99	2.13
drivers	-1.97	1.92
but	-1.96	3.17
as	-1.96	2.61
eats	-1.95	1.81
supposed	-1.95	3.49
isnt	-1.95	1.67
so	-1.93	3.14
does	-1.91	2.55
well	-1.91	3.09
okay	-1.91	3.40
something	-1.90	2.78
mean	-1.89	3.04
helping	-1.88	1.90
speech	-1.88	1.85
also	-1.88	3.14
why	-1.88	2.98
work	-1.87	2.33
think	-1.87	3.10
what	-1.87	3.14
cares	-1.87	2.49
better	-1.86	2.34
make	-1.86	2.53
maybe	-1.86	3.07
re	-1.86	3.05
more	-1.85	2.21
hard	-1.85	2.31
hating	-1.85	2.20
george	-1.85	1.92
likely	-1.84	1.33
actually	-1.83	3.02
whites	-1.83	1.50
crimes	-1.83	1.41
now	-1.82	3.24
annoying	-1.82	1.76
just	-1.82	3.13
lot	-1.81	2.04
dont	-1.81	2.56
how	-1.80	2.94
which	-1.80	2.95
mexico	-1.80	2.11
exactly	-1.80	3.22
c'mon	-1.79	1.74
rolls	-1.79	2.00
know	-1.79	3.06
sees	-1.78	2.50
either	-1.78	2.99
fish	-1.78	1.80
types	-1.78	1.91
be	-1.78	3.00
do	-1.78	2.96
if	-1.77	3.03
they	-1.77	3.00
eh	-1.77	1.95
say	-1.77	3.03
d	-1.76	2.94
did	-1.76	2.94
would	-1.74	2.94
probably	-1.74	3.02
kick	-1.74	2.40
want	-1.72	2.92
tired	-1.72	2.27
arguing	-1.72	2.58
invented	-1.72	1.98
crime	-1.72	1.27
about	-1.71	2.59
weak	-1.71	2.37
subscribed	-1.71	3.34
retards	-1.70	2.09
no	-1.70	3.22
aww	-1.70	2.37
pissed	-1.69	2.18
can	-1.69	2.88
anything	-1.69	2.83
hell	-1.69	3.09
least	-1.68	2.88
dunno	-1.68	2.43
we	-1.68	2.96
should	-1.67	2.97
brazil	-1.66	2.40
realize	-1.66	3.04
happens	-1.66	2.68
see	-1.65	2.89
struggle	-1.65	2.04
yeah	-1.65	3.73
christians	-1.64	2.19
btw	-1.63	2.04
enough	-1.63	2.91
were	-1.63	2.38
sound	-1.63	2.69
happen	-1.62	2.91
care	-1.62	2.81
including	-1.62	2.81
total	-1.62	2.09
might	-1.61	2.89
plain	-1.61	1.92
could	-1.60	2.86
lies	-1.60	2.00
strange	-1.60	2.42
need	-1.59	2.90
books	-1.58	2.42
different	-1.58	2.76
only	-1.58	3.37
talking	-1.57	3.61
difficult	-1.57	2.43
piss	-1.56	2.09
wait	-1.55	3.15
matter	-1.54	2.67
people	-1.54	2.53
yea	-1.53	2.45
again	-1.53	2.97
then	-1.53	3.01
yes	-1.52	3.01
them	-1.52	2.67
arrow	-1.52	2.11
with	-1.51	3.00
bush	-1.51	2.45
ll	-1.50	2.81
believe	-1.50	2.92
racist	-1.50	1.86
trying	-1.50	2.82
on	-1.49	3.27
missing	-1.49	3.32
destroy	-1.49	2.29
wo	-1.49	2.70
way	-1.49	3.12
will	-1.49	2.89
loving	-1.49	1.90
m	-1.49	2.81
any	-1.49	2.73
joking	-1.48	3.31
he	-1.48	2.92
ca	-1.48	2.71
black	-1.47	1.75
explain	-1.47	2.57
very	-1.46	2.35
help	-1.46	2.58
paint	-1.46	2.05
anyway	-1.46	2.17
messed	-1.44	2.37
job	-1.43	2.00
event	-1.43	1.94
may	-1.42	3.07
apart	-1.41	2.09
here	-1.41	3.04
slow	-1.41	1.83
get	-1.39	2.82
point	-1.39	3.24
too	-1.39	2.63
when	-1.39	3.06
done	-1.38	4.11
white	-1.37	1.58
unsubscribe	-1.37	3.18
niggers	-1.36	2.16
let	-1.36	2.70
at	-1.36	2.67
pathetic	-1.36	2.23
able	-1.35	2.59
cancer	-1.35	2.09
who	-1.35	2.34
nothing	-1.34	2.52
understand	-1.34	3.02
look	-1.33	2.57
course	-1.33	2.99
far	-1.32	2.03
try	-1.32	2.56
anyone	-1.32	2.68
absolutely	-1.32	2.10
go	-1.32	2.73
unless	-1.31	3.29
anymore	-1.31	2.48
choices	-1.31	2.10
stuff	-1.31	2.16
scared	-1.31	2.68
gon	-1.30	2.78
me	-1.30	2.38
remotely	-1.29	1.77
explanation	-1.28	2.64
seems	-1.28	2.28
idea	-1.28	3.35
safe	-1.27	2.34
racism	-1.27	1.47
criminals	-1.26	1.44
someone	-1.25	2.42
such	-1.25	2.21
leaving	-1.24	0.96
fun	-1.24	1.88
disgusting	-1.24	2.59
kind	-1.22	2.37
obviously	-1.22	2.64
joke	-1.22	2.50
return	-1.20	2.08
wtf	-1.20	2.49
obama	-1.20	2.42
na	-1.19	2.76
purpose	-1.19	3.07
hope	-1.18	2.91
besides	-1.17	1.57
hear	-1.17	2.31
come	-1.16	2.62
being	-1.16	2.20
belong	-1.15	1.93
because	-1.15	3.02
responsible	-1.15	1.28
harder	-1.15	1.97
ruined	-1.14	1.87
wont	-1.14	2.10
streets	-1.14	1.15
personal	-1.14	2.14
skills	-1.14	2.04
fault	-1.13	1.98
coming	-1.13	2.61
president	-1.13	2.89
fair	-1.13	2.54
said	-1.13	3.27
willing	-1.13	2.88
by	-1.12	1.69
decisions	-1.12	1.74
same	-1.12	3.17
sorry	-1.11	3.80
she	-1.11	2.40
met	-1.11	3.91
silly	-1.10	2.13
reason	-1.09	3.16
seriously	-1.09	2.42
little	-1.09	1.82
wonder	-1.08	2.69
am	-1.08	2.49
men	-1.08	1.70
east	-1.08	1.19
ridiculous	-1.08	1.98
oppressed	-1.08	1.46
knowing	-1.08	2.68
have	-1.07	3.61
indians	-1.07	1.31
good	-1.07	2.51
arguments	-1.07	1.62
thought	-1.06	3.49
population	-1.06	1.34
majority	-1.06	1.62
examples	-1.06	1.69
assholes	-1.06	2.10
usual	-1.06	1.26
entire	-1.05	2.75
him	-1.05	2.49
one	-1.05	3.65
tell	-1.04	2.86
character	-1.03	2.01
idiot	-1.03	3.09
boring	-1.03	2.08
than	-1.02	1.86
poverty	-1.02	1.26
admit	-1.02	2.25
laugh	-1.02	2.22
usa	-1.01	1.29
out	-1.00	2.34
themselves	-1.00	1.87
africans	-1.00	1.26
check	-1.00	2.86
things	-0.99	2.79
clue	-0.99	2.77
americans	-0.98	1.29
feeling	-0.98	1.51
less	-0.97	1.67
whatever	-0.97	2.20
find	-0.97	2.66
opinions	-0.97	1.19
imagine	-0.96	1.95
religion	-0.96	1.44
equal	-0.96	1.41
muslim	-0.95	1.24
rate	-0.94	1.48
was	-0.94	3.39
children	-0.94	1.22
some	-0.94	2.57
differently	-0.94	1.82
weird	-0.93	2.88
comfortable	-0.93	1.67
impossible	-0.93	1.89
making	-0.92	2.00
made	-0.92	2.24
hit	-0.91	1.96
multiple	-0.91	1.56
genuinely	-0.91	1.92
man	-0.91	2.86
numbers	-0.91	1.43
name	-0.91	3.34
conversation	-0.90	1.79
blow	-0.90	1.70
countries	-0.90	1.46
dead	-0.90	1.83
pizza	-0.90	2.22
fat	-0.90	1.45
understood	-0.90	2.73
up	-0.90	2.45
take	-0.89	2.51
anybody	-0.89	1.92
based	-0.89	1.38
keep	-0.89	2.13
reasons	-0.88	1.52
million	-0.88	1.42
stated	-0.88	2.03
else	-0.88	2.57
easier	-0.87	1.93
goal	-0.87	2.10
incredibly	-0.87	1.66
faggots	-0.87	1.30
tried	-0.87	2.37
hell-worthy	-0.87	2.00
allow	-0.87	1.34
curvy	-0.87	1.40
free	-0.87	1.41
equality	-0.86	1.50
always	-0.86	3.78
kids	-0.86	1.54
rich	-0.86	1.32
fairly	-0.86	1.68
aware	-0.86	2.41
stupid	-0.86	2.15
percentage	-0.86	1.43
attractive	-0.85	1.39
israel	-0.85	1.40
cheaper	-0.85	1.62
tend	-0.85	1.63
around	-0.84	1.79
back	-0.84	2.44
happened	-0.84	3.39
beauty	-0.84	1.47
racial	-0.84	1.46
wanted	-0.84	2.75
shows	-0.83	2.30
kkk	-0.83	1.21
almost	-0.83	1.97
conditions	-0.83	1.33
women	-0.83	1.70
ugly	-0.83	1.53
shes	-0.83	1.63
person	-0.82	2.51
acts	-0.82	1.25
cry	-0.82	1.42
fighting	-0.82	1.36
natural	-0.82	1.77
stopped	-0.82	1.85
others	-0.82	1.98
ashamed	-0.82	1.94
already	-0.82	3.70
christian	-0.82	1.33
physically	-0.81	1.40
guilty	-0.81	1.74
myself	-0.80	2.09
argument	-0.80	1.84
attempt	-0.80	1.46
suicide	-0.80	1.30
identify	-0.80	1.76
fight	-0.80	1.46
sick	-0.79	2.21
bother	-0.79	1.95
folks	-0.79	1.65
defend	-0.79	1.61
getting	-0.79	2.41
ignorance	-0.78	1.59
apply	-0.78	1.59
anywhere	-0.78	2.11
internet	-0.78	1.75
violence	-0.78	1.44
bitching	-0.78	1.68
guy	-0.78	2.64
worry	-0.78	2.33
frankly	-0.78	1.52
art	-0.78	1.65
rates	-0.78	1.38
woman	-0.77	2.10
overall	-0.77	1.16
nobody	-0.77	2.25
rights	-0.77	1.49
plenty	-0.77	1.59
yet	-0.76	3.53
uh	-0.76	2.93
often	-0.76	1.54
patriarchy	-0.76	1.41
concept	-0.76	1.37
cant	-0.75	2.07
yourself	-0.75	2.09
harm	-0.75	1.37
super	-0.75	1.72
till	-0.75	1.82
al	-0.75	1.28
feminism	-0.74	1.64
other	-0.74	2.09
killed	-0.74	1.84
inside	-0.74	1.44
while	-0.73	2.37
clearly	-0.73	2.81
allowed	-0.73	2.20
long	-0.73	2.99
causes	-0.73	1.33
honest	-0.73	3.38
atheists	-0.73	1.25
seemed	-0.73	1.86
im	-0.73	2.07
fingers	-0.72	1.24
west	-0.72	1.27
usually	-0.72	1.73
sense	-0.71	1.94
change	-0.71	2.47
personality	-0.71	1.39
laws	-0.71	1.51
asian	-0.71	1.45
shitlord	-0.71	1.48
somehow	-0.71	1.25
count	-0.71	1.73
youre	-0.71	1.65
born	-0.71	1.42
individuals	-0.71	1.31
all	-0.70	1.98
korea	-0.70	1.44
possibly	-0.70	3.52
place	-0.70	3.45
fucked	-0.70	3.44
affect	-0.70	1.74
stretch	-0.69	1.61
standing	-0.69	1.45
exists	-0.69	1.66
away	-0.69	1.70
attracted	-0.69	1.43
shot	-0.69	1.73
laughing	-0.69	1.87
opinion	-0.69	1.50
money	-0.68	1.56
areas	-0.68	1.29
satire	-0.68	1.77
deaf	-0.68	1.57
mass	-0.68	1.14
got	-0.67	2.79
lose	-0.67	1.60
advantage	-0.67	1.42
basically	-0.67	1.90
indian	-0.67	1.12
certainly	-0.67	1.41
larger	-0.67	1.42
necessarily	-0.67	1.58
idiots	-0.66	1.63
police	-0.66	1.53
quickly	-0.66	1.64
asking	-0.66	2.79
gun	-0.66	1.54
russia	-0.66	1.34
us	-0.66	1.96
western	-0.65	1.56
number	-0.65	1.56
male	-0.65	1.46
europe	-0.65	1.36
holes	-0.65	1.37
argue	-0.65	2.23
kid	-0.65	2.34
start	-0.65	1.88
office	-0.65	1.36
dressed	-0.64	1.56
means	-0.64	3.04
both	-0.64	1.93
neither	-0.64	1.72
goes	-0.64	1.68
situations	-0.64	1.39
north	-0.64	1.26
america	-0.64	1.35
logic	-0.64	1.42
worthy	-0.63	1.99
hitting	-0.63	1.63
slightly	-0.63	1.62
felt	-0.63	1.91
bud	-0.63	2.66
everyone	-0.63	3.49
society	-0.63	1.47
survive	-0.62	1.73
pigs	-0.62	1.27
following	-0.62	1.38
lazy	-0.62	1.52
powerful	-0.61	1.63
perspective	-0.61	1.98
feminist	-0.61	1.49
once	-0.61	3.22
unfortunately	-0.61	1.46
obese	-0.60	1.34
side	-0.60	1.84
ive	-0.60	3.90
sub	-0.60	2.31
bunch	-0.60	1.53
hey	-0.60	3.16
assuming	-0.60	2.15
convince	-0.60	1.97
down	-0.59	2.06
lie	-0.59	1.68
drunk	-0.59	1.72
dae	-0.59	2.20
problem	-0.59	2.83
bullying	-0.59	1.29
obesity	-0.59	1.38
flag	-0.59	1.43
neighborhood	-0.58	1.41
homeless	-0.58	1.55
defending	-0.58	1.52
criminal	-0.58	1.34
asshole	-0.58	1.96
ones	-0.58	1.93
onto	-0.58	1.36
left	-0.58	2.32
shoot	-0.58	1.92
specific	-0.57	1.42
whales	-0.57	1.39
sexual	-0.57	1.43
arrested	-0.57	1.52
or	-0.57	2.74
crash	-0.57	1.34
cop	-0.57	1.65
justify	-0.57	1.41
human	-0.57	1.45
had	-0.57	3.92
government	-0.57	1.41
officers	-0.56	1.50
scream	-0.56	1.36
came	-0.56	2.53
stop	-0.56	2.01
ready	-0.55	1.89
culture	-0.55	1.46
southern	-0.55	1.43
illegal	-0.55	1.71
race	-0.55	1.81
industry	-0.55	1.41
girl	-0.55	1.98
law	-0.55	1.59
outside	-0.55	1.52
wonderful	-0.55	2.05
cross	-0.54	1.53
sex	-0.54	1.69
officer	-0.54	1.58
kitchen	-0.54	1.80
happening	-0.54	2.75
material	-0.54	1.60
proud	-0.54	2.40
sexually	-0.54	1.49
pay	-0.54	1.74
knock	-0.54	1.76
whether	-0.53	1.65
war	-0.53	1.51
females	-0.53	1.46
gender	-0.53	1.49
plan	-0.53	1.38
hispanic	-0.53	1.59
soon	-0.53	2.47
longer	-0.53	1.97
never	-0.53	4.00
hilarious	-0.53	2.71
easy	-0.53	2.39
expect	-0.53	2.53
faith	-0.53	1.29
sports	-0.52	2.11
jewish	-0.52	1.47
moral	-0.52	1.46
starting	-0.52	1.82
case	-0.52	2.26
islam	-0.52	1.23
mind	-0.51	2.40
cultural	-0.51	1.33
must	-0.51	2.75
corner	-0.51	1.86
50	-0.51	1.58
laughed	-0.51	2.26
applies	-0.51	1.91
child	-0.51	1.44
active	-0.50	1.91
each	-0.50	1.90
recognize	-0.50	1.98
protect	-0.50	1.59
kill	-0.50	2.12
until	-0.50	2.83
wondering	-0.50	2.90
faster	-0.50	1.61
monkey	-0.50	1.27
threat	-0.50	1.15
middle	-0.50	1.37
asia	-0.50	1.26
several	-0.50	2.53
beat	-0.49	1.93
yelling	-0.49	1.75
female	-0.49	1.53
nearly	-0.49	1.41
truth	-0.49	1.63
mirror	-0.49	1.41
hes	-0.49	1.57
lame	-0.49	1.78
works	-0.48	2.39
whiny	-0.48	1.55
murder	-0.48	1.55
offended	-0.48	2.42
africa	-0.48	1.36
leave	-0.48	2.23
ill	-0.48	1.75
races	-0.48	1.57
line	-0.48	2.60
those	-0.48	1.89
teach	-0.48	1.63
instance	-0.48	1.69
played	-0.48	2.06
told	-0.48	2.71
acting	-0.47	1.62
ways	-0.47	1.66
lock	-0.47	1.36
drugs	-0.47	1.48
mentally	-0.47	1.54
city	-0.47	1.40
bullshit	-0.47	1.98
trained	-0.47	1.61
gotten	-0.47	3.26
blame	-0.47	1.79
older	-0.47	1.73
locked	-0.47	1.53
brilliant	-0.47	1.47
certain	-0.46	1.45
alcohol	-0.46	1.24
round	-0.46	1.47
rude	-0.46	1.64
reach	-0.46	1.56
labor	-0.46	1.58
r/imgoingtohellforthis	-0.46	2.32
story	-0.46	2.66
views	-0.46	1.28
under	-0.46	1.40
living	-0.46	1.44
possible	-0.46	1.79
straight	-0.46	1.96
welfare	-0.45	1.36
prove	-0.45	2.02
um	-0.45	1.82
represent	-0.45	1.68
process	-0.45	1.36
somewhat	-0.45	1.61
suddenly	-0.45	1.58
trigger	-0.45	1.39
thin	-0.45	1.39
jew	-0.45	1.39
fired	-0.45	1.46
fuck	-0.45	2.81
meet	-0.45	1.87
complaining	-0.45	1.59
cheap	-0.45	1.20
robbed	-0.45	1.72
canada	-0.44	1.43
imgoingtohellforthis	-0.44	1.62
receive	-0.44	1.44
separate	-0.44	1.51
unable	-0.44	1.86
favor	-0.44	1.28
irrelevant	-0.43	1.85
korean	-0.43	1.59
relationship	-0.43	1.43
two	-0.43	2.07
parents	-0.43	1.54
germans	-0.43	1.45
texas	-0.43	1.38
groups	-0.43	1.60
student	-0.43	1.45
overweight	-0.43	1.42
popular	-0.43	2.18
minority	-0.43	1.38
belief	-0.43	1.52
near	-0.43	1.49
factor	-0.43	1.64
build	-0.43	1.36
attacks	-0.43	1.36
profit	-0.42	1.48
eventually	-0.42	1.85
u.s	-0.42	1.49
shape	-0.42	1.60
treatment	-0.42	1.39
over	-0.42	1.95
states	-0.42	1.52
hundreds	-0.42	1.67
topic	-0.41	1.48
exist	-0.41	2.03
jobs	-0.41	1.31
vast	-0.41	1.50
fit	-0.41	1.87
humans	-0.41	1.48
extremely	-0.41	1.83
lines	-0.41	1.45
interesting	-0.41	1.75
notice	-0.41	2.08
actions	-0.41	1.53
germany	-0.41	1.51
boner	-0.40	1.48
box	-0.40	1.44
refuse	-0.40	1.62
males	-0.40	1.60
lesson	-0.40	1.45
liberals	-0.40	1.29
raped	-0.40	1.73
everything	-0.40	2.10
gym	-0.40	1.96
talk	-0.39	2.50
pretend	-0.39	2.16
beliefs	-0.39	1.45
move	-0.39	2.05
wage	-0.39	1.40
close	-0.39	1.77
property	-0.39	1.24
opposed	-0.39	1.38
african	-0.39	1.41
nazis	-0.39	1.40
group	-0.39	1.49
moved	-0.39	1.94
privilege	-0.39	1.64
part	-0.39	4.50
legal	-0.38	1.51
asses	-0.38	1.50
selling	-0.38	1.57
went	-0.38	2.21
oppression	-0.38	1.63
ton	-0.38	1.40
sold	-0.38	1.41
capable	-0.38	1.73
walk	-0.38	1.90
automatically	-0.38	1.46
proven	-0.37	1.78
dedicated	-0.37	1.97
wouldnt	-0.37	1.76
families	-0.37	1.31
damned	-0.37	2.24
porn	-0.37	2.20
chick	-0.37	1.73
since	-0.37	3.85
walked	-0.37	1.58
dumbass	-0.37	1.99
hand	-0.37	2.06
focus	-0.37	1.68
cunts	-0.37	1.51
em	-0.37	1.77
genetic	-0.36	1.59
holocaust	-0.36	1.51
main	-0.36	1.58
most	-0.36	4.32
own	-0.36	1.76
excuse	-0.36	1.60
subreddit	-0.36	2.00
closer	-0.36	1.65
tries	-0.36	1.82
rare	-0.36	1.68
enter	-0.36	1.28
asked	-0.36	2.45
hundred	-0.35	1.72
off	-0.35	1.90
church	-0.35	1.45
barely	-0.35	1.88
changing	-0.35	1.48
has	-0.35	3.38
slowly	-0.35	1.55
worth	-0.35	1.95
afford	-0.35	1.82
turned	-0.35	1.45
paying	-0.35	1.69
sometimes	-0.35	1.73
photoshopped	-0.35	1.73
act	-0.35	1.71
victims	-0.35	1.50
alright	-0.35	2.21
wan	-0.35	2.14
upper	-0.35	1.78
street	-0.35	1.46
parking	-0.35	1.60
eaten	-0.34	1.34
claiming	-0.34	1.85
knows	-0.34	3.43
letting	-0.34	1.61
swim	-0.34	1.51
drive	-0.34	1.45
into	-0.34	1.69
ignorant	-0.34	1.60
pussies	-0.34	1.43
pig	-0.34	1.28
pain	-0.34	1.60
literally	-0.33	2.12
oil	-0.33	1.53
ask	-0.33	2.77
flight	-0.33	1.68
land	-0.33	1.76
lost	-0.33	2.03
names	-0.33	2.04
gets	-0.33	2.12
whale	-0.32	1.41
train	-0.32	1.66
logo	-0.32	1.54
marry	-0.32	1.29
elliot	-0.32	1.25
dealing	-0.32	1.66
european	-0.32	1.36
subject	-0.32	1.74
buying	-0.32	1.34
legit	-0.32	1.98
common	-0.32	1.58
100	-0.32	1.82
species	-0.32	1.62
south	-0.31	1.37
terrorist	-0.31	1.28
follow	-0.31	1.45
scary	-0.31	2.46
pretending	-0.31	1.85
starts	-0.31	1.46
dumb	-0.31	1.94
seriousness	-0.31	1.83
everybody	-0.31	3.09
map	-0.31	1.46
beyond	-0.31	1.66
faces	-0.31	1.38
guns	-0.31	1.52
consent	-0.31	1.72
dogs	-0.30	1.08
girls	-0.30	1.65
throw	-0.30	1.64
cost	-0.30	1.60
minds	-0.30	1.31
context	-0.30	2.04
herself	-0.30	1.73
doors	-0.30	1.43
aids	-0.30	1.40
body	-0.30	1.44
iraq	-0.30	1.38
valid	-0.30	1.70
dollars	-0.30	1.47
simple	-0.30	1.69
guilt	-0.30	1.17
bring	-0.30	1.99
practice	-0.30	1.47
rapist	-0.29	1.43
quick	-0.29	1.51
regardless	-0.29	1.57
music	-0.29	2.22
technology	-0.29	1.49
necessary	-0.29	1.62
heart	-0.29	1.36
counter	-0.29	1.51
armed	-0.29	1.45
totally	-0.29	2.63
republican	-0.29	1.60
arent	-0.29	1.53
immediately	-0.29	1.71
picking	-0.29	1.61
four	-0.29	1.87
caused	-0.29	1.34
pass	-0.28	1.67
written	-0.28	1.61
syndrome	-0.28	1.65
murica	-0.28	1.72
turn	-0.28	1.86
source	-0.28	2.35
90	-0.28	1.59
bill	-0.28	1.18
somebody	-0.28	1.88
taught	-0.28	1.60
condition	-0.28	1.55
learned	-0.28	1.63
civil	-0.28	1.45
opportunity	-0.28	1.54
q	-0.28	1.83
arm	-0.28	2.01
ahead	-0.27	1.68
require	-0.27	1.48
step	-0.27	1.64
sandwiches	-0.27	1.22
fool	-0.27	1.64
taxes	-0.27	1.61
slaves	-0.27	1.45
expecting	-0.27	1.75
bottom	-0.27	2.04
period	-0.27	1.71
heat	-0.27	1.75
user	-0.27	2.10
room	-0.27	1.62
rather	-0.26	1.85
value	-0.26	1.34
benefits	-0.26	1.37
along	-0.26	1.63
ground	-0.26	1.51
technically	-0.26	1.82
deserve	-0.26	1.86
lately	-0.26	2.41
driver	-0.26	1.46
abortions	-0.26	1.69
generally	-0.26	1.54
quit	-0.26	1.58
nature	-0.26	1.33
puts	-0.26	1.59
town	-0.26	1.98
everywhere	-0.26	1.51
trash	-0.25	1.53
sit	-0.25	1.88
kinds	-0.25	1.70
been	-0.25	3.57
peace	-0.25	1.11
breath	-0.25	1.49
potato	-0.25	1.82
security	-0.25	1.45
submission	-0.25	2.81
subs	-0.25	2.07
plane	-0.25	1.46
ever	-0.25	4.79
passed	-0.25	1.69
give	-0.25	2.45
genetics	-0.25	1.61
profile	-0.25	1.53
clothing	-0.25	1.55
completely	-0.25	2.19
through	-0.25	1.65
chance	-0.25	1.90
says	-0.25	2.28
responsibility	-0.25	1.49
impressive	-0.25	1.93
trolling	-0.24	1.79
interest	-0.24	1.25
3	-0.24	1.80
color	-0.24	1.58
moving	-0.24	1.67
cats	-0.24	1.29
kicked	-0.24	1.40
looks	-0.24	2.42
schools	-0.24	1.50
1000	-0.24	1.53
explained	-0.24	1.98
ferguson	-0.24	1.55
arms	-0.24	1.83
decide	-0.24	1.79
bar	-0.24	1.55
died	-0.24	1.36
guys	-0.24	2.24
sun	-0.24	1.57
before	-0.24	3.72
page	-0.23	2.07
teachers	-0.23	1.58
funeral	-0.23	1.53
terrorists	-0.23	1.50
issues	-0.23	1.73
become	-0.23	1.37
bitches	-0.23	1.62
spit	-0.23	1.42
ten	-0.23	1.83
china	-0.23	1.46
mad	-0.23	2.05
animals	-0.23	1.50
auschwitz	-0.23	1.44
genocide	-0.23	1.43
isis	-0.23	1.46
vs	-0.23	1.40
our	-0.22	2.11
dirt	-0.22	1.69
voting	-0.22	1.68
behavior	-0.22	1.47
amount	-0.22	1.49
somewhere	-0.22	1.88
sigh	-0.22	1.47
bags	-0.22	1.28
united	-0.22	1.48
forces	-0.22	1.38
bitch	-0.22	1.79
flying	-0.22	1.46
took	-0.22	2.37
needs	-0.22	2.32
claim	-0.22	1.74
wipe	-0.22	1.47
killing	-0.22	1.53
idk	-0.22	1.76
anne	-0.22	1.45
entirely	-0.21	1.81
marriage	-0.21	1.60
scale	-0.21	1.55
mods	-0.21	1.42
lying	-0.21	1.74
suspect	-0.21	1.74
constantly	-0.21	1.57
classes	-0.21	1.44
catholic	-0.21	1.63
worthless	-0.21	1.44
dropped	-0.21	1.48
itself	-0.21	1.77
feed	-0.21	1.12
face	-0.21	1.94
spread	-0.20	1.39
rapes	-0.20	1.45
important	-0.20	1.99
example	-0.20	1.72
physical	-0.20	1.46
chinese	-0.20	1.32
attacked	-0.20	1.50
cunt	-0.20	1.68
taste	-0.20	1.25
naked	-0.20	1.45
boyfriend	-0.20	1.73
heads	-0.20	1.34
tattoo	-0.20	1.84
checked	-0.20	1.77
found	-0.20	2.72
parties	-0.20	1.53
uk	-0.20	1.22
driving	-0.20	1.25
lets	-0.19	1.96
paper	-0.19	1.35
hang	-0.19	1.64
disease	-0.19	1.47
atheist	-0.19	1.44
victim	-0.19	1.33
detroit	-0.19	1.61
lead	-0.19	1.14
charged	-0.19	1.58
forget	-0.19	2.09
secret	-0.19	1.32
data	-0.19	1.42
front	-0.19	1.94
rap	-0.18	1.29
doubt	-0.18	2.00
religious	-0.18	1.37
pointed	-0.18	1.96
irish	-0.18	1.54
easily	-0.18	1.86
questions	-0.18	1.68
tax	-0.18	1.50
live	-0.18	1.84
ball	-0.18	1.35
pulled	-0.18	1.80
appear	-0.17	1.22
time	-0.17	3.65
proof	-0.17	1.72
ignore	-0.17	1.64
bullets	-0.17	1.49
crying	-0.17	1.50
treat	-0.17	1.48
stupidity	-0.17	1.48
their	-0.17	1.50
users	-0.17	1.67
rape	-0.17	1.64
niggas	-0.17	1.50
ve	-0.17	4.78
school	-0.17	1.74
paid	-0.17	1.47
knew	-0.17	3.09
bank	-0.17	1.44
thoughts	-0.17	1.84
clever	-0.17	1.91
decision	-0.16	1.57
owner	-0.16	1.44
cell	-0.16	1.49
particularly	-0.16	1.43
forced	-0.16	1.62
pull	-0.16	1.62
letters	-0.16	1.61
steal	-0.16	1.56
st	-0.16	1.29
adults	-0.16	1.57
99	-0.16	1.38
awareness	-0.16	1.52
damage	-0.16	1.81
tumblr	-0.16	1.43
innocent	-0.16	1.41
raise	-0.16	1.58
equally	-0.15	1.47
granted	-0.15	1.56
boom	-0.15	1.56
from	-0.15	2.10
showed	-0.15	1.57
graduated	-0.15	1.53
score	-0.15	1.60
door	-0.15	1.64
beaten	-0.15	1.75
resources	-0.15	1.59
shit	-0.15	2.77
dance	-0.15	1.59
imo	-0.15	1.58
native	-0.14	1.17
theory	-0.14	1.82
bite	-0.14	1.51
card	-0.14	1.48
respond	-0.14	1.77
effort	-0.14	1.32
floor	-0.14	1.54
normal	-0.14	1.76
greater	-0.14	1.50
background	-0.14	1.51
thousand	-0.14	1.74
save	-0.14	1.58
reported	-0.14	1.51
iirc	-0.14	1.21
bell	-0.14	1.16
telling	-0.14	2.70
giving	-0.14	2.12
press	-0.14	1.53
road	-0.14	1.39
treated	-0.14	1.57
censor	-0.14	2.17
hiv	-0.14	1.50
drop	-0.14	1.46
monkeys	-0.14	1.30
posts	-0.14	1.88
social	-0.14	1.41
high	-0.14	1.71
few	-0.13	2.02
complex	-0.13	1.54
ta	-0.13	2.19
various	-0.13	1.51
suggest	-0.13	1.79
window	-0.13	1.52
murdered	-0.13	1.57
donate	-0.13	1.68
limited	-0.13	1.50
business	-0.13	1.77
fucks	-0.13	1.49
figure	-0.13	1.82
ancestors	-0.13	1.25
ghetto	-0.13	1.49
offend	-0.13	2.03
beating	-0.13	1.64
cause	-0.13	2.46
filthy	-0.13	1.42
miles	-0.13	1.60
runs	-0.13	1.28
machine	-0.13	1.80
ability	-0.13	1.63
remove	-0.13	1.37
considering	-0.12	1.96
viii	-0.12	2.12
pedophile	-0.12	1.66
clicked	-0.12	2.25
further	-0.12	1.53
humanity	-0.12	1.34
exercise	-0.12	1.39
obvious	-0.12	1.87
r/wtf	-0.12	1.85
4	-0.12	1.77
r	-0.12	1.59
pregnant	-0.12	1.79
cure	-0.12	1.42
baby	-0.12	1.60
characters	-0.12	1.28
pressure	-0.12	1.54
attack	-0.12	1.37
moron	-0.12	1.94
voice	-0.11	1.18
twat	-0.11	1.66
300	-0.11	1.76
nazi	-0.11	1.53
sadly	-0.11	1.74
weight	-0.11	1.40
higher	-0.11	1.41
state	-0.11	1.58
open	-0.11	1.32
leg	-0.11	1.80
learning	-0.11	1.87
handle	-0.11	1.66
standard	-0.11	1.53
ebola	-0.11	1.39
lots	-0.11	1.52
legally	-0.11	1.59
punched	-0.11	1.58
block	-0.11	1.90
among	-0.11	1.66
anytime	-0.11	1.57
won	-0.11	1.49
belongs	-0.11	1.90
system	-0.11	1.57
breed	-0.10	1.42
etc	-0.10	1.47
thats	-0.10	2.82
titties	-0.10	1.67
question	-0.10	2.77
burn	-0.10	1.66
brought	-0.10	1.77
9/11	-0.10	1.51
parent	-0.10	1.53
statement	-0.10	1.97
cheating	-0.10	1.82
butter	-0.10	1.19
personally	-0.10	2.90
dollar	-0.10	1.40
screw	-0.10	1.59
keeping	-0.10	1.78
changes	-0.10	1.30
walking	-0.09	1.54
issue	-0.09	1.96
moon	-0.09	1.51
model	-0.09	1.22
area	-0.09	1.62
15	-0.09	1.57
without	-0.09	1.86
order	-0.09	1.51
causing	-0.09	1.74
gone	-0.09	2.80
members	-0.09	1.60
hiding	-0.09	1.54
ladies	-0.09	1.30
diabetes	-0.08	1.42
red	-0.08	1.42
contact	-0.08	1.63
push	-0.08	1.85
stand	-0.08	1.89
japan	-0.08	1.31
existence	-0.08	1.77
yellow	-0.08	1.44
choice	-0.08	1.49
test	-0.08	1.52
range	-0.08	1.64
run	-0.08	1.80
private	-0.08	1.45
bullet	-0.08	1.50
dare	-0.08	1.53
stealing	-0.08	1.44
standards	-0.08	1.49
broken	-0.07	1.61
elsewhere	-0.07	1.70
sjw	-0.07	1.42
skinny	-0.07	1.53
sell	-0.07	1.59
putting	-0.07	1.64
cruel	-0.07	2.47
modern	-0.07	1.47
previous	-0.07	1.76
three	-0.07	1.90
fathers	-0.07	1.59
shopped	-0.07	1.73
doctor	-0.07	1.41
australia	-0.07	1.35
younger	-0.07	1.68
home	-0.07	2.20
sarcasm	-0.07	2.09
mention	-0.07	1.73
spend	-0.07	1.83
usernames	-0.07	2.14
health	-0.07	1.25
closed	-0.07	1.48
non	-0.06	1.52
experience	-0.06	1.56
lesbian	-0.06	1.51
5	-0.06	1.75
join	-0.06	1.71
6	-0.06	1.71
10	-0.06	1.75
douche	-0.06	1.33
tongue	-0.06	1.86
redditors	-0.06	1.44
rid	-0.06	1.54
chances	-0.06	1.56
stay	-0.06	1.91
banned	-0.06	2.08
thinking	-0.06	3.63
mess	-0.06	1.83
rule	-0.06	1.98
broke	-0.06	1.67
thug	-0.06	1.42
snap	-0.05	1.38
r/funny	-0.05	2.03
companies	-0.05	1.42
default	-0.05	1.79
charity	-0.05	1.58
price	-0.05	1.72
yep	-0.05	1.78
costs	-0.05	1.48
wins	-0.05	1.45
evidence	-0.05	1.85
clean	-0.05	1.37
bible	-0.05	1.54
healthy	-0.05	1.38
simply	-0.05	1.99
millions	-0.05	1.26
muscle	-0.05	1.23
teacher	-0.05	1.74
16	-0.05	1.62
figured	-0.05	1.69
drug	-0.05	1.26
country	-0.05	2.42
r/atheism	-0.04	1.69
titles	-0.04	2.15
apparently	-0.04	2.39
single	-0.04	2.04
five	-0.04	1.62
autism	-0.04	1.58
implying	-0.04	1.69
2	-0.04	1.86
knowledge	-0.04	1.38
louis	-0.04	1.41
judge	-0.04	1.73
income	-0.04	1.60
couple	-0.04	2.07
store	-0.04	1.50
wild	-0.03	1.40
dating	-0.03	1.55
9	-0.03	1.69
eastern	-0.03	1.42
sluts	-0.03	1.32
hitler	-0.03	1.55
deep	-0.03	1.18
built	-0.03	1.39
30	-0.03	1.75
content	-0.03	1.81
igthft	-0.03	1.64
17	-0.03	1.77
dog	-0.03	1.25
fall	-0.03	1.51
arrest	-0.03	1.32
periods	-0.03	2.05
alive	-0.03	1.94
luck	-0.03	1.61
statistics	-0.03	1.71
otherwise	-0.02	1.98
20	-0.02	1.78
times	-0.02	1.99
serious	-0.02	2.46
beach	-0.02	1.60
planet	-0.02	2.33
bathroom	-0.02	1.52
loud	-0.02	1.74
effective	-0.02	1.49
developed	-0.02	1.81
useful	-0.02	1.51
lives	-0.02	1.41
pounds	-0.02	1.58
exact	-0.02	2.22
caught	-0.02	1.59
ticket	-0.02	1.57
mexican	-0.02	1.68
rock	-0.02	1.32
history	-0.02	1.73
heaven	-0.02	1.68
12	-0.02	1.74
gross	-0.02	2.92
held	-0.02	1.67
slavery	-0.02	1.52
oven	-0.02	1.41
tears	-0.01	1.71
13	-0.01	1.73
refer	-0.01	1.39
himself	-0.01	1.80
defense	-0.01	1.60
india	-0.01	1.29
twice	-0.01	2.09
prevent	-0.01	1.61
safety	-0.01	1.51
events	-0.01	1.75
blood	-0.01	1.38
basic	-0.01	1.50
irony	-0.01	1.36
reasonable	-0.01	1.63
weapon	-0.01	1.50
ex	-0.01	1.71
accept	-0.01	1.92
average	-0.01	1.47
olds	-0.00	1.65
fly	-0.00	1.58
workers	-0.00	1.51
tons	-0.00	1.56
old	-0.00	1.77
burned	-0.00	1.44
community	0.00	1.71
logical	0.00	1.66
planes	0.00	1.46
paul	0.00	1.12
claims	0.00	1.52
negative	0.00	1.62
having	0.00	1.60
hour	0.00	1.93
whore	0.00	1.60
laid	0.00	1.73
acceptance	0.00	1.35
sitting	0.00	1.86
media	0.00	1.57
escape	0.00	1.70
attention	0.00	1.54
food	0.01	1.07
six	0.01	1.68
product	0.01	1.63
calm	0.01	1.87
during	0.01	1.77
put	0.01	2.00
therefore	0.01	1.48
id	0.01	1.63
protest	0.01	1.56
problems	0.01	1.72
photo	0.01	1.67
carrying	0.01	1.62
and/or	0.01	1.32
throwing	0.01	1.63
understanding	0.01	1.58
hurts	0.01	1.29
fap	0.02	1.57
age	0.02	1.65
house	0.02	1.62
liberal	0.02	1.56
christmas	0.02	1.18
result	0.02	1.49
florida	0.02	1.56
brain	0.02	1.55
brothers	0.02	1.35
current	0.02	1.62
y	0.02	1.63
gain	0.02	1.40
r/cringepics	0.02	1.61
damnit	0.02	1.53
ms	0.02	1.30
support	0.02	1.77
skin	0.02	1.41
edge	0.03	1.52
alone	0.03	1.89
nah	0.03	2.29
record	0.03	1.39
7	0.03	1.63
owned	0.03	1.43
confirm	0.03	1.74
nsfw	0.03	1.83
fast	0.03	1.38
together	0.03	1.75
rules	0.03	1.78
listen	0.04	1.55
ocean	0.04	1.57
18	0.04	1.63
search	0.04	2.09
jack	0.04	1.40
power	0.04	1.90
dies	0.04	1.40
please	0.04	2.29
added	0.04	1.67
girlfriend	0.04	1.89
risk	0.04	1.60
rob	0.04	1.54
abuse	0.04	1.45
consequences	0.04	1.60
days	0.04	2.21
shots	0.04	1.51
matters	0.04	1.86
gas	0.04	1.33
tape	0.04	1.42
picked	0.04	2.00
nation	0.04	1.72
within	0.04	1.78
cities	0.04	1.59
effects	0.04	1.62
trouble	0.04	1.70
shirt	0.04	1.46
assault	0.05	1.69
spoken	0.05	1.59
intelligent	0.05	1.51
bus	0.05	1.54
finding	0.05	1.45
hurt	0.05	1.71
40	0.05	1.63
apple	0.05	1.50
zero	0.05	1.49
reddit	0.05	2.11
burning	0.05	1.44
perhaps	0.05	1.73
plastic	0.05	1.44
stereotypes	0.05	1.51
odd	0.05	1.50
jump	0.05	1.82
role	0.05	1.13
generation	0.05	1.39
head	0.05	1.74
company	0.05	1.39
pink	0.05	1.62
existed	0.06	3.05
unfunny	0.06	1.75
boobs	0.06	1.35
commenting	0.06	1.93
consider	0.06	1.77
sources	0.06	1.74
half	0.06	1.89
camps	0.06	1.57
o	0.06	1.68
trip	0.06	1.56
decided	0.06	2.07
die	0.06	1.47
weapons	0.06	1.50
instantly	0.06	1.68
8	0.06	1.69
seconds	0.06	2.05
week	0.06	2.43
realized	0.06	2.81
clothes	0.06	1.44
breaking	0.06	1.63
14	0.06	1.70
ago	0.06	2.30
self	0.06	1.49
chris	0.07	1.66
buildings	0.07	1.40
report	0.07	1.88
tyrone	0.07	1.41
looked	0.07	2.32
cards	0.07	1.35
belly	0.07	1.61
invade	0.07	2.04
sand	0.07	1.18
parts	0.07	1.57
cringe	0.07	1.69
soldiers	0.07	1.52
year	0.07	1.82
shirts	0.07	1.61
theres	0.07	1.70
punch	0.07	1.52
suffer	0.07	1.46
married	0.07	1.73
hire	0.07	1.75
helped	0.07	1.55
typical	0.07	1.43
deserved	0.07	1.81
type	0.07	1.65
ring	0.08	1.29
fix	0.08	2.05
mostly	0.08	1.38
voted	0.08	2.33
mr	0.08	1.62
hold	0.08	1.84
captain	0.08	1.46
accident	0.08	1.59
service	0.08	1.46
bomb	0.08	1.46
invasion	0.08	2.10
top	0.08	2.42
pic	0.08	1.96
response	0.08	1.85
depends	0.08	1.57
started	0.08	1.82
chin	0.08	1.64
via	0.08	1.68
movement	0.08	1.56
aborted	0.08	1.48
extra	0.08	1.41
debate	0.08	1.60
base	0.09	1.57
e	0.09	1.81
pointing	0.09	1.64
starving	0.09	1.15
rage	0.09	1.61
involved	0.09	1.40
finish	0.09	1.67
pound	0.09	1.72
club	0.09	1.62
coffee	0.09	1.46
learn	0.09	1.85
jokes	0.09	1.88
minutes	0.09	2.10
directly	0.09	1.48
cases	0.09	1.73
individual	0.09	1.47
every	0.09	2.99
slut	0.10	1.60
breaks	0.10	1.56
aka	0.10	1.32
empty	0.10	1.32
her	0.10	2.02
1	0.10	1.62
iron	0.10	1.64
opposite	0.10	1.88
break	0.10	1.77
death	0.10	1.59
grew	0.10	1.74
hardly	0.10	1.62
lower	0.10	1.42
taking	0.10	1.75
tough	0.11	2.00
chest	0.11	1.76
feelings	0.11	1.57
degree	0.11	1.59
forgot	0.11	2.37
twitter	0.11	1.72
shop	0.11	1.35
later	0.11	2.21
class	0.11	1.78
force	0.11	1.47
hands	0.11	1.55
facts	0.11	1.89
car	0.11	1.56
ride	0.11	1.67
shut	0.11	1.59
pure	0.11	1.81
jail	0.12	1.81
smaller	0.12	1.58
brand	0.12	1.79
sending	0.12	1.80
per	0.12	1.54
german	0.12	1.48
insult	0.12	1.58
wasted	0.12	1.81
managed	0.12	1.75
weeks	0.12	2.22
years	0.12	1.84
end	0.12	2.27
studies	0.12	1.42
heard	0.12	4.61
downs	0.12	1.75
pills	0.12	1.74
math	0.12	1.52
wikipedia	0.12	1.75
young	0.13	1.70
duh	0.13	1.54
account	0.13	1.55
after	0.13	2.57
legitimate	0.13	1.84
approve	0.13	1.29
fell	0.13	1.33
market	0.13	1.26
mark	0.13	1.87
ad	0.13	1.66
attitude	0.13	1.38
button	0.13	1.81
equivalent	0.13	1.77
grade	0.13	1.60
none	0.13	1.55
win	0.13	1.79
walmart	0.13	1.52
monster	0.13	1.39
soft	0.13	1.54
heavy	0.13	1.51
solve	0.14	2.21
months	0.14	2.11
srs	0.14	1.90
fatty	0.14	1.54
saw	0.14	3.08
reposts	0.14	1.63
becomes	0.14	1.28
fuckers	0.14	1.60
moment	0.14	1.79
chicks	0.14	1.68
upvoting	0.15	2.13
neck	0.15	1.56
calories	0.15	1.37
60	0.15	1.67
wear	0.15	1.62
gang	0.15	1.60
santa	0.15	1.45
local	0.15	1.50
0	0.15	1.61
meh	0.15	1.63
miss	0.16	1.80
judging	0.16	1.39
pride	0.16	1.63
fetus	0.16	1.61
incident	0.16	1.58
turning	0.16	1.56
sugar	0.16	1.32
knife	0.16	1.55
month	0.16	2.38
faggot	0.16	1.98
naturally	0.16	1.50
hopefully	0.16	1.80
u	0.16	1.74
removed	0.16	2.52
carry	0.16	1.67
light	0.16	1.50
yesterday	0.16	2.07
medical	0.16	1.67
waste	0.17	1.56
hours	0.17	2.12
seen	0.17	4.66
wanting	0.17	1.75
humor	0.17	1.85
eyes	0.17	1.56
p	0.17	1.73
shocked	0.17	1.73
pile	0.17	1.45
originally	0.17	2.24
heroin	0.17	1.64
cat	0.17	1.29
running	0.17	1.49
kept	0.17	1.67
joe	0.18	1.61
nowhere	0.18	1.84
bringing	0.18	2.13
political	0.18	1.43
<SPECIAL>	0.18	1.31
<URL>	0.18	1.31
mum	0.18	1.75
virgin	0.18	1.47
moms	0.18	1.39
read	0.18	2.45
solid	0.18	1.65
husband	0.18	1.77
considered	0.18	1.63
minute	0.18	1.75
visit	0.18	1.98
sexist	0.18	1.66
80	0.18	1.57
comparison	0.18	1.51
stores	0.19	1.52
curves	0.19	1.47
crap	0.19	1.81
pushing	0.19	1.79
horse	0.19	1.45
although	0.19	1.71
difference	0.19	1.83
speaking	0.19	1.67
magic	0.19	1.43
shown	0.19	2.12
taken	0.19	2.29
hunger	0.19	1.40
shock	0.19	1.47
hood	0.20	1.44
punishment	0.20	1.50
accounts	0.20	1.50
birth	0.20	1.63
status	0.20	1.44
camp	0.20	1.50
mixed	0.20	1.46
slave	0.20	1.50
tag	0.20	1.84
whats	0.20	1.69
bloody	0.20	1.73
riot	0.21	1.47
direction	0.21	1.45
success	0.21	1.53
feels	0.21	1.71
begin	0.21	1.46
set	0.21	2.92
3/5	0.21	1.64
bones	0.21	1.50
surgery	0.21	1.42
signs	0.21	1.56
sign	0.21	1.97
finally	0.21	1.59
list	0.21	1.42
behind	0.21	1.89
flip	0.21	1.50
thread	0.21	2.38
view	0.21	1.57
waiting	0.21	2.07
shooting	0.21	1.50
insurance	0.22	1.46
available	0.22	1.56
downvoted	0.22	2.39
checking	0.22	1.44
credit	0.22	1.29
autistic	0.22	1.75
wheelchair	0.22	1.47
useless	0.22	1.61
til	0.22	1.58
wasnt	0.22	1.61
ironic	0.22	1.67
college	0.22	1.56
dis	0.22	1.69
situation	0.22	2.12
lived	0.22	2.34
whoever	0.22	1.61
study	0.22	1.43
brown	0.22	1.46
extreme	0.22	1.53
duty	0.23	1.34
decent	0.23	1.41
except	0.23	1.62
subtle	0.23	1.85
basis	0.23	1.20
track	0.23	1.73
accepted	0.23	1.54
zimmerman	0.23	1.35
eat	0.23	1.05
votes	0.23	1.69
students	0.23	1.80
according	0.23	1.51
failed	0.23	1.45
truck	0.23	1.25
reports	0.24	1.48
former	0.24	1.58
bigger	0.24	1.75
raised	0.24	1.70
suffering	0.24	1.18
prison	0.24	1.46
shower	0.24	1.37
fag	0.24	1.87
pants	0.24	1.42
f	0.24	1.69
mental	0.24	1.85
effect	0.25	1.49
wall	0.25	1.42
pulling	0.25	1.60
perfect	0.25	2.82
eye	0.25	1.66
posted	0.25	3.20
bag	0.25	1.36
third	0.25	4.19
world	0.25	2.56
york	0.25	1.59
becoming	0.25	1.72
martin	0.25	1.41
n	0.25	1.74
insane	0.25	1.74
economy	0.25	1.77
bear	0.25	1.62
special	0.25	1.50
expensive	0.25	1.66
cotton	0.26	1.48
sympathy	0.26	1.59
due	0.26	1.97
funniest	0.26	4.34
plot	0.26	1.53
career	0.26	1.59
foot	0.26	1.52
essentially	0.26	1.19
green	0.26	1.52
raping	0.26	1.97
screaming	0.26	1.52
confusing	0.26	1.44
offer	0.26	1.80
lbs	0.27	1.55
holding	0.27	1.77
relevant	0.27	1.44
fire	0.27	1.57
legs	0.27	1.37
website	0.27	1.72
orange	0.27	1.39
towards	0.27	1.48
offensive	0.27	2.19
level	0.27	1.66
space	0.27	1.64
text	0.27	1.57
air	0.27	1.48
trial	0.27	1.55
apologize	0.27	2.06
feet	0.27	1.57
teeth	0.27	1.34
hence	0.27	1.27
given	0.27	1.59
yours	0.27	1.49
ran	0.28	1.80
agreed	0.28	1.65
destroyed	0.28	1.55
boy	0.28	1.92
brings	0.28	1.81
bright	0.28	1.67
citizens	0.28	1.64
present	0.28	1.43
doctors	0.28	1.48
greatest	0.28	4.48
glass	0.28	1.39
assumed	0.28	1.87
lay	0.28	1.72
sandwich	0.28	1.10
t	0.28	1.72
google	0.28	1.61
l	0.29	1.71
nailed	0.29	2.44
form	0.29	1.61
11	0.29	1.55
mask	0.29	1.16
sleep	0.29	1.69
cover	0.29	1.77
remind	0.29	1.63
williams	0.29	1.44
building	0.29	1.50
cars	0.29	1.41
action	0.29	1.46
height	0.29	1.61
seat	0.29	1.65
your	0.29	1.90
forever	0.29	1.88
public	0.29	1.59
walker	0.29	1.33
compared	0.29	1.33
army	0.29	1.49
required	0.29	1.48
awkward	0.29	1.53
last	0.29	2.85
reaction	0.30	1.59
used	0.30	2.36
recent	0.30	1.36
clap	0.30	1.36
b	0.30	1.70
resubmit	0.30	2.26
windows	0.30	1.45
england	0.30	1.46
challenge	0.30	1.52
regular	0.30	1.24
piece	0.30	1.51
ship	0.30	1.69
screenshot	0.30	2.07
camera	0.30	1.37
fetish	0.31	1.62
cuz	0.31	1.72
dress	0.31	1.54
educated	0.31	1.36
points	0.31	1.79
position	0.31	1.63
blue	0.31	1.50
bills	0.31	1.60
aint	0.31	1.61
surely	0.31	1.58
goddamn	0.31	1.40
daughter	0.31	1.77
charge	0.31	1.52
add	0.31	1.67
discussion	0.31	1.94
bet	0.31	2.37
losing	0.31	1.62
referring	0.31	2.26
stomach	0.31	1.58
american	0.31	1.44
submit	0.32	1.83
peoples	0.32	1.58
disagree	0.32	1.75
grand	0.32	1.44
ii	0.32	1.55
tagged	0.32	1.89
shall	0.32	1.97
hearing	0.32	1.52
date	0.32	1.90
downvoting	0.32	2.28
cut	0.32	1.61
redneck	0.32	1.66
blown	0.32	1.60
send	0.32	2.04
hook	0.32	1.55
board	0.33	1.45
swear	0.33	2.07
science	0.33	1.64
offense	0.33	1.49
smells	0.33	1.22
draw	0.33	1.25
lack	0.33	1.41
ya	0.33	2.36
implies	0.33	1.78
hat	0.33	1.49
clip	0.33	1.50
bleach	0.33	1.57
acceptable	0.33	2.00
couch	0.33	1.83
friend	0.33	2.09
named	0.33	1.98
environment	0.33	1.46
section	0.33	1.75
fill	0.33	1.69
cutting	0.34	1.51
education	0.34	1.57
wut	0.34	1.60
stone	0.34	1.25
wife	0.34	1.99
neckbeard	0.34	1.41
professional	0.34	1.29
ends	0.34	1.60
news	0.34	1.65
finds	0.34	1.58
basement	0.34	1.55
21	0.34	1.61
babies	0.34	1.40
particular	0.34	1.82
decade	0.35	1.85
instead	0.35	1.76
court	0.35	1.50
mike	0.35	1.27
frank	0.35	1.58
ai	0.35	1.85
thing	0.35	4.76
wheel	0.35	1.99
comes	0.36	1.87
member	0.36	1.61
chose	0.36	1.26
virgins	0.36	1.63
size	0.36	1.58
drinking	0.36	1.49
upon	0.36	1.49
artist	0.36	1.48
appears	0.36	1.83
my	0.36	2.15
highly	0.36	1.51
justice	0.36	1.25
r/advicehell	0.36	2.33
thus	0.37	1.58
burnt	0.37	1.63
style	0.37	1.39
toilet	0.37	1.06
hair	0.37	1.47
riots	0.37	1.61
mod	0.37	1.86
teenage	0.37	1.60
deal	0.37	1.87
absolute	0.37	1.96
helps	0.37	1.52
troll	0.37	1.62
tells	0.37	1.77
oh	0.37	2.98
throat	0.37	1.38
flat	0.38	1.58
depending	0.38	1.83
century	0.38	1.77
genius	0.38	2.03
lt	0.38	1.60
jumping	0.38	1.70
beer	0.38	1.10
seven	0.38	1.69
ugh	0.38	1.67
normally	0.38	1.51
hi	0.38	1.62
knees	0.38	1.53
between	0.38	1.78
cool	0.38	3.78
plus	0.39	1.45
writing	0.39	1.37
mother	0.39	1.70
poorly	0.39	1.36
cousin	0.39	1.61
subreddits	0.39	2.06
screen	0.40	1.77
sensitive	0.40	1.54
ape	0.40	1.50
bottle	0.40	1.36
picture	0.40	2.34
buy	0.40	1.76
nsfl	0.40	1.71
title	0.40	1.93
create	0.40	1.36
bread	0.40	1.15
whenever	0.40	1.71
earth	0.40	2.18
mine	0.40	1.72
alien	0.41	1.54
option	0.41	1.97
covered	0.41	1.46
knee	0.41	1.58
disappointed	0.41	3.10
fail	0.41	1.58
pool	0.41	1.60
rapists	0.42	1.64
above	0.42	1.84
garbage	0.42	1.53
table	0.42	1.71
70	0.42	1.61
dem	0.42	1.74
phone	0.42	1.78
smoke	0.42	1.22
negro	0.42	1.25
recently	0.42	1.99
coat	0.42	1.63
shits	0.42	1.54
book	0.43	1.53
properly	0.43	2.04
costume	0.43	1.59
meant	0.43	4.44
sexy	0.43	1.47
became	0.43	1.62
x	0.43	1.60
500	0.43	1.73
field	0.43	1.64
smoking	0.44	1.54
highest	0.44	2.18
stories	0.44	1.41
tree	0.44	1.65
chromosome	0.44	1.63
jpeg	0.44	1.48
posting	0.44	2.09
followed	0.44	1.36
takes	0.45	1.82
fully	0.45	1.53
facebook	0.45	1.79
wearing	0.45	1.51
dudes	0.45	1.65
past	0.45	2.26
yup	0.45	1.71
eggs	0.45	1.47
twist	0.45	1.52
tall	0.45	1.53
designed	0.45	1.81
early	0.45	1.52
cup	0.45	1.50
seeing	0.46	1.86
adult	0.46	1.27
low	0.46	1.48
falling	0.46	1.52
edited	0.46	1.83
hide	0.46	1.75
bout	0.46	1.83
forward	0.46	1.56
tiny	0.46	1.46
teaching	0.46	1.71
levels	0.46	1.49
blew	0.46	1.51
saved	0.47	1.36
mothers	0.47	1.41
research	0.47	1.64
delete	0.47	2.15
boys	0.47	1.56
letter	0.48	2.03
cold	0.48	1.76
redditor	0.48	1.64
released	0.48	1.86
browsing	0.48	1.65
likes	0.48	2.80
strong	0.48	1.59
day	0.48	2.13
finger	0.48	1.38
creative	0.48	2.73
turns	0.48	1.61
200	0.48	1.55
apes	0.48	1.39
pls	0.49	1.66
center	0.49	1.50
gave	0.49	1.66
today	0.49	2.81
replied	0.49	2.21
trade	0.49	1.54
sticks	0.50	1.26
stolen	0.50	1.56
ban	0.50	1.71
wedding	0.50	1.48
choose	0.50	2.01
tea	0.50	1.33
mentioned	0.50	1.93
load	0.50	1.45
perfectly	0.50	1.94
deliver	0.50	1.58
version	0.51	1.46
stating	0.51	1.94
successful	0.51	1.50
sister	0.51	1.96
fellow	0.51	1.41
major	0.51	1.49
energy	0.51	1.46
oc	0.51	1.83
3rd	0.51	2.08
russian	0.52	1.72
dad	0.52	2.07
site	0.52	1.84
song	0.52	1.87
hung	0.52	1.76
positive	0.52	1.79
strength	0.52	1.74
calling	0.52	2.01
tip	0.52	1.40
meat	0.52	1.16
tonight	0.52	1.62
animal	0.52	2.18
match	0.53	1.40
avoid	0.53	1.76
reposted	0.53	2.28
ass	0.53	1.79
punchline	0.53	1.77
colored	0.53	1.71
chocolate	0.53	1.34
meth	0.53	1.43
boo	0.54	1.54
belt	0.54	1.63
include	0.54	1.50
tasteless	0.54	1.95
eating	0.54	1.18
reading	0.54	1.59
article	0.54	1.87
reply	0.54	2.20
lol	0.54	2.09
band	0.54	1.50
blind	0.54	1.92
mate	0.54	2.01
summer	0.55	1.45
hanging	0.55	1.62
boss	0.55	2.00
itt	0.55	1.51
currently	0.55	1.29
write	0.55	2.11
program	0.55	1.61
wars	0.55	1.38
information	0.55	1.83
university	0.56	1.62
trick	0.56	1.98
cash	0.56	1.62
username	0.56	2.00
thrown	0.56	1.39
bang	0.56	1.63
complete	0.56	1.72
mix	0.56	1.54
fixed	0.57	1.84
access	0.57	1.61
nope	0.57	2.25
muh	0.57	1.60
twin	0.57	1.38
potatoes	0.57	1.56
regret	0.57	1.99
daddy	0.57	1.70
careful	0.57	1.88
words	0.57	2.31
knight	0.57	1.49
post	0.58	2.05
la	0.58	1.40
gold	0.58	1.79
laughter	0.58	1.58
results	0.58	1.50
station	0.58	1.52
cosby	0.58	1.27
c	0.58	1.72
lil	0.58	1.46
1st	0.58	2.40
jimmy	0.58	1.64
congrats	0.59	2.55
filled	0.59	1.27
cloud	0.59	1.56
provide	0.59	1.76
ideas	0.59	1.42
crowd	0.59	1.53
amirite	0.59	1.63
blowing	0.59	1.32
ate	0.60	1.31
pictures	0.60	1.62
dirty	0.60	1.40
weed	0.60	1.42
sayin	0.60	1.56
cheese	0.60	1.01
family	0.60	1.92
included	0.60	1.53
grab	0.60	1.76
nigger	0.60	1.65
crack	0.60	1.43
address	0.60	1.75
bed	0.60	1.62
2014	0.60	1.83
shame	0.60	1.51
spanish	0.60	1.75
steve	0.60	2.49
lady	0.61	1.52
online	0.61	1.66
share	0.61	1.83
wrote	0.61	1.84
downvotes	0.61	2.01
party	0.61	1.59
brains	0.62	1.55
nig	0.62	1.58
key	0.62	1.79
ended	0.62	1.59
keeps	0.62	1.56
downvote	0.62	2.17
soul	0.62	1.53
his	0.62	1.81
nigga	0.63	1.66
abortion	0.63	1.54
sent	0.63	1.70
computer	0.63	1.56
potential	0.63	1.59
iphone	0.63	1.49
insulting	0.63	1.86
karma	0.63	1.72
upvoted	0.63	1.99
training	0.64	1.38
circlejerk	0.64	1.54
retarded	0.64	3.23
speak	0.64	2.07
edgy	0.64	1.84
warning	0.64	1.47
killer	0.64	1.43
buddy	0.64	2.43
plays	0.64	1.37
spot	0.64	1.71
intelligence	0.65	1.44
4chan	0.65	1.86
ham	0.65	1.32
hoping	0.65	1.64
general	0.65	1.69
album	0.65	1.68
blaming	0.66	1.44
info	0.66	1.98
bird	0.66	1.37
next	0.66	2.43
m8	0.66	1.71
hospital	0.66	1.32
dangerous	0.67	2.63
first	0.67	4.70
poster	0.67	1.67
reposting	0.67	1.95
spent	0.67	2.26
honor	0.67	1.51
trolls	0.68	1.54
earlier	0.68	1.62
pop	0.68	1.45
photos	0.68	1.48
advice	0.68	2.16
2nd	0.68	2.02
automatic	0.68	2.12
butthurt	0.69	1.83
familiar	0.69	2.04
warm	0.69	1.55
juice	0.69	1.33
excellent	0.69	1.59
loss	0.69	1.47
jersey	0.69	1.66
appreciate	0.70	3.09
res	0.70	1.85
rekt	0.70	1.25
short	0.70	1.46
wake	0.71	1.64
goat	0.71	1.76
serve	0.71	1.46
yay	0.71	1.64
pun	0.71	1.78
ancient	0.71	1.62
smell	0.71	2.72
vote	0.71	1.97
canadian	0.71	1.59
kills	0.71	1.64
message	0.71	1.97
daily	0.72	1.29
national	0.72	1.64
nfl	0.72	1.86
comments	0.72	2.14
humour	0.72	2.07
favorite	0.72	3.62
vagina	0.73	1.47
deserves	0.73	2.03
y'all	0.73	1.70
suit	0.74	1.54
another	0.74	3.70
indeed	0.74	1.51
using	0.74	1.93
stands	0.74	1.42
fits	0.74	1.79
loose	0.74	1.41
fox	0.74	1.35
changed	0.74	1.55
brother	0.74	1.72
finished	0.74	1.66
french	0.75	1.59
bone	0.75	1.48
photoshop	0.75	1.47
towers	0.75	1.41
butt	0.75	1.64
dammit	0.75	1.48
quote	0.75	1.88
upvotes	0.76	1.64
fedora	0.76	1.54
military	0.76	1.53
amanda	0.76	1.60
huh	0.76	1.71
diet	0.76	1.24
father	0.77	1.87
deleted	0.77	2.15
pregnancy	0.77	1.66
future	0.77	1.73
sarcastic	0.77	4.05
image	0.77	1.87
welcome	0.77	1.51
actual	0.77	1.74
aid	0.77	1.54
linked	0.78	2.00
tl	0.78	1.50
fan	0.78	1.67
gt	0.78	2.08
cook	0.78	1.38
lucky	0.78	1.80
glorious	0.78	1.58
fucker	0.79	1.62
evil	0.79	1.42
michael	0.79	1.50
app	0.79	1.67
mom	0.79	1.74
accidentally	0.80	2.40
bike	0.80	1.37
explaining	0.80	2.21
sidebar	0.80	2.12
whose	0.80	1.75
da	0.80	1.76
morning	0.80	1.56
original	0.81	1.89
biggest	0.81	3.88
japanese	0.81	1.35
k	0.81	1.59
shoes	0.81	1.67
huge	0.82	1.70
ah	0.82	2.12
reverse	0.82	1.53
mode	0.82	1.64
ages	0.82	1.90
outta	0.82	1.64
ur	0.83	1.74
imgur	0.83	1.93
quality	0.83	1.79
night	0.83	1.67
comment	0.84	2.18
fruit	0.84	1.37
language	0.84	2.10
hero	0.85	1.31
25	0.86	1.66
chair	0.86	1.47
random	0.86	1.63
coke	0.86	1.44
fear	0.86	1.51
note	0.86	1.45
h	0.86	1.73
bombs	0.87	1.37
giant	0.87	1.54
tips	0.87	1.60
busy	0.87	1.54
penis	0.87	1.52
ops	0.87	1.49
devil	0.87	1.64
bastard	0.87	1.42
link	0.88	2.06
hole	0.88	1.78
flair	0.88	1.84
thinks	0.88	3.05
gf	0.88	1.68
showing	0.88	1.44
sir	0.88	2.90
english	0.88	1.78
grown	0.89	1.55
lips	0.89	1.47
yo	0.89	1.78
allah	0.90	1.64
control	0.91	1.59
rest	0.91	2.75
smith	0.91	1.42
definition	0.91	2.09
metal	0.92	1.42
dr	0.92	1.47
nose	0.92	1.51
dinner	0.93	1.21
ginger	0.93	1.76
kek	0.93	1.60
sport	0.93	1.58
noticed	0.94	4.27
brave	0.94	1.44
rifle	0.94	1.64
spell	0.94	2.60
liked	0.95	2.15
hmm	0.95	1.82
gif	0.95	1.79
replace	0.95	1.61
motherfucker	0.95	1.83
stranger	0.96	1.59
park	0.97	1.73
bot	0.98	2.27
player	0.98	1.59
touch	0.98	1.73
gods	0.98	1.64
double	0.98	1.60
god	0.99	2.26
shitpost	0.99	1.78
correctly	0.99	4.13
drink	0.99	1.39
water	1.01	1.43
kfc	1.01	1.48
lunch	1.01	1.35
mouth	1.02	1.58
created	1.02	1.43
sake	1.02	1.90
football	1.02	1.72
fucking	1.02	2.31
spirit	1.03	1.63
mobile	1.03	1.89
sauce	1.03	1.26
small	1.04	1.36
tho	1.04	1.72
circle	1.04	1.69
known	1.05	3.30
stuck	1.05	1.56
spelled	1.05	3.91
midget	1.05	1.83
retard	1.06	3.41
meaning	1.06	2.19
dude	1.06	3.51
sweet	1.07	2.71
pieces	1.07	1.47
describe	1.07	2.01
satan	1.07	1.64
halloween	1.07	1.79
basketball	1.07	1.67
games	1.08	1.48
uses	1.09	1.32
amp	1.09	1.91
pussy	1.09	1.70
bought	1.10	1.49
donkey	1.10	1.39
master	1.10	1.53
decades	1.10	1.58
bravo	1.10	1.70
click	1.11	1.88
mistake	1.12	2.15
pics	1.12	1.78
reminded	1.13	1.73
9gag	1.13	1.80
spreading	1.13	1.63
playing	1.13	1.71
sucking	1.13	1.33
rice	1.14	1.46
beginning	1.15	1.79
images	1.15	1.64
heh	1.16	1.72
sides	1.16	1.63
play	1.17	1.43
sized	1.17	1.38
tie	1.17	1.57
confirmed	1.18	1.41
cream	1.18	1.14
wants	1.18	3.38
fans	1.19	1.44
dads	1.20	1.51
gtfo	1.20	1.83
wat	1.20	1.29
expected	1.21	3.15
thank	1.22	2.19
soccer	1.22	1.42
cum	1.24	1.35
cartoon	1.25	1.42
van	1.25	1.53
film	1.26	1.53
looking	1.27	3.02
son	1.28	2.00
r/shitpost	1.28	1.43
ninja	1.29	1.70
massive	1.30	1.74
bacon	1.30	2.70
game	1.32	1.62
second	1.32	4.02
damn	1.32	3.27
reference	1.33	1.73
woah	1.33	2.13
dicks	1.33	1.51
cock	1.34	1.53
guessing	1.34	3.12
life	1.35	3.53
whoa	1.36	3.17
star	1.36	1.48
edit	1.37	4.17
gem	1.37	1.62
sucks	1.38	2.49
scene	1.39	1.37
ol	1.39	1.41
grape	1.40	1.48
final	1.40	1.70
confused	1.43	2.89
soda	1.44	1.28
gives	1.44	2.92
hot	1.45	2.52
cow	1.45	1.64
glad	1.46	2.96
sounds	1.46	2.90
accurate	1.46	3.10
pro	1.49	2.55
bucket	1.49	1.49
creepy	1.49	3.00
solution	1.49	3.11
le	1.50	1.76
stick	1.50	1.45
especially	1.50	2.62
phrase	1.50	1.51
kidding	1.52	2.79
shitty	1.53	2.72
dear	1.53	1.70
truly	1.54	2.32
upset	1.55	2.93
spelling	1.55	3.92
curious	1.56	2.97
purple	1.58	1.43
comedy	1.59	1.34
angry	1.59	2.82
false	1.60	2.98
worried	1.60	2.84
pick	1.61	3.26
dick	1.62	1.50
movies	1.62	1.32
drank	1.63	1.44
video	1.63	1.64
surprised	1.64	3.06
pleasure	1.64	2.51
guarantee	1.66	3.06
youtube	1.69	1.50
reality	1.70	2.50
these	1.72	3.05
explains	1.74	2.36
however	1.76	3.56
sort	1.78	2.51
related	1.80	2.52
places	1.80	3.05
thanks	1.81	3.10
surprise	1.83	2.69
chuckle	1.83	2.58
smart	1.83	2.63
fuckin	1.84	2.86
incorrect	1.85	3.19
real	1.85	2.96
terms	1.86	2.64
morons	1.87	2.93
below	1.89	2.66
calls	1.90	2.67
jackson	1.91	2.68
friends	1.94	3.33
catch	1.94	3.16
concerned	1.94	2.71
players	1.95	2.82
impressed	1.95	2.39
winning	1.97	2.98
similar	1.97	2.42
haha	1.98	2.70
clear	2.01	2.36
checks	2.02	2.53
afterwards	2.02	2.51
wow	2.04	2.86
guard	2.04	2.67
anal	2.05	2.30
trayvon	2.08	2.58
hungry	2.10	2.06
tv	2.11	1.38
increase	2.11	2.44
late	2.12	2.83
episode	2.13	1.73
growing	2.13	2.65
an	2.16	2.87
superior	2.17	2.38
whole	2.18	2.99
delicious	2.20	2.07
large	2.20	2.58
cows	2.21	2.56
new	2.21	2.78
suppose	2.21	2.82
famous	2.21	2.39
unlike	2.21	2.38
ruin	2.21	2.27
funnier	2.21	2.58
bro	2.22	2.66
answer	2.23	3.39
dark	2.23	2.81
missed	2.23	3.00
makeup	2.23	2.62
needed	2.24	2.68
congratulations	2.24	2.60
uncle	2.25	2.52
fried	2.25	2.23
bodies	2.25	2.57
saving	2.25	2.47
speed	2.26	2.63
omg	2.27	2.27
british	2.27	2.39
league	2.27	2.79
grandma	2.27	2.44
dream	2.28	2.74
repost	2.29	2.91
fitting	2.29	2.35
politically	2.30	3.06
interested	2.30	2.54
ahh	2.31	2.04
auto	2.31	3.05
cake	2.31	2.37
trust	2.33	2.70
meme	2.33	3.01
jerk	2.35	2.52
robin	2.36	2.17
compare	2.37	2.38
wet	2.37	2.63
loser	2.37	2.14
hah	2.38	2.64
remember	2.38	3.45
dying	2.39	2.07
call	2.39	3.51
watermelon	2.39	2.29
smile	2.40	2.56
proper	2.41	3.14
slap	2.41	2.58
error	2.41	3.34
twisted	2.42	2.19
use	2.42	3.44
golden	2.43	2.50
rip	2.44	2.42
rarely	2.44	2.17
ha	2.44	2.56
sea	2.45	2.49
tits	2.46	2.63
sentence	2.46	3.42
fresh	2.47	2.32
appropriate	2.47	2.78
classic	2.47	2.48
worked	2.47	2.54
intended	2.49	2.46
upvote	2.50	2.65
birthday	2.51	2.60
pack	2.51	2.55
pot	2.51	2.33
meal	2.51	2.18
op	2.52	2.59
honey	2.52	2.13
comic	2.53	2.18
king	2.53	2.18
ending	2.54	2.08
memes	2.54	2.75
grammar	2.58	3.12
reminds	2.58	2.45
term	2.61	3.18
hello	2.61	2.26
ray	2.62	2.52
holy	2.63	2.69
links	2.64	2.71
respect	2.66	2.28
pc	2.66	2.71
despite	2.68	2.16
direct	2.72	2.47
hahaha	2.73	1.86
wide	2.74	2.45
word	2.75	3.17
candy	2.76	2.30
stole	2.76	2.23
pair	2.80	2.51
dat	2.80	2.50
ice	2.80	2.11
hahahaha	2.82	2.47
big	2.86	2.46
xd	2.86	2.11
john	2.87	1.90
balls	2.90	1.87
full	2.91	2.36
ftfy	2.93	2.19
movie	2.95	1.89
tight	2.95	2.18
sucked	2.95	2.16
milk	2.96	2.29
epic	2.96	2.05
copy	2.96	2.32
enjoy	3.06	2.22
videos	3.06	2.39
watching	3.08	1.98
crazy	3.08	2.51
show	3.10	2.71
jesus	3.11	2.44
season	3.13	2.31
10/10	3.14	2.11
lord	3.16	2.19
great	3.16	2.37
chicken	3.27	2.14
called	3.30	3.03
team	3.30	2.83
watch	3.32	2.34
afraid	3.33	2.55
series	3.34	2.04
christ	3.42	2.22
wish	3.58	2.77
badass	3.58	2.06
tomorrow	3.64	2.39
prefer	3.74	2.14
watched	3.77	2.79
lmao	3.86	2.33
suck	4.16	2.12
