dislike	-6.63	2.05
suck	-5.77	2.32
concussion	-5.66	3.45
poor	-5.37	2.52
gross	-5.31	2.56
worse	-5.19	3.15
fault	-5.19	2.75
hip	-5.18	3.42
sometimes	-5.00	2.64
alcohol	-4.80	2.85
dangerous	-4.50	2.94
8mm	-4.45	3.14
sidewinders	-4.41	3.08
standie	-4.30	4.27
apologize	-4.26	2.71
clue	-4.25	2.61
wet	-4.23	3.56
shitty	-4.21	2.96
shooting	-4.17	3.23
ignore	-4.15	3.11
afterwards	-4.12	3.18
ceramics	-4.11	3.38
consistently	-4.09	4.28
dumb	-4.01	2.51
mess	-4.01	3.02
error	-3.96	2.90
everybody	-3.96	3.15
pintails	-3.95	3.07
bikes	-3.92	3.37
driver	-3.91	2.97
nobody	-3.88	3.33
brought	-3.84	3.09
pattern	-3.84	3.12
luckily	-3.83	2.95
hurts	-3.82	3.16
followed	-3.82	3.22
upset	-3.82	2.76
lie	-3.82	2.44
everyone	-3.75	3.30
who	-3.74	3.39
realize	-3.73	3.17
moment	-3.72	3.01
rash	-3.71	3.11
sucked	-3.68	2.59
complain	-3.66	3.01
assuming	-3.66	2.83
apparently	-3.65	2.92
globe	-3.63	2.97
annoying	-3.58	2.63
admit	-3.54	2.85
non	-3.53	3.66
sorta	-3.53	2.72
angry	-3.49	2.85
people	-3.43	2.97
across	-3.41	3.32
kooks	-3.39	2.96
puts	-3.36	3.02
complaining	-3.33	3.09
pain	-3.29	3.18
gets	-3.27	3.00
team	-3.27	3.21
men	-3.26	2.81
equal	-3.26	3.05
hawaii	-3.25	3.10
person	-3.24	3.04
ama	-3.24	2.96
private	-3.21	3.31
mistake	-3.17	2.94
expecting	-3.16	3.12
thinks	-3.15	3.62
rather	-3.13	3.34
included	-3.13	3.00
knows	-3.13	3.65
gif	-3.12	3.07
downvote	-3.12	3.33
noob	-3.10	2.96
blame	-3.07	3.11
vans	-3.05	3.08
major	-3.03	3.35
silly	-3.02	2.31
numbers	-3.02	3.20
feelings	-3.01	3.06
downvotes	-3.00	2.87
likes	-2.99	3.59
natural	-2.98	2.75
says	-2.93	3.57
wants	-2.93	3.59
laugh	-2.92	2.92
hating	-2.92	2.88
kickstarter	-2.89	3.28
solo	-2.88	2.96
below	-2.87	2.76
care	-2.85	3.19
attention	-2.83	3.18
garbage	-2.82	2.83
terms	-2.81	2.92
replied	-2.80	3.68
rich	-2.79	3.52
gullwings	-2.79	1.42
injury	-2.78	2.16
nearby	-2.76	3.22
superior	-2.76	2.70
ugh	-2.76	2.82
disappointed	-2.76	2.99
poop	-2.72	2.90
known	-2.72	3.10
hurt	-2.70	2.17
uses	-2.68	3.52
g	-2.67	2.90
entire	-2.66	3.28
etc	-2.66	3.18
killing	-2.65	2.84
earth	-2.64	2.66
everywhere	-2.62	2.88
said	-2.60	3.38
accidentally	-2.58	3.63
game	-2.51	2.72
fill	-2.51	3.58
nervous	-2.51	2.95
useless	-2.50	2.58
zero	-2.48	2.84
stupid	-2.44	2.48
confusing	-2.43	3.13
retarded	-2.40	2.76
dogs	-2.39	2.70
bitches	-2.37	2.56
cleaned	-2.36	3.10
case	-2.34	2.67
shoulder	-2.32	2.14
comment	-2.32	3.90
blows	-2.32	2.95
specific	-2.31	3.48
names	-2.30	3.50
fan	-2.29	3.17
sore	-2.27	2.12
injuries	-2.23	1.95
fact	-2.22	3.40
anything	-2.21	3.74
cares	-2.21	2.23
soul	-2.20	3.03
decision	-2.17	3.36
hyped	-2.16	2.96
somebody	-2.13	1.84
knee	-2.12	2.01
mistaken	-2.11	3.88
seeing	-2.10	3.19
messed	-2.10	1.60
someone	-2.07	2.04
hm	-2.05	3.47
tells	-2.03	2.36
saying	-2.03	3.89
neck	-2.01	1.96
bad	-1.98	2.38
illegal	-1.97	1.38
arm	-1.95	1.87
brain	-1.94	1.93
broken	-1.92	1.96
liked	-1.91	2.86
statement	-1.90	3.20
hospital	-1.89	1.69
ouch	-1.88	2.74
cars	-1.84	1.65
mean	-1.84	3.67
crash	-1.83	1.84
scraped	-1.83	1.75
left	-1.82	1.87
cold	-1.82	1.39
confused	-1.81	3.46
painful	-1.81	2.84
else	-1.80	2.15
wipe	-1.79	1.34
except	-1.79	2.38
elbow	-1.78	1.85
owner	-1.78	1.80
scooter	-1.75	1.22
ankle	-1.75	1.85
themselves	-1.75	1.29
ass	-1.75	3.09
recovery	-1.74	3.17
he	-1.73	2.01
crappy	-1.71	2.76
oops	-1.70	3.36
weird	-1.69	2.43
water	-1.68	1.42
bone	-1.67	1.60
damage	-1.67	1.82
sidewinder	-1.66	1.59
include	-1.66	1.28
needs	-1.66	1.97
car	-1.65	1.53
nothing	-1.64	3.50
cleaning	-1.63	1.23
shutdown	-1.63	1.98
kooky	-1.63	2.29
type	-1.62	3.28
serious	-1.61	1.96
blow	-1.60	1.44
lube	-1.60	1.26
drivers	-1.60	1.47
sentence	-1.59	1.72
fastest	-1.58	3.78
part	-1.58	3.50
easiest	-1.57	3.81
cheapest	-1.57	3.67
his	-1.56	1.91
owns	-1.56	2.05
walking	-1.56	1.27
dry	-1.56	1.45
anyone	-1.55	1.87
understand	-1.54	2.77
pintail	-1.54	1.61
skates	-1.53	2.67
salt	-1.52	1.56
not	-1.51	3.44
biggest	-1.51	3.56
oil	-1.51	1.36
lane	-1.50	1.68
fall	-1.50	1.85
thumb	-1.50	1.39
either	-1.49	3.73
driving	-1.49	1.58
edit	-1.48	3.26
traffic	-1.48	1.30
lame	-1.46	2.75
besides	-1.46	1.36
him	-1.46	1.72
fake	-1.46	1.38
downvoted	-1.46	1.90
bottle	-1.45	1.39
joke	-1.45	3.19
kit	-1.45	1.45
dhd	-1.45	1.31
manual	-1.43	1.43
calling	-1.43	1.79
kid	-1.42	1.74
against	-1.42	1.59
falls	-1.42	1.42
girl	-1.42	1.81
rides	-1.41	2.87
saved	-1.41	1.66
majority	-1.41	1.53
heck	-1.41	2.66
absolute	-1.40	3.09
anybody	-1.39	1.89
cop	-1.39	1.39
conditions	-1.38	1.43
walmart	-1.38	1.55
rarely	-1.37	1.58
drugs	-1.37	1.44
longboarder	-1.36	1.46
exact	-1.36	3.05
wash	-1.36	1.41
hardest	-1.36	3.64
face	-1.36	1.80
grind	-1.35	1.42
idiot	-1.35	1.64
jack	-1.35	1.42
logic	-1.34	1.62
badly	-1.34	1.70
ever	-1.33	3.53
training	-1.33	1.30
mids	-1.33	1.38
tore	-1.33	1.47
cleaner	-1.33	1.28
rust	-1.32	1.28
although	-1.31	3.44
bearings	-1.30	1.31
meant	-1.30	3.55
closed	-1.30	1.39
mom	-1.29	1.78
muscles	-1.29	1.71
opposed	-1.29	1.26
wrist	-1.29	1.58
knees	-1.29	1.75
40mph	-1.29	1.74
dad	-1.29	1.88
bones	-1.28	1.24
english	-1.28	1.55
b	-1.28	1.32
pants	-1.27	1.47
funny	-1.27	2.55
surgery	-1.27	1.66
accident	-1.26	1.63
towel	-1.25	1.30
whats	-1.24	3.13
head	-1.24	1.68
gotcha	-1.23	2.69
rush	-1.23	2.54
s9	-1.22	1.53
crap	-1.22	1.56
360	-1.22	1.48
votes	-1.21	1.92
quit	-1.21	1.33
ticket	-1.21	1.31
kryptonics	-1.20	1.45
dammit	-1.20	2.44
sadly	-1.20	1.43
public	-1.20	1.20
doctor	-1.19	1.45
football	-1.19	1.19
ceramic	-1.18	1.20
upvotes	-1.18	1.90
notice	-1.17	2.09
dirt	-1.17	1.42
bearing	-1.16	1.16
understanding	-1.15	1.28
system	-1.15	1.27
destroy	-1.14	1.17
nine	-1.14	1.45
technically	-1.14	1.22
trees	-1.14	1.45
asshole	-1.14	1.57
scary	-1.13	2.15
friend	-1.13	1.79
familiar	-1.12	3.08
whereas	-1.12	1.19
highschool	-1.12	1.30
generic	-1.12	1.46
spacers	-1.12	1.26
generally	-1.11	1.53
telling	-1.10	1.74
speak	-1.10	1.62
weed	-1.10	1.27
groms	-1.10	1.58
believe	-1.09	3.50
cops	-1.09	1.37
related	-1.09	1.55
randals	-1.09	1.48
she	-1.08	2.40
doesnt	-1.08	1.49
finger	-1.08	1.32
by	-1.08	1.67
linked	-1.07	1.93
butt	-1.07	1.46
german	-1.07	1.45
skater	-1.07	1.37
legal	-1.07	1.37
convinced	-1.07	1.53
ugly	-1.06	2.47
ai	-1.06	1.63
grom	-1.06	1.13
whoever	-1.06	1.29
rough	-1.05	1.48
shorts	-1.05	1.37
reds	-1.05	1.21
gullwing	-1.05	1.53
swiss	-1.05	0.96
guy	-1.04	1.73
does	-1.04	1.89
speaking	-1.04	1.33
counts	-1.03	1.50
usps	-1.03	1.27
law	-1.02	1.39
calls	-1.01	2.02
gf	-1.01	1.81
harsh	-1.01	1.28
trash	-1.01	1.42
fucked	-1.00	1.54
old	-1.00	1.12
equally	-1.00	1.43
concerned	-1.00	1.58
hop	-1.00	1.35
goes	-0.99	1.44
pendy	-0.99	1.82
wore	-0.99	1.35
kook	-0.99	1.55
cruiser	-0.99	1.52
bus	-0.99	1.38
la	-0.99	1.34
allowed	-0.99	1.52
lubricant	-0.99	1.21
standies	-0.99	1.82
whoops	-0.99	3.35
chargers	-0.98	1.46
scrapes	-0.98	1.54
holesom	-0.98	1.15
apart	-0.98	1.18
bitch	-0.98	1.43
leg	-0.98	1.60
bike	-0.98	1.41
pointless	-0.98	1.49
prevent	-0.97	1.66
count	-0.97	1.78
bullshit	-0.97	1.27
suggested	-0.97	1.65
coleman	-0.97	1.80
weather	-0.97	1.47
heelside	-0.96	1.79
twice	-0.95	2.00
jeans	-0.95	1.35
ball	-0.94	1.23
magazine	-0.94	1.32
injured	-0.94	1.47
blew	-0.94	1.49
cruisers	-0.93	1.32
right	-0.93	3.29
lack	-0.93	1.21
balls	-0.93	1.23
wearing	-0.92	1.32
nor	-0.92	1.75
police	-0.92	1.45
f	-0.92	1.35
guns	-0.92	1.51
gravel	-0.91	1.45
human	-0.91	2.22
testing	-0.91	1.45
passed	-0.91	1.35
shields	-0.91	1.14
wild	-0.91	1.38
random	-0.90	1.42
possibly	-0.90	1.29
damaged	-0.90	1.33
train	-0.90	1.28
friends	-0.90	1.51
button	-0.90	1.23
ankles	-0.90	1.64
immediately	-0.90	1.41
girls	-0.89	1.19
parents	-0.89	1.39
name	-0.89	1.78
banned	-0.88	1.48
worry	-0.88	2.06
advertising	-0.88	1.40
told	-0.88	2.32
500	-0.88	1.42
sub	-0.88	1.46
zumiez	-0.88	1.34
chatter	-0.88	1.39
teeth	-0.88	1.40
thrown	-0.87	1.50
her	-0.87	1.65
reddit	-0.87	1.51
ripped	-0.87	1.31
gun	-0.87	1.32
dust	-0.87	1.33
khiro	-0.86	1.26
20mph	-0.86	1.49
kids	-0.86	1.39
dick	-0.86	1.44
teacher	-0.86	1.23
dirty	-0.86	1.18
apple	-0.86	1.41
opposite	-0.86	1.37
taught	-0.86	0.99
total	-0.85	1.38
parks	-0.85	1.37
magic	-0.85	1.20
cream	-0.85	1.36
wear	-0.85	1.31
riders	-0.84	1.31
nike	-0.84	1.42
fell	-0.84	1.49
hands	-0.84	1.59
skaters	-0.84	1.39
behind	-0.84	1.47
tear	-0.84	1.31
blown	-0.84	1.42
normally	-0.84	1.39
often	-0.83	1.65
heat	-0.83	1.25
flipping	-0.83	1.37
snow	-0.83	1.43
cover	-0.83	1.50
warp	-0.82	1.41
penny	-0.82	1.42
worried	-0.82	1.79
1s	-0.82	1.45
beasto	-0.81	1.15
wrap	-0.81	1.36
closest	-0.81	2.98
socks	-0.81	1.16
argument	-0.81	1.54
kneepads	-0.81	1.38
warm	-0.80	1.42
bail	-0.80	1.60
landing	-0.80	1.39
dr	-0.80	1.39
lead	-0.80	1.40
lives	-0.80	1.52
comments	-0.80	1.90
combination	-0.80	1.25
cuts	-0.80	1.55
involved	-0.80	1.22
walk	-0.80	1.37
unnecessary	-0.79	1.45
listen	-0.78	1.19
chest	-0.78	1.54
dropper	-0.78	1.26
axle	-0.77	1.33
clean	-0.77	1.39
talking	-0.77	2.01
nyc	-0.77	1.30
judge	-0.77	1.65
sticks	-0.77	1.39
bank	-0.77	1.31
shuvit	-0.77	1.34
covered	-0.76	1.40
others	-0.76	1.57
chunk	-0.76	1.40
skateboarding	-0.76	1.30
repeat	-0.76	1.38
tops	-0.76	1.45
zealous	-0.76	1.18
shoes	-0.76	1.38
electric	-0.75	1.27
boarders	-0.75	1.35
knock	-0.75	1.46
sign	-0.75	1.17
earlier	-0.75	2.15
shirt	-0.75	1.25
carry	-0.75	1.44
curiosity	-0.74	1.44
rule	-0.74	1.52
wtf	-0.74	1.36
prefer	-0.74	3.06
diego	-0.74	1.15
10mm	-0.74	1.37
user	-0.74	1.56
somehow	-0.74	1.60
movement	-0.74	1.50
edited	-0.74	2.30
soap	-0.74	1.32
25mph	-0.73	1.48
slope	-0.73	1.42
highside	-0.73	1.46
asked	-0.73	1.75
assume	-0.73	2.09
shows	-0.73	1.15
corner	-0.73	1.40
rude	-0.73	1.64
longboarders	-0.73	1.35
circle	-0.73	1.52
potential	-0.73	1.52
rain	-0.72	1.44
call	-0.72	1.62
referring	-0.72	1.82
hot	-0.72	1.27
main	-0.72	1.84
scared	-0.72	1.45
sun	-0.71	1.37
saw	-0.71	1.87
road	-0.71	1.54
loud	-0.71	1.60
broke	-0.71	1.30
us	-0.71	1.45
waste	-0.70	1.35
axles	-0.70	1.29
goal	-0.70	1.57
wonder	-0.70	1.63
drill	-0.70	1.19
deleted	-0.70	1.87
leather	-0.70	1.30
instagram	-0.70	1.38
kickflip	-0.70	1.39
hand	-0.70	1.64
charger	-0.69	1.50
occasionally	-0.69	1.32
essentially	-0.69	1.38
culture	-0.69	1.27
knowing	-0.68	1.37
fear	-0.68	1.77
peter	-0.68	1.45
raining	-0.68	1.45
gloves	-0.68	1.31
sunny	-0.68	1.41
blowing	-0.68	1.47
killed	-0.67	1.48
skin	-0.67	1.37
legs	-0.67	1.50
completely	-0.67	2.97
lil	-0.67	1.29
flying	-0.67	1.31
peoples	-0.67	1.57
footbrake	-0.66	1.61
necessary	-0.66	1.41
screws	-0.66	1.17
claim	-0.66	1.22
click	-0.66	1.52
falling	-0.66	1.44
sticking	-0.66	1.25
attitude	-0.65	1.46
powell	-0.65	1.23
whenever	-0.65	1.65
tends	-0.65	1.40
drilled	-0.65	1.17
called	-0.65	1.48
prove	-0.65	1.86
winter	-0.65	1.42
bust	-0.65	1.57
touching	-0.65	1.34
wears	-0.65	1.11
downtown	-0.64	1.31
wallet	-0.64	1.22
destroyed	-0.64	1.20
shrooms	-0.64	1.17
regularly	-0.64	1.31
cannibal	-0.64	1.39
bother	-0.64	1.96
losing	-0.63	1.31
side	-0.63	1.65
history	-0.63	1.56
naturally	-0.63	1.37
aka	-0.63	1.07
skateboards	-0.63	1.24
sweat	-0.63	1.44
ray	-0.62	1.35
jump	-0.62	1.33
folks	-0.62	1.31
grabbing	-0.62	1.51
standy	-0.62	1.75
force	-0.62	1.26
stuck	-0.62	1.61
technology	-0.62	1.34
act	-0.62	1.51
ft	-0.61	1.55
course	-0.61	1.55
l	-0.61	1.32
kinda	-0.61	1.72
subreddit	-0.61	1.40
tell	-0.61	1.81
mobile	-0.61	1.57
meh	-0.61	1.09
holes	-0.60	1.19
arms	-0.60	1.46
billy	-0.60	1.06
student	-0.60	1.27
trigger	-0.60	1.14
showed	-0.60	1.34
lady	-0.60	1.06
walked	-0.60	1.24
internet	-0.60	1.59
me	-0.60	1.52
anywhere	-0.59	1.63
duct	-0.59	1.26
becoming	-0.59	1.43
og	-0.59	1.13
x	-0.59	1.11
caused	-0.59	1.52
smoking	-0.59	1.28
k	-0.59	1.09
burn	-0.59	1.28
ladies	-0.59	1.35
happens	-0.58	1.46
lazy	-0.58	1.53
specifically	-0.58	1.37
leathers	-0.58	1.27
roads	-0.58	1.41
neither	-0.57	1.34
pointing	-0.57	1.59
reading	-0.57	1.48
read	-0.57	2.02
kicked	-0.57	1.42
bits	-0.57	1.26
land	-0.56	1.30
band	-0.56	1.36
laughing	-0.56	1.60
spots	-0.56	1.49
sponsored	-0.56	1.19
catch	-0.56	1.57
self	-0.56	1.44
galaxy	-0.56	1.25
mentioned	-0.55	1.88
er	-0.55	1.25
access	-0.55	0.97
rings	-0.55	1.13
pairs	-0.55	1.31
pissed	-0.55	1.58
fingers	-0.55	1.30
emailed	-0.55	1.33
certainly	-0.55	1.47
bending	-0.54	1.42
aero	-0.54	1.10
lights	-0.54	1.28
river	-0.54	1.29
hits	-0.54	1.44
exist	-0.54	1.78
ring	-0.54	1.34
hat	-0.54	1.14
topic	-0.54	1.58
bringing	-0.54	1.30
master	-0.54	1.28
hurting	-0.53	1.33
blind	-0.53	1.21
mega	-0.53	1.42
germany	-0.53	1.20
downside	-0.53	1.41
backwards	-0.53	1.44
onto	-0.53	1.39
differences	-0.52	1.55
tiger	-0.52	1.32
why	-0.52	2.15
voted	-0.52	1.81
pads	-0.52	1.29
number	-0.52	1.40
throughs	-0.52	1.60
food	-0.52	1.39
jokes	-0.52	1.29
hair	-0.52	1.26
teach	-0.52	1.36
standup	-0.52	1.54
term	-0.51	1.54
180	-0.51	1.44
younger	-0.51	1.21
ice	-0.51	1.27
girlfriend	-0.51	1.46
begin	-0.51	1.34
buddies	-0.51	1.23
limited	-0.51	1.24
method	-0.51	1.33
positive	-0.51	1.57
cracked	-0.51	1.23
facing	-0.51	1.57
sister	-0.51	1.35
screwed	-0.51	1.33
wind	-0.51	0.99
situation	-0.51	1.63
hanging	-0.51	1.52
legit	-0.51	1.10
hole	-0.50	1.19
nineballs	-0.50	1.25
zone	-0.50	1.26
predrift	-0.50	1.42
glove	-0.50	1.33
pulling	-0.50	1.27
faces	-0.50	1.42
hassle	-0.50	1.33
choose	-0.50	1.72
explain	-0.49	1.72
ate	-0.49	1.40
whatnot	-0.49	1.34
cause	-0.49	1.80
handle	-0.49	1.39
disco	-0.49	1.35
caught	-0.49	1.18
leaves	-0.49	1.40
realized	-0.49	2.05
stepped	-0.49	1.78
become	-0.49	1.52
math	-0.49	1.36
fixed	-0.49	1.51
jumped	-0.49	1.47
content	-0.48	1.65
social	-0.48	1.26
negative	-0.48	1.55
beauty	-0.48	2.25
austin	-0.48	1.09
arent	-0.48	1.68
replace	-0.48	1.38
causing	-0.48	1.56
shoe	-0.48	1.33
member	-0.47	1.19
impact	-0.47	1.26
house	-0.47	1.12
puck	-0.47	1.28
rider	-0.47	1.34
users	-0.47	1.41
karma	-0.47	1.56
fallen	-0.47	1.76
username	-0.47	1.77
matter	-0.47	2.07
automatically	-0.47	1.44
skateboard	-0.47	1.19
products	-0.47	1.20
gave	-0.47	1.39
slides	-0.46	1.54
friction	-0.46	1.19
cruz	-0.46	1.32
replacing	-0.46	0.99
your	-0.46	1.52
originally	-0.46	1.57
target	-0.46	1.14
towards	-0.46	1.58
standups	-0.46	1.53
pushup	-0.46	1.51
toeside	-0.46	1.52
skatepark	-0.46	1.23
wasnt	-0.46	2.00
unless	-0.45	1.83
market	-0.45	1.21
news	-0.45	1.05
scratch	-0.45	1.20
guessing	-0.45	1.39
streets	-0.45	1.26
talked	-0.45	2.04
breaks	-0.45	1.42
agreed	-0.45	1.12
family	-0.45	1.24
gravity	-0.45	1.29
mass	-0.45	1.21
valhalla	-0.44	1.29
advantage	-0.44	1.45
shopping	-0.44	1.46
dream	-0.44	2.81
advise	-0.44	1.44
checks	-0.44	1.52
netherlands	-0.44	1.15
constantly	-0.44	1.47
axis	-0.44	1.26
rolled	-0.44	1.35
mines	-0.44	1.15
happening	-0.44	1.55
directly	-0.44	1.30
alone	-0.44	1.37
kickflips	-0.44	1.30
brands	-0.44	1.46
risk	-0.44	1.46
rest	-0.44	1.70
marketing	-0.44	1.54
has	-0.43	1.63
perspective	-0.43	1.46
imgur	-0.43	1.57
heel	-0.43	1.43
phone	-0.43	1.23
above	-0.43	1.46
hype	-0.43	1.27
causes	-0.42	1.36
completes	-0.42	1.30
screw	-0.42	1.16
body	-0.42	1.41
cousin	-0.42	1.11
strength	-0.42	1.27
europe	-0.42	1.15
envy	-0.42	1.23
landed	-0.42	1.36
n	-0.42	1.26
silver	-0.42	1.26
eating	-0.42	1.08
offered	-0.42	0.91
pendys	-0.41	1.47
rolling	-0.41	1.33
de	-0.41	1.05
office	-0.41	1.12
record	-0.41	1.69
window	-0.41	1.16
rules	-0.41	1.50
drunk	-0.41	1.60
personally	-0.41	1.86
huge	-0.41	1.54
changes	-0.41	1.27
designed	-0.41	1.48
matt	-0.41	1.03
submission	-0.41	1.83
backpack	-0.41	1.22
180s	-0.41	1.49
laughed	-0.41	1.27
boring	-0.41	1.24
being	-0.41	2.00
concrete	-0.41	1.17
know	-0.40	2.07
rdvx	-0.40	1.40
minor	-0.40	1.46
text	-0.40	1.70
current	-0.40	1.47
scrape	-0.40	1.31
brainsaver	-0.40	1.30
fullface	-0.40	1.40
velcro	-0.40	1.28
title	-0.40	2.14
currently	-0.40	1.49
heard	-0.40	2.06
sideways	-0.40	1.38
15mph	-0.40	1.33
drive	-0.40	1.25
available	-0.40	1.39
prone	-0.40	1.50
fly	-0.40	1.24
middle	-0.39	1.45
pucks	-0.39	1.18
mind	-0.39	1.81
met	-0.39	1.38
significant	-0.39	1.58
portland	-0.39	1.28
colemans	-0.39	1.51
study	-0.39	1.39
posting	-0.39	1.52
ups	-0.39	1.01
steps	-0.39	1.14
underneath	-0.39	1.19
changed	-0.39	1.25
predrifts	-0.39	1.49
toe	-0.39	1.44
supposedly	-0.39	1.14
san	-0.39	1.16
typical	-0.39	1.32
post	-0.39	1.85
cali	-0.38	1.13
direction	-0.38	1.36
died	-0.38	1.23
pavement	-0.38	1.42
lift	-0.38	1.37
happen	-0.38	2.04
drag	-0.38	1.28
anymore	-0.38	2.08
form	-0.38	1.54
imagine	-0.38	1.83
posted	-0.38	1.84
front	-0.38	1.60
starts	-0.38	1.37
poster	-0.37	1.02
club	-0.37	1.26
named	-0.37	1.64
tube	-0.37	1.24
back	-0.37	1.63
whole	-0.37	1.74
unlike	-0.37	1.26
dog	-0.37	0.97
central	-0.37	1.35
energy	-0.37	1.22
about	-0.37	2.00
expect	-0.37	2.08
cam	-0.36	1.22
companies	-0.36	1.33
learned	-0.36	1.44
wobble	-0.36	1.39
melon	-0.36	1.31
site	-0.36	1.17
town	-0.36	1.29
t8	-0.36	1.27
uncomfortable	-0.36	1.62
rip	-0.36	1.04
updated	-0.36	0.94
filled	-0.36	1.28
switch	-0.36	1.42
55	-0.36	1.42
remove	-0.36	1.21
flip	-0.36	1.25
affect	-0.36	1.72
australia	-0.35	1.20
path	-0.35	1.30
clothes	-0.35	1.19
description	-0.35	1.46
computer	-0.35	1.23
likely	-0.35	1.70
19	-0.35	1.28
pair	-0.35	1.37
engineering	-0.35	1.30
bring	-0.35	1.40
soles	-0.35	1.29
sector	-0.35	1.21
socal	-0.35	1.16
mid	-0.34	1.27
colorado	-0.34	1.10
fire	-0.34	1.27
texas	-0.34	1.11
mall	-0.34	1.29
atom	-0.34	1.20
open	-0.34	1.54
california	-0.34	1.08
fyi	-0.34	1.07
sidewalk	-0.34	1.32
wobbles	-0.34	1.39
forward	-0.34	1.41
fail	-0.34	1.38
flair	-0.34	1.72
result	-0.34	1.19
shoulders	-0.34	1.38
locals	-0.34	1.35
kills	-0.34	1.10
grease	-0.34	1.10
cross	-0.34	1.23
pointed	-0.34	1.54
loss	-0.34	1.41
nowhere	-0.34	1.18
skateshop	-0.33	1.25
carpet	-0.33	1.23
reach	-0.33	1.45
ditch	-0.33	1.27
along	-0.33	1.34
seal	-0.33	1.25
regret	-0.33	1.46
choosing	-0.33	1.29
chicago	-0.33	1.15
practicing	-0.33	1.34
torn	-0.33	1.38
things	-0.33	1.94
tired	-0.33	1.30
reasons	-0.33	1.51
sole	-0.33	1.27
wave	-0.33	1.13
article	-0.33	1.46
motorcycle	-0.33	1.23
american	-0.33	1.39
attached	-0.33	1.32
hardly	-0.32	1.52
none	-0.32	1.38
breaking	-0.32	1.32
gunmetals	-0.32	1.25
44s	-0.32	1.37
stopped	-0.32	1.52
41	-0.32	1.24
ran	-0.32	1.17
means	-0.32	1.69
accept	-0.32	1.44
china	-0.32	1.05
minus	-0.32	1.25
sand	-0.32	1.27
challenge	-0.32	1.28
preferably	-0.31	1.43
lay	-0.31	1.28
loosen	-0.31	1.31
mods	-0.31	1.44
struggle	-0.31	1.30
common	-0.31	1.29
triple	-0.31	1.29
curbs	-0.31	1.26
goofy	-0.31	1.52
jam	-0.31	1.20
link	-0.31	1.75
table	-0.31	1.20
lake	-0.31	1.12
showing	-0.31	1.25
cracks	-0.31	1.29
ii	-0.30	1.25
dont	-0.30	2.00
asking	-0.30	1.90
file	-0.30	1.27
mr	-0.30	1.30
pulled	-0.30	1.08
never	-0.30	1.97
rocks	-0.30	1.26
rub	-0.30	1.25
punk	-0.30	1.33
gain	-0.30	1.33
entirely	-0.30	1.82
paved	-0.30	1.23
brand	-0.30	1.33
despite	-0.29	1.25
tl	-0.29	1.31
recent	-0.29	1.13
pux	-0.29	1.23
account	-0.29	1.36
stress	-0.29	1.31
heelsides	-0.29	1.46
pictures	-0.29	1.55
required	-0.29	1.25
pass	-0.29	1.31
reduce	-0.28	1.32
pre	-0.28	1.27
<SPECIAL>	-0.28	1.09
<URL>	-0.28	1.09
situations	-0.28	1.37
reverse	-0.28	1.21
cuz	-0.28	1.46
thread	-0.28	1.80
fakie	-0.28	1.27
uk	-0.28	1.25
tsg	-0.28	1.27
sports	-0.28	1.07
c	-0.28	1.12
learn	-0.28	1.41
county	-0.28	1.06
boards	-0.28	1.52
spin	-0.28	1.24
follow	-0.28	1.29
necessarily	-0.28	1.72
pantheon	-0.28	1.06
predator	-0.28	1.24
randal	-0.27	1.22
sitting	-0.27	1.23
min	-0.27	1.40
charge	-0.27	1.53
filming	-0.27	1.16
basically	-0.27	1.41
flow	-0.27	1.04
university	-0.27	1.32
confirmed	-0.27	1.31
posts	-0.27	1.55
simply	-0.27	1.40
protect	-0.27	1.23
removing	-0.27	1.30
over	-0.27	1.38
king	-0.26	1.21
guitar	-0.26	1.21
performance	-0.26	1.27
message	-0.26	1.37
becomes	-0.26	1.42
according	-0.26	1.17
active	-0.26	1.17
plz	-0.26	1.34
talk	-0.26	1.51
rkps	-0.26	1.29
drift	-0.26	1.42
power	-0.26	1.23
karate	-0.26	1.33
leaving	-0.26	1.23
joking	-0.26	1.83
hit	-0.26	1.35
country	-0.26	1.19
odd	-0.26	1.43
sucks	-0.26	2.68
purpose	-0.26	1.47
setting	-0.25	1.51
third	-0.25	1.52
hi5ber	-0.25	1.34
9	-0.25	1.18
motion	-0.25	1.27
checked	-0.25	1.40
amounts	-0.25	1.08
near	-0.25	1.34
stores	-0.25	1.26
wrote	-0.25	1.26
hardware	-0.25	1.17
carrying	-0.25	1.30
toesides	-0.24	1.45
3-4	-0.24	1.26
rojas	-0.24	1.03
requires	-0.24	1.37
context	-0.24	1.74
cronin	-0.24	1.38
sesh	-0.24	1.24
beach	-0.24	1.15
mph	-0.24	1.37
casual	-0.24	1.32
paper	-0.24	1.19
caliber	-0.24	1.24
greatest	-0.24	2.68
potentially	-0.24	1.29
somewhere	-0.24	1.31
amp	-0.24	1.25
ollies	-0.24	1.26
gunmetal	-0.24	1.23
commenting	-0.24	1.47
jumping	-0.24	1.15
frame	-0.24	1.24
unsure	-0.24	1.80
marks	-0.24	1.28
distribution	-0.24	1.35
ridden	-0.24	1.99
comes	-0.24	1.34
paths	-0.24	1.25
videos	-0.23	1.30
obvious	-0.23	1.35
ad	-0.23	1.21
block	-0.23	1.14
boxes	-0.23	1.26
t	-0.23	1.23
yet	-0.23	1.96
r/skateboarding	-0.23	1.59
bolts	-0.23	1.17
meet	-0.23	1.41
races	-0.23	1.04
inner	-0.23	1.20
toes	-0.23	1.37
wife	-0.23	1.99
shell	-0.23	1.26
vacation	-0.23	1.16
buddy	-0.22	1.48
via	-0.22	1.41
test	-0.22	1.26
boarder	-0.22	1.02
bright	-0.22	1.09
photoshop	-0.22	1.37
honest	-0.22	1.71
diameter	-0.22	1.34
bend	-0.22	1.38
tricks	-0.22	1.31
shirts	-0.22	1.21
30mph	-0.22	1.48
school	-0.22	1.19
practically	-0.22	1.47
email	-0.22	1.44
college	-0.22	1.22
argue	-0.22	1.96
tool	-0.22	1.10
kingpins	-0.21	1.17
built	-0.21	1.11
matters	-0.21	1.54
effect	-0.21	1.40
between	-0.21	1.39
rail	-0.21	1.25
brake	-0.21	1.56
six	-0.21	1.11
shave	-0.21	1.56
played	-0.21	1.15
ex	-0.21	1.72
perhaps	-0.20	1.23
classes	-0.20	1.28
section	-0.20	1.50
outta	-0.20	1.16
let	-0.20	1.55
smallest	-0.20	1.92
measure	-0.20	1.56
acceleration	-0.20	1.29
grabbed	-0.20	1.10
surfing	-0.20	1.15
focus	-0.20	1.33
level	-0.20	1.28
happened	-0.20	1.69
noise	-0.20	1.36
ollie	-0.20	1.22
note	-0.20	1.38
links	-0.20	1.42
22	-0.20	1.37
placement	-0.20	1.31
paris	-0.20	1.22
raffi	-0.19	1.23
fish	-0.19	1.34
himself	-0.19	1.13
threesix	-0.19	1.32
convince	-0.19	1.39
tree	-0.19	1.12
surface	-0.19	1.20
favorite	-0.19	2.68
recommended	-0.19	1.19
air	-0.19	1.05
heading	-0.19	1.06
unfortunately	-0.19	1.54
won	-0.19	1.00
deciding	-0.19	1.50
switched	-0.19	1.00
46	-0.18	1.20
die	-0.18	1.41
travel	-0.18	1.34
science	-0.18	1.25
dgt	-0.18	1.81
iis	-0.18	1.28
adds	-0.18	1.11
pull	-0.18	1.39
paid	-0.18	1.36
draw	-0.18	1.13
upside	-0.18	1.27
stand	-0.18	1.45
shuvits	-0.18	1.27
discipline	-0.18	1.55
copy	-0.18	1.13
book	-0.18	1.45
44	-0.18	1.22
awkward	-0.18	1.43
wedging	-0.18	1.26
route	-0.17	1.31
clip	-0.17	1.20
technique	-0.17	1.43
rotation	-0.17	1.32
upvote	-0.17	1.42
braking	-0.17	1.31
manufacturer	-0.17	1.34
radius	-0.17	1.41
daily	-0.17	1.64
tested	-0.17	1.23
u/legitboardshop	-0.17	1.28
y	-0.17	1.25
forth	-0.17	1.35
learning	-0.17	1.45
report	-0.17	1.47
off	-0.16	1.53
plate	-0.16	1.24
chip	-0.16	1.22
floor	-0.16	1.17
cal	-0.16	1.21
twitchy	-0.16	1.40
regular	-0.16	1.32
visor	-0.16	1.39
slid	-0.16	1.84
monkey	-0.16	1.44
whether	-0.16	1.70
experienced	-0.16	1.25
steal	-0.16	1.20
swing	-0.16	1.37
v2	-0.16	1.19
having	-0.16	1.54
shut	-0.16	1.23
bolt	-0.16	1.17
discussion	-0.16	1.68
racing	-0.16	1.17
attack	-0.16	1.20
local	-0.16	1.32
minimal	-0.16	1.23
repost	-0.15	1.69
cat	-0.15	0.96
press	-0.15	1.35
ny	-0.15	1.16
geometry	-0.15	1.25
bent	-0.15	1.15
eat	-0.15	1.47
stops	-0.15	1.25
transition	-0.15	1.33
2s	-0.15	1.26
reviews	-0.15	1.42
flew	-0.15	1.19
ramp	-0.15	1.20
playing	-0.15	1.05
sidewalks	-0.15	1.25
resistance	-0.15	1.20
vented	-0.15	1.34
write	-0.15	1.35
mile	-0.15	1.11
am	-0.15	1.75
theirs	-0.14	1.23
heal	-0.14	1.60
footbraking	-0.14	1.47
group	-0.14	1.24
chopped	-0.14	1.23
heels	-0.14	1.37
explaining	-0.14	1.38
e	-0.14	1.22
typically	-0.14	1.35
tits	-0.14	1.23
spinning	-0.14	1.20
50	-0.14	1.22
daddies	-0.14	1.14
applied	-0.14	1.23
taken	-0.14	1.62
paying	-0.14	1.29
grab	-0.14	1.31
shaped	-0.13	1.20
bowl	-0.13	1.29
iphone	-0.13	1.22
cals	-0.13	1.21
grade	-0.13	1.23
bonus	-0.13	1.34
ends	-0.13	1.20
cutting	-0.13	1.26
versions	-0.12	1.39
throwing	-0.12	1.38
vector	-0.12	1.17
outer	-0.12	1.16
ground	-0.12	1.36
hangers	-0.12	1.16
home	-0.12	1.25
48	-0.12	1.24
hence	-0.12	1.34
without	-0.12	1.46
mounting	-0.12	1.17
smoke	-0.12	1.30
warning	-0.12	1.27
im	-0.11	1.80
forgot	-0.11	2.00
18	-0.11	1.03
company	-0.11	1.14
finals	-0.11	1.29
session	-0.11	1.25
particular	-0.11	1.59
luge	-0.11	1.27
protection	-0.11	1.19
bell	-0.11	1.24
everytime	-0.11	1.40
stop	-0.11	1.53
boston	-0.11	1.20
been	-0.11	1.83
vancouver	-0.10	1.22
became	-0.10	1.25
hilly	-0.10	1.18
special	-0.10	1.27
sit	-0.10	1.32
swag	-0.10	1.06
under	-0.10	1.33
slap	-0.10	1.24
throughout	-0.10	1.23
aside	-0.10	0.99
tools	-0.10	1.23
flipped	-0.10	1.35
stretch	-0.10	1.24
bumps	-0.10	1.29
affects	-0.10	1.49
west	-0.09	1.11
mailbox	-0.09	1.34
allows	-0.09	1.21
foam	-0.09	1.19
shops	-0.09	1.26
previous	-0.09	1.56
bat	-0.09	1.25
depth	-0.09	1.26
raked	-0.09	1.36
treat	-0.09	1.19
2.0	-0.09	1.35
nuts	-0.09	1.16
states	-0.09	1.14
wise	-0.09	1.15
shark	-0.09	1.11
havent	-0.09	1.79
lose	-0.09	1.33
skated	-0.09	1.70
fb	-0.09	1.32
stopping	-0.08	1.35
pa	-0.08	1.22
down	-0.08	1.51
cooler	-0.08	1.46
forged	-0.08	1.13
visit	-0.08	1.08
nickel	-0.08	1.30
racer	-0.08	1.21
page	-0.08	1.34
beer	-0.08	1.15
latest	-0.08	1.58
gone	-0.08	1.97
kill	-0.08	1.45
1	-0.08	1.27
atlas	-0.08	1.18
east	-0.08	1.10
canada	-0.08	1.16
50s	-0.08	1.18
owned	-0.08	1.83
pop	-0.08	1.20
taking	-0.08	1.47
position	-0.07	1.32
primarily	-0.07	1.26
boardshop	-0.07	1.16
rakeless	-0.07	1.37
heats	-0.07	1.04
til	-0.07	1.31
honestly	-0.07	2.04
mission	-0.07	1.12
vids	-0.07	1.17
grass	-0.07	1.30
wooden	-0.07	1.16
ship	-0.07	1.22
sponsor	-0.07	1.19
tempest	-0.07	0.97
couldnt	-0.06	1.45
product	-0.06	1.12
calibers	-0.06	1.23
sky	-0.06	1.21
florida	-0.06	1.17
ve	-0.06	1.93
app	-0.06	1.30
experience	-0.06	1.62
hanger	-0.06	1.21
international	-0.06	1.19
stinkbug	-0.06	1.27
online	-0.06	1.22
adjust	-0.06	1.25
balance	-0.06	1.30
specs	-0.06	1.50
quote	-0.06	1.30
manuals	-0.06	1.23
maryhill	-0.06	1.04
myself	-0.06	1.48
step	-0.06	1.19
17	-0.06	1.07
line	-0.06	1.16
threads	-0.06	1.41
b/s/t	-0.06	1.40
coffee	-0.06	1.07
plank	-0.05	1.23
break	-0.05	1.47
chattery	-0.05	1.44
rubber	-0.05	1.16
drink	-0.05	1.24
eye	-0.05	1.08
listening	-0.05	1.20
boat	-0.05	1.23
address	-0.05	1.29
hitting	-0.05	1.36
areas	-0.05	1.19
events	-0.05	1.17
closer	-0.05	1.31
isnt	-0.05	1.38
plastic	-0.05	1.11
trucks	-0.04	1.15
toward	-0.04	1.30
class	-0.04	1.16
43	-0.04	1.19
source	-0.04	1.27
android	-0.04	1.23
pushed	-0.04	1.13
forget	-0.04	1.35
kept	-0.04	1.47
pressure	-0.04	1.21
popular	-0.04	1.36
knew	-0.04	1.86
snap	-0.04	1.50
certain	-0.04	1.51
card	-0.04	1.07
atleast	-0.04	1.39
baseplates	-0.04	1.19
snowboarding	-0.04	1.18
granted	-0.04	1.31
muirskate	-0.04	1.12
mountain	-0.04	1.21
official	-0.04	1.27
drifting	-0.04	1.33
stock	-0.04	1.16
pure	-0.04	1.24
washers	-0.04	1.10
how	-0.04	2.06
describe	-0.04	1.35
dual	-0.04	1.22
nelson	-0.03	1.30
rodz	-0.03	1.09
everyday	-0.03	1.37
ca	-0.03	2.00
guard	-0.03	1.15
bored	-0.03	1.50
using	-0.03	1.40
facebook	-0.03	1.27
foot	-0.03	1.53
decks	-0.03	1.38
coring	-0.03	1.14
complaint	-0.03	1.80
including	-0.03	1.10
pages	-0.03	1.33
99	-0.03	1.32
funboxdist	-0.03	1.16
benefits	-0.03	1.34
child	-0.03	1.32
nut	-0.03	1.19
lying	-0.03	1.30
glass	-0.03	1.08
fluid	-0.03	1.24
ski	-0.02	1.18
30	-0.02	1.25
hangars	-0.02	1.16
stickers	-0.02	1.10
popsicle	-0.02	1.16
tempted	-0.02	1.74
arbor	-0.02	1.08
trust	-0.02	1.38
instead	-0.02	1.43
wheelbite	-0.02	1.44
sold	-0.02	1.29
full	-0.02	1.27
plates	-0.02	1.17
sells	-0.02	1.21
shift	-0.02	1.17
during	-0.02	1.26
m	-0.02	1.78
legitboardshop	-0.02	1.14
chin	-0.02	1.16
rkp	-0.02	1.12
transportation	-0.02	1.26
actual	-0.02	1.19
website	-0.02	1.16
components	-0.01	1.24
edits	-0.01	1.15
comfortably	-0.01	1.38
irc	-0.01	1.28
blunt	-0.01	1.08
store	-0.01	1.24
slip	-0.01	1.41
experiences	-0.01	1.51
insert	-0.01	1.40
clearly	-0.01	1.30
driveway	-0.01	1.28
bay	-0.01	1.10
giant	-0.01	1.28
words	-0.01	1.35
sorry	-0.01	2.77
basic	-0.01	1.32
cup	-0.01	1.16
life	-0.01	2.29
please	-0.01	1.53
snowboard	-0.01	1.12
production	-0.01	1.01
blue	-0.01	1.21
glue	-0.01	1.21
protective	-0.01	1.21
truth	-0.01	1.92
cruised	-0.01	1.33
uphill	-0.01	1.42
brown	-0.01	1.10
accurate	-0.01	1.19
pack	-0.01	1.17
profile	-0.01	1.19
michigan	-0.01	1.14
stole	-0.01	1.16
curious	-0.01	1.88
pivot	-0.01	1.17
redrill	-0.00	1.35
cheap	-0.00	1.30
edge	-0.00	1.17
neighborhood	-0.00	1.19
benefit	-0.00	1.42
their	-0.00	1.12
hour	-0.00	1.28
season	-0.00	1.22
responses	0.00	1.55
holding	0.00	1.35
pivots	0.00	1.13
tkp	0.00	1.10
nose	0.00	1.15
flatspots	0.00	1.28
eyes	0.00	1.22
standard	0.00	1.08
warped	0.00	1.15
135	0.00	1.39
ahead	0.00	1.44
limit	0.00	1.31
confirm	0.00	1.09
sticky	0.01	1.34
straight	0.01	1.36
depending	0.01	1.38
gotten	0.01	1.74
creative	0.01	1.07
door	0.01	1.13
due	0.01	1.39
wake	0.01	1.18
vibrations	0.01	1.19
version	0.01	1.31
interested	0.01	1.89
sidebar	0.01	1.37
grain	0.01	0.99
180mm	0.01	1.14
switching	0.01	1.28
20	0.01	1.23
problems	0.01	1.61
mode	0.01	1.34
fully	0.01	1.23
sabre	0.01	1.09
before	0.01	1.75
tighten	0.01	1.20
kray	0.01	1.14
world	0.01	2.39
depends	0.02	1.55
mod	0.02	1.20
momentum	0.02	1.24
muir	0.02	1.13
durability	0.02	1.13
baseplate	0.02	1.20
personal	0.02	1.50
flat	0.02	1.16
unicorn	0.02	1.22
8	0.02	1.23
threw	0.02	1.21
failed	0.02	1.24
lb	0.02	1.23
weighs	0.02	1.21
area	0.02	1.04
interest	0.02	1.56
tightened	0.02	1.19
regarding	0.02	1.34
evenly	0.02	1.08
we	0.02	1.68
wondering	0.02	1.96
traditional	0.02	1.14
complete	0.02	1.19
direct	0.02	1.20
funbox	0.03	1.15
dropthrough	0.03	1.18
cups	0.03	1.16
longboarding	0.03	1.26
angel	0.03	1.14
improve	0.03	1.29
crack	0.03	1.29
intended	0.03	1.62
relevant	0.03	1.43
lifelong	0.03	1.13
move	0.03	1.40
corners	0.03	1.25
stands	0.03	1.08
3rd	0.03	1.16
ive	0.03	1.91
grow	0.03	1.30
r	0.03	1.25
v2s	0.03	1.14
moves	0.03	1.28
dropping	0.03	1.30
doing	0.03	1.47
pressed	0.03	1.31
sloppy	0.03	1.24
attach	0.03	1.20
plain	0.04	1.09
issue	0.04	1.81
id	0.04	1.75
lakai	0.04	1.31
cores	0.04	1.29
42	0.04	1.14
places	0.04	1.38
angled	0.04	1.24
avoid	0.04	1.25
barely	0.04	1.30
date	0.04	1.21
yesterday	0.04	1.27
image	0.04	1.28
afraid	0.04	1.64
inside	0.04	1.17
package	0.04	1.13
action	0.04	1.38
pin	0.04	1.14
discount	0.05	1.11
switchback	0.05	1.16
atm	0.05	1.29
asap	0.05	1.37
lathe	0.05	1.27
tag	0.05	1.17
placed	0.05	1.18
sooner	0.05	1.49
away	0.05	1.29
purchased	0.05	1.12
rotate	0.05	1.27
25	0.05	1.25
and/or	0.05	1.09
removed	0.05	1.54
confident	0.05	1.33
helmets	0.05	1.13
did	0.05	2.02
watching	0.05	1.01
sits	0.05	1.20
rear	0.05	1.26
tend	0.05	1.51
security	0.05	1.20
airframe	0.05	1.24
bros	0.05	1.15
items	0.05	1.13
dunno	0.05	1.27
garages	0.05	1.18
twist	0.05	1.08
250	0.05	1.25
pm	0.05	1.44
trouble	0.06	1.53
ways	0.06	1.56
youll	0.06	1.66
spelling	0.06	1.71
parking	0.06	1.19
useful	0.06	1.21
kingpin	0.06	1.18
leave	0.06	1.33
stepping	0.06	1.15
orders	0.06	1.20
stage	0.06	1.23
south	0.06	1.02
nicer	0.06	1.22
ability	0.06	1.38
through	0.06	1.16
degrees	0.06	1.23
chances	0.06	1.41
considered	0.06	1.47
k4	0.07	1.09
ct	0.07	1.23
age	0.07	1.00
topmounts	0.07	1.34
weigh	0.07	1.34
putting	0.07	1.39
per	0.07	1.37
silverfish	0.07	1.37
five	0.07	1.18
noticeable	0.07	1.21
boys	0.07	1.07
steel	0.07	0.96
order	0.07	1.17
thinking	0.07	1.76
v1	0.07	1.12
weak	0.07	1.20
cnc	0.07	1.09
issues	0.07	1.55
storm	0.07	1.42
half	0.07	1.21
born	0.07	1.04
working	0.07	1.51
push	0.07	1.35
ended	0.07	1.52
lbs	0.07	1.34
play	0.08	1.11
forms	0.08	1.05
confidence	0.08	1.20
weeks	0.08	1.35
90	0.08	1.25
15	0.08	1.19
addition	0.08	1.10
trail	0.08	1.19
16	0.08	1.06
usa	0.08	1.19
send	0.08	1.31
busy	0.08	1.17
bag	0.08	1.10
170	0.08	1.35
degree	0.08	1.21
therefore	0.08	1.21
beginning	0.08	1.20
sort	0.08	1.40
planning	0.08	1.51
chance	0.08	1.78
acid	0.08	1.32
listed	0.08	1.40
12	0.08	1.23
pounds	0.09	1.29
friendly	0.09	1.19
following	0.09	1.23
helmet	0.09	1.13
park	0.09	1.15
trip	0.09	0.98
wedges	0.09	1.23
kelly	0.09	1.00
campus	0.09	1.18
times	0.09	1.60
gt	0.09	1.33
allow	0.09	1.28
practice	0.09	1.26
drawing	0.09	1.09
general	0.09	1.56
louis	0.09	1.11
batch	0.09	1.15
disciplines	0.09	1.34
blank	0.09	1.11
each	0.09	1.55
randall	0.09	1.20
surprise	0.09	0.90
crank	0.09	1.28
event	0.09	1.15
join	0.09	1.23
touch	0.09	1.37
bed	0.09	1.13
shock	0.09	1.22
2nd	0.09	1.06
quarter	0.09	1.24
65	0.09	1.19
pieces	0.09	1.15
topmount	0.09	1.32
doe	0.09	1.18
sites	0.10	1.14
important	0.10	1.20
factor	0.10	1.36
room	0.10	1.26
large	0.10	1.33
gripping	0.10	1.25
show	0.10	1.45
rolls	0.10	1.12
indeesz	0.10	1.10
north	0.10	0.95
kicktails	0.10	1.26
ruined	0.10	1.14
ten	0.10	1.29
smell	0.10	1.11
suddenly	0.10	1.21
casts	0.10	1.28
color	0.10	0.99
160	0.10	1.25
battery	0.10	1.14
beat	0.10	1.16
semester	0.10	1.22
average	0.10	1.31
stories	0.10	1.36
churchill	0.10	1.14
ask	0.10	1.60
held	0.10	1.40
subject	0.11	1.23
mike	0.11	1.06
code	0.11	1.14
wedged	0.11	1.24
worn	0.11	1.19
extreme	0.11	1.28
mounted	0.11	1.21
ebay	0.11	1.27
commit	0.11	1.45
vibration	0.11	1.25
trick	0.11	1.10
guards	0.11	1.16
sessions	0.11	1.32
plans	0.11	1.31
6	0.11	1.32
watch	0.11	1.12
washer	0.11	1.12
40	0.11	1.12
wedge	0.11	1.21
coarse	0.11	1.22
parts	0.11	1.28
kanthaka	0.11	0.98
skinny	0.11	1.20
strap	0.11	1.27
400	0.11	1.26
curbed	0.11	1.39
usually	0.11	1.64
garage	0.12	1.16
80	0.12	1.24
can	0.12	1.77
material	0.12	1.16
width	0.12	1.27
riot	0.12	1.11
vs	0.12	1.17
location	0.12	1.01
phat	0.12	1.15
our	0.12	1.28
tried	0.12	1.81
boarding	0.12	1.26
value	0.12	1.29
knife	0.12	1.13
messing	0.12	1.19
research	0.12	1.36
tubes	0.12	1.12
tape	0.12	1.17
gear	0.12	1.32
5	0.12	1.34
ultra	0.12	1.27
longest	0.12	2.35
return	0.12	1.29
commute	0.12	1.25
increase	0.12	1.32
adding	0.12	1.42
weight	0.12	1.33
shots	0.12	1.38
14	0.12	1.06
shop	0.13	1.22
hoots	0.13	1.14
cash	0.13	1.43
fancy	0.13	1.34
original	0.13	1.19
screen	0.13	0.98
gangster	0.13	1.31
opportunity	0.13	1.34
miles	0.13	1.28
model	0.13	1.09
apply	0.13	1.14
surprised	0.13	1.61
island	0.13	1.04
lineup	0.13	0.95
almost	0.13	1.63
physics	0.13	1.24
paypal	0.13	1.25
preferred	0.13	1.26
seconds	0.13	1.32
reccomend	0.13	1.32
tugboat	0.13	1.32
scene	0.13	1.15
abuse	0.13	1.31
pad	0.13	1.21
profit	0.13	1.14
rake	0.13	1.26
150	0.13	1.25
james	0.13	1.00
england	0.14	1.13
decide	0.14	1.67
bst	0.14	1.37
slop	0.14	1.23
live	0.14	0.98
60	0.14	1.22
6'2	0.14	1.26
150mm	0.14	1.11
bo	0.14	1.05
wanted	0.14	1.65
risers	0.14	1.26
drop-through	0.14	1.20
75	0.14	1.25
didnt	0.14	1.72
plugs	0.14	1.12
party	0.14	1.14
120	0.14	1.25
rate	0.14	1.20
project	0.14	1.12
scratched	0.14	0.95
free	0.14	1.30
shipping	0.14	1.22
shoot	0.14	1.37
seen	0.14	1.76
difference	0.14	1.56
mob	0.15	1.19
precision	0.15	1.09
living	0.15	0.91
lasted	0.15	1.43
moving	0.15	1.11
or	0.15	1.88
hero	0.15	1.00
amish	0.15	1.08
question	0.15	1.69
northern	0.15	0.98
selling	0.15	1.44
homewrecker	0.15	0.99
ratio	0.15	1.18
sent	0.15	1.20
oregon	0.15	1.16
4	0.15	1.34
mix	0.15	1.21
riptide	0.15	1.08
ago	0.15	1.43
200	0.15	1.25
scale	0.15	1.22
flatspotted	0.15	1.26
tracker	0.15	1.16
zig	0.15	1.15
big	0.16	1.56
cant	0.16	1.77
stone	0.16	1.24
album	0.16	1.25
popping	0.16	1.05
1/2	0.16	1.17
years	0.16	1.38
york	0.16	0.97
sleeved	0.16	1.08
cut	0.16	1.09
pushes	0.16	1.29
29	0.16	1.26
even	0.16	2.25
require	0.16	1.29
led	0.16	1.07
chop	0.16	1.28
tracking	0.16	1.19
bucks	0.16	1.27
instantly	0.16	1.35
quality	0.16	1.25
vanguard	0.16	1.08
groups	0.16	1.27
trading	0.16	1.21
mixed	0.16	1.27
95a	0.16	1.08
prototype	0.16	1.13
mongo	0.16	1.30
see	0.16	1.87
craigslist	0.16	1.31
pro	0.16	1.03
finished	0.16	1.22
gold	0.16	1.08
dubler	0.16	1.03
support	0.16	1.20
ltd	0.17	1.15
stability	0.17	1.23
skiddles	0.17	1.07
3	0.17	1.37
debating	0.17	1.29
tightening	0.17	1.24
plan	0.17	1.50
change	0.17	1.57
kicking	0.17	1.36
choppy	0.17	1.42
here	0.17	1.64
games	0.17	1.07
lots	0.17	1.28
hours	0.17	1.33
peewees	0.17	1.06
liking	0.17	0.89
sending	0.17	1.24
characteristics	0.17	1.33
spend	0.17	1.32
upper	0.17	1.23
outside	0.17	1.09
opinion	0.17	1.70
respond	0.17	1.37
blood	0.17	1.12
gopro	0.17	1.10
music	0.17	1.10
minutes	0.17	1.31
answered	0.17	1.49
2-3	0.17	1.31
longboards	0.17	1.14
soda	0.17	1.17
controlled	0.17	1.12
improved	0.17	1.27
arrow	0.17	1.05
absorb	0.18	1.29
appears	0.18	1.17
dying	0.18	1.22
metric	0.18	1.14
running	0.18	1.16
10	0.18	1.24
bc	0.18	1.08
video	0.18	0.92
1/4	0.18	1.21
selection	0.18	1.26
tkps	0.18	1.07
went	0.18	1.29
traction	0.18	1.28
soooo	0.18	1.51
newbie	0.18	1.33
jati	0.18	1.09
pool	0.18	1.18
industry	0.18	1.09
dollars	0.18	1.29
filmed	0.18	1.14
130	0.18	1.22
1/8	0.18	1.21
year	0.18	1.27
compared	0.18	1.21
materials	0.18	0.90
pics	0.18	1.40
surfrodz	0.18	1.05
since	0.18	1.80
fellow	0.18	1.20
definetly	0.18	1.32
7	0.18	1.27
suggest	0.18	1.37
grips	0.18	1.29
noticed	0.18	1.51
zags	0.18	1.16
wfb	0.18	1.07
skate	0.18	1.45
compress	0.19	1.31
hangar	0.19	1.19
tail	0.19	1.08
bout	0.19	1.17
shavings	0.19	1.28
contest	0.19	1.17
hills	0.19	1.19
angles	0.19	1.25
stood	0.19	1.49
past	0.19	1.41
chopping	0.19	1.21
rid	0.19	1.17
21	0.19	1.24
green	0.19	1.06
laying	0.19	1.28
sets	0.19	1.28
grip	0.19	1.20
lines	0.19	1.17
usual	0.19	1.57
ace	0.19	0.88
request	0.19	1.21
spending	0.19	1.32
proper	0.19	1.17
yourself	0.19	1.37
seats	0.19	1.19
sale	0.19	1.15
distances	0.19	1.28
state	0.19	1.07
mount	0.19	1.18
started	0.19	1.38
100	0.19	1.18
angle	0.19	1.25
jessup	0.19	1.19
sized	0.20	1.09
pros	0.20	1.25
70	0.20	1.20
leaning	0.20	1.33
cruise	0.20	1.30
warranty	0.20	1.22
seat	0.20	1.22
trying	0.20	1.90
dewedge	0.20	1.31
figure	0.20	1.68
range	0.20	1.28
riser	0.20	1.20
days	0.20	1.33
ease	0.20	1.15
4.8	0.20	1.21
razor	0.20	1.02
obviously	0.20	1.98
feature	0.20	1.21
vicious	0.20	1.17
aeras	0.20	1.08
delete	0.20	1.75
superglider	0.20	1.05
wouldnt	0.20	1.66
110	0.20	1.19
rep	0.21	1.19
liam	0.21	1.00
speed	0.21	1.26
runs	0.21	1.20
four	0.21	1.30
amount	0.21	1.23
continue	0.21	1.14
giving	0.21	1.34
woke	0.21	1.14
13	0.21	1.01
cupped	0.21	1.06
needed	0.21	1.11
urethane	0.21	1.23
physical	0.21	1.37
yeti	0.21	1.11
camera	0.21	1.14
done	0.21	1.80
independent	0.21	1.05
batray	0.21	1.13
2	0.21	1.33
recognize	0.21	1.51
75a	0.21	1.04
printed	0.21	0.93
durians	0.21	1.02
older	0.21	0.86
95	0.21	1.19
morgan	0.21	1.02
google	0.21	1.19
daisy	0.22	1.06
wall	0.22	1.13
community	0.22	1.12
swirled	0.22	1.12
gen	0.22	1.06
halfway	0.22	1.27
standards	0.22	0.94
once	0.22	1.69
justify	0.22	1.46
adam	0.22	0.92
lived	0.22	1.01
replacement	0.22	1.10
upgrading	0.22	1.26
thru	0.22	1.14
top	0.22	1.14
shapes	0.22	1.22
flips	0.22	1.20
from	0.22	1.02
getting	0.22	1.57
awhile	0.22	1.53
39	0.22	1.08
dollar	0.22	1.16
dropped	0.22	1.14
washington	0.22	1.16
could	0.22	1.93
bears	0.22	1.05
youre	0.23	1.56
surf	0.23	1.09
truck	0.23	1.24
cast	0.23	1.11
put	0.23	1.59
recommend	0.23	1.48
upload	0.23	1.33
horse	0.23	1.01
hill	0.23	1.33
pushing	0.23	1.31
shelves	0.23	0.99
own	0.23	1.39
tall	0.23	1.14
credit	0.23	1.16
speeds	0.23	1.31
suit	0.23	1.08
bombsquad	0.23	0.88
mouth	0.23	1.03
end	0.23	1.37
guide	0.23	1.32
rock	0.23	1.24
whoa	0.23	1.40
roughly	0.24	1.16
longboard	0.24	1.28
comfort	0.24	1.11
took	0.24	1.35
lens	0.24	1.16
going	0.24	1.93
hammer	0.24	1.02
cronins	0.24	1.10
125	0.24	1.26
bump	0.24	1.23
ones	0.24	1.36
bushings	0.24	1.12
height	0.24	1.29
140	0.24	1.38
changing	0.24	1.19
barrels	0.24	1.06
managed	0.24	1.50
seemed	0.24	1.28
present	0.24	0.95
purple	0.24	1.04
at	0.24	1.35
period	0.24	1.30
zak	0.24	0.97
semi	0.24	1.45
rs	0.24	1.03
around	0.24	1.32
certified	0.24	1.06
save	0.24	1.47
couple	0.24	1.31
check	0.24	1.45
opened	0.24	1.17
92a	0.24	1.05
leverage	0.24	1.25
spent	0.25	1.39
bamboo	0.25	1.12
months	0.25	1.40
ronin	0.25	1.07
asphalt	0.25	1.21
colors	0.25	1.20
fix	0.25	1.57
picking	0.25	1.39
farther	0.25	1.34
came	0.25	1.13
size	0.25	1.30
distance	0.25	1.25
3d	0.25	1.03
holds	0.25	1.26
occasional	0.25	1.20
bar	0.25	1.10
shiny	0.25	1.33
gripped	0.25	1.13
hearing	0.25	1.41
after	0.25	1.39
minimum	0.25	1.08
ircgang	0.25	1.05
ftfy	0.26	1.29
mm	0.26	1.17
promise	0.26	1.62
bombing	0.26	1.29
trades	0.26	1.33
southern	0.26	1.16
theres	0.26	1.24
roadside	0.26	1.04
oracle	0.26	0.94
add	0.26	1.34
cutout	0.26	1.08
rotating	0.26	1.07
aps	0.26	1.04
190	0.26	1.23
dedicated	0.26	1.14
shipped	0.26	1.17
red	0.26	1.04
sharp	0.26	1.13
comparison	0.26	1.18
sales	0.26	1.18
choices	0.26	1.37
maximum	0.26	1.19
least	0.26	1.48
recently	0.26	1.19
spring	0.26	1.26
turns	0.26	1.27
indy	0.27	1.04
sase	0.27	1.10
crew	0.27	1.14
larry	0.27	1.15
month	0.27	1.41
condition	0.27	1.28
protos	0.27	1.16
bs	0.27	1.03
85	0.27	1.17
bummer	0.27	2.50
concern	0.27	1.70
outs	0.27	1.17
loads	0.27	1.21
split	0.27	1.21
core	0.27	1.21
brick	0.27	1.14
93a	0.27	1.03
hang	0.27	1.19
lost	0.27	1.11
hpf	0.27	1.06
nature	0.27	1.23
sanded	0.27	0.89
barrel	0.27	1.04
dt	0.27	1.09
rode	0.27	1.46
vault	0.27	1.06
stencil	0.27	1.09
orange	0.27	1.07
youtube	0.27	0.96
funky	0.27	1.26
fuck	0.27	2.44
second	0.27	1.63
37	0.28	1.08
curve	0.28	1.26
ordering	0.28	1.29
white	0.28	1.05
polyurethane	0.28	1.10
eliminator	0.28	1.05
iirc	0.28	1.18
cones	0.28	1.06
lifetime	0.28	1.37
flywheels	0.28	1.05
cone	0.28	1.05
normal	0.28	1.24
gives	0.28	1.19
several	0.28	1.43
flatspot	0.28	1.32
scratches	0.28	1.06
were	0.28	1.97
buying	0.28	1.45
wont	0.28	1.71
key	0.28	1.17
83mm	0.28	1.08
impression	0.28	1.56
boardside	0.28	1.03
consider	0.29	1.42
track	0.29	1.14
square	0.29	1.12
nearly	0.29	1.50
elim	0.29	1.05
lunch	0.29	0.83
ronins	0.29	1.05
lem	0.29	1.33
equipment	0.29	1.19
unique	0.29	1.18
contact	0.29	1.23
bite	0.29	1.38
thus	0.29	1.18
mantaray	0.29	1.07
start	0.29	1.58
downhill/freeride	0.29	1.35
excuse	0.29	1.43
cases	0.29	1.13
indys	0.29	1.03
space	0.29	1.22
chose	0.29	1.34
inch	0.29	1.19
hardness	0.29	1.32
89a	0.29	1.04
dinghy	0.29	1.03
sanding	0.29	1.10
signed	0.29	1.18
comet	0.29	1.08
28	0.29	1.19
mention	0.29	1.95
dancers	0.29	1.19
shr	0.29	1.03
farm	0.30	1.13
lip	0.30	1.15
discontinued	0.30	1.35
flatland	0.30	1.25
double	0.30	1.13
footage	0.30	1.11
wo	0.30	1.74
style	0.30	1.44
gnarly	0.30	2.47
details	0.30	1.33
night	0.30	1.16
black	0.30	1.05
maintain	0.30	1.12
attempt	0.30	1.06
writing	0.30	1.20
miss	0.30	2.31
elims	0.30	1.07
bombed	0.30	1.33
8.5/10	0.30	1.16
hooked	0.30	1.18
85a	0.30	1.03
5.8	0.30	1.11
prices	0.30	1.14
channel	0.30	0.87
87a	0.30	1.04
mold	0.30	1.21
had	0.30	1.76
hold	0.30	1.42
further	0.31	1.15
mail	0.31	1.13
polar	0.31	1.01
sabres	0.31	1.04
planned	0.31	1.07
extra	0.31	1.31
create	0.31	1.25
images	0.31	1.28
durometer	0.31	1.33
aera	0.31	1.05
sport	0.31	1.07
say	0.31	2.14
ish	0.31	1.24
deliver	0.31	1.30
tbh	0.31	1.36
cramped	0.31	1.22
pedals	0.31	1.23
technical	0.31	1.24
venom	0.31	1.05
few	0.31	1.32
rare	0.31	1.10
havoc	0.31	1.09
rogue	0.31	1.12
barfight	0.31	1.14
formulas	0.32	1.13
footstop	0.32	0.97
23	0.32	1.26
questions	0.32	1.51
backlash	0.32	1.06
styles	0.32	1.27
duros	0.32	1.35
factory	0.32	1.11
155	0.32	1.05
preference	0.32	1.45
money	0.32	1.44
find	0.32	1.78
building	0.32	1.30
three	0.32	1.34
yellow	0.32	1.05
gumballs	0.32	0.97
search	0.32	1.23
commuting	0.32	1.22
minute	0.32	1.08
riding	0.32	1.77
sheet	0.32	1.10
proto	0.32	1.25
regardless	0.32	1.09
concept	0.32	1.30
pay	0.33	1.38
skatan	0.33	0.99
effort	0.33	1.26
32	0.33	1.04
hardcore	0.33	1.04
impossible	0.33	1.23
8.5	0.33	1.14
uh	0.33	1.52
wtb	0.33	1.22
within	0.33	1.30
spare	0.33	1.15
build	0.33	1.24
kick	0.33	1.13
brother	0.33	1.15
truly	0.33	1.00
every	0.33	1.57
dancer	0.33	1.14
skating	0.33	1.28
movie	0.33	0.84
38	0.33	1.09
january	0.33	1.18
hook	0.33	1.33
roxie	0.33	1.03
literally	0.33	1.38
pnl	0.33	1.01
rocking	0.33	1.22
safety	0.33	1.09
favorites	0.34	1.33
massive	0.34	1.23
up	0.34	1.54
together	0.34	1.22
patch	0.34	1.23
helping	0.34	1.15
written	0.34	1.31
logo	0.34	0.97
drop	0.34	1.14
9.5	0.34	1.24
comparable	0.34	1.13
47	0.34	1.14
apex	0.34	0.99
america	0.34	1.07
wts	0.34	1.13
ride	0.34	1.53
picture	0.34	1.49
pls	0.34	1.10
upgraded	0.34	1.03
r/longboarding	0.34	1.22
finish	0.34	1.02
lipped	0.34	1.10
shape	0.34	1.38
run	0.34	1.24
lets	0.34	1.23
traded	0.34	1.15
dance	0.34	1.15
week	0.34	1.30
layer	0.34	1.05
photos	0.34	1.30
heh	0.34	1.54
ftw	0.35	1.31
control	0.35	1.26
chubby	0.35	1.04
share	0.35	1.29
flush	0.35	1.16
pump	0.35	1.29
film	0.35	1.01
sides	0.35	1.00
cloudride	0.35	0.88
offset	0.35	1.10
sheets	0.35	1.06
receive	0.35	1.19
vote	0.35	1.18
10/10	0.35	1.20
sticker	0.35	0.97
bomb	0.35	1.14
curb	0.35	0.93
properly	0.35	1.32
deserve	0.35	1.28
august	0.35	1.12
kyle	0.35	0.98
rounded	0.35	1.13
stingray	0.35	1.12
ruin	0.35	1.55
located	0.35	0.97
slalom	0.35	1.21
single	0.35	1.15
45	0.35	1.09
9/10	0.36	1.17
function	0.36	1.24
deals	0.36	1.22
nessie	0.36	1.08
venoms	0.36	1.13
bushing	0.36	1.20
where	0.36	1.67
hula	0.36	1.20
danger	0.36	1.02
36	0.36	1.02
summer	0.36	1.17
swear	0.36	1.29
lips	0.36	1.15
dialed	0.36	1.09
experiment	0.36	1.49
deck	0.36	1.24
city	0.36	0.91
90a	0.36	0.97
169	0.36	1.04
formula	0.36	1.20
golden	0.36	1.14
wide	0.36	1.23
dk	0.36	1.10
clear	0.36	1.08
butterballs	0.36	0.94
169s	0.37	0.97
invest	0.37	1.29
wtt/wts	0.37	1.07
27	0.37	1.22
tech	0.37	1.21
sarcasm	0.37	1.61
wts/wtt	0.37	1.17
epoxy	0.37	1.07
medium	0.37	1.17
takes	0.37	1.36
inches	0.37	1.21
camber	0.37	1.16
them	0.37	1.79
replies	0.37	1.53
checking	0.37	1.14
poke	0.37	1.13
bgdk	0.37	1.08
6/10	0.37	1.07
if	0.37	2.08
canes	0.37	0.90
slow	0.37	1.32
dimensions	0.37	1.44
tutorial	0.38	1.04
provide	0.38	1.10
sell	0.38	1.59
db	0.38	0.96
9.5/10	0.38	1.09
models	0.38	1.12
edges	0.38	1.01
orangatang	0.38	0.99
options	0.38	1.42
morning	0.38	1.15
300	0.38	1.20
nemesis	0.38	0.99
symmetrical	0.38	1.17
last	0.38	1.38
directional	0.38	1.22
given	0.38	1.23
relatively	0.38	1.35
exactly	0.39	1.87
practical	0.39	1.43
used	0.39	1.65
lately	0.39	1.17
potato	0.39	1.14
boombox	0.39	1.03
precisions	0.39	1.07
savage	0.39	1.23
2015	0.39	1.10
cost	0.39	1.28
ma	0.39	1.17
kebbek	0.39	0.98
grizzly	0.39	0.95
shredded	0.39	1.08
april	0.39	1.11
stance	0.39	1.25
empty	0.39	1.03
base	0.39	1.33
madrid	0.39	1.05
canyon	0.39	1.01
created	0.39	1.09
points	0.39	1.24
skills	0.39	1.15
released	0.39	1.04
individual	0.40	1.20
afford	0.40	1.45
lasts	0.40	1.22
remember	0.40	1.53
reference	0.40	1.09
noah	0.40	1.05
77mm	0.40	0.95
unstable	0.40	1.29
mostly	0.40	1.25
day	0.40	1.32
mild	0.40	1.28
moderate	0.40	1.26
zombie	0.40	0.97
69mm	0.40	1.08
kt	0.40	1.09
cantellated	0.40	1.05
keeping	0.40	1.19
length	0.40	1.27
11	0.40	0.87
dancing	0.40	1.23
sakamoto	0.40	1.05
edition	0.40	0.89
arbiter	0.41	1.08
willing	0.41	1.64
mark	0.41	0.98
roger	0.41	1.15
eventually	0.41	1.56
swap	0.41	1.29
encouraging	0.41	1.64
battle	0.41	1.05
separate	0.41	1.25
lunchtray	0.41	1.02
alot	0.41	1.24
meaning	0.41	1.24
grit	0.41	1.17
eliminators	0.41	1.11
vents	0.42	1.00
street	0.42	0.98
turning	0.42	1.26
raw	0.42	0.86
favourite	0.42	1.79
hes	0.42	1.53
bet	0.42	1.73
cloud	0.42	0.85
97a	0.42	1.07
carve	0.42	1.19
soft	0.42	1.19
pnls	0.42	1.01
redrilled	0.42	1.00
narrow	0.42	1.22
farmer	0.42	1.08
load	0.42	1.08
abec	0.42	0.87
miniglider	0.42	1.05
carving	0.42	1.23
beyond	0.42	1.26
appear	0.42	1.23
opinions	0.42	1.30
santa	0.42	0.97
making	0.43	1.44
budget	0.43	1.25
26	0.43	1.34
tight	0.43	1.22
setups	0.43	1.29
while	0.43	1.42
detail	0.43	1.24
hybrid	0.43	1.13
reflex	0.43	0.98
stick	0.43	1.48
dial	0.43	1.26
barrel/cone	0.43	1.10
use	0.43	1.31
bhangra	0.43	1.08
y'all	0.43	1.03
looking	0.43	1.84
ben	0.43	0.98
throw	0.43	1.51
costs	0.43	1.19
pic	0.44	1.31
yoni	0.44	1.12
stims	0.44	0.99
coast	0.44	0.92
fits	0.44	1.17
whichever	0.44	2.23
into	0.44	1.44
sizes	0.44	1.26
crewzers	0.44	1.02
thane	0.44	1.05
small	0.44	1.23
skill	0.44	1.08
tiny	0.44	1.24
assumed	0.44	1.70
multiple	0.44	1.33
cutouts	0.44	1.15
affordable	0.44	1.23
box	0.44	0.99
tesseract	0.44	1.04
coat	0.44	0.95
offer	0.45	1.39
35	0.45	1.04
shakedown	0.45	1.04
disagree	0.45	1.95
spray	0.45	1.03
omen	0.45	1.06
rebound	0.45	1.20
wb	0.45	1.35
effective	0.45	1.56
24	0.45	1.40
freestyle	0.45	1.27
wat	0.45	1.14
knowledge	0.45	1.11
saving	0.45	1.28
def	0.45	1.27
stuff	0.45	1.61
trade	0.45	1.53
cruising	0.45	1.21
initial	0.45	1.16
spot	0.45	1.38
k4s	0.45	1.07
1st	0.45	1.04
until	0.45	1.43
amazon	0.45	1.03
peacemaker	0.45	1.04
rey	0.45	1.00
agree	0.46	2.47
match	0.46	1.06
shaka	0.46	1.07
sleep	0.46	1.16
pumping	0.46	1.23
otangs	0.46	0.96
beginners	0.46	1.31
lush	0.46	0.97
supposed	0.46	1.69
late	0.46	1.22
jobs	0.46	1.29
rogues	0.46	1.04
combined	0.46	1.07
fo	0.46	1.02
3/4	0.46	1.03
gas	0.46	1.21
colored	0.46	1.07
yoface	0.46	1.02
tails	0.46	1.14
mounts	0.46	1.15
round	0.46	1.12
upgrade	0.47	1.20
77a	0.47	0.99
renegade	0.47	1.01
zigs	0.47	0.97
initiate	0.47	1.30
wan	0.47	1.76
march	0.47	1.08
sportster	0.47	0.97
34	0.47	1.11
larger	0.47	1.31
rads	0.47	1.22
series	0.47	0.93
ps	0.47	1.23
seem	0.47	1.89
anytime	0.47	1.21
brothers	0.47	0.93
buy	0.47	1.65
supermodel	0.47	1.11
ibach	0.47	1.02
215s	0.48	1.04
clearance	0.48	1.17
picked	0.48	1.00
phantom	0.48	0.95
till	0.48	1.36
diamond	0.48	0.95
smoothly	0.48	1.30
roll	0.48	1.20
riptides	0.48	1.11
lean	0.48	1.25
75mm	0.48	1.04
trud	0.48	1.05
reply	0.48	1.89
monsters	0.48	1.01
gap	0.48	1.05
decent	0.48	2.18
staying	0.48	1.26
weekend	0.48	1.21
stimulus	0.48	0.96
ozones	0.48	0.81
layers	0.48	1.07
sometime	0.48	1.42
zigzags	0.49	0.94
butter	0.49	1.18
oranges	0.49	1.07
curves	0.49	1.21
bunch	0.49	1.40
sorts	0.49	1.28
finding	0.49	1.91
loco	0.49	1.01
later	0.49	1.42
price	0.49	1.22
canadian	0.49	1.04
wood	0.49	1.02
piece	0.49	0.93
keeps	0.49	1.29
hollow	0.49	0.99
usable	0.49	1.15
list	0.49	1.28
gift	0.49	0.92
bought	0.49	1.12
bigzigs	0.49	0.96
freeriding	0.49	1.27
tessie	0.49	1.16
suey	0.49	1.12
thicker	0.49	1.14
vugenhausen	0.49	0.89
wheels	0.49	1.31
sex	0.49	1.08
business	0.49	1.08
da	0.50	1.12
max	0.50	1.00
airship	0.50	1.03
65mm	0.50	0.88
wait	0.50	1.43
update	0.50	1.23
33	0.50	1.03
want	0.50	1.86
same	0.50	1.46
wees	0.50	1.03
received	0.50	1.08
speedvents	0.50	0.97
centrax	0.50	0.99
perform	0.50	1.27
downhill	0.50	1.22
tuck	0.50	1.26
stronger	0.50	1.31
turn	0.51	1.28
ldp	0.51	1.25
boss	0.51	1.00
freeride	0.51	1.24
topmounted	0.51	1.06
drang	0.51	0.98
alternative	0.51	1.14
newer	0.51	1.08
types	0.51	1.42
shortest	0.51	1.27
slowly	0.51	1.22
bill	0.51	1.02
heart	0.51	0.98
morgans	0.51	0.91
7/10	0.51	0.95
lower	0.51	1.27
quiet	0.51	1.12
kicktail	0.52	1.12
voodoo	0.52	0.88
carves	0.52	1.27
decided	0.52	1.47
any	0.52	1.56
wheelbases	0.52	1.24
drifter	0.52	1.03
efp	0.52	1.18
83a	0.52	0.96
differently	0.52	1.25
stayed	0.52	1.05
nipples	0.52	1.03
early	0.52	1.05
starting	0.52	1.41
manifest	0.52	1.13
soon	0.52	1.51
precise	0.52	1.27
852	0.52	0.85
mainly	0.52	1.23
worth	0.53	1.31
modela	0.53	1.05
gunna	0.53	1.67
loose	0.53	1.21
process	0.53	1.11
resources	0.53	1.33
duro	0.53	1.33
finally	0.53	1.19
mountains	0.53	1.00
70mm	0.53	0.99
buzzed	0.53	0.98
converters	0.53	1.15
gang	0.53	1.11
correctly	0.53	1.84
62mm	0.53	0.88
information	0.53	1.36
considering	0.53	1.37
otang	0.53	0.94
eh	0.54	1.17
wheel	0.54	1.27
reaper	0.54	1.03
would	0.54	1.98
sugar	0.54	0.96
sideset	0.54	0.94
arrived	0.54	1.10
supreme	0.54	0.94
baffle	0.54	1.04
ridge	0.55	0.95
fight	0.55	1.19
what	0.55	1.85
lite	0.55	1.02
results	0.55	1.15
added	0.55	1.11
efficient	0.55	1.39
waiting	0.55	1.23
darkside	0.55	1.03
ss	0.55	0.99
loaded	0.55	0.93
royce	0.55	1.10
bustin	0.55	1.06
somewhat	0.55	1.44
take	0.55	1.58
morongas	0.55	1.01
8/10	0.56	0.99
now	0.56	1.91
piranha	0.56	0.97
atf	0.56	1.05
evo	0.56	0.82
ripple	0.56	0.94
dive	0.56	1.27
otherside	0.56	1.03
background	0.56	0.98
barbaro	0.56	0.91
76mm	0.56	1.00
lbl	0.56	1.11
print	0.56	0.86
stig	0.56	1.12
slide	0.56	1.34
penguin	0.56	1.15
manage	0.56	1.46
next	0.57	1.37
something	0.57	1.89
lasting	0.57	1.23
killswitch	0.57	1.01
coning	0.57	1.21
arrive	0.57	1.22
many	0.57	1.44
competition	0.57	0.99
ur	0.57	1.20
new	0.57	1.48
el	0.57	0.91
nls	0.57	1.11
expected	0.57	1.38
plys	0.57	1.07
tan	0.58	0.90
far	0.58	1.86
give	0.58	1.31
classic	0.58	0.81
215	0.58	1.04
wheelbase	0.58	1.29
hello	0.58	1.00
higher	0.58	1.31
naw	0.58	1.26
already	0.58	1.51
griptape	0.58	1.18
tomahawk	0.58	0.88
son	0.58	0.97
wut	0.58	1.44
nc	0.59	1.14
thick	0.59	1.07
glider	0.59	1.06
center	0.59	1.27
editing	0.59	1.07
pee	0.59	1.06
taste	0.59	1.18
clutch	0.59	0.94
taller	0.59	1.27
missed	0.59	1.58
photo	0.59	1.35
million	0.59	1.19
tien	0.60	0.90
word	0.60	1.66
problem	0.60	1.74
pusher	0.60	1.10
vandal	0.60	1.01
offers	0.60	1.24
customer	0.60	1.06
stain	0.60	0.91
envys	0.60	0.84
peace	0.60	0.97
purchase	0.60	1.28
sliding	0.60	1.31
bear	0.60	0.82
re	0.60	1.85
rayne	0.61	0.97
fortune	0.61	0.97
restrictive	0.61	1.23
volante	0.61	0.89
ly	0.61	0.85
place	0.61	1.60
earthwing	0.61	1.08
boxing	0.61	1.14
zombies	0.61	0.98
prepared	0.61	1.55
thursday	0.61	1.22
hobby	0.61	0.98
kegels	0.61	0.92
biggies	0.62	0.99
guarantee	0.62	1.30
divey	0.62	1.26
slower	0.62	1.30
na	0.62	1.79
make	0.62	1.84
86a	0.62	0.93
ll	0.62	1.72
short	0.62	1.28
60mm	0.62	0.82
em	0.62	1.64
88a	0.62	0.83
pick	0.62	1.68
hows	0.62	1.15
amber	0.62	0.65
reys	0.62	0.97
0	0.62	1.03
helps	0.62	1.17
tray	0.63	0.89
leany	0.63	1.24
safer	0.63	1.17
axe	0.63	0.82
ethos	0.63	1.09
maestro	0.63	1.10
tonight	0.63	1.24
powerballs	0.63	0.81
317	0.63	1.06
kilmers	0.63	0.97
machine	0.63	0.74
cored	0.63	1.01
banana	0.64	1.13
solution	0.64	1.25
2014	0.64	0.85
kinds	0.64	1.34
painting	0.64	0.90
fiber	0.64	1.02
go	0.64	1.77
wtt	0.64	0.99
lyfe	0.64	1.15
chalky	0.64	1.22
landyatchz	0.65	0.80
stompers	0.65	0.79
centerset	0.65	1.00
ew	0.65	1.09
gon	0.65	1.76
strange	0.65	1.33
tighter	0.65	1.26
9two5	0.65	0.77
when	0.65	1.64
an	0.65	1.26
review	0.65	1.24
72mm	0.65	1.00
media	0.66	1.66
66mm	0.66	0.93
this	0.66	1.63
different	0.66	1.33
upon	0.66	1.10
consistent	0.66	1.36
coming	0.66	1.21
dark	0.66	0.89
come	0.66	1.51
adjustable	0.66	0.99
tons	0.66	1.22
hah	0.66	1.13
close	0.66	1.60
slashing	0.66	1.04
abec11	0.67	0.79
theyre	0.67	1.38
bottom	0.67	0.89
cadillac	0.67	0.95
idk	0.67	1.60
need	0.67	1.79
ordered	0.67	1.07
represent	0.67	0.81
hawgs	0.67	0.94
response	0.67	1.31
flashbacks	0.67	0.76
may	0.67	1.85
wolf	0.67	0.76
responsive	0.67	1.26
327	0.67	1.09
sama	0.67	1.03
secret	0.67	0.98
cheaper	0.67	1.33
oriented	0.67	1.17
shreds	0.67	0.83
852s	0.67	0.85
today	0.68	1.16
metal	0.68	0.91
hoopty	0.68	1.07
dump	0.68	1.01
smaller	0.68	1.32
fiberglass	0.68	1.02
switchblade	0.68	0.80
landy	0.69	0.80
two	0.69	1.36
made	0.69	1.21
get	0.69	1.79
ideas	0.69	1.34
birch	0.69	1.06
whatever	0.69	1.68
quickly	0.69	1.22
bigger	0.69	1.34
slight	0.69	1.15
shits	0.69	1.22
mystery	0.69	0.83
carbon	0.70	1.02
difficult	0.70	1.13
landyachtz	0.70	0.80
monster	0.70	0.96
beginner	0.70	1.33
think	0.70	1.93
dervish	0.70	1.02
again	0.70	1.68
muirderer	0.71	1.07
plenty	0.71	1.39
yay	0.71	0.89
mini	0.71	0.83
feel	0.71	1.52
formica	0.71	1.01
mother	0.71	0.92
boy	0.71	0.96
low	0.71	1.16
should	0.71	1.78
swingers	0.71	0.84
excellent	0.71	1.90
felt	0.72	1.33
song	0.72	0.97
seismic	0.72	1.63
82a	0.72	0.92
kind	0.72	1.70
u	0.72	1.27
pink	0.72	0.76
easily	0.72	1.30
mamas	0.72	0.80
shorter	0.73	1.31
kicks	0.73	1.24
op	0.73	1.73
rekt	0.73	1.07
similar	0.73	1.22
detailed	0.73	1.25
dudes	0.73	1.24
able	0.73	1.72
stable	0.73	1.25
both	0.73	1.42
particularly	0.73	1.25
slick	0.74	1.07
dh	0.74	1.16
narrower	0.74	1.30
woo	0.74	0.95
lmao	0.74	1.06
will	0.75	1.68
true	0.75	1.75
erniez	0.75	0.74
answers	0.75	1.28
set-up	0.75	1.24
faster	0.75	1.37
sake	0.75	1.14
time	0.75	1.59
reliable	0.75	1.10
significantly	0.75	1.33
example	0.75	1.10
sooooo	0.75	1.45
camino	0.75	1.06
cult	0.75	0.93
really	0.75	1.82
sketchy	0.75	1.34
icy	0.75	1.25
boom	0.75	1.05
rival	0.76	0.87
saturday	0.76	1.07
out	0.76	1.52
option	0.76	2.07
freerides	0.76	0.75
try	0.76	1.76
mine	0.77	1.48
feeling	0.77	1.40
84a	0.77	0.78
buttery	0.77	1.25
maybe	0.78	1.82
much	0.78	1.81
then	0.78	1.58
delivered	0.78	1.05
flex	0.78	1.08
d	0.78	1.76
ply	0.78	1.01
fair	0.78	1.32
maytum	0.78	1.04
tank	0.78	0.91
wider	0.79	1.30
softer	0.79	1.33
o	0.79	1.12
327s	0.79	1.04
race	0.79	1.06
view	0.79	0.95
was	0.79	1.63
deeper	0.79	1.18
forever	0.79	1.24
m8	0.79	1.42
less	0.80	1.37
xd	0.80	1.42
81a	0.80	0.75
wolfshark	0.80	0.80
stays	0.80	1.08
thoughts	0.80	1.18
jet	0.80	0.94
flexible	0.80	1.17
rails	0.80	0.97
overland	0.81	0.84
releases	0.81	1.05
recommendations	0.81	1.33
must	0.81	1.34
bigfoot	0.81	0.99
tad	0.81	1.36
high	0.81	1.04
helped	0.81	1.21
jelly	0.81	1.16
slightly	0.81	1.33
features	0.81	1.12
first	0.81	1.41
baby	0.82	0.99
classics	0.82	0.81
aluminum	0.82	0.93
progress	0.82	1.12
subtle	0.82	1.29
reasonable	0.82	1.09
wednesday	0.82	1.10
vinyl	0.82	0.94
service	0.82	1.00
retro	0.82	0.74
other	0.82	1.40
reason	0.82	1.73
because	0.82	1.90
monday	0.83	1.09
defined	0.83	1.23
noskoolz	0.83	0.71
motherfucker	0.83	0.99
found	0.83	1.79
explanation	0.83	1.25
fresh	0.83	1.08
doubt	0.83	1.27
smoother	0.83	1.28
identical	0.83	1.33
harder	0.84	1.34
buck	0.84	1.81
avenger	0.84	0.77
steeze	0.84	1.03
tuesday	0.84	1.11
inheats	0.84	0.91
itself	0.84	0.86
milk	0.84	1.11
64mm	0.84	0.72
variety	0.84	1.16
these	0.84	1.29
ha	0.85	1.23
thaney	0.85	1.22
might	0.85	1.75
bummed	0.85	1.27
checkers	0.85	0.73
too	0.85	1.67
only	0.85	1.94
so	0.85	1.86
grippier	0.85	1.31
ill	0.85	1.48
shame	0.85	1.42
slayers	0.86	0.80
watched	0.86	1.08
friday	0.86	1.09
huh	0.86	1.22
2012	0.86	0.76
digging	0.86	0.99
sugary	0.86	1.24
crybabies	0.87	0.69
steamrollers	0.87	1.06
lighter	0.87	1.30
hmmm	0.87	1.09
isms	0.87	0.79
another	0.88	1.94
slashers	0.88	0.75
limits	0.88	1.06
point	0.88	1.49
imo	0.88	1.47
longer	0.88	1.33
hookup	0.88	1.27
stiffer	0.88	1.29
future	0.89	0.99
cry	0.89	0.68
divine	0.89	0.69
platform	0.89	1.17
ton	0.89	1.22
release	0.89	1.20
raceforms	0.89	1.05
greatly	0.89	1.21
babies	0.90	0.67
sunday	0.90	1.04
sketch	0.90	1.16
than	0.90	1.39
possible	0.90	1.94
enjoying	0.90	1.29
demonseed	0.90	0.91
2013	0.90	0.74
dead	0.91	1.08
thing	0.91	1.91
standing	0.91	1.21
feet	0.91	1.25
overpriced	0.91	0.98
bertz	0.91	0.70
gmack	0.91	0.97
advanced	0.91	1.53
goddamn	0.92	0.96
reminds	0.92	1.06
enough	0.92	1.64
heavier	0.92	1.29
there	0.92	1.60
lot	0.92	1.50
combo	0.92	1.01
guys	0.93	1.40
fatty	0.93	0.99
still	0.93	1.74
story	0.93	1.46
bit	0.93	1.47
set	0.93	1.41
especially	0.93	1.17
wells	0.93	0.94
ta	0.93	1.46
easier	0.93	1.31
paint	0.93	0.93
appropriate	0.94	1.77
polka	0.94	0.71
sure	0.94	1.85
long	0.95	1.38
wanting	0.95	1.29
plus	0.95	1.21
painted	0.95	0.94
however	0.95	1.66
kidding	0.95	1.46
spawn	0.96	0.92
all	0.96	1.68
little	0.96	1.51
they	0.96	1.70
tips	0.96	1.22
ready	0.97	1.31
tomorrow	0.97	1.10
designs	0.97	0.94
thought	0.98	1.67
incredible	0.98	1.76
careful	0.98	1.32
aware	0.98	1.44
ridiculously	0.98	1.40
tucking	0.98	1.23
more	0.99	1.36
controllable	0.99	1.22
dh/freeride	0.99	1.02
looked	0.99	1.42
suggestions	0.99	1.23
ooh	0.99	1.37
jk	0.99	1.37
predictable	1.00	1.24
which	1.00	1.71
final	1.00	1.44
letting	1.00	1.14
nimble	1.00	1.23
fairly	1.01	1.42
cannibals	1.01	1.00
hahah	1.02	1.32
cons	1.02	1.10
idea	1.02	1.57
everything	1.02	1.30
makes	1.02	1.35
highest	1.02	1.49
otherwise	1.02	1.13
pete	1.02	1.00
fit	1.03	1.22
custom	1.04	0.86
no	1.04	1.51
bang	1.04	1.55
investment	1.04	1.15
recommendation	1.06	1.21
most	1.06	1.85
moved	1.06	1.14
turned	1.06	1.23
based	1.06	1.30
lively	1.06	1.15
killer	1.07	0.99
respect	1.07	1.05
frees	1.07	0.83
suited	1.07	1.12
hilarious	1.07	1.52
nope	1.08	1.48
missing	1.08	1.42
very	1.08	1.40
steep	1.08	1.15
tweakers	1.08	0.96
stolen	1.08	0.98
hopefully	1.08	1.12
78a	1.09	0.95
one	1.09	1.80
metro	1.09	0.98
hahahaha	1.09	1.46
commuter	1.09	0.99
yall	1.09	1.12
inspired	1.10	1.23
mang	1.10	1.16
hmm	1.10	1.32
win	1.10	1.02
improvement	1.10	1.27
biggie	1.10	0.95
slippery	1.10	1.14
surprisingly	1.10	1.38
various	1.11	1.06
some	1.11	1.41
priced	1.11	1.01
professional	1.12	1.12
homemade	1.12	1.04
figured	1.12	1.29
sound	1.12	1.42
dem	1.13	1.16
omg	1.13	1.16
dat	1.14	1.21
keep	1.14	1.13
carvy	1.14	1.15
as	1.14	1.64
insane	1.15	1.91
maple	1.15	0.90
80a	1.15	0.93
totally	1.15	1.66
art	1.16	0.95
advantages	1.16	1.00
flexy	1.17	1.03
thin	1.17	0.93
insanely	1.17	1.22
quicker	1.17	1.12
shred	1.17	1.05
decently	1.18	1.16
fat	1.18	0.82
shout	1.18	1.02
plies	1.18	0.91
answer	1.18	1.50
probably	1.18	1.87
snug	1.18	1.07
compare	1.19	1.45
turny	1.20	1.12
yo	1.20	1.26
seems	1.20	1.39
quite	1.20	1.49
help	1.20	1.25
feels	1.21	1.29
glides	1.21	0.94
extremely	1.22	1.22
collection	1.22	1.01
helpful	1.23	1.12
super	1.23	1.33
work	1.23	1.55
its	1.23	1.42
mad	1.24	1.16
worked	1.24	1.08
described	1.24	1.14
grippy	1.24	1.12
young	1.24	1.24
feedback	1.25	1.18
way	1.25	1.81
enjoyed	1.25	1.18
motions	1.25	0.91
suggestion	1.26	1.17
keanus	1.26	0.79
bacon	1.27	1.06
always	1.27	1.44
drifty	1.27	1.12
functional	1.27	1.11
incredibly	1.27	1.16
design	1.28	0.88
aha	1.28	1.27
af	1.28	1.27
better	1.29	1.44
strong	1.29	0.93
definitely	1.29	1.52
slidey	1.30	1.06
steeper	1.30	1.12
fast	1.31	1.14
smart	1.32	0.78
impressed	1.32	1.28
bruh	1.32	1.03
actually	1.32	1.58
pretty	1.33	1.34
graphics	1.35	1.04
hella	1.35	1.23
durable	1.36	1.00
bubble	1.36	1.03
advance	1.39	1.15
proof	1.39	1.30
tip	1.40	1.04
heavy	1.40	1.08
expensive	1.41	0.98
coolest	1.42	1.35
heads	1.42	1.07
flashies	1.43	1.42
lightweight	1.44	0.96
welcome	1.44	1.01
p	1.44	1.48
rocker	1.45	1.09
appreciated	1.45	1.16
choice	1.45	1.40
calm	1.45	1.10
replaced	1.46	0.96
seriously	1.46	1.31
shit	1.47	1.26
2011	1.47	1.35
highly	1.47	1.01
anyway	1.47	1.36
deep	1.48	1.05
ohh	1.48	1.20
hard	1.48	1.15
pocket	1.48	1.09
versatile	1.48	1.04
info	1.49	1.16
snapped	1.49	1.02
drops	1.49	1.08
flares	1.50	1.09
guess	1.50	1.50
perfectly	1.50	0.90
death	1.50	1.17
construction	1.50	0.86
badass	1.51	1.40
dots	1.51	1.37
interesting	1.51	1.27
excited	1.52	1.37
pockets	1.52	0.93
micro	1.52	1.02
stiff	1.52	0.90
advice	1.53	1.11
suppose	1.53	0.87
lt	1.54	1.07
flairs	1.54	1.04
dear	1.54	0.99
vid	1.55	0.85
w	1.57	1.07
ideal	1.57	1.19
steezus	1.57	1.04
dang	1.57	1.26
soo	1.59	1.13
sooo	1.60	1.15
lovely	1.60	1.04
shall	1.61	1.08
homie	1.62	1.06
birthday	1.62	1.19
lol	1.63	1.47
supporting	1.63	1.15
fuckin	1.63	1.18
aw	1.64	1.28
works	1.65	1.17
lock	1.66	1.03
hoping	1.66	1.29
proud	1.66	0.93
cheers	1.67	1.18
aww	1.68	1.22
got	1.68	1.13
tub	1.69	0.97
anyways	1.70	1.35
quiver	1.70	1.19
also	1.71	1.48
setup	1.71	1.15
hi	1.71	1.14
pumped	1.71	1.14
indeed	1.71	1.00
appreciate	1.72	1.12
sturdy	1.73	0.92
aswell	1.74	0.81
look	1.74	1.23
cave	1.74	1.00
woah	1.74	0.83
sense	1.74	1.25
perfect	1.74	1.33
ya	1.74	1.26
radial	1.74	0.97
yup	1.75	1.06
lookin	1.75	1.09
ridiculous	1.75	1.13
christmas	1.75	1.13
light	1.76	0.91
brah	1.77	1.03
growing	1.77	0.91
dig	1.77	1.01
real	1.78	1.27
cute	1.78	1.12
cake	1.79	1.06
props	1.79	0.94
smooth	1.79	1.24
deal	1.79	1.19
ahh	1.80	1.16
bud	1.83	1.16
nah	1.84	1.21
great	1.85	1.28
worries	1.85	1.16
dank	1.85	1.02
board	1.85	1.16
tough	1.85	0.83
though	1.86	1.38
yea	1.87	1.27
ah	1.88	1.22
hell	1.89	1.08
jesus	1.91	0.88
thats	1.91	1.19
yep	1.92	1.07
sharing	1.92	1.12
gnar	1.92	1.02
hahaha	1.92	1.15
wicked	1.93	1.05
noice	1.94	0.64
lucky	1.94	0.82
neat	1.95	1.09
comfortable	1.95	1.18
graphic	1.96	0.84
beast	1.96	0.84
blast	1.97	1.05
fucking	1.97	0.98
impressive	1.97	1.03
spread	1.98	1.05
yours	1.99	0.88
tho	1.99	1.07
chill	1.99	0.98
easy	2.00	1.10
shredding	2.01	0.98
loving	2.01	0.73
freaking	2.03	0.89
locked	2.04	1.07
holy	2.04	0.96
simple	2.06	1.08
pricey	2.07	0.90
sounds	2.08	1.01
input	2.09	1.02
steezy	2.09	0.96
shot	2.09	0.96
stoke	2.10	1.05
alive	2.11	1.00
concave	2.11	1.07
hear	2.12	1.16
ok	2.12	1.17
god	2.12	0.93
locks	2.13	1.06
christ	2.14	1.00
mellow	2.15	1.05
overall	2.15	0.79
jealous	2.15	0.90
aggressive	2.16	1.06
mate	2.16	1.02
wish	2.16	1.06
quick	2.16	0.91
crazy	2.17	1.02
comfy	2.18	1.07
stay	2.18	0.92
congrats	2.19	0.86
absolutely	2.19	0.83
those	2.21	1.01
rack	2.22	0.83
gorgeous	2.22	0.93
thanks	2.22	1.09
hey	2.23	1.05
such	2.23	0.98
sir	2.23	0.92
haha	2.25	1.12
yes	2.25	1.08
luck	2.27	1.02
okay	2.27	1.10
congratulations	2.27	0.92
looks	2.29	0.98
oh	2.29	1.07
yeah	2.30	1.06
alright	2.31	1.03
fine	2.31	0.94
intense	2.32	0.95
btw	2.32	0.60
prob	2.32	0.75
epic	2.33	0.83
damn	2.35	0.96
wow	2.36	0.93
bro	2.37	0.97
dude	2.38	0.97
cool	2.39	0.93
good	2.40	0.82
dope	2.41	0.87
well	2.42	1.03
glad	2.42	0.99
man	2.43	0.96
stoked	2.45	0.84
sexy	2.46	0.85
safe	2.49	0.82
nicely	2.51	0.67
job	2.53	0.87
hope	2.54	0.92
thank	2.55	0.93
wonderful	2.58	0.63
fun	2.62	0.78
solid	2.62	0.66
rad	2.63	0.80
sick	2.64	0.73
beautiful	2.72	0.57
sweet	2.73	0.70
enjoy	2.73	0.81
prime	2.75	0.57
