disaster	-5.66	1.07
shite	-5.38	1.66
mess	-5.20	1.98
shitty	-5.15	2.00
garbage	-5.09	1.91
ports	-5.06	1.95
netcode	-4.95	2.13
poor	-4.79	2.10
crappy	-4.76	2.05
lazy	-4.75	1.90
rid	-4.73	1.85
criticize	-4.71	1.70
sucked	-4.70	1.12
unplayable	-4.65	2.00
laggy	-4.64	2.21
unoptimized	-4.58	2.07
mediocre	-4.50	2.03
complained	-4.50	1.65
wonky	-4.35	2.07
disgusting	-4.34	1.95
broken	-4.27	1.92
nightmare	-4.27	1.88
optimisation	-4.25	2.02
piss	-4.18	1.79
optimization	-4.17	2.04
blame	-4.11	1.47
port	-4.03	2.05
buggy	-3.98	1.68
fucked	-3.83	1.56
horribly	-3.82	1.96
ugly	-3.77	2.16
coding	-3.77	1.75
unacceptable	-3.76	1.89
bullshit	-3.75	1.44
intentionally	-3.75	1.79
defend	-3.74	1.91
etc	-3.71	2.23
proper	-3.67	2.24
flaws	-3.67	2.00
flawed	-3.66	1.96
controls	-3.65	2.34
neither	-3.63	1.72
trash	-3.59	1.46
crap	-3.59	1.49
static	-3.54	2.25
excuse	-3.53	1.39
unstable	-3.48	1.45
suffer	-3.45	2.10
tea	-3.42	2.10
stopped	-3.39	2.49
bad	-3.39	1.89
pile	-3.34	1.44
sudden	-3.34	2.15
reported	-3.31	1.77
hating	-3.28	2.20
unfinished	-3.27	1.54
owns	-3.24	2.48
acceptable	-3.23	2.06
bitch	-3.22	1.61
leaves	-3.20	2.32
inaccurate	-3.17	1.93
cared	-3.17	1.88
against	-3.16	2.33
stupid	-3.16	1.70
misogyny	-3.15	2.26
strictly	-3.13	2.22
utter	-3.13	1.36
sees	-3.12	2.59
thrown	-3.12	1.92
complain	-3.11	2.20
defending	-3.10	1.33
tumblr	-3.10	2.36
chose	-3.10	2.07
stayed	-3.10	2.45
recent	-3.09	2.17
practices	-3.08	1.40
aside	-3.08	2.07
poorly	-3.04	1.60
jumping	-3.04	2.41
toxic	-3.04	2.48
bandwagon	-3.04	2.40
atrocious	-3.03	2.18
rushed	-3.03	1.50
puts	-2.99	2.36
praise	-2.99	2.34
clunky	-2.99	2.15
quit	-2.98	2.48
wins	-2.96	2.56
optimised	-2.96	1.62
badly	-2.96	1.49
instance	-2.95	2.15
decides	-2.93	2.58
devil	-2.92	2.28
hop	-2.92	2.50
da2	-2.91	2.00
regardless	-2.90	2.16
considered	-2.89	2.07
shady	-2.89	1.40
blind	-2.89	1.96
known	-2.87	1.99
attention	-2.85	2.44
train	-2.81	2.44
impression	-2.79	2.11
freedom	-2.78	2.35
messed	-2.77	1.73
optimized	-2.75	1.58
coded	-2.75	1.55
junk	-2.75	1.25
publicity	-2.72	2.37
releasing	-2.69	1.38
porting	-2.68	1.46
convinced	-2.67	2.28
retarded	-2.65	1.62
ubisoft	-2.63	1.33
silly	-2.60	2.09
lie	-2.60	2.57
largest	-2.60	2.40
worthless	-2.60	1.31
entire	-2.58	2.21
complete	-2.58	1.26
obvious	-2.58	2.03
lying	-2.56	2.69
piece	-2.52	1.48
caring	-2.52	0.90
disappointing	-2.50	1.91
shit	-2.50	1.57
picked	-2.49	2.83
companies	-2.49	1.18
behavior	-2.47	1.26
publishers	-2.47	1.13
deserved	-2.47	2.25
horrendous	-2.47	2.18
greedy	-2.46	1.30
explains	-2.41	2.29
cons	-2.41	2.22
ruined	-2.40	2.08
abandoned	-2.39	2.39
ported	-2.38	1.43
thinks	-2.36	2.94
buys	-2.36	3.00
crying	-2.36	2.12
house	-2.34	2.92
noire	-2.33	1.32
lives	-2.32	2.57
figured	-2.30	2.44
responsible	-2.30	1.15
fc4	-2.30	1.46
due	-2.29	1.43
wants	-2.29	3.02
business	-2.29	1.22
likes	-2.29	3.09
dislike	-2.29	2.00
marketing	-2.25	0.90
bland	-2.25	2.07
overpriced	-2.22	1.50
ubi	-2.22	1.11
stop	-2.21	1.13
speech	-2.19	2.41
idiotic	-2.19	1.08
knows	-2.18	2.89
fear	-2.18	2.03
optimizing	-2.17	1.38
stutters	-2.15	1.32
drm	-2.12	1.20
bugs	-2.11	1.42
pathetic	-2.11	1.89
bs	-2.09	1.16
shallow	-2.09	1.46
tells	-2.08	1.78
rockstar	-2.08	1.35
devs	-2.07	1.12
inferior	-2.07	1.44
existence	-2.07	2.37
blatant	-2.04	1.11
their	-2.03	1.16
fixing	-2.02	1.35
ftfy	-2.02	1.37
absolute	-2.02	2.09
limitations	-2.00	1.42
la	-1.99	1.44
illegal	-1.99	3.23
2.0	-1.98	1.39
outdated	-1.96	1.48
ruining	-1.96	0.83
pc	-1.95	1.35
company	-1.94	1.15
terribly	-1.93	1.42
arguing	-1.93	3.28
hp	-1.92	1.27
menus	-1.92	1.42
clearly	-1.91	2.98
healthy	-1.91	2.43
ghosts	-1.91	1.15
corporate	-1.91	1.10
dump	-1.90	0.87
dvi	-1.89	1.45
console	-1.89	1.31
optimizations	-1.89	1.35
empty	-1.88	1.12
alongside	-1.86	0.89
pcie	-1.85	1.34
apparently	-1.84	2.45
choppy	-1.84	1.59
sucks	-1.83	2.37
unrelated	-1.82	1.05
lack	-1.82	1.44
rights	-1.81	1.13
damned	-1.80	2.00
annoying	-1.80	2.08
3.0	-1.80	1.28
blaming	-1.79	1.75
pci	-1.78	1.32
analogy	-1.78	1.61
complaining	-1.78	1.73
dice	-1.77	1.05
lacking	-1.76	2.13
false	-1.75	1.25
ridiculous	-1.74	1.89
activision	-1.74	0.77
slow	-1.74	1.54
disappointment	-1.74	0.85
avoid	-1.74	1.15
caused	-1.73	1.21
usual	-1.73	1.08
despite	-1.72	1.07
asks	-1.72	2.25
justify	-1.72	1.48
pointing	-1.71	3.01
whining	-1.70	1.13
ie	-1.70	0.69
meaningless	-1.68	1.27
structure	-1.68	0.95
shitting	-1.68	1.54
publisher	-1.68	0.80
ending	-1.68	2.07
p2p	-1.67	1.17
hurt	-1.67	1.08
ac4	-1.66	1.36
plays	-1.66	2.84
preordered	-1.65	0.87
ignoring	-1.65	1.59
jumped	-1.64	1.35
ea	-1.64	0.77
by	-1.63	1.02
actively	-1.63	1.00
imply	-1.63	3.15
deserves	-1.63	1.23
censor	-1.63	1.31
downvoted	-1.63	3.54
ping	-1.62	1.16
disagree	-1.61	1.65
balance	-1.60	1.48
removing	-1.60	0.98
bitching	-1.60	1.52
98	-1.59	1.03
promote	-1.59	0.95
widely	-1.58	2.76
aaa	-1.58	1.01
leading	-1.58	0.98
ignorance	-1.58	1.26
lied	-1.58	1.53
unfortunate	-1.58	2.42
struggling	-1.57	1.31
smart	-1.57	1.26
censorship	-1.57	1.54
forms	-1.57	0.89
eat	-1.56	1.01
dare	-1.56	0.92
configuration	-1.56	1.29
peasants	-1.56	1.18
watch_dogs	-1.55	1.31
score	-1.54	0.99
lies	-1.54	1.30
host	-1.54	1.05
accused	-1.53	1.57
justified	-1.52	0.76
stuttering	-1.52	1.20
pr	-1.51	0.90
maker	-1.51	1.10
kb+m	-1.51	1.14
bungie	-1.50	0.75
hype	-1.50	1.20
bf4	-1.50	1.21
sexism	-1.50	1.31
truth	-1.49	1.46
reputation	-1.49	0.96
stance	-1.49	1.13
dumb	-1.49	1.40
pieces	-1.48	1.10
said	-1.47	3.40
told	-1.47	2.10
outright	-1.46	1.39
nonsense	-1.46	1.14
idiots	-1.46	1.08
aw	-1.45	1.13
caught	-1.45	1.16
eating	-1.45	0.94
titles	-1.45	1.05
preferred	-1.45	2.79
state	-1.45	1.25
remove	-1.44	1.11
advertising	-1.44	0.95
screwed	-1.43	1.14
attempt	-1.43	1.05
harassment	-1.42	1.36
drama	-1.42	1.24
suggesting	-1.42	3.42
examples	-1.41	1.37
pointless	-1.40	1.32
argue	-1.39	3.71
prevent	-1.39	1.22
bashing	-1.39	1.95
victim	-1.39	1.44
attacking	-1.39	1.53
optimize	-1.38	1.27
result	-1.38	1.29
history	-1.38	2.97
sorted	-1.38	1.09
aggressive	-1.38	1.01
eliminate	-1.38	1.25
souls	-1.37	0.98
japanese	-1.36	1.06
playable	-1.36	1.30
themselves	-1.36	1.04
customers	-1.35	1.04
career	-1.35	0.86
simultaneously	-1.35	1.17
asking	-1.35	3.82
microsoft	-1.35	0.79
explain	-1.35	3.78
useless	-1.35	1.27
fixes	-1.34	1.18
bf3	-1.34	1.10
feminist	-1.34	1.26
consumers	-1.34	1.05
claiming	-1.34	1.33
13	-1.33	1.14
blows	-1.33	1.22
developed	-1.33	0.89
studios	-1.33	0.88
harsh	-1.32	2.94
absurd	-1.32	1.16
covering	-1.32	1.23
fault	-1.32	1.12
fix	-1.32	1.28
piracy	-1.31	1.24
developer	-1.31	0.92
manufacturers	-1.31	1.05
silence	-1.31	1.21
gta4	-1.31	1.26
developers	-1.31	1.05
cough	-1.30	1.06
spreading	-1.30	1.12
protect	-1.30	1.12
failed	-1.30	0.98
must	-1.30	2.63
anita	-1.30	1.39
indies	-1.30	1.02
threw	-1.29	0.88
pirating	-1.29	1.40
matchmaking	-1.29	1.13
bethesda	-1.29	0.72
feminists	-1.29	1.23
ignored	-1.29	1.64
blown	-1.28	0.87
applies	-1.28	0.91
lately	-1.28	0.85
backlash	-1.28	1.30
hardline	-1.28	1.08
drink	-1.28	0.95
develop	-1.27	1.09
bc2	-1.27	1.11
boycott	-1.27	1.22
breaking	-1.27	1.28
advertise	-1.27	0.98
destroyed	-1.27	0.82
criticism	-1.26	1.33
deserve	-1.26	1.41
jump	-1.26	1.54
unrealistic	-1.26	1.41
interface	-1.25	1.20
waste	-1.25	1.20
censoring	-1.25	1.61
trolling	-1.25	1.81
sole	-1.24	1.16
supporting	-1.24	1.04
ui	-1.24	1.26
starts	-1.24	0.91
stopping	-1.24	1.63
trolls	-1.24	1.16
amounts	-1.23	1.06
biggest	-1.22	2.83
boring	-1.22	1.43
blatantly	-1.22	1.67
complaints	-1.22	1.17
severe	-1.21	1.18
claimed	-1.21	1.36
talked	-1.21	1.21
bug	-1.21	1.19
who	-1.21	1.90
humans	-1.20	1.00
prepare	-1.20	0.97
shits	-1.20	1.00
claim	-1.19	1.39
without	-1.19	1.51
reviewed	-1.19	1.08
asses	-1.19	1.17
valve	-1.18	0.91
respawn	-1.18	0.81
gta	-1.18	1.20
responsibility	-1.18	0.96
typical	-1.18	0.75
fact	-1.17	3.80
prime	-1.17	0.68
re	-1.17	3.51
reporting	-1.17	1.24
circlejerk	-1.17	1.81
rude	-1.17	2.80
pretending	-1.16	1.86
launch	-1.16	1.07
causing	-1.16	1.17
resolved	-1.16	1.13
ban	-1.16	1.38
misogynistic	-1.15	1.08
petition	-1.15	1.14
coverage	-1.15	1.20
else	-1.15	2.07
votes	-1.15	1.70
horse	-1.15	1.28
putting	-1.14	1.49
itt	-1.14	1.05
published	-1.14	0.78
arbitrary	-1.14	1.04
objective	-1.14	1.52
surprising	-1.13	2.30
toward	-1.13	0.87
concerns	-1.13	1.31
notice	-1.13	1.68
misinformation	-1.12	1.17
government	-1.12	1.14
balls	-1.12	1.39
regarding	-1.12	1.32
dev	-1.12	0.94
technical	-1.11	1.18
role	-1.11	0.82
gg	-1.11	1.29
ppl	-1.11	1.53
conspiracy	-1.11	0.87
facts	-1.11	1.72
enthusiast	-1.10	1.06
limitation	-1.10	1.16
understand	-1.10	3.90
critique	-1.10	1.21
harm	-1.10	1.38
assholes	-1.09	1.08
associated	-1.09	0.87
irrelevant	-1.09	1.59
contract	-1.09	0.87
cause	-1.08	1.26
bag	-1.08	1.03
destiny	-1.08	1.06
ever	-1.08	2.74
affects	-1.08	0.84
ripped	-1.08	1.51
zoe	-1.08	1.27
disable	-1.07	1.13
vote	-1.07	1.48
cares	-1.07	1.43
sarkeesian	-1.07	1.29
upper	-1.06	1.05
ds2	-1.06	0.91
hurting	-1.06	1.15
bf	-1.06	1.03
sides	-1.06	1.09
cheating	-1.06	1.58
ip	-1.05	0.80
doing	-1.05	3.81
insulting	-1.04	1.58
quinn	-1.04	1.27
attack	-1.04	1.21
tries	-1.04	1.82
practice	-1.04	1.14
glass	-1.04	0.97
calls	-1.04	1.30
leave	-1.04	1.36
cheapest	-1.04	2.83
nba	-1.04	1.03
stops	-1.03	1.04
ethical	-1.03	1.18
feminism	-1.03	1.15
critical	-1.03	1.11
mean	-1.03	3.91
plain	-1.03	1.35
consumer	-1.02	1.01
acts	-1.02	1.18
downvoting	-1.02	2.57
dull	-1.02	1.43
nicely	-1.02	1.10
herself	-1.02	1.26
delivered	-1.02	1.00
developing	-1.02	1.41
voted	-1.02	1.64
promoting	-1.02	1.54
claims	-1.02	1.33
expectations	-1.02	0.95
asked	-1.02	2.02
angles	-1.01	1.12
confusing	-1.01	2.23
issues	-1.01	1.26
witch	-1.01	0.95
point	-1.01	3.66
status	-1.01	1.45
franchises	-1.01	0.92
here	-1.01	3.86
scandal	-1.01	1.14
laws	-1.00	1.37
kb/m	-1.00	1.16
neutrality	-1.00	1.22
pure	-1.00	0.93
army	-1.00	0.96
calling	-0.99	1.26
karma	-0.99	2.04
whereas	-0.99	1.10
square	-0.99	0.97
hatred	-0.99	1.04
property	-0.99	1.06
butthurt	-0.99	1.55
gtav	-0.99	1.26
rip	-0.98	1.19
downgrade	-0.98	1.08
odd	-0.98	2.30
glitches	-0.98	1.22
kept	-0.98	1.61
met	-0.97	0.87
intention	-0.97	1.52
ff	-0.97	1.09
objectively	-0.97	1.37
debate	-0.97	1.54
avoiding	-0.97	1.17
stutter	-0.96	1.16
fallen	-0.96	0.90
conditions	-0.96	0.92
copyright	-0.96	1.33
employees	-0.96	1.20
implementation	-0.96	1.11
circle	-0.96	1.35
law	-0.96	1.31
traffic	-0.96	1.03
keeps	-0.96	1.18
officially	-0.96	0.94
honest	-0.96	3.43
attempts	-0.95	1.01
afterwards	-0.95	1.05
spin	-0.95	0.84
named	-0.95	0.88
next-gen	-0.94	1.02
guilty	-0.94	0.98
downgraded	-0.94	1.21
equal	-0.93	1.03
kicked	-0.93	0.96
4chan	-0.93	1.64
biased	-0.93	1.33
abuse	-0.93	1.23
covered	-0.93	0.96
remind	-0.93	1.82
legal	-0.93	1.28
theft	-0.93	1.17
cup	-0.93	0.90
sjws	-0.93	1.23
unity	-0.92	1.15
mindless	-0.92	1.04
leak	-0.92	1.26
crowd	-0.92	0.91
moral	-0.92	0.97
downloading	-0.92	1.61
mw2	-0.92	0.89
refused	-0.91	1.49
programming	-0.91	1.13
jerk	-0.91	1.40
bait	-0.91	1.05
direct	-0.91	1.03
leads	-0.91	0.90
planned	-0.90	1.14
comcast	-0.90	1.10
jokes	-0.90	1.21
lifetime	-0.90	0.94
rape	-0.90	1.13
himself	-0.90	1.62
describing	-0.90	1.94
pirates	-0.90	1.12
relationship	-0.90	1.05
gamergate	-0.89	1.34
private	-0.89	1.11
exactly	-0.89	3.67
promises	-0.89	1.08
stealing	-0.89	1.49
center	-0.88	0.96
responding	-0.88	3.54
decision	-0.88	1.24
faith	-0.88	0.98
magically	-0.88	1.69
made	-0.88	1.68
watchdogs	-0.88	1.10
created	-0.88	0.97
says	-0.88	2.69
rage	-0.87	0.91
industry	-0.87	1.01
whine	-0.87	1.23
ac	-0.87	1.15
buyers	-0.87	1.03
employee	-0.87	1.18
visible	-0.87	1.18
publish	-0.86	0.98
represent	-0.86	1.10
put	-0.86	1.33
mad	-0.86	2.30
crashes	-0.86	1.17
shortcuts	-0.86	1.08
situations	-0.86	1.01
attacked	-0.86	1.10
continue	-0.86	1.35
died	-0.85	1.18
reviews	-0.85	1.20
causes	-0.85	1.14
inherently	-0.85	1.14
critics	-0.85	1.14
customer	-0.85	1.03
subjective	-0.85	1.37
stability	-0.85	1.28
remembered	-0.85	1.56
makers	-0.85	1.07
sequels	-0.85	1.02
clients	-0.84	0.90
saying	-0.84	3.89
stack	-0.84	1.01
threats	-0.84	1.26
greenlight	-0.84	1.08
jam	-0.84	1.07
pocket	-0.84	1.08
bare	-0.83	1.15
handles	-0.83	0.86
ceo	-0.83	1.27
eso	-0.83	0.91
patches	-0.83	1.09
product	-0.83	1.04
fanboys	-0.82	1.51
identify	-0.82	1.47
pulled	-0.82	0.98
ease	-0.82	1.16
legally	-0.82	1.34
infrastructure	-0.82	1.14
basically	-0.82	2.10
mainstream	-0.82	0.99
unfair	-0.81	1.07
quick	-0.81	1.18
ticket	-0.81	1.50
bias	-0.81	1.19
sony	-0.81	0.89
dated	-0.81	1.45
problems	-0.81	1.31
started	-0.81	1.38
location	-0.81	0.97
opposite	-0.81	1.54
photoshop	-0.80	1.07
payne	-0.80	1.20
hired	-0.80	1.37
contrary	-0.80	1.31
reduce	-0.80	1.13
grey	-0.80	1.18
twitter	-0.80	1.42
xiii	-0.80	1.00
designed	-0.80	1.13
occur	-0.79	1.24
flip	-0.79	1.03
cheat	-0.79	1.25
latest	-0.79	0.94
judging	-0.79	1.25
fixed	-0.79	1.12
corrupt	-0.79	1.10
meanwhile	-0.79	0.75
bother	-0.79	2.26
mountain	-0.79	1.05
auto	-0.78	0.90
threaded	-0.78	1.11
crash	-0.78	1.17
compared	-0.78	1.32
scores	-0.78	1.17
journalists	-0.78	1.10
accepted	-0.78	1.33
rating	-0.78	1.12
limiting	-0.78	0.84
possible	-0.78	2.49
blog	-0.77	1.44
advantages	-0.77	1.21
telling	-0.77	2.55
hdmi	-0.77	1.27
handled	-0.77	1.06
script	-0.77	1.11
she	-0.77	1.48
capcom	-0.77	0.92
sjw	-0.77	1.07
start	-0.76	1.47
sight	-0.76	0.84
implemented	-0.76	1.04
stating	-0.76	1.92
properly	-0.76	1.50
joke	-0.76	2.58
respect	-0.76	1.07
explained	-0.76	1.79
physically	-0.76	1.33
gta5	-0.76	1.20
tedious	-0.76	1.38
publicly	-0.75	1.50
pushing	-0.75	1.38
virtually	-0.75	1.12
nobody	-0.75	1.73
platforms	-0.75	1.00
sexist	-0.75	1.03
boys	-0.75	0.90
jumps	-0.74	1.23
instead	-0.74	1.66
troll	-0.74	1.43
profit	-0.74	0.99
speculation	-0.74	1.60
banned	-0.74	1.87
violence	-0.74	1.03
throw	-0.73	1.28
bioware	-0.73	0.72
houses	-0.73	1.05
treating	-0.73	1.27
exclusive	-0.73	0.94
versions	-0.73	1.01
legitimate	-0.73	1.18
limits	-0.73	0.99
band	-0.73	1.02
knowing	-0.73	1.97
stated	-0.73	1.86
destroy	-0.73	1.02
trusted	-0.73	1.34
her	-0.73	1.23
preordering	-0.72	1.08
disadvantage	-0.72	1.18
ride	-0.72	1.25
arguments	-0.72	1.60
received	-0.72	1.24
shut	-0.72	1.03
awkward	-0.72	1.32
heavily	-0.72	1.05
occasional	-0.72	1.07
solve	-0.72	1.79
pulling	-0.72	1.21
x1	-0.72	1.09
implies	-0.72	1.43
stands	-0.72	0.98
reviewers	-0.72	1.36
screaming	-0.71	1.14
flat	-0.71	1.44
suddenly	-0.71	1.14
complaint	-0.71	1.40
gladly	-0.71	1.36
utilize	-0.71	1.15
has	-0.71	1.55
fc3	-0.71	1.02
correctly	-0.71	1.76
constantly	-0.70	1.51
blocks	-0.70	0.89
food	-0.70	0.92
marines	-0.70	0.94
commenting	-0.70	2.21
deny	-0.70	2.02
protection	-0.70	1.31
marketed	-0.70	0.93
experiencing	-0.69	1.95
huge	-0.69	1.32
depression	-0.69	1.13
sells	-0.69	1.10
crashing	-0.69	1.19
nor	-0.69	1.35
providing	-0.69	1.10
introduce	-0.69	1.16
innovation	-0.69	1.03
monopoly	-0.69	1.34
implied	-0.68	1.73
gather	-0.68	0.87
patched	-0.68	1.10
door	-0.68	1.02
valid	-0.68	1.68
violent	-0.68	0.94
corruption	-0.68	1.26
category	-0.68	0.89
club	-0.68	0.97
planetary	-0.68	0.98
merely	-0.68	1.96
connections	-0.67	0.99
discussing	-0.67	1.87
screw	-0.67	1.33
pointed	-0.67	1.93
negative	-0.67	1.64
pirate	-0.67	1.50
killed	-0.67	0.84
drunk	-0.67	1.24
public	-0.67	1.00
judge	-0.67	2.47
individuals	-0.67	1.08
representation	-0.67	1.01
equality	-0.67	1.10
version	-0.67	1.02
straight	-0.67	1.48
functional	-0.67	1.08
competition	-0.67	1.02
control	-0.67	1.10
journalistic	-0.67	1.32
mainly	-0.67	1.14
scam	-0.66	1.43
controlled	-0.66	0.90
being	-0.66	1.84
consoles	-0.66	0.97
talking	-0.66	3.78
incorrect	-0.66	3.15
vac	-0.66	1.28
anti	-0.66	1.11
fool	-0.66	1.27
sexual	-0.66	1.08
funding	-0.66	1.08
exclusives	-0.65	0.96
pros	-0.65	1.17
ignore	-0.65	1.62
encourage	-0.65	1.38
reviewer	-0.65	1.47
accept	-0.65	1.57
treat	-0.65	1.11
genius	-0.65	1.00
layout	-0.64	1.19
deleting	-0.64	1.71
titanfall	-0.64	0.89
tldr	-0.64	1.10
enjoyed	-0.64	2.73
review	-0.64	1.40
king	-0.64	0.86
lame	-0.64	1.19
flag	-0.64	1.12
onto	-0.64	1.30
popularity	-0.64	0.83
launches	-0.64	0.96
gt	-0.64	3.65
after	-0.64	1.30
making	-0.64	1.83
license	-0.64	0.99
gender	-0.63	1.07
bl2	-0.63	2.46
journalist	-0.63	1.15
sapphire	-0.63	1.11
gamers	-0.63	0.95
warriors	-0.63	1.09
noticeable	-0.63	1.08
compatibility	-0.63	1.04
hackers	-0.63	1.14
movement	-0.63	1.07
vocal	-0.63	0.94
giving	-0.63	2.11
salt	-0.62	1.00
inevitable	-0.62	1.11
prove	-0.62	2.03
dumbed	-0.62	1.15
voting	-0.62	1.76
patch	-0.62	1.07
signs	-0.62	1.06
matters	-0.62	1.70
platform	-0.62	1.15
essentially	-0.62	0.97
frequent	-0.62	1.15
inside	-0.62	0.98
succeed	-0.62	1.58
evidence	-0.62	1.44
points	-0.62	1.48
fraction	-0.62	0.91
internet	-0.62	1.02
moron	-0.62	1.15
wild	-0.61	0.95
universal	-0.61	1.20
reaction	-0.61	1.09
attitude	-0.61	1.11
fifa	-0.61	0.89
buying	-0.61	2.12
ect	-0.61	0.89
he	-0.61	1.90
receive	-0.61	1.30
positive	-0.61	1.25
upvoted	-0.61	2.32
call	-0.61	1.24
cod4	-0.61	0.88
rep	-0.61	1.11
lacks	-0.60	1.20
hurts	-0.60	1.00
frankly	-0.60	1.24
opportunity	-0.60	1.24
sheer	-0.60	0.99
san	-0.60	0.97
alpha	-0.60	1.09
profits	-0.60	0.95
decade	-0.60	1.27
tired	-0.60	1.47
apart	-0.60	1.29
drag	-0.60	1.36
transition	-0.59	1.13
dips	-0.59	1.05
belong	-0.59	2.24
xbone	-0.59	1.01
drops	-0.59	1.05
creating	-0.59	1.17
controversy	-0.59	1.09
discussions	-0.59	1.98
loose	-0.59	1.06
wasting	-0.59	1.52
ethics	-0.59	1.44
principle	-0.58	1.18
justice	-0.58	1.18
cod	-0.58	0.87
chart	-0.58	1.13
tweaks	-0.58	1.11
creation	-0.58	1.02
journalism	-0.58	1.25
suck	-0.58	1.76
offers	-0.58	0.92
lowest	-0.58	1.11
zombies	-0.57	0.91
admins	-0.57	1.65
stick	-0.57	1.15
1st	-0.57	0.79
innocent	-0.57	0.97
tearing	-0.57	1.11
ended	-0.57	1.35
standalone	-0.57	1.01
forgotten	-0.57	0.99
timed	-0.57	0.87
insults	-0.57	1.18
gave	-0.57	1.32
programmers	-0.57	1.03
gfwl	-0.57	0.99
server	-0.57	0.88
metacritic	-0.57	1.09
apparent	-0.57	1.25
publishing	-0.56	0.84
limited	-0.56	1.11
comments	-0.56	2.41
extension	-0.56	0.92
gen	-0.56	0.96
winning	-0.56	1.05
connection	-0.56	1.00
joining	-0.56	1.12
supported	-0.56	0.97
1.0	-0.56	1.03
interest	-0.56	1.15
minds	-0.56	1.13
trust	-0.56	1.40
powers	-0.56	1.02
ps4	-0.56	1.02
right	-0.56	3.66
hence	-0.56	1.43
report	-0.56	1.29
cracked	-0.55	1.13
ads	-0.55	1.09
survey	-0.55	1.24
previous	-0.55	1.20
attempting	-0.55	1.35
whoever	-0.55	1.58
slight	-0.55	1.13
survive	-0.55	1.19
projekt	-0.55	0.82
development	-0.55	1.10
statements	-0.55	1.51
treated	-0.54	1.01
failure	-0.54	1.00
passed	-0.54	1.31
attacks	-0.54	1.05
ms	-0.54	0.91
continues	-0.54	0.89
hide	-0.54	1.17
d-pad	-0.54	1.20
murder	-0.54	0.96
repeat	-0.54	1.08
bunch	-0.54	1.20
ai	-0.54	0.88
inventory	-0.54	1.06
forth	-0.54	0.96
steal	-0.54	1.33
proof	-0.54	1.49
deleted	-0.54	2.23
john	-0.54	1.08
warranty	-0.54	1.09
generate	-0.54	1.08
hobby	-0.53	0.99
wave	-0.53	0.92
begin	-0.53	1.29
town	-0.53	0.83
biscuit	-0.53	1.55
dies	-0.53	0.96
discussion	-0.53	1.87
dedicated	-0.53	0.88
deliver	-0.53	1.06
confirm	-0.53	1.24
shooting	-0.53	0.87
define	-0.53	1.99
childish	-0.53	1.29
duty	-0.53	0.85
differently	-0.53	1.10
slot	-0.53	1.05
decisions	-0.53	1.15
death	-0.53	1.14
malware	-0.53	1.01
outlets	-0.52	1.16
tasks	-0.52	1.07
pre-ordered	-0.52	0.86
queue	-0.52	0.97
r/pcmasterrace	-0.52	2.36
peoples	-0.52	1.17
potential	-0.52	1.01
servers	-0.52	0.89
dropping	-0.52	1.13
properties	-0.52	1.84
exclusivity	-0.52	0.97
slap	-0.52	1.05
solved	-0.52	1.24
rated	-0.52	0.99
lag	-0.52	1.19
misogynist	-0.52	1.21
reddit	-0.52	2.40
agreement	-0.52	1.11
manufacturer	-0.52	1.02
nhl	-0.51	0.95
whenever	-0.51	1.38
promise	-0.51	1.08
refuse	-0.51	1.66
potato	-0.51	0.99
join	-0.51	0.95
menu	-0.51	1.20
indie	-0.51	0.89
microtransactions	-0.51	0.88
defense	-0.51	1.07
mentioning	-0.51	2.12
include	-0.51	1.32
me3	-0.51	0.78
cdpr	-0.51	0.95
community	-0.51	0.96
severely	-0.51	0.97
golden	-0.51	0.88
promised	-0.50	1.20
rolling	-0.50	1.07
threat	-0.50	0.99
owners	-0.50	1.06
revenue	-0.50	1.01
convenience	-0.50	1.11
beats	-0.50	0.79
accomplish	-0.50	2.33
icons	-0.50	1.17
posts	-0.50	2.41
halo	-0.50	0.88
reports	-0.50	1.10
users	-0.50	1.17
reminded	-0.50	0.95
related	-0.50	1.92
reasons	-0.50	1.65
prebuilt	-0.50	1.13
draw	-0.50	0.93
workshop	-0.49	1.12
rumors	-0.49	1.39
knock	-0.49	1.05
express	-0.49	1.13
dependent	-0.49	0.96
tests	-0.49	1.07
mapping	-0.49	1.14
clocks	-0.49	1.00
follows	-0.49	1.10
releases	-0.49	1.16
suggested	-0.49	2.15
owner	-0.49	0.93
skipping	-0.49	1.37
intelligent	-0.49	1.31
die	-0.49	1.18
neutral	-0.49	1.28
newer	-0.49	0.97
successfully	-0.49	1.11
modders	-0.49	1.01
lose	-0.49	1.16
analog	-0.49	1.21
prior	-0.48	1.07
updates	-0.48	1.03
responded	-0.48	2.08
burning	-0.48	1.17
2k	-0.48	0.79
talks	-0.48	1.47
writers	-0.48	1.11
r/pcgaming	-0.48	2.41
people	-0.48	1.92
fell	-0.48	0.83
8.1	-0.48	1.00
searching	-0.48	1.60
station	-0.48	0.84
political	-0.48	1.12
street	-0.47	0.77
knowledge	-0.47	1.18
realizing	-0.47	2.29
addressed	-0.47	1.35
apple	-0.47	0.97
handling	-0.47	0.84
vast	-0.47	1.01
bridge	-0.47	1.01
outside	-0.47	0.97
mac	-0.47	0.95
tiny	-0.47	1.03
integrity	-0.47	1.29
configurations	-0.47	1.03
selling	-0.47	1.21
win7	-0.47	1.00
pull	-0.47	1.49
regret	-0.47	0.97
alienware	-0.47	1.04
dropped	-0.47	0.94
warrant	-0.47	1.25
ignorant	-0.47	1.22
uplay	-0.47	1.01
standards	-0.47	1.05
cash	-0.47	1.08
agree	-0.47	3.48
apply	-0.47	1.38
everyone	-0.47	2.09
client	-0.46	1.00
fanboy	-0.46	1.74
computers	-0.46	1.13
hacks	-0.46	1.14
windows	-0.46	0.95
rush	-0.46	0.94
testing	-0.46	1.11
pilot	-0.46	0.88
described	-0.46	1.72
sticks	-0.46	1.15
andreas	-0.46	0.94
reasoning	-0.46	1.83
returned	-0.46	1.07
established	-0.46	0.85
topics	-0.46	2.02
filled	-0.46	0.91
steering	-0.46	1.05
care	-0.46	2.41
agenda	-0.46	1.10
subs	-0.45	2.16
user	-0.45	0.99
utterly	-0.45	1.15
contacted	-0.45	1.48
reaching	-0.45	1.45
cutting	-0.45	0.94
practically	-0.45	1.07
r/gaming	-0.45	2.21
r/games	-0.45	2.20
engine	-0.45	0.96
network	-0.45	0.94
masses	-0.45	0.95
latter	-0.45	0.99
offended	-0.45	2.08
keep	-0.44	1.81
success	-0.44	0.91
admittedly	-0.44	1.21
social	-0.44	1.01
shortcut	-0.44	1.62
pre-ordering	-0.44	1.24
serious	-0.44	1.54
grade	-0.44	0.70
gabe	-0.44	1.32
upvote	-0.44	2.11
women	-0.44	1.00
gamepad	-0.44	1.21
according	-0.44	1.29
market	-0.44	0.98
reasonable	-0.44	1.38
goal	-0.44	1.41
resident	-0.44	0.81
editing	-0.44	1.07
simcity	-0.44	0.86
battlefield	-0.44	0.89
lastly	-0.44	1.08
experienced	-0.43	1.27
frostbite	-0.43	0.89
compare	-0.43	2.34
granted	-0.43	1.28
controlling	-0.43	1.06
wonder	-0.43	2.23
losing	-0.43	1.27
focusing	-0.43	1.72
demand	-0.43	0.90
breaks	-0.43	0.90
covers	-0.43	0.88
appropriate	-0.43	1.31
everybody	-0.43	2.35
busy	-0.43	1.86
dsfix	-0.43	1.08
minority	-0.43	1.06
pre-built	-0.43	1.05
hunt	-0.43	0.85
fake	-0.43	1.21
generation	-0.43	0.94
beast	-0.43	1.20
meet	-0.42	1.19
concern	-0.42	1.68
markets	-0.42	1.02
router	-0.42	0.91
early	-0.42	1.09
proven	-0.42	1.31
hook	-0.42	1.29
directx	-0.42	0.87
lower	-0.42	1.09
asshole	-0.42	1.29
steamworks	-0.42	1.01
convince	-0.41	2.09
financial	-0.41	1.02
madden	-0.41	0.88
denying	-0.41	1.70
posting	-0.41	2.58
newest	-0.41	0.92
massive	-0.41	1.20
sequel	-0.41	0.99
sake	-0.41	1.22
blowing	-0.41	1.21
distribution	-0.41	0.96
translate	-0.41	2.07
test	-0.41	1.13
service	-0.41	1.02
credits	-0.41	1.15
full	-0.41	1.16
websites	-0.41	1.27
apis	-0.41	0.93
cross	-0.40	1.07
minor	-0.40	1.16
gaming	-0.40	0.98
vista	-0.40	0.94
growing	-0.40	0.95
folks	-0.40	1.27
wrapper	-0.40	1.18
purpose	-0.40	1.74
encountered	-0.40	1.17
dell	-0.40	1.03
besides	-0.40	1.09
focus	-0.40	1.11
statistics	-0.40	1.13
angry	-0.40	1.54
controversial	-0.40	1.02
writer	-0.40	1.15
phil	-0.40	1.13
means	-0.40	2.65
count	-0.40	1.48
instructions	-0.40	1.11
discuss	-0.40	1.86
produce	-0.40	1.22
recognize	-0.40	1.76
producing	-0.40	1.20
choose	-0.40	1.63
xb1	-0.40	1.03
posted	-0.40	2.54
subject	-0.40	1.66
mentioned	-0.40	1.92
joystick	-0.40	1.20
locks	-0.40	1.01
surely	-0.40	1.10
norm	-0.39	1.04
contribute	-0.39	1.71
forum	-0.39	2.26
leap	-0.39	1.13
topic	-0.39	2.19
pre-order	-0.39	1.12
news	-0.39	1.24
population	-0.39	0.91
worse	-0.39	1.31
layer	-0.39	1.08
mentions	-0.39	1.55
xp	-0.39	0.95
benefits	-0.39	1.13
position	-0.39	0.97
bonuses	-0.39	1.00
browser	-0.39	0.99
whole	-0.39	1.24
allowing	-0.39	1.06
osx	-0.39	0.94
refer	-0.39	1.29
vpn	-0.38	0.95
desire	-0.38	1.50
net	-0.38	1.38
ini	-0.38	1.06
misleading	-0.38	1.26
children	-0.38	0.94
gamer	-0.38	1.02
warfare	-0.38	0.86
web	-0.38	1.13
skipped	-0.38	1.14
aimed	-0.38	0.95
live	-0.37	1.05
egg	-0.37	1.13
teams	-0.37	0.96
mortal	-0.37	0.86
theory	-0.37	1.40
sub	-0.37	2.26
realise	-0.37	1.98
mistakes	-0.37	1.17
numbers	-0.37	1.15
error	-0.37	1.43
caps	-0.37	0.99
sharp	-0.37	1.21
ad	-0.37	1.13
overheating	-0.37	1.27
meta	-0.37	1.06
iv	-0.37	0.93
wall	-0.37	0.99
incentive	-0.37	1.25
pre-orders	-0.37	1.46
slots	-0.37	1.05
major	-0.37	1.25
firmware	-0.37	1.01
tough	-0.37	1.08
fish	-0.36	1.16
greatest	-0.36	2.71
select	-0.36	1.62
confirmed	-0.36	1.40
burn	-0.36	0.99
minimal	-0.36	1.11
larger	-0.36	1.04
true	-0.36	3.34
transfer	-0.36	1.07
precisely	-0.36	1.80
issue	-0.36	1.93
commands	-0.36	1.09
fails	-0.36	1.07
devices	-0.36	1.03
7	-0.36	1.02
bored	-0.36	1.29
blurry	-0.36	1.36
vice	-0.36	0.91
pretend	-0.36	2.57
trend	-0.36	1.06
considering	-0.36	1.43
factors	-0.36	1.26
blizzard	-0.36	0.86
society	-0.36	1.00
detect	-0.36	1.85
forums	-0.36	2.00
threads	-0.36	2.02
compete	-0.36	1.84
ops	-0.36	0.80
benefit	-0.36	1.19
views	-0.36	1.17
men	-0.36	0.97
backing	-0.35	1.08
built	-0.35	0.96
software	-0.35	0.98
legitimately	-0.35	1.93
purchase	-0.35	1.42
general	-0.35	1.22
dip	-0.35	1.05
weird	-0.35	2.33
operating	-0.35	0.94
extended	-0.35	0.76
someone	-0.35	1.94
ball	-0.35	0.87
entitled	-0.35	1.09
se	-0.35	1.00
ultimately	-0.35	0.91
counts	-0.35	0.91
pcgaming	-0.35	2.33
w8	-0.35	0.96
butt	-0.35	1.27
grinding	-0.35	1.05
whatsoever	-0.35	1.23
crytek	-0.35	0.80
constant	-0.34	1.12
females	-0.34	1.03
subreddits	-0.34	2.19
starting	-0.34	1.47
icon	-0.34	1.66
evolved	-0.34	1.24
swap	-0.34	1.07
assassins	-0.34	1.05
trees	-0.34	1.09
fired	-0.34	1.10
bringing	-0.34	1.10
fail	-0.34	1.09
purchases	-0.34	1.08
feed	-0.34	1.08
carmack	-0.34	1.22
prototype	-0.34	1.16
pcs	-0.33	1.02
fucks	-0.33	1.24
retailer	-0.33	1.00
rendering	-0.33	1.07
purchased	-0.33	1.07
pre	-0.33	1.18
sleep	-0.33	0.82
build	-0.33	1.06
subreddit	-0.33	2.28
crime	-0.33	1.26
towards	-0.33	1.06
sections	-0.33	0.97
libraries	-0.33	1.01
update	-0.33	1.01
rough	-0.33	2.16
torrent	-0.33	1.23
commented	-0.33	1.93
clue	-0.33	2.76
imagine	-0.33	2.77
flight	-0.33	0.94
niche	-0.33	0.90
produced	-0.33	0.95
credibility	-0.33	1.25
goods	-0.33	1.08
genuine	-0.33	1.38
apps	-0.33	1.01
acknowledge	-0.33	2.21
including	-0.33	1.40
mostly	-0.33	1.22
opengl	-0.33	0.92
perform	-0.33	1.12
loss	-0.33	1.06
primary	-0.33	1.06
origin	-0.33	1.05
upcoming	-0.33	1.07
successor	-0.33	1.03
bought	-0.33	1.12
creed	-0.33	1.04
whether	-0.32	2.16
isp	-0.32	1.08
fighting	-0.32	0.87
communities	-0.32	1.04
choice	-0.32	1.60
informed	-0.32	1.30
i.e	-0.32	0.99
linux	-0.32	0.95
bottleneck	-0.32	1.20
vehicle	-0.32	0.94
thread	-0.32	2.57
normally	-0.32	1.43
grass	-0.32	0.81
tablets	-0.32	1.00
matter	-0.32	2.64
receiving	-0.32	1.24
dream	-0.32	1.19
adding	-0.31	1.59
percentage	-0.31	0.98
surprise	-0.31	2.59
solely	-0.31	1.09
lan	-0.31	0.93
win	-0.31	1.02
lead	-0.31	1.05
staff	-0.31	0.99
populated	-0.31	0.89
stolen	-0.31	1.40
stage	-0.31	1.08
pirated	-0.31	1.01
round	-0.31	1.13
desktops	-0.31	1.02
grind	-0.31	0.99
travel	-0.31	1.02
moved	-0.31	0.94
about	-0.31	2.58
targeting	-0.31	1.01
removed	-0.31	1.96
api	-0.31	0.91
sticking	-0.31	1.44
locking	-0.31	1.02
throwing	-0.30	1.43
purchasing	-0.30	1.49
laugh	-0.30	1.64
hacked	-0.30	1.32
mentality	-0.30	1.31
somebody	-0.30	1.81
small	-0.30	1.02
department	-0.30	0.99
placed	-0.30	1.09
rise	-0.30	0.88
members	-0.30	0.87
blow	-0.30	1.06
x86	-0.30	0.99
bigger	-0.30	1.23
states	-0.30	1.21
author	-0.30	1.60
hardware	-0.30	0.96
driving	-0.30	0.94
significant	-0.30	1.27
short	-0.30	1.08
drop	-0.30	1.09
sets	-0.30	1.05
choosing	-0.30	1.26
applications	-0.30	1.00
tablet	-0.30	0.99
already	-0.30	2.07
targeted	-0.30	0.92
theirs	-0.30	1.52
id	-0.29	1.00
11	-0.29	0.98
target	-0.29	0.96
having	-0.29	2.11
task	-0.29	1.26
steambox	-0.29	0.98
downvotes	-0.29	2.22
slept	-0.29	1.16
hire	-0.29	1.07
limit	-0.29	0.98
tweak	-0.29	1.10
politics	-0.29	1.43
hyperthreading	-0.29	1.09
hang	-0.29	1.14
got	-0.29	1.19
audience	-0.29	0.94
tools	-0.29	1.01
immature	-0.28	1.25
policy	-0.28	1.06
zero	-0.28	1.20
our	-0.28	1.00
upon	-0.28	0.77
activity	-0.28	1.08
basis	-0.28	1.17
official	-0.28	1.03
honor	-0.28	0.89
dx12	-0.28	1.01
tweaking	-0.28	0.99
replacing	-0.28	1.31
example	-0.28	1.67
majority	-0.28	0.98
written	-0.28	1.20
everytime	-0.28	1.13
sick	-0.28	1.46
spam	-0.28	1.31
support	-0.27	1.21
speeds	-0.27	1.03
desktop	-0.27	1.05
improvements	-0.27	1.06
assumption	-0.27	1.43
deciding	-0.27	1.59
architecture	-0.27	0.93
dirty	-0.27	1.07
cap	-0.27	1.01
iteration	-0.27	0.90
relevant	-0.27	3.11
youre	-0.27	1.72
invest	-0.27	1.42
large	-0.27	1.12
v-sync	-0.27	1.07
taking	-0.27	2.55
overhead	-0.27	1.01
wondering	-0.27	3.53
fence	-0.27	3.31
creators	-0.27	1.13
touch	-0.27	1.18
originally	-0.27	1.21
crack	-0.27	1.16
tear	-0.27	1.06
hacking	-0.26	1.03
whatever	-0.26	1.98
aiming	-0.26	1.05
farcry	-0.26	1.07
initially	-0.26	1.71
nowadays	-0.26	1.28
win8	-0.26	0.93
same	-0.26	1.98
catalyst	-0.26	1.01
obsolete	-0.26	1.24
charity	-0.26	1.09
pcgamer	-0.26	1.21
monsters	-0.26	0.84
leaving	-0.26	1.57
provide	-0.26	1.42
engines	-0.26	0.92
pcmr	-0.26	2.02
patience	-0.26	1.10
access	-0.26	1.06
new	-0.26	0.91
affect	-0.26	1.82
stress	-0.26	0.78
machines	-0.26	1.00
impossible	-0.26	1.23
average	-0.26	0.98
dx	-0.26	0.93
collection	-0.26	0.83
pcmasterrace	-0.26	1.90
polish	-0.26	1.09
steamos	-0.26	0.95
lock	-0.26	1.01
differences	-0.26	1.13
delete	-0.25	1.34
punch	-0.25	1.14
fat	-0.25	1.32
infamous	-0.25	0.99
timing	-0.25	1.12
turns	-0.25	1.01
ubuntu	-0.25	1.00
loading	-0.25	1.04
had	-0.25	1.48
zone	-0.25	1.06
config	-0.25	1.07
fox	-0.25	1.04
challenges	-0.25	0.99
vsync	-0.25	1.09
aswell	-0.25	1.16
upgrading	-0.25	1.59
downloads	-0.25	1.07
drawing	-0.25	1.22
plans	-0.25	1.16
conversation	-0.25	1.71
payed	-0.25	1.01
allows	-0.25	1.09
ask	-0.25	2.55
upvotes	-0.25	2.00
particular	-0.25	1.21
analysis	-0.25	1.17
electronic	-0.25	0.83
primarily	-0.25	1.00
buffering	-0.24	1.07
current	-0.24	1.04
olds	-0.24	0.97
question	-0.24	2.47
sa	-0.24	0.89
bay	-0.24	0.99
area	-0.24	1.07
64-bit	-0.24	0.95
cryengine	-0.24	0.98
kill	-0.24	0.91
partially	-0.24	1.01
havent	-0.24	1.10
russian	-0.24	1.01
sport	-0.24	0.81
latency	-0.24	1.09
images	-0.24	1.40
earned	-0.24	0.96
serves	-0.24	1.02
job	-0.24	1.44
instant	-0.24	1.15
happens	-0.24	1.64
r/buildapc	-0.24	2.43
ios	-0.24	0.97
clicking	-0.24	1.69
city	-0.24	0.87
buildings	-0.24	0.93
invested	-0.24	1.14
unnecessary	-0.23	1.19
opposing	-0.23	1.42
anywhere	-0.23	2.16
file	-0.23	1.09
investing	-0.23	1.41
shocked	-0.23	2.55
treatment	-0.23	1.08
charged	-0.23	1.07
laptop	-0.23	0.99
element	-0.23	0.70
culture	-0.23	1.02
tons	-0.23	1.25
joking	-0.23	3.13
staying	-0.23	1.62
contain	-0.23	1.51
quote	-0.23	1.63
argument	-0.23	1.73
ign	-0.23	1.22
such	-0.23	1.18
depending	-0.23	1.24
preorder	-0.23	1.16
rocket	-0.22	0.97
worried	-0.22	3.32
grabbed	-0.22	0.99
implement	-0.22	1.04
influence	-0.22	0.98
delay	-0.22	1.15
changes	-0.22	1.10
gotten	-0.22	1.25
sex	-0.22	1.13
lt	-0.22	1.33
connecting	-0.22	1.09
contains	-0.22	1.39
folders	-0.22	1.14
sites	-0.22	1.29
folder	-0.22	1.18
downloaded	-0.22	1.10
beating	-0.22	0.85
skilled	-0.22	0.99
messing	-0.22	1.21
backwards	-0.22	1.29
accurately	-0.22	1.41
released	-0.22	1.12
rules	-0.21	2.28
9	-0.21	1.02
achievements	-0.21	1.10
anybody	-0.21	1.71
ps3	-0.21	0.97
called	-0.21	1.30
adapter	-0.21	1.05
push	-0.21	1.29
sending	-0.21	1.79
reduced	-0.21	1.01
tvs	-0.21	1.04
simpler	-0.21	1.06
exe	-0.21	1.22
compromise	-0.21	1.24
actual	-0.21	1.17
affected	-0.21	1.27
rigs	-0.21	1.00
tricks	-0.21	1.24
worthy	-0.21	0.96
os	-0.21	0.97
energy	-0.21	1.12
htpc	-0.21	0.95
jobs	-0.21	0.99
dog	-0.21	0.98
building	-0.20	1.33
exist	-0.20	2.61
existing	-0.20	1.16
gameworks	-0.20	0.95
delayed	-0.20	1.23
clear	-0.20	3.13
tell	-0.20	2.75
working	-0.20	2.11
machine	-0.20	1.00
depend	-0.20	1.23
driver	-0.20	0.99
burned	-0.20	1.18
forced	-0.20	1.18
8	-0.20	1.02
noticed	-0.20	1.14
billion	-0.20	0.98
equipment	-0.20	0.98
bind	-0.20	1.13
killing	-0.20	0.82
lesson	-0.20	1.06
wifi	-0.20	0.97
similarly	-0.20	1.07
usb	-0.20	1.05
anyone	-0.20	2.00
repeatedly	-0.20	1.44
rumor	-0.20	1.48
opens	-0.20	1.21
research	-0.20	1.39
portion	-0.20	1.00
launcher	-0.20	0.95
whilst	-0.20	1.09
provided	-0.20	1.26
ps	-0.20	0.93
frame	-0.19	1.06
brain	-0.19	0.87
motherboards	-0.19	0.99
explorer	-0.19	1.24
refund	-0.19	1.27
installation	-0.19	1.15
questions	-0.19	2.17
hint	-0.19	1.37
millions	-0.19	1.08
money	-0.19	1.33
paying	-0.19	1.74
assume	-0.19	2.94
dogs	-0.19	1.06
window	-0.19	1.26
release	-0.19	1.32
improvement	-0.19	1.09
services	-0.19	1.00
announced	-0.19	1.14
camera	-0.19	0.99
instances	-0.19	1.29
peak	-0.19	1.18
vary	-0.19	1.17
<SPECIAL>	-0.19	0.92
<URL>	-0.19	0.92
supposedly	-0.19	0.95
clicks	-0.19	1.63
anything	-0.19	2.25
actions	-0.19	1.08
capped	-0.19	1.00
group	-0.19	0.94
interview	-0.19	1.36
terms	-0.18	1.25
intended	-0.18	0.74
cable	-0.18	1.02
e.g	-0.18	1.12
connected	-0.18	1.04
racist	-0.18	1.19
decrease	-0.18	1.14
exact	-0.18	1.55
iphone	-0.18	0.96
hiding	-0.18	1.25
download	-0.18	1.12
stay	-0.18	1.37
min	-0.18	1.06
member	-0.18	1.04
crew	-0.18	0.90
locked	-0.18	0.99
born	-0.18	1.17
omg	-0.18	2.30
licensing	-0.18	0.97
application	-0.18	1.03
answered	-0.18	2.16
living	-0.18	1.12
12	-0.18	1.06
aka	-0.18	1.04
rust	-0.18	0.91
taxes	-0.18	1.12
wheel	-0.18	1.08
generations	-0.17	0.96
finished	-0.17	1.06
xbox	-0.17	1.02
shell	-0.17	0.97
baby	-0.17	1.12
r/pcgamingtechsupport	-0.17	2.39
input	-0.17	1.10
installing	-0.17	1.09
raised	-0.17	1.22
tastes	-0.17	1.22
taxing	-0.17	1.22
installer	-0.17	1.05
tested	-0.17	1.11
sell	-0.17	1.55
specifically	-0.17	2.17
connect	-0.17	0.99
180	-0.17	1.06
woman	-0.17	1.11
r/techsupport	-0.17	2.40
management	-0.17	1.07
edition	-0.17	0.80
throttle	-0.17	1.07
helping	-0.17	1.41
distro	-0.17	1.03
x4	-0.17	0.97
bothers	-0.17	1.51
create	-0.16	1.31
happening	-0.16	2.09
learn	-0.16	1.98
balanced	-0.16	0.93
simulator	-0.16	0.84
difference	-0.16	1.48
creator	-0.16	1.01
prompts	-0.16	1.07
joined	-0.16	0.96
click	-0.16	1.76
alternate	-0.16	1.15
scratch	-0.16	1.04
handle	-0.16	1.28
linked	-0.16	1.63
ups	-0.16	1.17
directory	-0.16	1.14
cancel	-0.16	1.41
beta	-0.16	1.07
pic	-0.16	1.64
saved	-0.16	1.24
articles	-0.16	1.42
closer	-0.16	1.15
walls	-0.16	0.99
replied	-0.16	2.48
afford	-0.15	2.25
virus	-0.15	1.08
socket	-0.15	1.02
statement	-0.15	1.87
across	-0.15	1.02
tree	-0.15	0.90
pick	-0.15	1.84
depends	-0.15	1.75
displayport	-0.15	1.00
orange	-0.15	1.08
forces	-0.15	0.92
bf2	-0.15	0.90
stand	-0.15	2.12
efficiency	-0.15	1.17
replies	-0.15	2.57
effort	-0.15	1.35
lived	-0.15	0.90
groups	-0.15	1.06
randomly	-0.15	1.15
opposed	-0.15	1.04
failing	-0.15	1.32
files	-0.14	1.11
maps	-0.14	0.86
personal	-0.14	1.23
48	-0.14	1.02
japan	-0.14	0.91
return	-0.14	1.12
struggle	-0.14	1.14
android	-0.14	0.97
applied	-0.14	1.25
app	-0.14	0.99
grain	-0.14	1.28
impact	-0.14	1.19
possibility	-0.14	1.26
competitor	-0.14	1.05
brings	-0.14	0.94
opening	-0.14	1.12
tax	-0.14	1.10
decades	-0.14	1.19
while	-0.14	1.81
tutorial	-0.14	1.08
random	-0.14	1.06
fashion	-0.14	1.45
followed	-0.14	0.89
drivers	-0.14	0.98
achieve	-0.14	1.43
demographic	-0.14	0.93
wasd	-0.14	1.17
wipe	-0.14	1.04
funded	-0.14	0.95
digging	-0.14	1.55
reinstall	-0.13	1.06
kotaku	-0.13	1.25
automatically	-0.13	1.22
intend	-0.13	1.97
remote	-0.13	0.93
ass	-0.13	1.49
wasted	-0.13	1.03
fully	-0.13	1.19
14	-0.13	0.96
mini	-0.13	0.96
figure	-0.13	2.70
parties	-0.13	1.04
architect	-0.13	0.87
computing	-0.13	0.99
automatic	-0.13	0.98
opinion	-0.13	1.46
cables	-0.13	1.03
components	-0.13	0.98
alive	-0.13	1.03
chunk	-0.13	1.05
notch	-0.13	1.07
barely	-0.13	1.45
condition	-0.13	1.16
falling	-0.13	1.11
vanilla	-0.13	0.86
ghost	-0.13	0.88
notes	-0.13	1.22
chrome	-0.13	1.15
tab	-0.13	1.64
mantle	-0.13	0.94
programs	-0.13	1.03
match	-0.13	1.12
updating	-0.13	1.06
generic	-0.13	1.18
launched	-0.13	1.10
share	-0.12	1.42
digital	-0.12	1.01
data	-0.12	1.04
schedule	-0.12	1.20
standpoint	-0.12	1.04
needs	-0.12	2.39
physical	-0.12	1.07
fluid	-0.12	1.15
runs	-0.12	0.96
18	-0.12	1.01
24/7	-0.12	1.16
plan	-0.12	1.78
face	-0.12	1.23
origins	-0.12	0.98
consistently	-0.12	1.11
finally	-0.12	1.45
rule	-0.12	2.34
install	-0.12	1.04
answers	-0.12	2.22
chief	-0.12	1.00
jim	-0.12	1.27
remotely	-0.12	1.57
bandwidth	-0.12	0.98
managed	-0.12	1.52
matches	-0.12	0.97
assassin	-0.12	1.03
phone	-0.11	1.03
candy	-0.11	0.94
kickstarter	-0.11	0.99
iirc	-0.11	1.38
kingdom	-0.11	0.78
blocked	-0.11	1.22
linear	-0.11	1.22
saves	-0.11	1.13
mobile	-0.11	0.98
deluxe	-0.11	0.82
him	-0.11	1.57
mid-range	-0.11	1.00
upgrade	-0.11	1.68
spending	-0.11	1.32
advertised	-0.11	1.55
steam	-0.11	1.06
stretch	-0.11	1.32
substantial	-0.11	1.11
touched	-0.11	1.08
finding	-0.11	1.61
south	-0.11	0.93
why	-0.11	2.93
title	-0.11	1.83
scaling	-0.11	1.03
cell	-0.11	0.89
clicked	-0.11	1.49
hes	-0.10	1.99
sources	-0.10	1.32
yup	-0.10	2.67
aliens	-0.10	0.86
screens	-0.10	1.03
read	-0.10	2.15
moving	-0.10	1.15
guy	-0.10	1.63
purposes	-0.10	1.08
progression	-0.10	1.07
speed	-0.10	0.99
playerbase	-0.10	1.14
emphasis	-0.10	1.01
surrounding	-0.10	1.02
sold	-0.10	1.15
ruin	-0.10	1.02
bomb	-0.10	1.12
xpadder	-0.10	1.15
cores	-0.10	1.07
batman	-0.10	1.06
laptops	-0.10	1.03
run	-0.10	1.27
idiot	-0.10	1.48
options	-0.10	1.23
pool	-0.10	0.93
delivery	-0.10	1.00
dos	-0.10	0.99
gcn	-0.10	0.93
playstation	-0.10	0.92
sports	-0.10	0.84
benchmarks	-0.10	1.28
involve	-0.10	1.48
cd	-0.10	0.95
suited	-0.09	1.26
competing	-0.09	1.13
picking	-0.09	1.67
enix	-0.09	0.76
magazine	-0.09	1.22
allowed	-0.09	1.98
site	-0.09	1.46
dark	-0.09	0.77
downvote	-0.09	2.03
rank	-0.09	1.01
tied	-0.09	1.02
reach	-0.09	1.43
none	-0.09	1.55
vs	-0.09	0.89
bayonetta	-0.09	0.82
counting	-0.09	1.43
corners	-0.09	1.00
negligible	-0.09	1.17
adaptive	-0.09	1.01
north	-0.09	0.92
hair	-0.09	0.97
below	-0.09	1.06
sweetfx	-0.09	1.14
consider	-0.09	1.96
vita	-0.09	0.93
insult	-0.08	1.90
dick	-0.08	1.56
operation	-0.08	0.88
paint	-0.08	0.99
label	-0.08	1.32
manually	-0.08	1.11
realized	-0.08	1.48
talk	-0.08	1.70
legendary	-0.08	0.82
fps	-0.08	1.04
fill	-0.08	1.11
cry	-0.08	1.02
usa	-0.08	1.00
expect	-0.08	2.77
understandable	-0.08	1.25
gay	-0.08	1.25
targets	-0.08	1.12
boom	-0.08	1.02
shoot	-0.08	0.99
15	-0.08	1.13
dualshock	-0.08	1.05
offering	-0.08	1.10
gain	-0.08	1.04
17	-0.08	1.01
bus	-0.08	0.96
rig	-0.07	1.02
viable	-0.07	1.22
button	-0.07	1.54
40fps	-0.07	1.06
enable	-0.07	1.08
wtf	-0.07	1.69
kick	-0.07	1.18
45	-0.07	1.05
indication	-0.07	1.80
siege	-0.07	1.02
craft	-0.07	0.97
yours	-0.07	1.80
fall	-0.07	0.93
bonus	-0.07	1.06
modules	-0.07	0.97
installed	-0.07	1.03
newegg	-0.07	1.06
gap	-0.07	1.06
browsing	-0.07	1.09
responsive	-0.07	1.18
navigate	-0.07	1.21
products	-0.07	1.26
completely	-0.07	1.53
see	-0.07	2.72
grown	-0.07	1.09
uninstall	-0.07	1.06
mechs	-0.07	0.86
p2w	-0.07	1.16
ordering	-0.07	1.42
quest	-0.07	0.87
advanced	-0.06	0.92
wikipedia	-0.06	1.25
change	-0.06	1.93
simulators	-0.06	0.80
cater	-0.06	0.95
visit	-0.06	1.54
giant	-0.06	1.04
decide	-0.06	2.21
spend	-0.06	1.23
react	-0.06	1.19
pattern	-0.06	1.09
expert	-0.06	2.11
cpus	-0.06	0.97
number	-0.06	1.11
know	-0.06	2.83
systems	-0.06	0.98
ds4	-0.06	1.04
dongle	-0.06	1.02
uninstalled	-0.06	1.20
mods	-0.06	0.92
sign	-0.06	1.57
adult	-0.06	0.91
95	-0.06	0.98
maximum	-0.06	1.00
gives	-0.06	1.21
tom	-0.06	0.83
slowly	-0.06	1.28
describe	-0.06	1.92
bar	-0.06	1.34
sacrifice	-0.06	1.08
replying	-0.06	2.89
manual	-0.06	1.14
hitting	-0.06	1.14
consensus	-0.06	1.04
gog	-0.06	1.02
page	-0.06	1.58
smoothly	-0.05	1.17
given	-0.05	1.31
signed	-0.05	1.21
equivalent	-0.05	0.96
recommended	-0.05	1.01
splinter	-0.05	0.91
rational	-0.05	1.29
close	-0.05	1.64
follow	-0.05	1.50
progress	-0.05	0.99
computer	-0.05	0.98
updated	-0.05	0.99
gamestop	-0.05	1.11
done	-0.05	2.02
roll	-0.05	0.92
elaborate	-0.05	1.88
highest	-0.05	1.06
players	-0.05	1.03
sidebar	-0.05	2.22
minimum	-0.05	1.02
cover	-0.05	0.96
teach	-0.05	1.85
sarcastic	-0.05	3.57
basics	-0.05	1.53
advantage	-0.05	1.35
plug	-0.05	1.02
linking	-0.05	1.56
kicking	-0.05	1.09
an	-0.05	1.17
entertainment	-0.05	1.02
v	-0.05	0.88
unlocked	-0.05	0.96
passing	-0.05	1.15
extent	-0.05	1.18
believe	-0.05	2.84
division	-0.05	0.94
beginning	-0.05	1.08
happen	-0.05	2.74
chips	-0.05	0.96
learned	-0.05	1.10
ds3	-0.05	1.04
inspired	-0.04	0.94
basic	-0.04	1.13
40	-0.04	1.05
director	-0.04	1.00
capable	-0.04	1.32
idea	-0.04	2.10
sink	-0.04	1.22
favor	-0.04	1.16
stays	-0.04	1.07
processes	-0.04	1.17
360	-0.04	1.03
getting	-0.04	2.58
final	-0.04	0.81
display	-0.04	1.03
disabling	-0.04	1.14
requirements	-0.04	1.01
through	-0.04	1.22
manage	-0.04	1.55
30-40	-0.04	1.05
paste	-0.04	1.59
frames	-0.04	1.06
studio	-0.04	0.88
ranked	-0.04	0.99
popping	-0.04	1.26
size	-0.04	0.97
restart	-0.04	1.14
contact	-0.04	1.37
yearly	-0.04	0.89
enabled	-0.04	1.07
proprietary	-0.04	0.94
appear	-0.04	1.61
process	-0.04	1.14
r/buildapcforme	-0.04	2.22
compatible	-0.04	0.96
under	-0.04	1.51
and/or	-0.04	1.25
smaller	-0.04	1.00
x360	-0.04	0.99
between	-0.04	1.26
raise	-0.04	1.09
stable	-0.04	1.07
europe	-0.04	0.97
chances	-0.03	1.28
edges	-0.03	1.16
been	-0.03	1.42
australia	-0.03	0.99
6300	-0.03	0.93
opened	-0.03	1.10
itch	-0.03	1.40
library	-0.03	1.52
everyday	-0.03	1.14
boxes	-0.03	1.01
grand	-0.03	0.84
goes	-0.03	1.37
heard	-0.03	1.58
leader	-0.03	1.12
features	-0.03	1.18
repetitive	-0.03	1.25
micro	-0.03	0.99
multi	-0.03	1.12
tends	-0.03	1.21
lords	-0.03	0.80
together	-0.03	1.20
order	-0.03	1.44
beyond	-0.03	0.97
plugged	-0.03	1.02
region	-0.03	1.00
modding	-0.03	0.80
wanted	-0.03	2.10
verify	-0.03	1.34
fullscreen	-0.03	1.11
perspective	-0.03	1.08
buy	-0.03	2.18
places	-0.03	1.44
spread	-0.03	1.18
held	-0.03	1.03
premise	-0.03	1.43
wasnt	-0.03	1.68
security	-0.03	1.16
ed	-0.03	0.96
copies	-0.03	1.08
google	-0.03	1.19
nvidia	-0.02	0.94
mature	-0.02	0.94
bottlenecking	-0.02	1.22
insurance	-0.02	1.04
object	-0.02	0.98
yourself	-0.02	2.15
variable	-0.02	1.01
since	-0.02	1.17
search	-0.02	1.28
facebook	-0.02	1.21
xinput	-0.02	1.05
dx11	-0.02	1.05
ve	-0.02	1.41
information	-0.02	1.40
usable	-0.02	1.00
quad	-0.02	1.05
ryse	-0.02	0.79
screen	-0.02	1.15
lots	-0.02	1.25
into	-0.02	1.48
names	-0.02	1.12
load	-0.02	1.02
luckily	-0.02	1.08
bars	-0.02	1.08
meh	-0.02	1.36
police	-0.02	1.08
sync	-0.02	1.03
collecting	-0.01	0.97
guarantee	-0.01	1.90
make	-0.01	2.53
high-end	-0.01	1.01
off	-0.01	1.28
copy	-0.01	1.11
logical	-0.01	1.44
break	-0.01	1.65
mention	-0.01	2.23
frustrating	-0.01	1.40
dx9	-0.01	1.06
east	-0.01	1.01
save	-0.01	1.32
projects	-0.01	1.07
blacklist	-0.01	0.97
insert	-0.01	1.44
fewer	-0.01	1.07
amount	-0.01	1.21
independent	-0.01	0.86
euro	-0.01	0.90
bound	-0.01	0.92
spoiler	-0.01	1.02
motherboard	-0.01	1.04
heck	-0.01	1.08
reward	-0.01	1.23
900p	-0.01	1.05
us	-0.01	1.16
core	-0.01	1.06
above	-0.01	1.02
60	-0.01	1.03
silver	-0.01	0.84
american	-0.01	0.94
6	-0.01	1.55
forcing	-0.01	1.14
technology	-0.01	1.00
editions	-0.00	0.91
55	-0.00	1.02
polygon	-0.00	1.26
remain	-0.00	1.58
feelings	-0.00	1.14
shotgun	-0.00	1.02
comparing	-0.00	1.69
borderless	-0.00	1.06
battery	-0.00	0.96
spent	-0.00	1.24
editor	-0.00	1.09
programmer	-0.00	1.61
30	-0.00	1.05
guaranteed	-0.00	1.52
discussed	-0.00	1.66
bring	0.00	1.80
interests	0.00	1.06
encounter	0.00	1.08
nazi	0.00	1.09
manager	0.00	1.12
wind	0.00	0.98
section	0.00	1.70
engineers	0.00	0.88
problem	0.00	1.99
broad	0.00	1.26
displayed	0.00	1.05
disabled	0.00	1.08
degree	0.00	1.05
controllers	0.01	1.03
endless	0.01	0.85
retail	0.01	1.03
controller	0.01	1.04
apus	0.01	0.95
pressure	0.01	0.86
backup	0.01	1.14
50-60	0.01	1.04
pain	0.01	1.11
supports	0.01	0.96
orders	0.01	1.22
request	0.01	2.02
boost	0.01	1.09
tes	0.01	0.77
crossfire	0.01	0.95
tactics	0.01	0.93
increasing	0.01	1.00
medium	0.01	1.03
frustration	0.01	0.94
opinions	0.01	1.38
performing	0.01	1.01
hassle	0.01	1.44
grew	0.01	0.89
priority	0.01	1.19
receiver	0.01	1.02
proves	0.01	1.62
any	0.01	1.89
trial	0.01	1.10
pop	0.01	0.93
gears	0.01	0.85
16	0.01	1.02
involves	0.02	1.05
i3	0.02	1.00
enemies	0.02	0.86
males	0.02	0.94
starter	0.02	0.97
happened	0.02	2.06
invisible	0.02	1.05
64	0.02	0.90
rely	0.02	1.03
somewhere	0.02	1.69
uk	0.02	1.10
5	0.02	1.36
up	0.02	1.70
fighter	0.02	0.80
hole	0.02	1.12
weekly	0.02	1.09
unable	0.02	1.73
franchise	0.02	0.79
west	0.02	0.94
goals	0.02	1.09
heart	0.02	0.96
sega	0.02	0.80
10	0.02	1.18
store	0.02	1.16
legit	0.02	1.12
importantly	0.02	0.99
annihilation	0.02	0.86
announce	0.02	1.28
gimmick	0.02	0.98
32	0.02	0.98
playing	0.02	2.40
canada	0.02	1.01
big	0.02	1.26
bloody	0.02	1.97
functions	0.02	1.08
configure	0.02	1.14
tweet	0.02	1.93
rog	0.02	1.01
rewards	0.02	1.09
painful	0.02	1.14
mining	0.02	0.90
seeing	0.02	2.80
totalbiscuit	0.03	1.28
conclusion	0.03	1.34
crashed	0.03	1.07
oriented	0.03	0.94
shipped	0.03	1.05
switching	0.03	1.20
nothing	0.03	2.34
mod	0.03	0.85
hold	0.03	1.41
disc	0.03	1.07
collect	0.03	0.98
fund	0.03	1.10
introduced	0.03	1.10
drawn	0.03	1.07
bluetooth	0.03	1.04
chris	0.03	1.14
earlier	0.03	1.82
walk	0.03	1.13
720p	0.03	1.05
hardly	0.03	1.19
sometimes	0.03	1.39
room	0.03	1.01
hit	0.03	1.14
consideration	0.03	1.38
intent	0.04	1.57
70	0.04	1.04
where	0.04	2.64
90	0.04	1.02
render	0.04	1.12
4th	0.04	0.91
throughout	0.04	0.84
lowering	0.04	1.04
ps2	0.04	0.89
ability	0.04	1.48
scroll	0.04	1.53
freesync	0.04	0.99
pushed	0.04	1.23
program	0.04	0.98
realize	0.04	2.65
tb	0.04	1.29
except	0.04	1.37
strength	0.04	1.14
max	0.04	1.02
windowed	0.04	1.05
demos	0.04	1.27
liked	0.04	2.61
processors	0.04	0.98
thousands	0.04	1.17
phones	0.04	0.98
clocked	0.04	0.99
additional	0.04	1.16
before	0.04	1.50
thousand	0.04	1.20
china	0.04	0.98
coming	0.04	1.50
altogether	0.04	1.26
out	0.04	1.86
numerous	0.05	1.41
gddr5	0.05	0.95
entirely	0.05	1.44
nature	0.05	1.03
situation	0.05	1.86
jaggies	0.05	1.15
decently	0.05	1.20
plane	0.05	0.89
factor	0.05	1.31
understood	0.05	1.78
show	0.05	1.95
grabbing	0.05	1.78
scheme	0.05	0.94
preset	0.05	0.95
once	0.05	1.48
50	0.05	1.06
mordor	0.05	0.82
emulate	0.05	0.93
yet	0.05	1.82
kingdoms	0.05	0.75
customization	0.05	1.02
certain	0.05	1.18
tech	0.05	1.52
countries	0.05	0.98
miles	0.05	1.17
directly	0.05	1.39
mark	0.05	0.80
flying	0.05	0.87
widescreen	0.05	0.99
former	0.05	1.09
youtubers	0.05	1.12
log	0.05	1.11
earn	0.05	1.04
ue4	0.05	0.93
income	0.05	0.91
does	0.05	2.53
clock	0.06	0.99
bits	0.06	0.89
reality	0.06	1.29
comparisons	0.06	1.32
cuda	0.06	0.94
give	0.06	2.14
determine	0.06	1.49
exciting	0.06	2.09
keeping	0.06	1.38
period	0.06	1.00
unlocks	0.06	0.98
set	0.06	1.06
black	0.06	0.94
rma	0.06	1.15
necessarily	0.06	1.83
communicate	0.06	1.42
intel	0.06	0.98
panel	0.06	1.02
20	0.06	1.18
maxing	0.06	1.41
sale	0.06	1.19
device	0.06	1.00
interaction	0.06	0.80
80	0.06	1.03
pressing	0.06	1.56
requirement	0.06	1.00
directions	0.06	1.14
down	0.06	1.46
fx	0.06	0.97
offer	0.06	1.11
realistically	0.06	1.44
planning	0.07	2.19
35	0.07	1.04
phase	0.07	1.04
charging	0.07	1.04
trouble	0.07	1.70
emulating	0.07	0.94
arrow	0.07	1.17
million	0.07	1.11
googling	0.07	1.30
turned	0.07	1.08
aliasing	0.07	1.04
teamspeak	0.07	0.99
gsync	0.07	0.99
appeal	0.07	1.06
component	0.07	0.98
used	0.07	1.57
understanding	0.07	1.68
were	0.07	2.24
sort	0.07	1.66
successful	0.07	0.85
changing	0.07	1.14
vague	0.07	1.72
touchpad	0.07	1.09
marvel	0.07	0.76
warning	0.07	1.29
fee	0.07	1.05
roughly	0.07	1.21
halfway	0.07	0.98
continued	0.07	1.06
density	0.07	1.15
hits	0.07	1.01
map	0.08	0.85
anytime	0.08	1.81
boot	0.08	1.01
charges	0.08	1.04
realm	0.08	0.87
degrees	0.08	1.02
scan	0.08	1.09
killer	0.08	1.00
65	0.08	1.02
per	0.08	1.14
announcement	0.08	1.25
enemy	0.08	0.86
inquisition	0.08	0.78
txaa	0.08	1.05
percent	0.08	1.09
2005	0.08	1.07
health	0.08	1.00
increased	0.08	1.03
yesterday	0.08	1.26
simply	0.08	2.64
ensure	0.08	1.01
preference	0.08	1.34
casual	0.08	0.95
builds	0.08	1.15
lists	0.08	1.17
carry	0.08	0.92
ao	0.08	0.99
holding	0.08	1.43
compensate	0.08	1.05
mgs	0.08	0.84
project	0.08	1.00
tressfx	0.08	0.89
camp	0.08	1.14
triggers	0.09	1.10
worry	0.09	2.21
era	0.09	1.02
anymore	0.09	2.52
safe	0.09	1.10
specs	0.09	1.09
background	0.09	0.95
capture	0.09	1.00
closely	0.09	1.22
skyrim	0.09	0.77
standard	0.09	0.92
suspect	0.09	1.12
objectives	0.09	1.09
america	0.09	1.04
how	0.09	2.67
nowhere	0.09	1.20
sampling	0.09	1.06
older	0.09	0.87
january	0.09	1.16
farming	0.09	0.88
nexus	0.09	0.87
enhanced	0.09	0.81
upgrades	0.09	0.96
needing	0.09	1.56
alternatives	0.09	1.25
assuming	0.09	3.52
g-sync	0.09	1.00
resources	0.09	1.11
involved	0.09	1.55
maxwell	0.09	1.01
smoke	0.10	0.99
playtime	0.10	1.26
prison	0.10	0.84
beauty	0.10	0.96
around	0.10	1.31
adults	0.10	0.96
arkham	0.10	1.10
intuitive	0.10	1.15
bothered	0.10	2.32
hundred	0.10	1.19
me2	0.10	0.78
obviously	0.10	2.68
twice	0.10	1.19
ssaa	0.10	1.03
gun	0.10	0.92
purely	0.10	1.08
unlock	0.10	0.98
active	0.10	0.95
hardest	0.10	0.95
standing	0.10	1.35
8350	0.10	0.96
750ti	0.10	0.93
force	0.10	1.03
recall	0.10	1.98
sleeping	0.10	1.05
amd	0.10	0.90
triple	0.10	1.04
self	0.10	0.99
immediately	0.10	1.38
100	0.10	1.07
dollars	0.10	1.20
trilogy	0.10	0.76
screenshot	0.10	1.76
countless	0.11	1.34
destruction	0.11	0.95
detail	0.11	0.91
because	0.11	2.77
unofficial	0.11	0.97
emulator	0.11	0.90
truck	0.11	0.82
individual	0.11	1.24
3ds	0.11	0.90
reset	0.11	1.02
fov	0.11	1.00
backed	0.11	1.05
19	0.11	0.93
view	0.11	0.97
performs	0.11	1.00
shop	0.11	1.12
provides	0.11	1.10
prepared	0.11	1.62
worth	0.11	1.77
280x	0.11	0.91
module	0.11	0.93
filtering	0.11	1.04
evil	0.11	0.73
material	0.11	0.95
pentium	0.11	0.98
hrs	0.11	1.20
execution	0.11	1.09
emulators	0.11	0.87
launching	0.11	1.11
ultra	0.11	1.04
5-10	0.11	1.24
combined	0.11	0.95
emotional	0.11	1.19
30fps	0.11	1.02
country	0.11	1.01
high	0.11	0.99
investment	0.11	1.18
addition	0.11	1.17
reboot	0.11	0.94
displays	0.11	1.02
fxaa	0.11	1.06
bucks	0.11	1.22
pictures	0.12	1.23
usage	0.12	0.96
modified	0.12	0.90
water	0.12	0.88
soldiers	0.12	0.98
voltage	0.12	0.99
wiiu	0.12	0.88
comes	0.12	1.58
largely	0.12	1.31
from	0.12	1.69
corner	0.12	1.45
stronger	0.12	1.07
battlefront	0.12	0.84
10-15	0.12	1.13
snes	0.12	0.83
20-30	0.12	1.18
bios	0.12	0.98
scenarios	0.12	1.01
turn	0.12	1.10
knew	0.12	1.88
suits	0.12	0.83
temp	0.12	0.97
benchmark	0.12	1.10
profiles	0.12	1.13
includes	0.12	0.91
vertical	0.12	1.01
150	0.12	1.07
turning	0.12	1.14
accidentally	0.12	1.52
owned	0.12	1.15
competent	0.12	1.07
worked	0.12	1.36
grow	0.12	1.10
capability	0.12	1.11
scope	0.12	1.03
missing	0.12	3.50
stores	0.12	1.06
movements	0.12	1.07
via	0.12	1.09
hanging	0.13	1.09
framerate	0.13	1.01
artistic	0.13	0.89
ps1	0.13	0.84
processor	0.13	0.99
awhile	0.13	1.42
remember	0.13	2.08
wiki	0.13	1.51
month	0.13	1.39
bill	0.13	1.29
retailers	0.13	1.02
manner	0.13	1.39
haswell	0.13	1.01
hbao	0.13	1.04
4-5	0.13	1.25
instantly	0.13	1.25
dollar	0.13	1.20
speak	0.13	1.40
occasionally	0.13	1.12
trading	0.13	0.99
270	0.13	0.90
downsampling	0.13	1.05
duke	0.13	0.94
events	0.13	0.95
guide	0.13	1.58
unless	0.13	2.52
dying	0.13	1.34
within	0.13	1.36
cosmetic	0.13	0.98
ways	0.13	1.47
seen	0.13	1.29
april	0.13	1.12
overclocked	0.13	0.95
hours	0.13	1.33
hour	0.14	1.43
cases	0.14	1.39
couple	0.14	1.30
290	0.14	0.91
base	0.14	0.92
ds	0.14	0.91
march	0.14	1.16
7850	0.14	0.90
videogames	0.14	0.93
peripheral	0.14	1.03
tier	0.14	0.89
fees	0.14	1.01
achievement	0.14	1.26
premium	0.14	0.99
smaa	0.14	1.06
everything	0.14	1.19
crossed	0.14	1.03
sales	0.14	1.05
vehicles	0.14	0.86
usd	0.14	1.19
year	0.14	1.32
4	0.14	0.92
144	0.14	1.03
park	0.14	0.87
letting	0.14	1.78
wider	0.14	0.95
hopefully	0.14	1.57
kinds	0.14	1.19
ten	0.14	1.28
party	0.14	0.88
gpus	0.14	0.95
dozens	0.15	1.31
mp	0.15	0.89
simple	0.15	1.26
msaa	0.15	1.06
hearts	0.15	0.78
exists	0.15	1.50
sizes	0.15	0.95
date	0.15	1.19
r9	0.15	0.91
guns	0.15	0.87
utility	0.15	1.06
7950	0.15	0.90
technologies	0.15	1.10
macbook	0.15	0.97
curiosity	0.15	1.40
minute	0.15	1.29
monitoring	0.15	1.08
28	0.15	0.93
uses	0.15	2.34
forest	0.15	0.91
fire	0.15	0.96
290x	0.15	0.96
i7	0.15	0.98
evolve	0.15	0.88
120	0.15	1.03
seemingly	0.15	1.17
400	0.15	1.08
sadly	0.15	1.46
middle	0.15	1.30
gamecube	0.15	0.87
meaningful	0.15	1.39
night	0.15	1.19
taste	0.15	1.16
never	0.15	1.65
rate	0.15	1.06
cutscene	0.15	1.02
75	0.15	1.00
browse	0.15	1.37
270x	0.15	0.90
unit	0.15	0.98
unified	0.15	0.98
naturally	0.15	1.06
hundreds	0.15	1.25
wide	0.15	1.02
became	0.15	1.00
five	0.15	1.29
previously	0.15	1.42
weekend	0.15	1.21
n64	0.15	0.89
i5	0.15	0.97
whose	0.15	0.95
bank	0.15	1.16
finishing	0.16	1.25
six	0.16	1.02
accounts	0.16	1.17
aa	0.16	1.05
minutes	0.16	1.34
activate	0.16	1.11
cpu	0.16	1.00
mind	0.16	2.38
article	0.16	1.72
areas	0.16	0.94
form	0.16	1.37
promotion	0.16	1.07
relative	0.16	0.97
preferences	0.16	1.29
ghz	0.16	0.97
did	0.16	2.57
fight	0.16	0.91
nintendo	0.16	0.86
next	0.16	1.41
tried	0.16	1.29
single	0.16	1.14
trade	0.16	1.06
take	0.16	2.15
overly	0.16	1.30
shows	0.16	1.44
wii	0.16	0.89
crt	0.16	0.98
initial	0.16	1.15
2nd	0.16	1.05
7870	0.16	0.90
mumble	0.16	0.99
25	0.16	1.08
media	0.16	1.05
mins	0.16	1.42
60fps	0.16	1.05
various	0.16	1.16
elder	0.16	0.75
margin	0.16	1.14
discovered	0.16	1.18
citizen	0.16	0.92
white	0.16	0.89
seconds	0.16	1.31
step	0.16	1.45
additionally	0.16	1.08
challenge	0.16	1.03
110	0.16	1.02
stuff	0.16	1.72
upload	0.16	1.05
monitors	0.17	1.01
chosen	0.17	0.95
outlast	0.17	0.80
weak	0.17	1.21
week	0.17	1.28
add	0.17	1.91
7970	0.17	0.91
loot	0.17	0.90
native	0.17	1.00
600	0.17	1.06
further	0.17	1.52
talent	0.17	0.98
think	0.17	2.79
rarely	0.17	1.19
pages	0.17	1.27
box	0.17	0.94
2.5	0.17	0.88
move	0.17	1.13
280	0.17	0.91
waited	0.17	1.35
flow	0.17	0.93
theres	0.17	1.28
emails	0.17	1.41
narrow	0.17	0.98
tool	0.17	1.01
shipping	0.17	0.99
pass	0.17	0.94
potentially	0.17	1.15
behind	0.17	1.21
respond	0.17	2.22
1080p	0.17	1.04
tank	0.18	0.85
found	0.18	1.17
144hz	0.18	1.02
setting	0.18	1.05
wallet	0.18	1.06
description	0.18	1.55
alien	0.18	0.77
later	0.18	1.50
refresh	0.18	1.06
blur	0.18	0.99
300	0.18	1.08
gigs	0.18	1.01
sp	0.18	0.90
everywhere	0.18	1.15
phenom	0.18	0.92
communication	0.18	1.07
witcher	0.18	0.81
comparison	0.18	1.29
alternative	0.18	1.17
present	0.18	1.26
items	0.18	0.98
overclock	0.18	0.99
takes	0.18	1.49
2009	0.18	1.07
dig	0.18	1.29
dayz	0.18	0.89
dealing	0.18	1.06
back	0.18	1.57
say	0.18	2.74
temps	0.18	0.98
laughing	0.18	1.75
120fps	0.18	1.05
function	0.18	1.37
perceived	0.18	1.09
spec	0.18	0.86
work	0.18	2.34
extreme	0.18	1.12
four	0.18	1.32
left	0.18	1.51
ice	0.18	1.04
24	0.18	1.00
afterburner	0.18	0.99
2-3	0.18	1.28
them	0.18	2.19
200	0.18	1.08
aim	0.18	1.01
vram	0.18	0.95
mass	0.18	0.87
benq	0.18	1.01
nukem	0.18	0.92
60hz	0.18	1.02
500	0.18	1.07
mixed	0.19	0.84
ammo	0.19	0.89
forgetting	0.19	2.56
r7	0.19	0.90
1-2	0.19	1.27
shared	0.19	1.16
1080	0.19	1.02
discounts	0.19	1.08
took	0.19	1.60
entry	0.19	1.25
when	0.19	1.95
until	0.19	1.55
end	0.19	0.99
hopes	0.19	1.76
bullets	0.19	1.04
typically	0.19	1.09
old	0.19	0.92
running	0.19	1.20
several	0.19	1.27
using	0.19	1.54
1920x1080	0.19	1.03
row	0.19	0.86
ago	0.19	1.38
past	0.19	1.36
genres	0.19	1.00
700	0.19	1.05
250	0.19	1.02
weeks	0.19	1.39
low	0.19	1.04
raptr	0.19	0.97
scrolls	0.19	0.75
measure	0.19	1.12
slider	0.19	1.07
goat	0.19	1.04
study	0.20	0.98
months	0.20	1.40
soft	0.20	0.98
upgraded	0.20	1.10
hunting	0.20	0.94
4x	0.20	1.03
stock	0.20	0.98
packs	0.20	0.88
we	0.20	2.52
perks	0.20	0.94
monitor	0.20	1.01
even	0.20	2.59
2014	0.20	1.09
seem	0.20	2.58
ends	0.20	0.83
frustrated	0.20	1.90
x	0.20	0.96
panels	0.20	1.04
deal	0.20	1.69
450	0.20	1.01
nes	0.20	0.85
1440p	0.20	1.02
damage	0.20	0.93
2560x1440	0.20	1.03
daily	0.20	1.14
days	0.20	1.37
physx	0.20	0.89
2000	0.20	0.95
upset	0.20	2.36
inch	0.20	0.99
profile	0.20	1.20
picks	0.20	0.93
over	0.20	1.54
2008	0.20	1.05
road	0.20	1.00
reference	0.20	0.97
overkill	0.20	1.24
3570k	0.20	0.96
asylum	0.20	1.12
charm	0.20	1.12
redemption	0.20	0.83
hidden	0.20	1.40
pixels	0.20	1.04
tv	0.21	0.93
3-4	0.21	1.31
hyped	0.21	1.58
2006	0.21	1.08
expansions	0.21	0.84
german	0.21	0.99
cold	0.21	0.77
1000	0.21	1.06
increase	0.21	1.05
alot	0.21	1.25
wheels	0.21	0.91
gets	0.21	1.22
lesser	0.21	1.08
eventually	0.21	1.64
6gb	0.21	0.93
post	0.21	2.44
idle	0.21	0.99
460	0.21	0.93
750	0.21	0.96
international	0.21	1.09
anti-aliasing	0.21	1.02
act	0.21	1.06
350	0.21	1.03
monthly	0.21	1.04
nv	0.22	0.77
december	0.22	1.15
3gb	0.22	0.93
exception	0.22	1.10
exchange	0.22	1.15
mb	0.22	0.99
reason	0.22	2.31
overclocking	0.22	1.04
admit	0.22	1.73
few	0.22	1.34
priced	0.22	1.04
4670k	0.22	0.95
press	0.22	1.21
kills	0.22	0.91
770	0.22	0.93
2007	0.22	1.05
following	0.22	1.32
dsr	0.22	1.02
hunter	0.22	0.85
maxed	0.22	1.10
660	0.22	0.94
teamwork	0.22	0.99
650	0.22	0.95
msi	0.22	0.97
exceptions	0.22	1.39
complexity	0.22	0.98
enb	0.22	0.87
discount	0.22	1.05
flawlessly	0.22	1.21
970	0.22	0.94
ones	0.22	1.35
580	0.22	0.93
solutions	0.22	1.23
comparable	0.22	1.13
saving	0.22	1.50
late	0.22	1.14
natural	0.22	1.00
item	0.22	0.97
life	0.22	0.82
october	0.23	1.11
ips	0.23	1.04
content	0.23	1.08
redeem	0.23	1.17
sized	0.23	0.98
apu	0.23	0.97
went	0.23	1.11
swift	0.23	1.01
iii	0.23	0.81
oblivion	0.23	0.73
superior	0.23	1.05
math	0.23	1.65
780ti	0.23	0.93
extra	0.23	1.35
today	0.23	1.53
99	0.23	1.17
links	0.23	1.93
consumption	0.23	1.00
760	0.23	0.93
660ti	0.23	0.94
payment	0.23	1.09
sometime	0.23	1.30
recently	0.23	1.41
came	0.23	1.17
980	0.23	0.93
4.5ghz	0.23	0.96
2011	0.23	1.08
serve	0.23	1.32
1440	0.23	1.00
ship	0.23	0.83
equally	0.23	1.16
seller	0.23	1.09
stars	0.23	0.82
mouth	0.23	1.12
versus	0.23	0.94
stats	0.23	0.94
rising	0.23	0.75
strongly	0.24	1.53
september	0.24	1.11
trying	0.24	2.17
poe	0.24	0.86
inputs	0.24	1.10
ti	0.24	0.93
quickly	0.24	1.19
scale	0.24	0.91
22	0.24	0.97
mail	0.24	1.20
pack	0.24	0.85
bullet	0.24	0.94
field	0.24	0.93
chinese	0.24	0.98
mine	0.24	1.14
creative	0.24	0.83
cancer	0.24	1.11
23	0.24	0.98
want	0.24	2.49
course	0.24	2.84
skin	0.24	0.93
eu	0.24	1.01
27	0.24	1.00
780	0.24	0.94
900	0.24	0.94
4k	0.24	1.00
2500k	0.24	0.95
oc	0.24	0.95
capacity	0.24	0.85
gtx	0.25	0.93
monster	0.25	0.80
cards	0.25	0.91
ton	0.25	1.42
1200	0.25	1.03
times	0.25	1.49
explaining	0.25	2.16
effect	0.25	0.86
680	0.25	0.93
internal	0.25	1.05
settings	0.25	1.01
replacement	0.25	1.19
regularly	0.25	1.14
joy	0.25	0.80
definition	0.25	1.53
multiple	0.25	1.24
both	0.25	1.43
3770k	0.25	0.95
assault	0.25	0.83
summer	0.25	1.28
sc	0.25	0.92
infantry	0.25	0.87
recommending	0.25	1.95
away	0.25	1.62
methods	0.25	1.12
spells	0.25	0.93
recoil	0.25	0.92
knight	0.25	0.73
website	0.26	1.46
zelda	0.26	0.86
550	0.26	0.99
civ5	0.26	0.85
560	0.26	0.93
training	0.26	1.02
trigger	0.26	1.08
feature	0.26	1.31
option	0.26	1.61
sniper	0.26	0.90
mistaken	0.26	2.85
670	0.26	0.94
years	0.26	1.46
human	0.26	0.77
dynamic	0.26	0.91
r/gamedeals	0.26	1.52
tears	0.26	0.90
come	0.26	2.06
requiring	0.26	1.13
generally	0.26	1.31
tn	0.26	1.03
loaded	0.26	1.36
beat	0.26	1.00
slightest	0.26	1.99
expand	0.26	1.08
sam	0.26	0.95
need	0.26	2.46
res	0.26	0.95
earth	0.26	0.74
along	0.26	1.33
levels	0.27	0.92
something	0.27	2.42
november	0.27	1.13
interact	0.27	1.06
optimal	0.27	1.19
4gb	0.27	0.95
works	0.27	1.17
overlay	0.27	0.98
heatsink	0.27	1.04
moves	0.27	1.05
recon	0.27	0.90
double	0.27	1.28
shield	0.27	1.01
open	0.27	1.01
escape	0.27	1.15
consistent	0.27	1.07
korean	0.27	1.01
going	0.27	2.81
ksp	0.27	0.85
pay	0.27	1.39
570	0.27	0.97
currency	0.27	1.00
regard	0.27	0.85
chance	0.27	1.93
offline	0.27	1.02
regards	0.27	1.12
cache	0.27	1.00
text	0.27	1.16
metal	0.28	0.71
shadow	0.28	0.80
cities	0.28	0.93
floating	0.28	0.94
resolutions	0.28	0.99
secret	0.28	1.03
day	0.28	1.43
steady	0.28	1.05
demo	0.28	1.15
lcd	0.28	0.98
revolution	0.28	0.80
fraps	0.28	1.01
territory	0.28	1.03
gear	0.28	0.76
keyboard/mouse	0.28	1.06
added	0.28	1.52
deals	0.28	1.14
cursor	0.28	1.05
memory	0.28	0.95
mp3	0.28	1.14
ca	0.28	2.44
planes	0.28	0.87
showing	0.28	1.47
pokemon	0.28	0.86
penny	0.28	0.93
lg	0.28	0.97
young	0.28	0.77
hz	0.28	1.06
decided	0.28	1.73
soul	0.28	0.89
2x	0.28	1.01
4770k	0.28	0.95
details	0.28	1.30
go	0.28	2.27
2012	0.28	1.08
specific	0.28	1.25
2016	0.28	1.44
paypal	0.28	1.25
liking	0.28	2.49
steps	0.28	1.35
default	0.29	1.12
bros	0.29	0.83
longer	0.29	1.44
allow	0.29	1.72
poster	0.29	2.16
par	0.29	0.99
skill	0.29	0.99
120hz	0.29	1.05
power	0.29	1.09
dolphin	0.29	0.88
maintain	0.29	1.08
formula	0.29	0.83
gains	0.29	1.11
emulation	0.29	0.96
geforce	0.29	0.92
mental	0.29	0.91
shadowplay	0.29	0.99
these	0.29	1.35
spare	0.29	1.24
gmg	0.29	1.10
dxtory	0.29	1.03
alt	0.29	1.21
responses	0.29	2.09
setups	0.29	1.01
obs	0.29	1.01
joe	0.29	1.17
minus	0.29	1.05
evga	0.29	0.98
check	0.30	2.14
wrote	0.30	1.65
wire	0.30	1.02
morrowind	0.30	0.75
happily	0.30	1.76
three	0.30	1.29
expected	0.30	1.45
demanding	0.30	1.20
560ti	0.30	0.93
fyi	0.30	1.25
nostalgia	0.30	0.86
2gb	0.30	0.93
titans	0.30	0.91
graphical	0.30	1.12
two	0.30	1.32
many	0.30	1.38
ram	0.30	0.97
dlcs	0.30	0.87
somehow	0.30	1.23
thoroughly	0.30	1.20
listed	0.30	1.44
loop	0.30	1.24
repair	0.30	1.13
dual	0.30	0.99
perfectly	0.31	1.17
included	0.31	0.93
dozen	0.31	1.31
then	0.31	2.36
saints	0.31	0.84
popular	0.31	1.02
rare	0.31	1.08
track	0.31	0.95
contest	0.31	1.06
batteries	0.31	1.02
existed	0.31	1.49
distance	0.31	1.06
leaked	0.31	1.14
find	0.31	2.24
smash	0.31	0.85
shortly	0.31	1.28
plenty	0.31	1.36
wine	0.31	1.04
bed	0.31	1.06
higher	0.31	1.13
therefore	0.31	1.16
falls	0.31	0.99
qnix	0.31	1.02
price	0.32	1.02
creates	0.32	1.01
aspects	0.32	0.98
tycoon	0.32	0.82
always	0.32	2.03
girl	0.32	1.15
legend	0.32	0.83
package	0.32	0.95
modern	0.32	0.92
far	0.32	1.03
able	0.32	2.29
place	0.32	2.29
funny	0.32	2.41
leveling	0.32	0.91
other	0.32	1.39
could	0.32	2.43
shorter	0.32	1.14
unlimited	0.32	0.85
ratio	0.32	0.91
budget	0.32	1.11
campaigns	0.32	0.72
dunno	0.32	1.42
normal	0.32	1.13
write	0.33	1.53
slide	0.33	1.35
titan	0.33	0.93
linus	0.33	1.14
butter	0.33	1.04
holds	0.33	1.20
bosses	0.33	0.93
presented	0.33	1.13
ran	0.33	1.10
dont	0.33	2.40
metro	0.33	0.84
side	0.33	1.28
dangerous	0.33	0.83
thermal	0.33	1.05
hack	0.33	0.88
chaos	0.33	0.90
streaming	0.33	0.94
shots	0.33	1.02
preview	0.33	1.05
dof	0.33	0.98
requires	0.33	1.25
account	0.33	1.30
system	0.33	0.94
sli	0.33	0.94
headache	0.33	1.09
tag	0.33	1.13
couldnt	0.33	2.13
engineer	0.33	0.88
lowered	0.34	1.03
pants	0.34	0.91
800	0.34	1.04
those	0.34	1.37
completed	0.34	0.93
identical	0.34	1.10
photo	0.34	1.15
supply	0.34	1.04
skype	0.34	1.02
things	0.34	2.18
nuts	0.34	0.95
sim	0.34	0.76
asus	0.34	0.99
profitable	0.34	0.91
customize	0.34	1.12
wanting	0.34	2.02
iracing	0.34	0.80
weaker	0.34	1.06
harder	0.34	1.07
objects	0.34	0.92
scripted	0.34	1.00
rendered	0.34	1.01
offense	0.34	1.69
format	0.34	1.01
each	0.34	1.40
tie	0.34	0.79
clean	0.34	1.02
shadows	0.34	0.98
logged	0.35	1.08
winter	0.35	1.27
banished	0.35	0.80
flair	0.35	1.13
play	0.35	2.01
backlog	0.35	1.20
ahead	0.35	1.54
occlusion	0.35	1.00
subscription	0.35	0.99
ambient	0.35	1.00
2015	0.35	1.24
time	0.35	1.76
hooked	0.35	1.10
unlikely	0.35	1.20
ac3	0.35	1.95
spot	0.35	1.03
custom	0.35	0.99
ive	0.35	1.38
evolution	0.35	0.89
last	0.35	1.19
improve	0.35	1.13
total	0.35	0.83
competitively	0.36	1.42
adds	0.36	1.10
try	0.36	2.23
disk	0.36	1.04
race	0.36	0.80
either	0.36	2.63
weapon	0.36	0.89
hat	0.36	1.00
picture	0.36	1.37
his	0.36	1.34
kings	0.36	0.79
massively	0.36	0.99
temperature	0.36	0.97
wo	0.36	2.36
bots	0.36	0.98
commander	0.36	0.88
otherwise	0.36	2.48
curious	0.36	3.20
alliance	0.36	0.79
master	0.36	0.97
cuts	0.36	0.88
scene	0.36	0.96
parts	0.36	1.14
forever	0.36	1.14
switched	0.37	1.48
skills	0.37	0.93
rps	0.37	1.21
transactions	0.37	1.07
secondary	0.37	0.96
me	0.37	2.13
civ	0.37	0.79
hardcore	0.37	0.86
lightning	0.37	0.94
becoming	0.37	1.14
ground	0.37	0.96
paid	0.37	1.20
every	0.37	1.49
dlc	0.37	0.91
rainbow	0.37	0.83
exclusively	0.37	1.03
ships	0.37	0.84
amazon	0.37	0.94
charge	0.37	1.07
mid	0.37	1.01
quests	0.37	1.00
common	0.37	1.12
races	0.37	0.93
shot	0.38	1.10
3000	0.38	0.94
rifle	0.38	0.95
level	0.38	0.93
cooling	0.38	1.04
zombie	0.38	0.84
arma	0.38	0.84
engineering	0.38	0.91
special	0.38	1.04
send	0.38	1.56
thumb	0.38	1.11
heavy	0.39	0.90
optional	0.39	1.02
forza	0.39	0.83
replace	0.39	1.13
taken	0.39	1.61
unlike	0.39	1.01
d3	0.39	0.90
crusader	0.39	0.80
z	0.39	0.96
reading	0.39	1.68
literally	0.39	1.95
professional	0.39	0.95
will	0.39	2.36
implying	0.39	1.95
submission	0.39	2.20
16:9	0.39	0.98
suggest	0.39	1.93
fly	0.39	0.85
selection	0.40	0.90
hats	0.40	0.95
synapse	0.40	1.03
home	0.40	0.83
gold	0.40	0.96
buddies	0.40	1.08
defined	0.40	1.01
tower	0.40	1.01
gb	0.40	0.98
please	0.40	2.27
thin	0.40	1.01
powerful	0.40	1.05
results	0.40	1.28
economy	0.40	0.82
source	0.40	0.89
mobo	0.40	1.05
sea	0.40	0.81
interested	0.40	3.19
precision	0.40	0.99
colour	0.40	0.85
central	0.40	1.06
age	0.40	0.72
risk	0.40	0.88
increases	0.40	1.07
island	0.40	0.78
first	0.41	1.45
mario	0.41	0.84
college	0.41	0.88
eye	0.41	1.19
showed	0.41	1.29
should	0.41	2.44
e3	0.41	1.14
adjust	0.41	1.04
tbh	0.41	1.61
agreed	0.41	2.25
willing	0.41	2.14
21:9	0.41	0.93
trine	0.41	0.85
dust	0.41	0.93
33	0.41	0.99
fantasy	0.41	0.78
lucky	0.41	2.07
checking	0.41	1.59
r	0.41	1.15
phenomenal	0.41	1.68
practical	0.41	0.97
kid	0.42	1.00
likely	0.42	2.26
racing	0.42	0.79
c	0.42	1.06
immensely	0.42	1.28
stream	0.42	0.96
lines	0.42	1.21
listening	0.42	1.32
assetto	0.42	0.78
episode	0.42	0.84
concerned	0.42	2.65
corsa	0.42	0.78
heat	0.42	1.05
sure	0.42	3.21
university	0.42	0.78
female	0.42	0.91
kerbal	0.42	0.80
saw	0.42	1.59
comp	0.42	1.12
rent	0.42	1.33
split	0.42	0.96
resolution	0.42	0.99
smoothness	0.42	1.04
settle	0.42	1.47
appears	0.42	1.42
range	0.42	1.13
cycle	0.42	1.09
mafia	0.42	0.98
child	0.43	1.00
person	0.43	1.11
method	0.43	1.16
parable	0.43	0.86
complicated	0.43	1.07
ordered	0.43	1.03
42	0.43	0.89
owning	0.43	0.96
supposed	0.43	2.40
carefully	0.43	1.18
based	0.43	1.17
borderlands	0.43	1.01
dishonored	0.43	0.96
session	0.43	1.12
unreal	0.43	0.84
air	0.43	0.93
modes	0.43	0.91
universalis	0.43	0.78
starbound	0.43	0.82
handed	0.43	1.08
fable	0.43	0.73
almost	0.43	1.88
supreme	0.43	0.81
register	0.44	1.26
enter	0.44	1.22
1.5	0.44	0.92
shift	0.44	1.08
sense	0.44	2.40
beaten	0.44	1.02
addicted	0.44	1.97
some	0.44	1.77
improving	0.44	1.00
3	0.44	0.90
armor	0.44	0.88
expansion	0.44	0.80
wolfenstein	0.44	0.83
costs	0.44	1.12
rock	0.44	1.11
alan	0.44	0.89
natively	0.44	1.05
vision	0.44	0.94
aftermarket	0.44	1.02
albeit	0.44	1.01
essential	0.44	0.86
broke	0.44	1.04
cars	0.44	0.80
arent	0.44	1.15
again	0.44	2.19
feel	0.45	2.05
motion	0.45	1.01
sigh	0.45	1.07
factions	0.45	1.03
realism	0.45	0.89
weapons	0.45	0.86
friend	0.45	1.30
soldier	0.45	0.99
solution	0.45	1.31
frequency	0.45	0.98
event	0.45	0.94
commercial	0.45	1.03
second	0.45	1.27
wouldnt	0.45	1.70
address	0.45	1.35
texture	0.45	0.87
pressed	0.45	1.26
chip	0.45	0.95
foot	0.45	0.98
europa	0.45	0.76
eyes	0.45	0.98
own	0.45	1.04
closed	0.45	0.96
ninja	0.45	0.89
fuckin	0.45	1.21
saga	0.45	0.86
processing	0.45	0.99
plastic	0.45	0.97
prices	0.46	0.99
enjoyment	0.46	0.87
reached	0.46	1.00
1gb	0.46	0.91
rates	0.46	1.00
lenovo	0.46	0.94
sins	0.46	0.80
infinitely	0.46	1.21
ssds	0.46	1.01
family	0.46	1.12
western	0.46	0.93
walking	0.46	0.82
ebay	0.46	1.03
future	0.46	1.57
cunt	0.46	1.53
effectively	0.46	1.04
male	0.46	0.92
fast	0.46	0.96
hitman	0.46	0.99
cord	0.46	1.00
feels	0.47	1.16
tropico	0.47	0.75
2004	0.47	0.92
performance	0.47	0.99
local	0.47	0.96
fuck	0.47	1.61
login	0.47	1.26
paper	0.47	1.16
card	0.47	0.92
comment	0.47	2.49
faster	0.47	1.16
integrated	0.47	0.94
persistent	0.47	0.91
route	0.47	1.20
absolution	0.47	0.91
focused	0.47	0.92
crafting	0.47	0.90
medieval	0.47	0.77
attached	0.47	1.05
thus	0.47	1.08
sessions	0.47	1.01
y	0.47	1.22
3rd	0.47	0.88
orcs	0.47	0.88
shown	0.47	1.26
units	0.47	0.91
civilization	0.47	0.78
another	0.47	1.99
smoother	0.47	1.17
humble	0.47	1.11
help	0.48	2.34
greater	0.48	0.97
preferably	0.48	1.06
wake	0.48	0.85
mission	0.48	0.91
bottom	0.48	1.47
sorts	0.48	1.11
elite	0.48	0.87
screenshots	0.48	1.43
ati	0.48	0.89
available	0.48	1.19
hr	0.48	0.86
intro	0.48	1.02
would	0.48	2.43
gpu	0.48	0.97
alert	0.48	0.73
slower	0.48	1.10
drastically	0.48	0.99
gate	0.48	0.84
sims	0.48	0.78
third	0.48	0.85
watch	0.48	0.98
image	0.48	1.07
simulation	0.48	0.73
periods	0.48	0.97
ancient	0.49	0.94
radeon	0.49	0.89
fallout	0.49	0.83
g2a	0.49	1.08
shogun	0.49	0.76
banner	0.49	1.03
bundle	0.49	1.10
greatly	0.49	1.00
coupon	0.49	1.15
car	0.49	0.78
least	0.49	2.00
important	0.49	1.34
doubt	0.49	2.28
genuinely	0.49	1.82
currently	0.49	2.00
thing	0.49	2.32
near	0.49	1.31
thankfully	0.50	1.02
let	0.50	2.26
q	0.50	1.23
inches	0.50	1.02
magic	0.50	0.84
team	0.50	0.99
thinking	0.50	2.72
pixel	0.50	1.15
email	0.50	1.37
magical	0.50	0.91
rounds	0.50	1.17
bundles	0.50	1.05
youtube	0.50	1.08
series	0.50	1.00
personality	0.50	1.08
cents	0.50	1.26
floor	0.50	0.86
hl3	0.50	1.07
effective	0.50	1.05
blast	0.51	0.86
grim	0.51	0.79
wired	0.51	1.11
star	0.51	0.79
tutorials	0.51	1.35
breath	0.51	1.05
won	0.51	0.99
returns	0.51	0.86
handful	0.51	1.22
shiny	0.51	1.00
fair	0.51	1.60
10/10	0.51	1.09
generated	0.51	1.08
science	0.51	0.92
hd	0.51	0.87
soon	0.52	1.83
shader	0.52	0.92
compressed	0.52	1.01
jrpg	0.52	0.80
particularly	0.52	1.24
wasteland	0.52	0.78
others	0.52	1.83
dungeon	0.52	0.78
might	0.52	2.37
angle	0.52	0.97
warband	0.52	0.80
cost	0.52	1.18
hyper	0.52	1.01
seemed	0.52	1.25
well	0.52	1.52
mount	0.52	0.78
kart	0.52	0.80
expecting	0.52	2.28
glitch	0.52	0.98
season	0.52	0.83
rebirth	0.52	0.93
interactive	0.52	0.85
feet	0.52	1.15
improves	0.53	1.00
front	0.53	1.17
dungeons	0.53	0.77
player	0.53	0.93
bundled	0.53	1.01
thief	0.53	0.89
mode	0.53	0.97
quicker	0.53	1.13
cut	0.53	0.81
rather	0.53	1.62
in-game	0.53	0.96
lets	0.53	1.91
probably	0.53	2.41
advance	0.53	1.12
among	0.53	0.81
capabilities	0.53	0.98
0	0.53	0.95
ages	0.53	1.27
tomb	0.53	0.91
empires	0.54	0.73
buttons	0.54	1.12
divinity	0.54	0.79
production	0.54	1.26
holiday	0.54	1.19
tl	0.54	1.18
way	0.54	2.33
didnt	0.54	2.14
looking	0.54	2.60
payday	0.54	0.79
vastly	0.54	0.99
isaac	0.54	0.78
surface	0.54	0.97
depth	0.54	0.97
wait	0.54	1.78
spawn	0.54	1.02
minecraft	0.54	0.81
replaying	0.54	1.14
frequently	0.54	1.08
gods	0.54	0.94
raider	0.54	0.91
maybe	0.55	2.42
learning	0.55	1.16
direction	0.55	1.29
powered	0.55	1.07
horizon	0.55	0.87
combat	0.55	0.97
lego	0.55	0.89
raid	0.55	0.93
class	0.55	0.77
no	0.55	1.71
dudes	0.55	1.23
crank	0.55	1.00
contrast	0.56	0.98
intensive	0.56	1.14
lot	0.56	1.71
packed	0.56	0.99
sonic	0.56	0.80
dwarf	0.56	0.86
sent	0.56	1.68
recording	0.56	0.98
playthrough	0.56	0.93
rayman	0.56	0.89
ww2	0.56	0.83
cooler	0.56	1.01
speaking	0.56	0.92
steep	0.56	1.04
warrior	0.56	0.92
isolation	0.56	0.75
afaik	0.56	1.16
historical	0.57	0.96
viewing	0.57	1.05
regular	0.57	1.13
bot	0.57	1.29
hearing	0.57	1.76
hero	0.57	0.88
reasonably	0.57	1.16
wont	0.57	2.15
slightly	0.57	1.23
garry	0.57	0.84
remains	0.57	0.96
accurate	0.57	1.07
skip	0.57	1.10
different	0.57	1.09
cheaper	0.57	1.15
episodes	0.57	0.76
filter	0.57	1.06
sensitive	0.57	1.15
precise	0.58	1.02
portable	0.58	0.91
melee	0.58	0.83
require	0.58	1.23
significantly	0.58	1.13
often	0.58	1.41
empire	0.58	0.73
link	0.58	2.09
pvp	0.58	0.88
lmao	0.58	1.36
squad	0.58	0.92
land	0.58	0.92
approach	0.58	0.95
doesnt	0.58	2.17
dragon	0.58	0.84
overhaul	0.58	0.83
gigabyte	0.59	0.96
closest	0.59	1.34
twitch	0.59	0.96
peripherals	0.59	1.07
kids	0.59	0.87
kind	0.59	1.63
enjoying	0.59	1.91
helped	0.59	1.16
wonders	0.59	0.95
than	0.59	1.24
competitive	0.59	0.98
sooner	0.59	1.95
sorta	0.59	1.28
required	0.59	1.16
modded	0.59	0.80
context	0.59	2.11
thoughts	0.60	1.58
convert	0.60	1.19
npc	0.60	0.87
may	0.60	2.36
guessing	0.60	2.65
offensive	0.60	0.99
op	0.60	2.30
wolf	0.60	0.78
compression	0.60	1.00
feeling	0.60	1.65
f1	0.60	0.82
spell	0.60	1.09
torchlight	0.60	0.74
kit	0.60	1.01
dawn	0.60	0.77
liquid	0.61	0.97
xcom	0.61	0.74
isnt	0.61	1.48
iron	0.61	0.90
knights	0.61	0.74
castle	0.61	0.84
gfx	0.61	0.99
finish	0.61	0.96
physics	0.61	0.82
rome	0.61	0.78
classics	0.61	0.87
binding	0.61	0.78
blew	0.61	1.09
telltale	0.61	0.78
usually	0.61	1.36
online	0.61	0.93
line	0.61	1.23
da	0.61	0.90
considerably	0.62	1.24
doom	0.62	0.90
strain	0.62	0.92
guild	0.62	0.83
uncharted	0.62	0.94
variety	0.62	1.02
wireless	0.62	1.12
skins	0.62	1.00
model	0.62	0.91
vegas	0.62	0.80
enough	0.62	2.20
kotor	0.62	0.79
football	0.62	0.80
clone	0.62	0.83
8gb	0.62	0.98
stalker	0.63	0.73
english	0.63	1.30
uncompressed	0.63	1.00
platformers	0.63	0.77
military	0.63	0.84
autosport	0.63	0.82
downside	0.63	1.19
asap	0.63	1.82
letter	0.63	1.19
similar	0.63	0.89
becomes	0.63	1.27
w	0.63	0.90
myself	0.63	1.96
answer	0.63	2.27
terraria	0.63	0.78
sat	0.64	1.07
clarify	0.64	2.09
nights	0.64	0.74
rant	0.64	1.18
become	0.64	1.24
dvd	0.64	1.02
grab	0.64	1.32
meat	0.64	0.76
u	0.64	1.09
fans	0.64	1.04
seriously	0.64	1.77
less	0.64	1.37
vr	0.64	0.95
length	0.64	0.98
cant	0.64	1.99
g	0.64	1.18
bear	0.64	1.28
wildstar	0.64	0.84
fan	0.64	1.30
parents	0.64	0.97
pad	0.64	1.15
conflict	0.64	0.94
ftl	0.64	0.78
abilities	0.64	0.86
chivalry	0.65	0.83
combine	0.65	1.02
2010	0.65	0.95
honestly	0.65	2.48
innovative	0.65	0.96
whatnot	0.65	1.77
tournament	0.65	0.87
miami	0.65	0.82
framerates	0.65	0.97
name	0.65	1.50
record	0.65	0.91
quake	0.65	0.85
chat	0.65	0.95
bioshock	0.65	1.02
school	0.65	0.68
storage	0.65	1.00
aspect	0.66	0.94
eyefinity	0.66	0.94
swtor	0.66	0.89
sits	0.66	1.09
tend	0.66	1.26
half	0.66	0.88
sin	0.66	0.77
types	0.66	0.99
mirrors	0.66	0.83
16gb	0.66	0.98
now	0.66	2.51
drive	0.66	1.01
shelf	0.66	1.05
head	0.66	1.31
orchestra	0.66	0.85
deeper	0.66	1.14
office	0.66	1.01
2033	0.67	0.85
hell	0.67	1.99
dead	0.67	0.77
honesty	0.67	1.36
wing	0.67	0.93
ut	0.67	0.88
accuracy	0.67	1.00
porn	0.67	1.00
1999	0.67	0.94
suit	0.67	0.80
ex	0.67	0.94
during	0.67	1.04
fit	0.67	1.04
planets	0.68	0.80
b	0.68	1.14
macros	0.68	1.14
ddr3	0.68	0.99
boy	0.68	0.75
coolers	0.68	1.04
spring	0.68	1.30
somewhat	0.68	1.26
3d	0.68	0.99
nearly	0.68	1.61
block	0.68	1.02
stuck	0.68	1.78
actually	0.69	2.27
forward	0.69	2.09
atleast	0.69	1.35
gw2	0.69	0.84
till	0.69	1.52
credit	0.69	1.19
smooth	0.69	1.09
tracking	0.69	1.04
case	0.69	1.21
friday	0.69	1.11
guides	0.69	1.60
videogame	0.69	1.03
needed	0.69	1.92
improved	0.70	0.83
blade	0.70	0.91
eve	0.70	0.84
girls	0.70	0.83
tanks	0.70	0.84
ready	0.70	1.97
dr	0.70	1.11
gmod	0.70	0.98
son	0.70	0.90
waiting	0.70	2.11
really	0.70	2.41
trailers	0.70	1.13
key	0.71	1.23
use	0.71	1.13
space	0.71	0.77
watched	0.71	1.12
paced	0.71	0.82
logo	0.71	1.42
trick	0.71	1.10
choices	0.71	0.91
wars	0.71	0.77
videos	0.71	1.13
streams	0.71	1.03
hear	0.71	1.71
recorded	0.71	1.03
mechwarrior	0.71	0.79
mmos	0.71	0.85
tomorrow	0.72	1.40
ii	0.72	0.75
hud	0.72	0.91
4000	0.72	0.94
shock	0.72	0.90
pissed	0.72	2.12
neck	0.72	1.11
brought	0.72	1.65
tad	0.72	1.41
fez	0.72	0.83
1.6	0.72	0.90
checked	0.72	1.49
incredibly	0.72	1.21
there	0.72	2.08
elsewhere	0.73	2.37
filters	0.73	1.01
resource	0.73	1.09
hugely	0.73	1.20
republic	0.73	0.72
papers	0.73	0.81
hilarious	0.73	1.71
seat	0.73	1.11
which	0.73	2.25
remake	0.73	0.80
oculus	0.73	1.00
protagonist	0.73	0.90
netflix	0.73	0.95
ll	0.73	2.21
difficulty	0.73	0.92
wearing	0.73	1.01
flash	0.74	1.04
noob	0.74	1.34
atm	0.74	1.41
ssd	0.74	1.00
samsung	0.74	1.00
n	0.74	0.93
offered	0.74	1.93
moments	0.74	0.88
brands	0.74	1.06
heroes	0.74	0.83
concepts	0.74	1.15
designs	0.74	0.92
easier	0.74	1.23
more	0.74	1.50
acceleration	0.74	1.04
classic	0.74	0.82
dat	0.74	1.36
insurgency	0.74	0.83
brothers	0.74	0.80
counter	0.74	0.95
war	0.75	0.79
rain	0.75	0.77
friends	0.75	1.04
code	0.75	1.44
psu	0.75	1.02
certainly	0.75	1.92
hotline	0.75	0.79
codes	0.75	1.31
ruins	0.75	0.83
boards	0.75	1.15
relatively	0.75	1.27
long	0.75	1.35
sarcasm	0.75	1.92
global	0.75	0.92
rogue	0.75	0.76
presentation	0.76	0.99
however	0.76	2.29
strike	0.76	0.92
rich	0.76	0.97
drives	0.76	0.99
theater	0.76	0.82
pause	0.76	0.96
dirt	0.76	0.86
fairly	0.76	1.21
keys	0.76	1.16
hdd	0.76	1.01
d	0.77	2.23
sounded	0.77	1.38
textures	0.77	0.87
npcs	0.77	0.87
boss	0.77	0.83
solar	0.77	0.82
glasses	0.77	1.03
pricing	0.77	1.01
esports	0.78	0.97
am	0.78	2.41
exploring	0.78	0.87
edge	0.78	0.82
extremely	0.78	1.18
footage	0.78	1.19
missions	0.78	0.85
crucial	0.78	1.00
torment	0.78	0.83
1/2	0.78	0.83
customizable	0.79	0.98
spoiled	0.79	1.31
ingame	0.79	0.96
separately	0.79	0.99
arena	0.79	0.83
sun	0.79	0.83
starve	0.79	0.78
words	0.79	1.51
morning	0.79	1.26
catch	0.79	1.54
90s	0.79	0.91
look	0.79	2.13
deus	0.79	0.98
baldur	0.79	0.84
highly	0.80	1.52
functionality	0.80	1.02
advise	0.80	1.79
spelunky	0.80	0.79
brand	0.80	1.07
traditional	0.80	0.85
curve	0.80	1.03
grid	0.80	0.85
discounted	0.80	1.27
bit	0.81	1.38
password	0.81	1.25
gunplay	0.81	1.08
little	0.81	1.56
worthwhile	0.81	1.48
referring	0.81	2.67
super	0.81	1.11
1600	0.81	1.00
shame	0.82	2.05
neverwinter	0.82	0.76
design	0.82	1.08
racer	0.82	0.85
e	0.82	1.23
counter-strike	0.82	0.86
shaders	0.82	0.87
m	0.82	2.39
ugh	0.82	1.26
only	0.82	2.11
anyway	0.82	2.34
radio	0.82	0.92
starcraft	0.82	0.79
wat	0.82	1.35
ta	0.83	1.46
postal	0.83	0.96
classes	0.83	0.77
nfs	0.83	0.86
diablo	0.83	0.73
technically	0.83	2.28
wife	0.84	1.84
planescape	0.84	0.88
values	0.84	0.96
1tb	0.84	0.99
1500	0.84	1.04
sword	0.84	0.83
felt	0.84	1.41
survival	0.84	0.80
legacy	0.84	0.75
portal	0.84	0.86
tale	0.84	0.80
friendly	0.84	0.92
rpgs	0.85	1.00
much	0.85	1.87
amp	0.85	0.88
video	0.85	1.06
stealth	0.85	0.76
type	0.85	1.27
wan	0.85	1.94
legs	0.85	1.05
locations	0.85	0.86
brutal	0.85	0.88
alone	0.85	1.10
also	0.86	2.18
pcpartpicker	0.86	1.24
tactical	0.86	0.81
imho	0.86	1.00
stanley	0.86	0.81
keen	0.87	2.01
scary	0.87	0.70
bastion	0.87	0.77
transistor	0.87	0.82
finger	0.87	1.15
efficient	0.87	1.05
sensitivity	0.87	0.96
unfortunately	0.87	1.78
wd	0.87	0.99
bet	0.87	2.35
colors	0.87	0.93
gift	0.88	1.14
retro	0.88	0.79
mesa	0.88	0.78
decent	0.88	1.77
non	0.89	1.06
value	0.89	1.04
girlfriend	0.89	1.86
cinematic	0.90	0.95
signal	0.90	0.99
nope	0.90	1.59
combo	0.90	1.01
free	0.90	1.08
galaxy	0.90	0.92
valuable	0.90	1.09
errors	0.91	2.09
quite	0.91	1.64
mirror	0.91	0.86
ultimate	0.91	0.90
trailer	0.91	1.12
tribes	0.91	0.86
driven	0.91	0.87
dad	0.91	1.09
fingers	0.92	1.03
2	0.92	0.78
language	0.92	1.14
part	0.92	2.12
couch	0.92	0.96
hill	0.92	0.68
cloud	0.92	0.97
played	0.92	1.60
command	0.92	0.80
message	0.92	1.83
hot	0.92	0.83
l4d2	0.93	0.83
main	0.93	0.96
tonight	0.93	1.49
hope	0.93	2.21
body	0.93	0.98
fights	0.93	0.76
solo	0.93	1.02
expensive	0.94	1.16
visual	0.94	0.88
warcraft	0.94	0.75
goty	0.94	0.86
hl2	0.94	0.75
t	0.94	1.26
fits	0.94	0.89
journey	0.94	0.81
cs	0.95	1.05
still	0.95	2.08
whats	0.95	1.73
convenient	0.95	1.10
faction	0.95	0.88
goddamn	0.95	1.13
listen	0.96	1.44
cutscenes	0.96	0.89
fucking	0.96	1.30
shooter	0.96	0.83
f2p	0.96	0.90
horror	0.97	0.76
necessary	0.97	1.55
real	0.97	1.79
yo	0.98	1.40
planetside	0.98	0.87
exile	0.98	0.86
lasted	0.98	1.31
makes	0.98	1.60
realistic	0.98	0.76
strategy	0.98	0.80
hand	0.98	1.20
moment	0.98	1.80
shall	0.98	1.49
unknown	0.99	0.84
truly	0.99	1.67
slash	0.99	0.80
loadout	0.99	0.87
shooters	0.99	0.85
f	0.99	1.23
very	1.00	1.36
gone	1.00	1.49
though	1.00	2.17
path	1.00	0.86
anyways	1.00	1.75
planet	1.00	0.86
one	1.00	2.18
conquer	1.00	0.80
figures	1.00	1.78
mother	1.00	0.84
scenes	1.00	0.88
loads	1.01	1.10
multiplayer	1.01	0.92
arcade	1.01	0.71
thunder	1.01	0.87
warframe	1.01	0.88
effects	1.02	0.88
replaced	1.02	1.17
book	1.02	1.03
sitting	1.02	1.05
height	1.02	1.05
crysis	1.02	0.83
sc2	1.02	0.97
reliable	1.02	1.05
hearthstone	1.02	0.87
color	1.02	0.93
campaign	1.03	0.83
yay	1.03	1.31
fortress	1.03	0.91
nevermind	1.04	1.54
lap	1.04	0.96
graphic	1.04	0.94
strong	1.04	0.95
insanely	1.04	1.24
mmo	1.05	0.85
hawken	1.05	0.86
easiest	1.05	1.70
na	1.05	2.13
desk	1.06	1.01
rest	1.06	0.95
suggestion	1.06	1.92
csgo	1.06	1.08
amnesia	1.06	0.69
although	1.06	2.08
rift	1.06	0.85
experience	1.06	1.31
boat	1.06	2.04
arguably	1.07	1.72
lord	1.07	1.23
fidelity	1.07	0.93
counterstrike	1.07	0.95
ridiculously	1.08	1.24
universe	1.08	0.83
channel	1.08	1.05
macro	1.08	1.14
arm	1.08	0.99
favorite	1.09	2.12
co	1.09	1.07
term	1.09	2.11
list	1.09	2.05
eh	1.09	1.48
separate	1.09	1.07
television	1.10	0.88
ideal	1.10	1.59
rts	1.10	0.85
clip	1.10	1.04
rpg	1.10	0.80
aware	1.10	2.65
singleplayer	1.11	0.86
fastest	1.11	1.90
pacing	1.11	1.01
sit	1.11	1.13
especially	1.11	1.40
table	1.11	1.05
coop	1.11	0.91
amazed	1.11	2.13
battles	1.12	0.77
scenario	1.12	1.92
disappointed	1.12	1.77
pads	1.12	1.00
glorious	1.12	1.89
loud	1.12	1.19
co-op	1.13	0.92
ftw	1.13	1.08
watching	1.13	1.07
logic	1.13	2.17
definitely	1.13	2.03
2013	1.13	1.17
confusion	1.13	1.29
sky	1.14	1.01
half-life	1.14	0.84
hybrid	1.14	0.80
bump	1.14	1.19
k	1.14	1.28
optimistic	1.14	2.20
annoyed	1.14	1.90
styles	1.14	0.92
difficult	1.14	1.07
pls	1.14	1.24
cuz	1.14	1.39
forget	1.15	1.77
too	1.15	1.91
brother	1.15	1.07
afraid	1.15	2.20
weight	1.15	0.95
mix	1.16	0.84
ikea	1.17	1.07
most	1.17	1.74
confirmation	1.18	1.38
o	1.18	1.24
single-player	1.18	0.78
deep	1.18	0.83
environment	1.18	0.86
hard	1.19	1.26
storyline	1.19	0.91
action	1.19	0.81
voices	1.19	0.99
mistake	1.19	1.88
setup	1.20	1.02
chairs	1.20	0.99
fellow	1.20	1.05
silent	1.20	0.98
perfect	1.20	1.68
recommendations	1.21	1.64
edited	1.21	2.27
word	1.21	2.05
possibly	1.21	1.77
rubber	1.21	1.10
lost	1.21	1.49
seems	1.21	1.61
tf2	1.22	0.99
animations	1.22	1.00
affordable	1.22	1.03
cave	1.23	0.77
your	1.23	1.74
elements	1.24	0.78
raw	1.24	1.01
legends	1.24	0.97
phrase	1.24	2.05
arms	1.25	0.99
twist	1.25	0.78
evo	1.25	1.07
fine	1.25	1.60
better	1.25	1.43
tempted	1.25	1.95
smite	1.25	1.01
dota2	1.26	1.00
wear	1.26	1.00
league	1.26	1.00
dota	1.26	1.00
sentence	1.26	2.36
replayability	1.26	0.87
hmmm	1.27	1.49
mom	1.27	1.53
movies	1.27	0.90
hands	1.27	1.02
reminds	1.27	1.32
glory	1.27	0.80
sci-fi	1.27	0.76
chair	1.28	1.02
lights	1.28	0.92
comfort	1.28	0.96
infinite	1.29	1.78
assets	1.29	0.83
scared	1.29	1.98
em	1.29	1.33
books	1.29	0.86
external	1.29	0.94
christ	1.29	1.45
fresh	1.29	0.87
top	1.30	1.78
addictive	1.30	0.99
complex	1.30	0.93
mmorpg	1.31	0.81
satisfying	1.31	0.95
longest	1.31	1.66
pro	1.31	1.02
moba	1.32	0.90
crazy	1.32	1.53
wise	1.32	0.91
wrist	1.32	0.97
rewarding	1.33	0.92
easily	1.33	1.86
volume	1.33	0.83
mobas	1.34	0.90
insight	1.34	1.43
mechanic	1.34	0.82
response	1.34	1.47
adventure	1.34	0.82
sandbox	1.35	0.87
movie	1.35	0.89
led	1.35	0.96
dialogue	1.35	0.94
enjoy	1.36	1.97
green	1.36	0.99
battle	1.36	0.77
blacks	1.37	1.22
appealing	1.37	0.92
character	1.38	0.84
2d	1.38	0.84
im	1.38	2.15
meaning	1.38	2.02
dear	1.39	0.76
pm	1.39	1.59
favorites	1.39	1.56
mechanics	1.40	0.87
younger	1.40	1.27
vengeance	1.41	1.07
surprised	1.41	2.32
proud	1.41	2.03
funds	1.41	1.59
ears	1.41	1.03
blood	1.41	1.49
lighting	1.41	0.84
switch	1.42	1.31
tracks	1.42	0.78
confused	1.42	2.18
tone	1.43	1.11
mousepad	1.43	0.97
skeptical	1.44	2.22
excited	1.44	2.21
feedback	1.44	1.25
changed	1.44	1.80
immersion	1.44	0.86
red	1.44	1.00
impressed	1.45	1.81
tho	1.45	1.50
bang	1.46	1.61
advice	1.46	1.81
perhaps	1.46	2.08
kidding	1.46	1.72
mech	1.47	0.98
comic	1.47	0.86
commentary	1.47	0.86
apologize	1.47	2.09
film	1.48	0.84
sharing	1.49	1.32
suppose	1.49	1.95
thought	1.50	1.77
brilliant	1.50	1.58
jesus	1.50	1.35
strange	1.50	1.31
combination	1.50	0.92
looked	1.51	1.33
storm	1.51	1.20
its	1.52	1.74
experiences	1.52	1.38
channels	1.52	0.89
virtual	1.52	0.93
kinda	1.53	1.49
familiar	1.53	1.96
indeed	1.54	1.38
board	1.54	1.27
accessible	1.54	0.89
pretty	1.54	1.54
world	1.54	1.53
heh	1.55	1.20
output	1.55	0.95
satisfied	1.55	2.11
stories	1.55	0.79
idk	1.55	1.64
aesthetic	1.56	0.75
aesthetics	1.56	0.93
subtle	1.56	1.30
noise	1.57	1.06
engaging	1.57	0.70
handy	1.57	1.05
username	1.59	1.31
wishlist	1.60	1.66
theme	1.60	0.84
hoping	1.61	2.23
hm	1.62	1.24
buck	1.63	1.59
dpi	1.63	1.02
phantom	1.63	1.60
palm	1.64	0.99
plot	1.64	0.92
careful	1.64	1.60
explore	1.65	0.75
typing	1.65	1.23
kb	1.65	1.20
confident	1.65	2.08
tips	1.66	1.49
1	1.66	1.62
original	1.66	1.53
yep	1.67	1.60
um	1.67	1.43
shape	1.68	1.02
ascend	1.68	0.77
suggestions	1.69	1.75
happier	1.69	2.01
exploration	1.69	0.81
platformer	1.69	0.74
guess	1.69	1.97
calm	1.70	1.45
blue	1.70	1.12
mouse	1.70	1.18
nah	1.70	1.46
animation	1.71	0.90
personally	1.71	1.71
polished	1.71	0.86
song	1.72	0.97
moon	1.72	1.29
laser	1.73	1.14
lore	1.73	0.82
explanation	1.73	1.41
promising	1.73	1.29
browns	1.74	1.29
characters	1.74	0.78
redux	1.74	0.76
leds	1.74	1.02
spelling	1.74	1.83
amazingly	1.74	1.01
flawless	1.74	0.94
challenging	1.75	0.82
narrative	1.76	0.80
grip	1.76	1.04
ergonomic	1.76	0.93
pace	1.76	0.76
light	1.77	0.71
meant	1.77	2.00
prefer	1.78	1.55
graphics	1.78	0.92
wow	1.78	1.16
optical	1.78	1.12
concept	1.78	0.96
corsair	1.79	1.25
reply	1.79	1.78
heads	1.79	1.28
christmas	1.79	1.56
note	1.79	1.75
rgb	1.80	1.24
genre	1.80	1.39
swear	1.80	1.21
ha	1.80	1.31
models	1.80	0.81
switches	1.81	1.29
claw	1.81	1.05
recommendation	1.82	1.15
tip	1.82	1.32
puzzle	1.83	0.77
sensor	1.83	1.13
reds	1.83	1.29
typo	1.84	1.94
paradise	1.84	1.43
tight	1.84	1.22
ideas	1.85	1.06
clever	1.85	0.89
cherry	1.85	1.28
brown	1.85	1.30
keyboards	1.86	1.31
burnout	1.86	1.45
assumed	1.86	1.75
keyboard	1.86	1.33
totally	1.87	1.53
recommend	1.88	1.69
student	1.89	1.33
humor	1.90	1.00
g500	1.90	1.20
thats	1.90	1.55
easy	1.90	1.20
puzzles	1.90	0.83
helps	1.92	1.41
mechanical	1.92	1.33
mice	1.92	1.21
onboard	1.93	0.89
patient	1.93	1.71
glad	1.93	1.99
worlds	1.94	0.83
hello	1.94	1.21
welcome	1.94	1.48
replay	1.94	1.11
ear	1.94	0.96
surprisingly	1.95	0.90
hi	1.96	1.38
hmm	1.96	1.52
quality	1.97	0.80
quiet	1.98	0.98
gameplay	1.99	0.83
itself	2.00	1.13
cm	2.00	1.31
zowie	2.00	1.19
imo	2.01	1.25
yes	2.02	1.97
useful	2.02	1.09
missed	2.02	1.37
visually	2.03	0.85
revolutionary	2.03	0.94
enjoyable	2.03	0.81
pleased	2.03	1.63
nicer	2.04	1.28
jack	2.04	0.90
g400s	2.04	1.20
turn-based	2.05	1.08
ya	2.06	1.48
m8	2.06	1.37
graphically	2.08	0.89
fancy	2.08	1.25
hahaha	2.08	1.35
uh	2.08	1.36
compelling	2.09	0.75
uncomfortable	2.09	1.38
excellent	2.10	1.28
favourite	2.10	1.29
headsets	2.11	0.90
5.1	2.14	0.90
surround	2.14	0.92
speakers	2.14	0.91
loving	2.15	1.20
huh	2.15	1.48
headphone	2.16	0.90
badass	2.16	1.15
insane	2.16	1.18
ill	2.16	1.53
gon	2.17	1.75
til	2.17	1.44
overall	2.18	1.05
microphone	2.18	0.84
holy	2.19	1.43
incredible	2.19	1.29
stereo	2.19	0.90
sounds	2.19	1.34
headphones	2.20	0.90
bright	2.21	1.17
cheap	2.21	1.16
pair	2.23	0.88
steelseries	2.23	1.11
mic	2.23	0.84
plus	2.26	1.30
style	2.26	0.94
btw	2.26	1.53
sorry	2.27	1.59
guys	2.27	1.43
nonetheless	2.27	1.27
detailed	2.29	0.81
v2	2.29	0.91
bro	2.29	1.40
solid	2.30	1.09
acting	2.30	0.95
sound	2.30	0.82
buddy	2.31	1.31
audio	2.33	0.74
worries	2.33	1.40
razer	2.35	1.42
environments	2.36	0.92
appreciate	2.36	1.44
g930	2.36	0.88
naga	2.37	1.39
writing	2.37	1.03
shine	2.38	1.40
memories	2.39	0.88
edit	2.40	1.71
headset	2.40	0.86
blues	2.40	1.41
mx	2.41	1.41
holidays	2.42	1.24
hey	2.43	1.40
giveaway	2.45	1.15
lol	2.46	1.39
k70	2.46	1.41
steel	2.47	1.28
xd	2.47	1.38
mate	2.47	1.31
voice	2.48	0.87
forgot	2.49	1.36
rival	2.50	1.34
unique	2.50	0.79
p	2.50	1.39
entertaining	2.51	0.97
story	2.52	0.89
bud	2.52	1.40
yea	2.52	1.39
adjustable	2.52	1.15
info	2.53	1.42
deathadder	2.53	1.28
logitech	2.53	1.33
good	2.54	1.10
ahh	2.56	1.36
atmosphere	2.57	0.93
relax	2.57	1.09
wish	2.58	1.44
gotcha	2.58	1.37
ah	2.58	1.34
yeah	2.59	1.46
storytelling	2.60	0.94
miss	2.61	1.11
intense	2.62	0.92
visuals	2.63	0.90
cheers	2.64	1.32
woah	2.64	1.30
hah	2.65	1.13
immersive	2.66	0.89
soundtrack	2.67	0.90
dude	2.67	1.30
okay	2.67	1.34
pricey	2.68	1.12
relaxing	2.68	0.85
freaking	2.68	0.79
damn	2.68	1.19
helpful	2.69	1.01
ok	2.71	1.39
comfortable	2.72	1.02
stunning	2.76	0.88
epic	2.76	0.76
absolutely	2.76	0.67
art	2.77	0.86
sexy	2.77	1.00
sir	2.77	1.28
looks	2.78	0.97
luck	2.78	1.30
neat	2.80	0.96
alright	2.80	1.29
haha	2.83	1.28
great	2.83	0.74
oh	2.85	1.26
appreciated	2.86	1.22
beautiful	2.87	0.80
man	2.88	1.23
thank	2.89	1.27
gorgeous	2.90	0.81
7.1	2.90	0.95
sennheiser	2.91	0.93
fun	2.91	0.86
god	2.91	1.08
thanks	2.92	1.22
impressive	3.01	0.65
refreshing	3.01	0.58
interesting	3.03	0.59
music	3.06	0.55
wonderful	3.14	0.56
sweet	3.16	0.87
cool	3.16	0.86
generous	3.22	0.87
