worse	-8.29	2.59
skills	-7.23	2.94
shitty	-7.23	3.15
important	-6.01	2.68
missing	-5.40	3.00
haiku	-5.32	3.18
bad	-5.31	3.09
stupid	-5.22	2.98
realized	-5.07	3.27
upvote	-4.85	3.09
mad	-4.84	2.96
pain	-4.82	2.94
smile	-4.75	3.34
losing	-4.39	3.19
doctor	-4.22	3.12
constantly	-4.20	2.87
body	-4.13	3.27
tears	-4.12	2.66
twice	-4.06	2.88
face	-4.04	3.15
order	-3.97	3.18
easier	-3.87	3.11
news	-3.80	2.86
considered	-3.79	3.10
321	-3.79	3.19
sold	-3.65	3.26
attempt	-3.61	2.92
joy	-3.59	3.18
learn	-3.57	2.92
tired	-3.56	2.76
etc	-3.56	3.13
evil	-3.51	3.26
failed	-3.51	2.83
whats	-3.49	2.65
waffles	-3.43	3.12
leaves	-3.42	3.32
kills	-3.41	2.98
laugh	-3.37	3.25
she	-3.35	3.33
call	-3.34	3.93
fish	-3.27	3.15
dropped	-3.21	2.94
parts	-3.21	3.22
writing	-3.21	3.23
server	-3.20	3.06
ghosts	-3.19	3.70
fit	-3.17	3.18
followed	-3.17	3.12
army	-3.16	3.40
223	-3.14	3.10
black	-3.11	3.90
field	-3.11	3.17
violence	-3.11	3.10
wallet	-3.10	3.39
diablo	-3.10	3.18
hilarious	-3.09	2.68
question	-3.08	3.65
seeing	-3.07	3.16
444	-3.07	3.28
jokes	-3.05	3.09
surprised	-3.05	3.07
warfare	-3.05	3.75
happened	-3.03	3.34
answer	-3.02	3.67
figure	-2.98	3.43
curious	-2.98	2.98
meant	-2.97	3.55
350	-2.96	3.29
smart	-2.94	3.14
questions	-2.94	3.58
wondering	-2.94	3.52
ahead	-2.91	3.36
filled	-2.91	2.95
whether	-2.90	3.24
period	-2.87	3.09
dunno	-2.86	3.19
bitch	-2.83	3.34
specifically	-2.82	3.19
creed	-2.82	3.62
drawing	-2.81	2.89
marines	-2.78	3.18
heart	-2.77	2.84
following	-2.77	3.36
sick	-2.75	3.18
barely	-2.75	3.44
obvious	-2.70	3.20
fine	-2.70	3.29
funny	-2.70	2.95
yo	-2.67	3.15
what	-2.66	3.38
cod	-2.65	3.55
risk	-2.65	3.17
makes	-2.64	3.28
example	-2.62	2.52
rain	-2.58	3.18
yep	-2.58	2.97
flag	-2.57	3.53
kidding	-2.56	2.92
okay	-2.55	3.16
lego	-2.55	2.80
plot	-2.50	2.96
fuck	-2.49	3.16
felt	-2.49	2.88
classic	-2.49	3.20
short	-2.48	2.96
dying	-2.48	3.07
feel	-2.48	3.30
part	-2.45	2.91
lots	-2.43	2.88
ac	-2.40	3.57
interstellar	-2.36	3.05
island	-2.33	3.15
difference	-2.32	1.33
sorry	-2.32	2.78
boring	-2.29	3.16
trading	-2.27	3.28
miss	-2.27	3.29
weird	-2.18	3.00
mean	-2.16	3.34
popular	-2.15	3.13
choices	-2.14	2.63
single	-2.11	3.10
scary	-2.10	3.08
happiness	-2.05	1.65
fucking	-2.02	2.95
odd	-2.01	2.55
expensive	-1.96	3.03
used	-1.95	2.91
difficult	-1.95	3.08
entertaining	-1.90	2.86
modern	-1.89	1.69
biggest	-1.86	3.32
ass	-1.77	1.58
greatest	-1.75	3.25
english	-1.69	1.46
mr	-1.67	2.28
truly	-1.62	2.09
normal	-1.59	1.26
funniest	-1.58	3.05
silly	-1.58	2.87
fat	-1.49	1.26
keeps	-1.49	1.32
blood	-1.48	1.34
butt	-1.47	1.42
duty	-1.45	2.18
q	-1.43	1.20
kick	-1.43	1.20
254	-1.43	2.62
cheap	-1.42	1.53
slowly	-1.41	1.26
mom	-1.37	1.41
lead	-1.36	1.09
everyday	-1.35	1.37
harder	-1.33	1.49
laughed	-1.30	1.42
givers	-1.30	1.34
dumb	-1.28	1.38
yes	-1.25	2.79
cat	-1.19	1.45
everywhere	-1.15	1.23
excellent	-1.14	2.40
head	-1.14	1.32
assassins	-1.13	2.17
pull	-1.13	1.31
hearing	-1.12	1.32
power	-1.08	1.11
better	-1.06	1.43
mother	-1.06	1.23
joke	-1.06	1.36
wrote	-1.05	1.09
trust	-1.05	1.26
orange	-1.05	1.20
incredibly	-1.04	2.61
tip	-1.03	1.41
background	-1.03	1.34
pirate	-1.03	1.81
advanced	-1.01	1.69
splinter	-1.01	1.86
escape	-1.00	1.15
daughter	-1.00	1.22
scene	-0.99	1.15
worked	-0.99	1.27
husband	-0.98	1.23
ops	-0.98	1.79
bigger	-0.98	1.12
related	-0.97	1.13
revenge	-0.96	1.26
touch	-0.96	1.14
opening	-0.94	1.27
empty	-0.94	1.14
skill	-0.93	1.07
realize	-0.93	1.26
instead	-0.92	1.25
closer	-0.92	1.16
teacher	-0.92	1.50
brain	-0.90	1.08
tough	-0.90	1.27
shit	-0.90	1.42
mouth	-0.90	1.31
seriously	-0.89	1.31
fell	-0.89	1.11
laughing	-0.89	1.22
classes	-0.89	1.11
blue	-0.89	1.17
potato	-0.87	1.22
sense	-0.86	1.38
ai	-0.86	1.28
notice	-0.86	1.01
hair	-0.86	1.19
learned	-0.85	1.27
thus	-0.85	1.24
him	-0.84	1.29
suck	-0.84	1.24
cell	-0.84	1.84
her	-0.83	1.24
bastard	-0.83	1.22
prepare	-0.82	1.13
gear	-0.82	1.10
text	-0.82	1.04
boyfriend	-0.82	1.14
spot	-0.81	1.06
gif	-0.80	1.32
wife	-0.80	1.10
flying	-0.79	1.23
certain	-0.78	1.19
loud	-0.78	1.15
white	-0.77	1.19
died	-0.77	1.02
perfectly	-0.77	1.13
thinks	-0.77	1.08
included	-0.77	1.19
helps	-0.76	1.15
holding	-0.76	1.16
color	-0.75	1.13
campaign	-0.75	1.30
fully	-0.75	1.11
literally	-0.75	1.06
map	-0.75	1.21
hard	-0.75	1.34
available	-0.75	1.39
redemption	-0.74	1.09
typing	-0.74	1.15
unity	-0.73	1.71
arms	-0.73	1.20
feels	-0.73	1.26
teleglitch	-0.73	1.20
limited	-0.73	0.94
sky	-0.72	1.20
immediately	-0.72	1.08
legs	-0.72	1.17
assassin	-0.71	1.88
cold	-0.71	1.09
australia	-0.70	1.12
gifs	-0.70	1.28
drinking	-0.69	1.06
company	-0.69	1.01
ground	-0.69	1.00
american	-0.69	1.01
sex	-0.68	1.14
chair	-0.68	1.11
party	-0.67	1.04
bear	-0.67	1.20
male	-0.66	1.12
max	-0.66	1.03
air	-0.66	1.10
office	-0.66	1.10
seconds	-0.66	1.06
outside	-0.65	1.11
website	-0.65	1.04
ability	-0.65	1.03
began	-0.65	1.11
force	-0.64	1.04
suddenly	-0.64	1.14
dad	-0.64	1.11
child	-0.64	0.97
turned	-0.63	1.05
nsfw	-0.63	1.11
shock	-0.63	1.07
speak	-0.62	1.25
paper	-0.62	1.05
business	-0.62	1.01
pic	-0.62	1.18
hitman	-0.62	1.16
wolf	-0.62	1.01
words	-0.62	1.14
access	-0.62	1.11
feeling	-0.62	1.39
baseball	-0.61	1.14
quality	-0.61	1.09
than	-0.61	1.21
without	-0.61	1.08
nearly	-0.61	1.34
baby	-0.61	1.10
football	-0.61	1.09
ya	-0.60	1.33
penis	-0.60	0.99
440	-0.60	1.29
double	-0.60	1.23
eyes	-0.60	1.08
vs	-0.60	1.08
beginning	-0.60	1.08
yellow	-0.60	1.13
rage	-0.60	1.16
sign	-0.59	1.04
battlefield	-0.59	1.37
boss	-0.59	1.07
stopped	-0.59	1.08
ah	-0.59	1.19
starting	-0.58	1.09
worlds	-0.58	1.09
voice	-0.58	1.12
brown	-0.58	1.41
none	-0.58	1.11
happens	-0.57	1.23
gmod	-0.57	1.23
cute	-0.57	1.12
bet	-0.57	1.19
eh	-0.57	1.19
nowhere	-0.57	1.11
deluxe	-0.57	1.12
besides	-0.57	1.04
write	-0.57	1.17
killed	-0.56	1.05
answers	-0.56	1.53
eating	-0.55	1.05
care	-0.54	1.25
cross	-0.54	1.16
pants	-0.54	1.15
hit	-0.54	0.99
brought	-0.54	1.02
he	-0.54	1.20
iron	-0.53	1.05
listen	-0.52	1.18
source	-0.52	1.01
personally	-0.52	1.07
37	-0.52	1.18
4	-0.52	1.40
death	-0.52	1.06
speed	-0.52	1.18
green	-0.51	1.08
breaking	-0.50	0.93
128	-0.50	0.91
major	-0.50	0.99
guns	-0.50	1.13
zombies	-0.50	1.10
reply	-0.50	1.27
sales	-0.49	1.17
sound	-0.49	1.39
pirates	-0.48	1.07
hide	-0.48	1.11
forget	-0.48	1.19
brings	-0.47	1.02
ghost	-0.47	1.15
sea	-0.47	1.03
became	-0.46	1.07
screen	-0.46	1.02
bike	-0.46	1.13
empire	-0.46	1.34
shows	-0.46	0.90
straight	-0.46	0.99
personal	-0.45	1.40
begin	-0.45	0.97
453	-0.45	1.19
suit	-0.45	1.08
america	-0.44	0.99
men	-0.44	1.24
learning	-0.44	1.00
common	-0.44	1.00
impossible	-0.43	1.01
tower	-0.43	1.05
pictures	-0.43	1.05
wearing	-0.43	1.17
follow	-0.43	0.98
bed	-0.43	1.06
bus	-0.43	1.07
cuz	-0.43	1.25
children	-0.42	1.04
noticed	-0.42	1.04
origins	-0.42	1.26
crying	-0.42	1.04
mask	-0.41	1.15
delay	-0.41	1.28
agree	-0.41	1.20
point	-0.41	1.04
growing	-0.41	1.03
solid	-0.40	0.86
176	-0.40	1.13
orcs	-0.40	1.20
called	-0.40	1.04
share	-0.40	1.07
stars	-0.40	1.02
delicious	-0.39	1.04
star	-0.39	0.90
his	-0.39	1.06
removed	-0.39	0.96
whenever	-0.39	1.10
leaving	-0.39	1.08
hot	-0.39	0.95
t	-0.39	0.94
asked	-0.38	1.33
124	-0.38	1.06
sucks	-0.38	1.28
easy	-0.38	1.41
least	-0.38	1.08
wall	-0.38	1.00
alive	-0.38	1.11
tv	-0.37	0.85
plan	-0.37	0.93
co-op	-0.37	0.90
enemies	-0.37	1.01
mission	-0.37	1.08
date	-0.37	0.96
comedy	-0.37	0.95
girlfriend	-0.37	1.08
dick	-0.37	1.06
laptop	-0.37	0.92
<SPECIAL>	-0.37	0.90
<URL>	-0.37	0.90
eye	-0.37	0.91
scared	-0.36	1.23
473	-0.36	1.15
apart	-0.36	1.04
social	-0.36	0.92
picture	-0.36	1.07
giant	-0.36	0.90
somehow	-0.36	1.04
red	-0.36	1.06
knew	-0.35	1.25
ufo	-0.35	1.09
deep	-0.35	1.00
arma	-0.35	1.16
worry	-0.35	1.20
rather	-0.35	0.99
cup	-0.35	0.95
caught	-0.35	0.94
piece	-0.34	1.12
tanks	-0.34	1.04
quickly	-0.34	1.13
175	-0.34	0.96
hear	-0.34	1.25
movies	-0.34	0.87
against	-0.34	1.02
page	-0.33	0.97
understand	-0.33	1.24
between	-0.33	1.10
heavy	-0.33	0.98
letter	-0.33	0.99
slow	-0.32	1.28
amnesia	-0.32	1.03
blow	-0.32	1.08
reading	-0.32	0.98
insurgency	-0.32	1.24
hands	-0.32	1.03
25	-0.32	1.01
b	-0.32	0.99
handle	-0.32	1.07
secret	-0.32	1.00
sniper	-0.32	1.04
shoot	-0.31	1.05
why	-0.31	1.51
dream	-0.31	0.92
become	-0.31	0.97
achievement	-0.31	1.35
tree	-0.31	1.07
beer	-0.31	1.05
40	-0.31	0.89
asking	-0.31	1.24
down	-0.31	1.04
total	-0.31	1.20
among	-0.30	1.00
38	-0.30	0.91
site	-0.30	1.02
next	-0.30	0.96
654	-0.30	0.91
war	-0.30	1.12
magic	-0.30	0.95
heroes	-0.30	0.97
longer	-0.30	1.07
true	-0.30	0.95
lazy	-0.30	1.12
final	-0.30	0.95
golden	-0.30	0.98
cage	-0.30	0.81
turbo	-0.30	1.04
z	-0.30	0.99
169	-0.29	0.91
gamers	-0.29	0.96
322	-0.29	0.98
pizza	-0.29	1.00
die	-0.29	1.12
button	-0.29	1.01
somewhat	-0.29	1.04
423	-0.29	1.08
contact	-0.29	1.03
window	-0.28	0.91
sell	-0.28	1.01
42	-0.28	1.07
bunnies	-0.28	1.10
off	-0.28	1.07
412	-0.28	1.01
ate	-0.28	0.98
works	-0.28	1.01
warrior	-0.27	1.09
older	-0.27	1.01
train	-0.27	0.88
morning	-0.27	0.95
murder	-0.27	1.07
through	-0.27	1.03
killer	-0.27	1.02
matter	-0.27	1.22
inside	-0.27	0.98
300	-0.27	1.04
weapons	-0.27	0.94
class	-0.27	0.90
starts	-0.27	0.93
strong	-0.27	1.08
tf2	-0.27	0.99
asks	-0.27	1.25
almost	-0.26	0.96
box	-0.26	1.04
skin	-0.26	1.04
broken	-0.26	0.92
little	-0.26	0.96
nope	-0.26	1.07
event	-0.26	1.05
review	-0.26	0.91
absolution	-0.26	0.99
knowing	-0.26	0.99
bridge	-0.25	1.11
65	-0.25	1.00
0	-0.25	1.02
quote	-0.25	1.06
dog	-0.25	1.02
ice	-0.25	0.95
356	-0.25	1.00
special	-0.24	0.88
70	-0.24	1.04
111	-0.24	1.07
master	-0.24	0.99
57	-0.24	0.98
santa	-0.24	0.97
clearly	-0.23	0.83
round	-0.23	0.99
himself	-0.23	0.96
titan	-0.23	0.96
channel	-0.23	0.90
truck	-0.23	1.18
tells	-0.23	0.96
hole	-0.23	0.88
multiplayer	-0.23	1.20
anime	-0.23	0.83
fly	-0.23	0.95
euro	-0.23	1.18
everything	-0.23	1.12
test	-0.23	1.01
image	-0.23	1.00
competition	-0.22	0.98
comments	-0.22	1.03
lives	-0.22	0.98
123	-0.22	1.14
including	-0.22	1.08
sonic	-0.22	1.10
bucks	-0.22	0.97
247	-0.22	0.92
country	-0.22	0.92
325	-0.22	0.98
sees	-0.22	0.97
156	-0.22	0.92
past	-0.22	0.95
ship	-0.22	1.02
posts	-0.22	0.99
machine	-0.21	0.93
grid	-0.21	1.18
large	-0.21	0.96
cry	-0.21	1.19
massive	-0.21	0.95
per	-0.21	0.94
hoard	-0.21	1.13
club	-0.21	0.91
313	-0.20	0.98
girl	-0.20	1.10
floor	-0.20	0.91
clear	-0.20	0.94
post	-0.20	0.89
talking	-0.20	1.05
user	-0.20	0.94
24	-0.20	0.92
onto	-0.20	0.92
rise	-0.20	0.90
upvoted	-0.20	1.73
saw	-0.20	0.96
lack	-0.20	1.16
galaxy	-0.19	0.91
reach	-0.19	0.99
told	-0.19	1.05
metal	-0.19	0.92
road	-0.19	0.97
crash	-0.19	0.86
jack	-0.19	0.93
age	-0.19	0.92
indeed	-0.18	0.96
ending	-0.18	0.79
week	-0.18	1.12
women	-0.18	0.92
batman	-0.18	1.19
weeks	-0.18	0.93
move	-0.18	1.00
me	-0.18	1.22
asleep	-0.18	0.90
added	-0.18	0.97
driver	-0.18	0.97
92	-0.18	0.94
90	-0.18	0.91
dance	-0.18	1.03
at	-0.18	1.03
grimrock	-0.18	1.07
fighting	-0.18	0.95
light	-0.17	0.95
fire	-0.17	0.91
147	-0.17	0.88
entire	-0.17	0.89
busy	-0.17	0.97
obviously	-0.17	0.94
drunk	-0.17	1.06
woman	-0.17	1.03
meat	-0.17	1.08
compared	-0.17	0.99
strange	-0.17	0.90
chicken	-0.17	1.05
word	-0.16	1.00
attack	-0.16	0.82
opinion	-0.16	0.98
thread	-0.16	1.17
orc	-0.16	0.95
near	-0.16	0.90
imagine	-0.16	0.95
high	-0.16	0.96
thinking	-0.16	1.09
fear	-0.16	1.02
door	-0.16	1.00
deserve	-0.16	1.17
corner	-0.16	0.95
expansion	-0.16	0.95
36	-0.15	0.89
lets	-0.15	0.94
jumped	-0.15	0.95
121	-0.15	0.92
times	-0.15	0.89
pet	-0.15	0.88
match	-0.15	0.85
mostly	-0.15	0.95
town	-0.15	0.89
ball	-0.15	0.94
gt	-0.15	0.97
level	-0.15	0.82
beating	-0.15	0.92
mount	-0.14	1.00
earth	-0.14	0.96
banned	-0.14	1.01
show	-0.14	0.81
tiny	-0.14	0.96
x-com	-0.14	0.97
drop	-0.14	0.87
falling	-0.14	0.93
icarus	-0.14	1.13
lara	-0.14	0.99
region	-0.14	1.11
brothers	-0.13	0.84
easily	-0.13	1.22
friend	-0.13	1.03
cheese	-0.13	0.89
accidentally	-0.13	0.94
250	-0.13	0.87
quick	-0.13	0.92
michael	-0.13	0.87
regular	-0.13	0.92
stranger	-0.13	1.15
cousin	-0.13	0.91
goal	-0.13	0.93
apparently	-0.13	0.93
perhaps	-0.13	0.93
gets	-0.13	0.97
fight	-0.13	0.84
making	-0.12	1.25
save	-0.12	1.05
music	-0.12	1.07
alpha	-0.12	0.96
opened	-0.12	0.93
remnant	-0.12	0.91
behind	-0.12	0.92
except	-0.12	1.05
reddit	-0.12	1.00
cover	-0.11	0.82
purchase	-0.11	0.93
woke	-0.11	0.92
277	-0.11	1.05
zelda	-0.11	0.86
internet	-0.11	1.09
monkey	-0.11	0.98
mini	-0.11	0.86
bored	-0.11	1.02
fall	-0.11	0.88
danger	-0.11	1.09
up	-0.10	0.99
girls	-0.10	0.94
twisted	-0.10	0.95
lone	-0.10	0.92
changed	-0.10	0.81
younger	-0.10	0.82
form	-0.10	0.79
million	-0.10	0.88
putting	-0.10	0.97
314	-0.10	1.00
windows	-0.10	0.90
hold	-0.10	1.01
specific	-0.10	1.10
81	-0.10	1.02
wild	-0.10	0.79
oil	-0.10	0.92
control	-0.10	0.91
threw	-0.10	0.89
make	-0.10	1.33
replied	-0.09	1.11
mainly	-0.09	0.80
tori	-0.09	1.00
then	-0.09	1.07
silent	-0.09	0.96
base	-0.09	0.97
surprise	-0.09	0.96
land	-0.09	0.88
whole	-0.09	1.04
search	-0.09	0.94
open	-0.09	0.88
toki	-0.09	0.99
usually	-0.09	1.04
crap	-0.09	1.27
wonder	-0.09	0.95
dark	-0.09	0.87
about	-0.09	1.10
68	-0.09	1.00
distance	-0.08	1.03
names	-0.08	1.02
download	-0.08	0.89
bank	-0.08	0.95
cut	-0.08	0.93
enemy	-0.08	0.97
items	-0.08	1.01
ring	-0.08	0.92
csgo	-0.08	0.97
120	-0.08	1.06
200	-0.08	0.93
unknown	-0.08	0.96
empires	-0.08	0.89
son	-0.08	0.91
bacon	-0.08	0.97
gunpoint	-0.07	1.10
option	-0.07	0.91
eventually	-0.07	0.96
along	-0.07	0.87
stand	-0.07	1.00
considering	-0.07	1.03
sword	-0.07	0.96
pigs	-0.07	1.04
kingdom	-0.07	0.84
across	-0.07	0.87
online	-0.07	0.85
race	-0.07	0.83
nobody	-0.07	1.02
amp	-0.07	0.96
regret	-0.06	0.94
saved	-0.06	0.94
hospital	-0.06	0.88
seven	-0.06	0.94
self	-0.06	0.87
rush	-0.06	0.89
forgot	-0.06	0.90
episode	-0.06	0.79
cost	-0.06	1.00
tales	-0.06	0.84
lady	-0.06	1.04
comic	-0.06	0.90
upon	-0.05	0.94
fair	-0.05	1.05
iv	-0.05	1.47
dreamcast	-0.05	0.86
ways	-0.05	0.93
drive	-0.05	0.98
books	-0.05	0.85
punch	-0.05	0.91
cards	-0.05	0.96
poor	-0.05	1.03
xcom	-0.05	0.93
hundred	-0.05	0.90
team	-0.04	0.87
nights	-0.04	0.91
video	-0.04	1.38
replies	-0.04	1.08
jam	-0.04	0.87
grandpa	-0.04	0.84
cook	-0.04	0.92
jump	-0.04	0.84
mix	-0.04	0.87
zombie	-0.04	0.85
exactly	-0.04	1.23
path	-0.04	1.05
hero	-0.04	0.87
1337	-0.04	1.06
room	-0.04	0.89
racing	-0.04	1.04
ftl	-0.04	1.10
basically	-0.04	0.89
battle	-0.03	0.90
parents	-0.03	0.87
brother	-0.03	0.76
here	-0.03	1.02
shooter	-0.03	0.93
action	-0.03	0.94
front	-0.03	0.89
cars	-0.03	0.91
187	-0.03	0.88
2014	-0.03	1.08
waking	-0.03	0.90
assume	-0.03	1.10
videos	-0.03	0.93
trouble	-0.03	0.96
proud	-0.03	1.01
giana	-0.02	0.91
note	-0.02	0.96
gaben	-0.02	0.99
within	-0.02	0.87
endless	-0.02	0.91
sun	-0.02	0.81
kill	-0.02	1.00
255	-0.02	0.93
roll	-0.02	0.78
full	-0.02	0.95
hearts	-0.02	0.91
witcher	-0.02	0.99
blade	-0.02	0.93
assault	-0.02	0.87
paid	-0.02	0.93
break	-0.02	0.92
mouse	-0.02	0.88
finding	-0.02	1.00
start	-0.02	0.97
hand	-0.01	0.90
thousand	-0.01	0.88
descent	-0.01	0.90
survivor	-0.01	0.91
tom	-0.01	0.94
ps4	-0.01	0.83
problems	-0.01	0.86
lost	-0.01	0.81
pulled	-0.01	0.85
feet	-0.01	0.85
populous	-0.01	1.06
return	-0.01	0.95
dirt	-0.01	1.05
aliens	-0.01	0.91
cause	-0.01	0.98
element	-0.01	0.93
afraid	-0.01	0.98
possible	-0.01	1.03
174	-0.00	1.03
driving	-0.00	0.82
darksiders	-0.00	0.91
passed	-0.00	0.76
ps	-0.00	0.90
avoid	-0.00	0.95
dinner	-0.00	0.85
stories	-0.00	0.83
teeth	0.00	0.98
doc	0.00	0.89
standing	0.00	0.92
dead	0.00	0.98
serve	0.00	0.93
372	0.01	0.91
telling	0.01	0.94
knights	0.01	0.84
kerbal	0.01	1.17
language	0.01	0.96
80	0.01	0.78
particular	0.01	0.79
watching	0.01	0.88
actual	0.01	0.93
storm	0.01	0.88
k	0.01	0.86
cream	0.01	0.86
pack	0.01	0.88
kid	0.01	0.88
bomb	0.01	0.83
below	0.01	0.74
both	0.01	1.15
wtf	0.01	0.83
allow	0.01	0.95
goat	0.01	0.95
command	0.02	0.95
known	0.02	0.96
serious	0.02	0.90
said	0.02	0.96
hmm	0.02	0.93
dragon	0.02	0.81
during	0.02	0.87
metro	0.02	0.85
hanging	0.02	0.90
low	0.02	0.80
horse	0.02	1.09
hat	0.02	1.11
in	0.02	1.16
shooting	0.03	0.86
every	0.03	0.85
walked	0.03	0.99
bunny	0.03	0.94
sit	0.03	0.93
praise	0.03	0.92
otherwise	0.03	0.91
sleeping	0.03	0.86
487	0.03	0.95
rome	0.03	0.89
flash	0.03	0.79
psychonauts	0.03	0.91
reasons	0.03	0.89
hour	0.03	0.93
375	0.03	0.93
alright	0.03	1.12
dam	0.03	0.88
recent	0.04	0.90
bottom	0.04	0.84
nor	0.04	1.04
sat	0.04	0.86
posted	0.04	0.87
em	0.04	0.83
mars	0.04	0.91
walking	0.04	0.81
born	0.04	0.82
117	0.04	0.89
water	0.04	0.85
balls	0.04	0.91
gf	0.04	0.69
rules	0.04	0.93
finishing	0.04	1.21
table	0.04	0.87
strike	0.04	0.88
human	0.04	0.97
tl	0.04	0.85
rig	0.04	0.88
line	0.05	0.91
goes	0.05	0.92
middle	0.05	0.83
likely	0.05	1.00
involved	0.05	0.98
area	0.05	0.82
alien	0.05	0.87
167	0.05	0.76
karma	0.05	1.14
selection	0.05	0.87
arkham	0.05	0.93
plz	0.05	1.13
natural	0.05	0.88
99	0.05	0.96
towards	0.05	0.85
56	0.05	0.83
orchestra	0.06	0.87
faster	0.06	0.96
dreams	0.06	0.86
ask	0.06	1.32
unless	0.06	0.89
60	0.06	0.86
when	0.06	0.97
2000	0.06	0.80
back	0.06	0.88
lol	0.06	1.06
links	0.06	0.79
rule	0.06	0.93
where	0.06	1.02
wake	0.06	0.85
decides	0.06	1.04
building	0.06	0.80
fast	0.07	1.05
history	0.07	0.79
several	0.07	0.86
13	0.07	0.77
gaming	0.07	1.64
prefer	0.07	0.85
125	0.07	0.89
film	0.07	0.66
smash	0.07	0.77
gun	0.07	0.84
till	0.07	0.87
five	0.07	0.83
home	0.07	0.85
name	0.07	1.00
minute	0.07	0.88
46	0.07	0.76
17	0.07	0.78
eat	0.07	0.87
edition	0.07	0.89
ac4	0.07	1.68
2033	0.07	0.84
gold	0.07	0.95
75	0.07	0.85
memories	0.08	0.83
met	0.08	0.81
under	0.08	0.83
runs	0.08	0.91
246	0.08	1.04
released	0.08	0.76
555	0.08	0.92
yourself	0.08	1.02
school	0.08	0.84
kept	0.08	0.98
dr	0.08	0.85
78	0.08	0.94
yours	0.08	0.91
create	0.08	0.75
joe	0.08	1.09
ii	0.08	0.89
made	0.08	1.17
van	0.08	0.80
ran	0.08	0.87
cash	0.08	0.99
tactics	0.09	0.75
north	0.09	0.75
street	0.09	0.91
support	0.09	0.84
2	0.09	0.95
85	0.09	1.00
global	0.09	0.85
sleep	0.09	0.80
smell	0.09	1.02
12	0.09	0.82
father	0.09	0.88
having	0.09	0.95
bureau	0.09	0.86
173	0.09	0.99
masks	0.09	0.80
shank	0.09	0.93
5	0.09	0.84
96	0.09	1.01
raog	0.09	0.93
step	0.09	0.75
drink	0.09	0.90
warframe	0.09	0.93
mode	0.10	0.79
465	0.10	1.11
counter	0.10	0.87
ride	0.10	0.84
sam	0.10	0.89
did	0.10	1.29
outlast	0.10	0.85
type	0.10	0.86
35	0.10	0.77
14	0.10	0.80
fixed	0.10	0.79
current	0.10	1.02
close	0.10	0.93
brutal	0.10	0.94
police	0.10	0.84
around	0.10	0.90
click	0.10	0.84
title	0.10	0.88
food	0.10	0.85
offensive	0.10	0.85
showed	0.10	0.79
somebody	0.10	0.92
wars	0.10	0.82
233	0.10	0.80
18	0.10	0.77
rising	0.11	0.80
fighters	0.11	0.79
shogun	0.11	0.87
hours	0.11	0.83
27	0.11	0.78
uh	0.11	1.07
pokemon	0.11	0.75
grade	0.11	0.78
amazon	0.11	0.84
does	0.11	1.22
safe	0.11	0.80
six	0.11	0.83
says	0.11	1.00
state	0.11	0.80
ok	0.11	1.24
car	0.11	0.88
fix	0.11	0.75
blew	0.11	0.77
minecraft	0.11	0.87
google	0.11	0.82
tomorrow	0.11	0.95
knock	0.11	0.94
price	0.12	0.87
confused	0.12	0.92
planet	0.12	0.92
trailer	0.12	0.89
must	0.12	0.87
tail	0.12	0.96
eve	0.12	0.81
draw	0.12	0.75
dollars	0.12	0.80
defense	0.12	0.85
didnt	0.12	1.08
found	0.12	0.92
41	0.12	0.75
moving	0.12	0.83
ten	0.12	0.81
98	0.12	0.84
ninjas	0.12	0.80
sidebar	0.12	0.92
conquer	0.12	0.91
journey	0.12	0.76
999	0.12	0.84
wind	0.12	0.80
costume	0.12	0.82
sister	0.12	0.80
zero	0.13	0.83
explain	0.13	0.96
held	0.13	0.92
tycoon	0.13	0.82
hunt	0.13	0.84
alert	0.13	0.89
group	0.13	0.88
animals	0.13	0.87
usual	0.13	0.85
edited	0.13	0.68
rings	0.13	0.72
ultimate	0.13	0.87
boy	0.13	0.93
arthur	0.13	0.79
22	0.13	0.72
100	0.13	0.79
ex	0.13	0.81
further	0.13	0.90
last	0.13	0.81
student	0.14	0.93
sin	0.14	0.76
19	0.14	0.72
over	0.14	0.88
catch	0.14	0.88
3	0.14	0.87
checked	0.14	0.80
finger	0.14	0.83
428	0.14	1.00
fps	0.14	0.83
tomb	0.14	0.94
133	0.14	0.84
king	0.14	0.82
themselves	0.14	0.79
terraria	0.14	0.81
512	0.14	0.81
11	0.14	0.76
135	0.14	0.88
consider	0.14	0.89
15	0.15	0.78
leftovers	0.15	0.93
points	0.15	0.90
throwing	0.15	0.97
calls	0.15	0.85
night	0.15	0.83
side	0.15	0.87
144	0.15	0.86
generally	0.15	0.85
finally	0.15	0.90
above	0.15	0.87
29	0.15	0.78
39	0.15	0.82
keep	0.15	0.98
written	0.15	0.81
62	0.15	0.95
commander	0.15	0.73
yesterday	0.15	0.80
fucked	0.15	0.91
16	0.15	0.75
waiting	0.16	0.91
general	0.16	0.78
101	0.16	0.84
means	0.16	1.01
sits	0.16	0.93
222	0.16	0.88
until	0.16	0.82
45	0.16	0.71
667	0.16	0.98
dogs	0.16	0.84
66	0.16	0.91
goty	0.16	0.80
act	0.16	0.90
case	0.16	0.99
30	0.16	0.78
6	0.16	0.76
others	0.16	0.94
decent	0.16	0.89
esther	0.16	0.92
we	0.16	0.89
saints	0.16	0.89
grab	0.16	0.89
86	0.16	0.79
28	0.17	0.72
operation	0.17	0.87
excited	0.17	1.10
33	0.17	0.72
push	0.17	0.85
anyone	0.17	1.12
sale	0.17	0.85
monaco	0.17	0.91
knight	0.17	0.76
7	0.17	0.76
89	0.17	0.81
sort	0.17	0.89
soul	0.17	1.00
wrath	0.17	0.80
despite	0.17	0.88
program	0.17	1.09
sports	0.17	0.79
counts	0.17	0.81
four	0.17	0.76
moments	0.17	1.05
maximum	0.17	0.91
winning	0.17	0.96
456	0.17	0.91
dear	0.17	0.92
132	0.17	0.93
sanctum	0.18	0.82
47	0.18	0.82
1000	0.18	0.95
43	0.18	0.72
main	0.18	0.73
tropico	0.18	0.87
gives	0.18	0.87
guardians	0.18	0.82
deus	0.18	0.81
pixeljunk	0.18	0.83
went	0.18	0.86
157	0.18	0.91
request	0.18	0.91
grow	0.18	0.89
turns	0.18	0.89
yeah	0.18	1.18
store	0.18	0.79
third	0.19	0.92
how	0.19	1.27
horror	0.19	0.77
1	0.19	0.83
closed	0.19	0.85
ps2	0.19	0.77
26	0.19	0.71
3d	0.19	0.82
out	0.19	0.90
finish	0.19	0.83
revolution	0.19	0.76
today	0.19	0.85
find	0.19	1.04
library	0.19	0.87
421	0.19	0.86
8	0.19	0.77
album	0.19	0.80
217	0.19	0.76
48	0.19	0.84
track	0.19	0.74
taste	0.19	0.99
content	0.19	0.77
lines	0.19	0.81
codes	0.20	0.74
upvotes	0.20	1.07
clean	0.20	0.79
discovered	0.20	0.77
arcade	0.20	0.84
404	0.20	1.01
fantasy	0.20	0.75
release	0.20	0.76
deal	0.20	0.86
uprising	0.20	0.90
sisters	0.20	0.80
row	0.20	0.88
info	0.20	0.86
set	0.20	0.88
lord	0.20	0.77
nostalgia	0.20	0.87
medal	0.20	0.91
vote	0.20	0.91
c	0.20	0.82
fighter	0.20	0.93
chocolate	0.20	0.82
273	0.20	0.95
49	0.20	0.75
bros	0.21	0.73
moved	0.21	0.77
9	0.21	0.75
expect	0.21	1.07
legacy	0.21	0.77
74	0.21	0.87
childhood	0.21	1.20
clash	0.21	0.97
dungeons	0.21	0.85
league	0.21	0.74
honor	0.21	0.91
sims	0.21	0.86
347	0.21	0.87
369	0.21	0.96
after	0.21	0.79
science	0.21	0.77
need	0.21	1.12
mafia	0.21	0.89
31	0.21	0.76
small	0.21	0.73
house	0.21	0.82
bioshock	0.22	0.80
quest	0.22	0.83
less	0.22	0.85
mine	0.22	0.89
20	0.22	0.79
blind	0.22	0.95
23	0.22	0.80
humans	0.22	0.82
virus	0.22	0.87
ended	0.22	0.84
years	0.22	0.75
cs	0.22	0.83
provide	0.22	0.93
bfe	0.22	0.91
ends	0.22	0.78
whatever	0.22	0.98
payday	0.22	0.81
248	0.22	0.89
frozen	0.22	0.88
snow	0.23	0.80
built	0.23	0.70
favorites	0.23	0.74
xd	0.23	0.82
physics	0.23	0.83
prime	0.23	0.82
bots	0.23	0.82
local	0.23	0.80
build	0.23	0.80
civ	0.23	0.83
heads	0.23	0.90
although	0.23	0.96
phone	0.23	0.84
wii	0.23	0.72
scribblenauts	0.23	0.85
garry	0.23	0.89
legend	0.23	0.83
living	0.23	0.84
sim	0.24	0.86
levels	0.24	0.80
family	0.24	0.75
live	0.24	0.81
saving	0.24	0.79
totally	0.24	0.83
137	0.24	0.85
visit	0.24	0.73
possibly	0.24	0.89
controller	0.24	0.69
tell	0.24	1.08
256	0.24	0.93
ta	0.24	0.92
sitting	0.24	0.83
gpu	0.24	0.86
fairly	0.24	0.93
34	0.24	0.81
crysis	0.25	0.91
minutes	0.25	0.80
garrys	0.25	0.82
synapse	0.25	0.86
college	0.25	0.81
minimum	0.25	0.83
dawn	0.25	0.82
civilization	0.25	0.82
paradise	0.25	0.91
princess	0.25	0.73
trade	0.25	0.84
237	0.25	0.87
shelter	0.25	0.83
animal	0.25	0.77
card	0.25	0.81
burnout	0.25	0.91
bit.trip	0.25	0.88
gods	0.25	0.80
gon	0.25	1.06
working	0.25	0.81
burn	0.25	0.63
alot	0.25	0.89
player	0.25	0.88
crusader	0.25	0.78
watch	0.26	0.79
top	0.26	1.03
hell	0.26	1.03
400	0.26	0.89
2013	0.26	0.85
vegas	0.26	0.68
later	0.26	0.73
n	0.26	0.79
life	0.26	1.16
stuck	0.26	0.80
galactic	0.26	0.81
twitch	0.26	0.75
half	0.26	0.77
kings	0.26	0.79
comes	0.26	0.84
origin	0.26	0.91
darkness	0.26	0.86
john	0.26	0.85
94	0.26	0.78
completed	0.27	0.70
days	0.27	0.77
motion	0.27	0.91
dlc	0.27	0.74
looking	0.27	0.96
young	0.27	0.89
52	0.27	0.92
v	0.27	0.80
planning	0.27	0.81
running	0.27	0.87
77	0.27	0.90
dota	0.27	0.71
talk	0.27	0.96
youtube	0.27	0.74
looked	0.27	0.90
ready	0.27	0.84
loot	0.27	0.87
bartender	0.27	0.99
scrolls	0.28	0.76
bring	0.28	0.89
stick	0.28	0.76
listening	0.28	0.89
believe	0.28	1.06
mass	0.28	0.65
kids	0.28	0.81
deadlight	0.28	0.68
lived	0.28	0.72
no	0.28	0.96
enjoying	0.28	0.73
ocarina	0.28	0.66
unlimited	0.28	0.91
brave	0.28	0.74
subreddit	0.28	0.81
information	0.29	0.82
proof	0.29	0.80
hd	0.29	0.83
mod	0.29	0.88
month	0.29	0.76
favourite	0.29	1.39
thomas	0.29	0.87
players	0.29	0.85
427	0.29	0.90
named	0.29	0.78
account	0.29	0.82
started	0.29	0.78
our	0.30	0.80
infinite	0.30	0.73
somewhere	0.30	0.44
cant	0.30	1.04
97	0.30	0.76
checking	0.30	0.92
x	0.30	0.77
taking	0.30	0.83
324	0.30	0.90
214	0.30	0.84
f	0.30	0.71
forest	0.30	0.80
atm	0.30	0.75
87	0.30	0.83
space	0.30	0.93
ill	0.30	1.03
weapon	0.30	0.69
21	0.30	0.76
donate	0.30	0.85
53	0.30	0.77
patrol	0.30	0.78
band	0.30	0.75
truth	0.30	0.71
summer	0.30	0.77
takes	0.30	0.76
83	0.30	0.93
raider	0.31	0.83
stop	0.31	0.90
memory	0.31	1.31
supposed	0.31	0.87
nintendo	0.31	0.65
mario	0.31	0.67
ticket	0.31	0.73
similar	0.31	0.75
came	0.31	0.76
spread	0.31	0.86
432	0.31	0.71
sid	0.31	0.83
tho	0.31	0.98
122	0.31	0.77
trying	0.31	0.97
dont	0.31	0.99
moon	0.31	1.01
sadly	0.31	0.79
hotline	0.31	0.85
mods	0.31	0.71
suppose	0.31	0.89
lately	0.31	0.85
e	0.31	0.77
key	0.32	0.82
civilizations	0.32	0.78
defenders	0.32	0.80
mirror	0.32	0.91
posting	0.32	0.87
remember	0.32	0.88
into	0.32	0.96
trilogy	0.32	0.65
winter	0.32	0.76
sometimes	0.32	0.88
leave	0.32	0.98
suggest	0.32	0.88
still	0.32	1.02
134	0.32	0.83
meier	0.32	0.82
beyond	0.32	0.78
grew	0.32	0.73
end	0.32	0.82
thrones	0.32	0.67
plenty	0.32	0.86
backup	0.32	0.81
late	0.33	0.96
amount	0.33	0.79
yea	0.33	0.83
hehe	0.33	0.92
due	0.33	0.77
alone	0.33	0.84
119	0.33	0.78
songs	0.33	0.75
old	0.33	0.78
xiii	0.33	0.67
wo	0.33	1.09
using	0.33	0.81
completely	0.33	0.77
hooked	0.33	0.77
adventures	0.33	0.66
titanfall	0.34	0.89
throw	0.34	0.93
playing	0.34	0.83
666	0.34	0.77
guacamelee	0.34	0.85
crazy	0.34	1.14
mention	0.34	0.73
months	0.34	0.75
54	0.34	0.75
367	0.34	0.77
ace	0.34	0.72
gamer	0.34	0.82
cake	0.34	1.01
88	0.34	0.73
together	0.34	0.80
course	0.34	0.82
moment	0.34	1.43
walks	0.34	0.95
collection	0.34	0.80
pixel	0.35	0.73
67	0.35	0.79
simulator	0.35	0.92
shadow	0.35	0.85
lie	0.35	0.95
helsing	0.35	0.71
nothing	0.35	0.91
world	0.35	0.79
fluffy	0.35	0.88
waste	0.35	0.87
bundle	0.35	0.72
hype	0.36	0.64
honestly	0.36	0.94
ca	0.36	1.07
dustforce	0.36	0.84
surgeon	0.36	0.79
ninja	0.36	0.84
numbers	0.36	0.86
177	0.36	0.80
beta	0.36	0.69
weekend	0.36	0.71
computer	0.36	0.72
242	0.36	0.86
half-life	0.36	0.66
south	0.36	0.70
ideas	0.36	0.75
elder	0.36	0.75
monsters	0.36	0.82
walk	0.36	0.88
oblivion	0.37	0.64
wish	0.37	0.89
50	0.37	0.80
glorious	0.37	0.86
papers	0.37	0.84
park	0.37	0.71
helped	0.37	0.75
73	0.37	0.80
ago	0.37	0.67
coming	0.37	0.79
early	0.37	1.05
effort	0.37	0.86
morrigan	0.37	0.79
145	0.37	0.81
itself	0.37	0.75
155	0.37	0.71
solar	0.37	0.71
deadly	0.37	0.82
hearthstone	0.37	1.03
challenge	0.37	0.85
survival	0.37	0.84
choice	0.37	0.79
dungeon	0.37	0.74
proteus	0.37	0.83
72	0.37	0.84
swapper	0.37	0.89
115	0.38	0.86
item	0.38	0.74
beatbuddy	0.38	0.80
athlete	0.38	0.78
new	0.38	0.64
127	0.38	0.79
director	0.38	0.84
forward	0.38	0.86
g	0.38	0.80
credit	0.38	0.80
elysian	0.38	0.82
pls	0.38	0.93
59	0.38	0.71
500	0.38	0.78
890	0.38	0.79
killing	0.38	0.73
universe	0.38	0.77
username	0.38	0.78
issues	0.38	0.74
cities	0.38	0.89
come	0.38	0.76
legendary	0.38	0.69
bit	0.38	1.01
powerful	0.39	0.78
shame	0.39	0.71
fresh	0.39	0.68
stealth	0.39	0.73
wait	0.39	0.85
railroads	0.39	0.77
complete	0.39	0.84
420	0.39	0.92
slash	0.39	0.81
113	0.39	0.66
exist	0.39	0.76
runner	0.39	0.77
organ	0.40	0.81
luftrausers	0.40	0.86
seemed	0.40	0.91
movie	0.40	0.79
dust	0.40	0.81
mordor	0.40	0.74
snes	0.40	0.63
multiple	0.40	0.72
legends	0.40	0.71
theme	0.40	0.69
however	0.40	0.79
helping	0.41	0.83
imo	0.41	0.78
gta	0.41	0.68
monkeys	0.41	0.81
favorite	0.41	1.33
trail	0.41	0.76
245	0.41	0.81
wan	0.41	1.03
pay	0.41	0.82
cats	0.41	1.01
edge	0.41	0.90
left	0.41	0.80
missed	0.41	0.75
dishonored	0.41	0.78
humor	0.41	0.64
fortress	0.42	0.67
situation	0.42	0.83
previous	0.42	0.72
hammerwatch	0.42	0.83
lose	0.42	0.85
know	0.42	1.18
season	0.42	0.81
bar	0.42	0.95
attention	0.42	0.77
thankful	0.42	0.79
spent	0.42	0.76
couple	0.42	0.75
o	0.42	0.77
wasteland	0.43	0.72
sub	0.43	0.91
german	0.43	0.49
three	0.43	0.78
exciting	0.43	1.15
idiot	0.43	0.75
received	0.43	0.79
awesomenauts	0.43	0.87
highly	0.43	0.67
managed	0.43	0.83
problem	0.43	0.99
tremor	0.43	0.78
kinda	0.43	1.03
gave	0.43	0.74
blast	0.43	0.72
63	0.44	0.75
trip	0.44	0.58
iii	0.44	0.83
bought	0.44	0.75
do	0.44	1.08
calm	0.44	0.78
audiosurf	0.44	0.74
comment	0.45	1.04
76	0.45	0.82
read	0.45	0.63
anymore	0.45	0.93
birthday	0.45	1.05
require	0.45	0.75
142	0.45	0.76
potential	0.45	0.65
system	0.45	0.70
allowed	0.45	0.75
tried	0.45	0.76
143	0.45	0.82
took	0.45	0.76
69	0.45	0.82
randomly	0.46	0.80
they	0.46	0.99
58	0.46	0.80
saves	0.46	0.81
project	0.46	0.66
email	0.46	0.71
dig	0.46	0.81
often	0.46	0.81
again	0.46	0.91
winners	0.46	0.81
saying	0.47	0.88
tale	0.47	0.73
letting	0.47	0.77
interest	0.47	0.76
345	0.47	0.79
big	0.47	0.72
people	0.47	0.85
f.e.a.r	0.47	0.83
giveaways	0.47	0.78
365	0.48	0.94
neither	0.48	0.76
certainly	0.48	0.81
advice	0.48	0.74
console	0.48	0.67
on	0.48	0.68
starve	0.48	0.80
help	0.48	0.84
wont	0.48	0.89
link	0.48	0.68
miami	0.48	0.78
inferno	0.48	0.84
real	0.48	0.90
213	0.49	0.83
halloween	0.49	0.78
stayed	0.49	0.69
steam	0.49	0.75
place	0.49	0.71
each	0.49	0.71
broke	0.49	0.68
picking	0.49	0.77
reus	0.49	0.95
places	0.49	0.78
243	0.50	0.52
79	0.50	0.89
city	0.50	0.65
thanksgiving	0.50	0.87
112	0.50	0.66
experiences	0.50	1.22
extra	0.50	0.74
stay	0.50	0.78
mind	0.50	0.82
once	0.50	0.79
run	0.50	0.77
rolling	0.50	0.93
earlier	0.50	0.56
needed	0.50	0.74
sandbox	0.50	0.90
friends	0.50	0.73
meet	0.50	0.81
currently	0.50	0.75
character	0.50	0.77
and/or	0.51	0.79
far	0.51	0.78
10	0.51	0.70
hack	0.51	0.79
342	0.51	0.74
anomaly	0.51	0.79
getting	0.51	0.75
formatting	0.51	0.61
s	0.51	0.86
same	0.51	0.94
via	0.51	0.79
havent	0.52	0.74
halo	0.52	0.69
interested	0.52	1.06
own	0.52	0.70
mortal	0.52	0.83
kollection	0.52	0.83
watched	0.52	0.66
homeless	0.52	0.82
374	0.52	0.80
figured	0.53	0.73
present	0.53	0.96
64	0.53	0.66
pc	0.53	0.56
hang	0.53	0.77
their	0.53	0.75
profile	0.53	0.71
kombat	0.53	0.83
intense	0.53	0.77
buddy	0.53	0.90
ds	0.53	0.58
based	0.53	0.61
few	0.53	0.72
376	0.54	0.91
shadows	0.54	1.02
day	0.54	0.94
skyrim	0.54	0.64
job	0.54	0.72
rock	0.54	0.94
add	0.54	0.76
501	0.55	0.93
spending	0.55	0.91
212	0.55	0.79
money	0.55	0.82
titles	0.55	0.67
message	0.55	0.78
random	0.55	0.74
spend	0.55	0.79
51	0.55	0.76
2nd	0.55	0.64
pass	0.55	0.66
unfortunately	0.55	0.67
version	0.55	0.55
343	0.56	0.78
thing	0.56	0.96
mark	0.56	0.83
cave	0.56	0.83
enough	0.56	0.91
song	0.56	0.74
gone	0.56	0.70
more	0.56	0.91
bonus	0.56	0.63
two	0.56	0.74
second	0.56	0.82
while	0.56	0.74
235	0.56	0.49
357	0.57	0.76
rebirth	0.57	0.68
isaac	0.57	0.70
da	0.57	0.87
afford	0.57	0.80
future	0.57	0.77
parable	0.57	1.21
book	0.57	0.66
chose	0.58	0.74
effect	0.58	0.64
93	0.58	0.74
55	0.58	0.80
shall	0.58	0.78
na	0.58	0.99
worms	0.58	0.63
32	0.58	0.71
mobile	0.58	0.60
original	0.58	0.80
edit	0.58	0.61
insane	0.59	0.73
sent	0.59	0.75
sequel	0.59	0.84
franchise	0.59	0.61
stuff	0.59	0.86
3rd	0.59	0.68
keys	0.59	0.77
gifts	0.59	0.94
us	0.59	0.80
spec	0.59	0.71
567	0.60	0.78
82	0.60	0.78
150	0.60	0.84
mirrors	0.60	0.87
buying	0.60	0.66
ages	0.60	0.84
borderlands	0.61	0.63
god	0.61	0.94
278	0.61	0.71
327	0.61	0.81
1st	0.61	0.72
sending	0.61	0.75
another	0.61	0.77
decide	0.61	0.86
44	0.62	0.65
499	0.62	0.79
hoping	0.62	0.99
year	0.62	0.89
honest	0.62	0.88
inbox	0.62	0.75
playstation	0.62	0.56
vvvvvv	0.62	0.75
holiday	0.62	0.87
478	0.63	0.91
charity	0.63	0.71
from	0.63	1.00
probably	0.63	1.26
created	0.63	0.61
recommend	0.63	0.63
meaning	0.63	0.58
myself	0.63	0.83
tons	0.63	0.76
rest	0.63	1.01
im	0.63	0.92
someone	0.63	0.78
taken	0.63	0.71
recently	0.63	0.61
267	0.63	0.73
234	0.64	0.81
seem	0.64	0.83
look	0.64	0.77
put	0.64	0.80
which	0.64	0.86
434	0.64	0.75
spare	0.64	0.84
entry	0.64	0.86
oh	0.64	1.02
simple	0.65	0.95
prize	0.65	0.74
n't	0.65	0.93
alan	0.65	0.69
ones	0.65	0.65
or	0.65	0.79
pm	0.66	0.76
soon	0.66	0.80
happen	0.66	0.95
antichamber	0.66	1.02
221	0.66	0.80
can	0.66	0.89
adventure	0.66	0.68
bard	0.66	0.81
were	0.67	0.76
let	0.67	0.87
number	0.67	0.71
them	0.68	0.76
else	0.68	0.80
decided	0.68	0.82
buy	0.68	0.77
monster	0.68	0.73
epic	0.69	0.48
your	0.69	0.75
grand	0.69	0.68
knows	0.69	0.60
continue	0.69	0.56
plays	0.69	0.50
setting	0.69	0.63
by	0.70	0.73
experience	0.70	1.04
fellow	0.70	0.75
could	0.70	0.89
cakeday	0.70	0.97
humble	0.71	0.66
winner	0.71	0.75
chances	0.71	0.77
beat	0.71	0.61
liked	0.71	0.53
finished	0.71	0.61
work	0.71	0.78
71	0.72	0.74
worth	0.72	0.67
doubt	0.72	0.59
picked	0.72	0.69
anything	0.72	0.85
should	0.72	0.89
hopefully	0.72	0.78
right	0.72	0.83
333	0.72	0.73
trine	0.72	0.89
xbox	0.72	0.62
simply	0.72	0.58
114	0.73	0.53
favor	0.73	0.79
those	0.73	0.70
binding	0.73	0.78
combat	0.73	0.50
first	0.73	0.93
given	0.73	0.67
list	0.73	0.72
use	0.74	0.77
guess	0.74	0.92
closest	0.74	0.68
fav	0.74	0.58
who	0.74	0.69
processing	0.74	0.97
braid	0.75	0.73
kindly	0.75	0.79
even	0.75	0.89
ever	0.75	1.16
castle	0.75	0.83
257	0.75	0.77
u	0.75	0.73
blackguards	0.76	0.81
starbound	0.76	0.81
with	0.76	0.72
789	0.76	0.70
fact	0.76	0.80
destiny	0.76	0.63
things	0.76	0.71
check	0.77	0.94
chosen	0.77	0.73
is	0.77	0.99
most	0.78	1.20
thief	0.78	0.94
other	0.78	0.66
3ds	0.78	0.48
characters	0.78	0.51
done	0.79	0.70
change	0.79	0.77
see	0.79	0.93
send	0.79	0.73
souls	0.79	0.97
888	0.79	0.75
christmas	0.79	0.98
accept	0.79	0.75
congrats	0.79	0.74
may	0.80	0.79
pick	0.80	0.78
super	0.80	0.83
needs	0.80	0.54
maybe	0.80	0.79
congratulations	0.81	0.94
asylum	0.81	0.56
steamid	0.81	0.68
that	0.82	0.87
entered	0.82	1.08
series	0.82	0.55
going	0.83	0.79
p	0.83	0.71
before	0.83	0.62
community	0.83	0.68
182	0.83	0.76
dollar	0.83	0.49
indie	0.84	0.57
many	0.84	0.64
stanley	0.84	1.07
glad	0.84	0.80
ps3	0.84	0.60
code	0.84	0.57
reason	0.84	0.78
will	0.84	0.80
got	0.84	0.57
free	0.85	0.54
was	0.85	0.70
choose	0.85	0.75
sure	0.85	0.85
crossed	0.85	0.72
awhile	0.86	0.68
seen	0.87	0.84
jesus	0.87	0.53
lucky	0.87	0.76
am	0.87	0.79
won	0.88	0.90
mail	0.88	0.89
badass	0.88	0.79
some	0.88	0.67
360	0.88	0.57
777	0.89	0.46
thats	0.89	0.80
mechanics	0.90	0.63
copies	0.90	0.65
able	0.90	0.78
wishlist	0.90	0.63
plus	0.90	0.48
damn	0.90	0.87
owned	0.90	0.59
gift	0.90	0.86
fallout	0.91	0.59
merry	0.91	0.90
might	0.91	0.78
crashers	0.91	0.81
any	0.92	0.67
puzzle	0.92	0.56
badly	0.92	0.79
hexagon	0.93	0.86
limbo	0.93	0.88
guy	0.93	0.77
holidays	0.93	0.95
commenting	0.93	0.97
these	0.93	0.65
if	0.94	0.87
extremely	0.94	0.74
turn	0.95	0.79
say	0.95	0.87
think	0.96	0.80
forever	0.96	0.68
regardless	0.96	0.76
hurt	0.97	0.47
not	0.97	0.79
loving	0.97	0.55
way	0.98	0.70
time	0.98	0.67
aaaaaaaaaaaaaaaaaaaaaaaaa	0.98	0.81
brilliant	0.98	0.39
one	0.99	1.03
take	0.99	0.73
join	0.99	0.75
whoever	0.99	0.72
soundtrack	0.99	0.51
please	1.00	0.88
haha	1.00	0.89
overall	1.00	0.49
either	1.00	0.87
wants	1.01	0.48
ll	1.01	0.78
has	1.01	0.76
had	1.01	0.60
there	1.01	0.65
willing	1.03	0.67
yet	1.03	0.60
id	1.03	0.65
84	1.03	0.75
beautiful	1.03	0.45
already	1.03	0.60
everybody	1.03	0.74
enjoyed	1.03	0.54
bud	1.04	0.79
as	1.04	0.70
freaking	1.04	0.73
something	1.04	0.75
go	1.05	0.74
524	1.05	0.80
prison	1.05	0.72
art	1.05	0.47
all	1.06	0.78
its	1.06	0.65
wanting	1.06	0.77
well	1.06	0.76
because	1.06	0.69
especially	1.07	0.29
now	1.07	0.67
wins	1.07	0.65
participating	1.07	0.69
tukituki	1.07	0.67
gotten	1.08	0.59
design	1.08	0.36
demo	1.08	0.50
puzzles	1.09	0.47
fez	1.09	0.82
huge	1.09	0.54
magicka	1.09	0.82
different	1.10	0.55
are	1.11	0.58
bastion	1.11	0.83
genre	1.11	0.58
shot	1.11	0.61
incredible	1.12	0.31
creative	1.12	0.63
never	1.12	0.58
ive	1.12	0.58
only	1.12	0.73
atmosphere	1.13	0.47
reviews	1.13	0.52
torchlight	1.14	0.82
story	1.14	0.49
holy	1.14	0.89
but	1.14	0.67
participate	1.14	0.65
since	1.15	0.55
likes	1.15	0.43
thought	1.15	0.68
heard	1.15	0.53
style	1.15	0.30
too	1.16	0.71
an	1.16	0.51
transistor	1.17	0.47
definitely	1.17	0.58
been	1.17	0.59
away	1.18	0.67
yay	1.18	0.80
strategy	1.18	0.66
just	1.19	0.67
games	1.20	0.58
have	1.20	0.60
p.s	1.20	0.81
sharing	1.20	0.70
ve	1.21	0.55
m	1.21	0.66
ty	1.22	0.75
architect	1.22	0.73
graphics	1.23	0.45
actually	1.23	0.59
reminds	1.23	0.42
fan	1.24	0.56
dayz	1.26	0.72
greatly	1.27	0.66
gl	1.27	0.79
rpg	1.27	0.50
long	1.27	0.66
kindness	1.28	0.72
contest	1.28	0.68
bunch	1.29	0.64
guys	1.30	0.72
rpgs	1.30	0.50
idea	1.31	0.55
quite	1.32	0.55
get	1.32	0.71
raffle	1.32	0.68
universalis	1.32	0.74
welcome	1.32	0.72
played	1.32	0.38
wonderful	1.34	0.38
lt	1.34	0.72
europa	1.34	0.73
m8	1.35	0.66
omg	1.35	0.59
receive	1.35	0.65
enjoy	1.36	0.62
always	1.37	0.62
grateful	1.37	0.65
appreciated	1.37	0.72
person	1.37	0.70
though	1.37	0.58
thx	1.39	0.64
sir	1.39	0.66
challenging	1.39	0.57
woo	1.40	0.73
fingers	1.40	0.42
advance	1.40	0.70
lovely	1.41	0.61
want	1.42	0.66
perfect	1.43	0.24
portal	1.43	0.46
give	1.43	0.62
everyone	1.43	0.61
rust	1.43	0.61
offer	1.44	0.59
concept	1.45	0.32
lot	1.46	0.54
gameplay	1.47	0.28
anyways	1.48	0.58
btw	1.48	0.72
good	1.50	0.55
count	1.50	0.64
hope	1.51	0.58
copy	1.52	0.60
interesting	1.52	0.59
absolutely	1.52	0.40
wanted	1.54	0.53
play	1.55	0.57
seems	1.56	0.43
pal	1.57	0.60
luck	1.60	0.54
man	1.60	0.61
ooh	1.61	0.54
try	1.62	0.54
enter	1.62	0.54
unique	1.62	0.24
anyway	1.62	0.58
neat	1.62	0.48
sounds	1.63	0.54
pretty	1.64	0.54
win	1.65	0.54
game	1.66	0.43
be	1.66	0.48
very	1.68	0.53
such	1.68	0.47
hosting	1.68	0.55
bro	1.68	0.55
re	1.70	0.50
generosity	1.71	0.54
mate	1.72	0.53
being	1.72	0.48
so	1.72	0.49
ton	1.74	0.52
fun	1.76	0.42
hello	1.78	0.49
giving	1.80	0.39
entering	1.80	0.49
cheers	1.81	0.49
looks	1.81	0.33
really	1.81	0.41
hey	1.83	0.47
dude	1.86	0.46
hi	1.86	0.46
op	1.86	0.45
sweet	1.87	0.38
kind	1.88	0.37
opportunity	1.89	0.43
thank	1.89	0.42
doing	1.89	0.41
would	1.90	0.38
also	1.90	0.31
much	1.90	0.38
great	1.91	0.21
d	1.92	0.41
chance	1.92	0.40
wow	1.92	0.36
generous	1.92	0.36
like	1.95	0.29
appreciate	1.95	0.35
cool	1.98	0.29
