cough	-6.31	1.33
headaches	-5.60	1.91
smell	-5.44	1.30
smells	-5.22	1.51
worse	-5.18	1.86
breathe	-5.15	1.73
toxins	-4.94	2.77
painful	-4.91	1.87
pain	-4.90	2.15
bad	-4.86	1.90
throat	-4.85	1.77
gross	-4.83	1.63
chemicals	-4.82	2.83
bug	-4.77	2.72
toxic	-4.69	2.82
crappy	-4.69	2.02
lasting	-4.68	2.54
intense	-4.63	2.09
breath	-4.60	1.76
felt	-4.54	1.95
blame	-4.48	2.32
remind	-4.45	1.82
shitty	-4.43	2.13
crap	-4.38	2.27
extreme	-4.36	2.36
yellow	-4.29	2.78
miserable	-4.27	1.91
ugh	-4.14	2.16
shame	-4.14	2.11
sore	-4.08	1.49
hurts	-4.07	1.81
dramatic	-4.05	2.83
rid	-4.04	2.70
loop	-4.04	2.73
tastes	-3.99	1.85
avoid	-3.97	2.39
blaming	-3.90	2.36
fever	-3.90	1.40
disaster	-3.87	2.60
picked	-3.76	2.75
afterwards	-3.74	2.08
bleeding	-3.72	1.52
disgusting	-3.70	2.08
lungs	-3.65	1.32
cat	-3.61	2.50
rush	-3.61	1.90
interestingly	-3.60	2.83
stomach	-3.55	1.48
piss	-3.45	1.51
feels	-3.43	2.09
chest	-3.43	1.55
harsh	-3.40	2.18
neck	-3.40	1.58
reporting	-3.32	2.66
refused	-3.29	2.76
journalism	-3.27	2.60
bunch	-3.24	2.72
joint	-3.21	1.48
eats	-3.16	2.92
fear	-3.13	2.46
influenza	-3.12	1.40
polio	-3.10	1.41
measles	-3.09	1.41
nose	-3.09	1.45
vaccines	-3.06	1.44
likes	-3.00	2.98
vaccinations	-2.99	1.44
complaining	-2.98	2.21
cares	-2.95	2.45
herd	-2.95	1.42
vaccination	-2.94	1.40
poop	-2.94	1.44
absolute	-2.93	2.39
anger	-2.93	2.58
sorts	-2.92	2.91
immunity	-2.90	1.40
dirty	-2.86	1.62
bored	-2.85	2.33
chronic	-2.84	1.60
ignorant	-2.84	2.72
flu	-2.83	1.43
knee	-2.82	1.52
calling	-2.81	2.91
racist	-2.81	2.62
severe	-2.80	1.48
senses	-2.79	1.42
hurt	-2.78	1.53
fatigue	-2.78	1.67
questionable	-2.78	2.69
vaccine	-2.78	1.41
uncomfortable	-2.78	1.98
urine	-2.70	1.19
mild	-2.68	1.46
seizures	-2.65	1.53
ridiculous	-2.63	2.17
poor	-2.61	1.54
vaccinated	-2.60	1.42
idiots	-2.60	2.99
stupid	-2.60	2.96
scenario	-2.58	2.79
sweat	-2.57	1.22
complain	-2.56	2.50
poison	-2.53	1.95
vaccinate	-2.53	1.40
ibuprofen	-2.53	1.53
parenting	-2.52	1.60
sensation	-2.52	1.51
asks	-2.52	2.68
withdrawal	-2.50	1.52
laugh	-2.50	2.81
inaccurate	-2.50	3.56
symptoms	-2.49	1.65
nonsense	-2.47	1.81
unvaccinated	-2.47	1.36
irresponsible	-2.46	1.79
lazy	-2.45	2.80
ineffective	-2.45	3.43
feelings	-2.44	1.81
toxin	-2.44	1.90
evil	-2.40	2.98
mouth	-2.40	1.50
pissed	-2.37	2.14
pesticides	-2.36	2.07
flawed	-2.35	3.43
guilt	-2.33	1.82
lyme	-2.33	1.43
fucking	-2.32	2.58
inflammation	-2.32	1.49
eliminating	-2.30	1.43
shot	-2.29	1.42
justified	-2.28	3.10
cry	-2.28	3.09
useless	-2.28	3.32
breathing	-2.27	1.28
everywhere	-2.27	2.91
trash	-2.24	1.59
outbreaks	-2.22	1.35
asshole	-2.20	2.83
muscles	-2.18	1.37
call	-2.17	2.89
bugs	-2.17	1.87
emotions	-2.16	1.84
everybody	-2.16	2.81
relief	-2.16	1.61
pesticide	-2.14	1.91
outbreak	-2.12	1.31
appetite	-2.10	1.64
backwards	-2.10	4.18
occasionally	-2.09	1.23
harmful	-2.08	1.92
thinks	-2.07	2.95
air	-2.07	1.43
unreasonable	-2.07	2.71
unethical	-2.06	1.78
sees	-2.06	3.02
me	-2.05	3.20
detrimental	-2.03	1.60
sometimes	-2.03	3.08
stress	-2.02	1.53
procedure	-2.01	1.47
shots	-2.01	1.37
plain	-2.01	1.66
suffering	-2.00	1.53
compounds	-2.00	2.02
sensationalist	-2.00	2.03
substances	-2.00	1.78
strain	-1.97	1.32
dies	-1.96	3.20
scared	-1.94	2.63
pathogens	-1.94	1.53
insane	-1.94	2.45
insect	-1.94	1.84
suffered	-1.94	1.37
surgery	-1.93	1.43
spray	-1.93	1.83
suck	-1.92	2.73
bullshit	-1.91	1.88
poisoning	-1.91	1.46
surprise	-1.91	2.90
frequent	-1.90	1.37
panic	-1.90	1.76
knows	-1.90	2.84
compound	-1.89	1.91
unfair	-1.88	1.99
bpa	-1.87	1.73
hunger	-1.87	1.79
dumb	-1.87	3.05
infection	-1.86	1.29
irrational	-1.86	1.81
fewer	-1.86	1.56
experiencing	-1.86	1.58
mercury	-1.86	1.95
cow	-1.85	1.29
anxiety	-1.84	1.92
unscientific	-1.84	2.16
fingers	-1.84	1.56
asthma	-1.84	1.46
contains	-1.82	1.31
wound	-1.82	1.36
garbage	-1.81	1.83
inevitable	-1.80	1.60
liver	-1.80	1.33
feeling	-1.79	2.91
chemical	-1.79	1.88
sudden	-1.79	1.46
selfish	-1.79	2.20
ended	-1.79	1.48
temporary	-1.78	1.30
hurting	-1.78	1.36
sucked	-1.77	1.92
bacteria	-1.76	1.51
lethal	-1.76	1.49
sight	-1.76	1.37
proven	-1.76	4.43
experience	-1.75	1.58
emotion	-1.74	1.89
plague	-1.74	1.31
kidney	-1.74	1.31
teeth	-1.73	1.39
strains	-1.73	1.34
junk	-1.72	1.34
experienced	-1.72	1.42
beef	-1.72	1.27
wants	-1.70	3.01
weaker	-1.69	1.50
proved	-1.68	4.32
yogurt	-1.67	1.41
empathy	-1.66	1.79
react	-1.66	1.46
believes	-1.66	3.07
deadly	-1.66	1.33
gi	-1.66	1.45
acquired	-1.65	1.30
stressful	-1.65	1.75
bacterial	-1.64	1.47
malaria	-1.64	1.32
kills	-1.64	1.26
attributed	-1.64	1.51
load	-1.63	1.60
somebody	-1.63	1.76
thc	-1.62	1.57
agent	-1.61	1.69
arm	-1.61	1.39
protected	-1.61	1.30
gets	-1.61	1.58
unnecessary	-1.61	1.76
ignorance	-1.60	1.71
significantly	-1.60	1.52
punishment	-1.59	1.47
moments	-1.59	2.75
naive	-1.58	2.15
acute	-1.57	1.30
substance	-1.57	1.51
oxygen	-1.56	1.49
epidemic	-1.56	1.31
instinct	-1.56	1.69
flies	-1.56	1.68
removal	-1.55	1.60
makes	-1.55	3.09
secondly	-1.55	1.56
virus	-1.54	1.29
ear	-1.54	1.73
syndrome	-1.54	1.39
toxicity	-1.54	1.63
concentrations	-1.53	1.71
contain	-1.53	1.78
considerably	-1.53	1.60
herpes	-1.53	1.30
agents	-1.53	1.82
ignored	-1.53	3.99
cluster	-1.52	1.55
awkward	-1.52	2.78
emotional	-1.52	1.64
tube	-1.52	1.39
than	-1.52	1.58
touch	-1.51	1.30
shock	-1.50	1.41
woke	-1.50	1.70
viruses	-1.49	1.33
unless	-1.48	4.41
toilet	-1.48	1.22
insects	-1.48	1.66
hungry	-1.47	2.39
infections	-1.47	1.31
contagious	-1.46	1.32
short	-1.46	1.63
ebola	-1.46	1.26
protect	-1.46	1.32
organic	-1.45	1.71
suffer	-1.43	1.36
hpv	-1.43	1.35
absurd	-1.42	2.11
feel	-1.42	2.95
pumping	-1.42	1.48
white	-1.41	1.59
messed	-1.41	2.68
rat	-1.41	1.41
sensationalized	-1.40	2.19
basically	-1.39	4.25
infants	-1.39	1.56
considering	-1.39	3.22
eliminated	-1.39	1.61
infectious	-1.38	1.27
thrown	-1.37	1.44
re	-1.37	4.23
heart	-1.37	1.31
digestive	-1.37	1.44
reads	-1.37	1.89
ebv	-1.37	1.34
express	-1.37	1.69
loads	-1.37	1.73
concentration	-1.36	1.62
flavor	-1.36	1.55
leg	-1.36	1.39
constant	-1.35	1.64
frustrating	-1.35	2.69
either	-1.34	4.45
whenever	-1.34	1.67
misinformation	-1.33	1.78
biased	-1.33	2.47
harmless	-1.33	1.83
crying	-1.32	2.08
pretending	-1.32	1.73
excessive	-1.32	1.16
loses	-1.32	1.98
spreading	-1.32	1.42
forcing	-1.32	1.38
trip	-1.32	1.41
animal	-1.31	1.12
prey	-1.31	1.48
overwhelming	-1.31	1.70
lots	-1.31	1.60
dump	-1.31	1.58
exposure	-1.31	1.63
gut	-1.31	1.27
bite	-1.30	1.52
risky	-1.29	1.36
ears	-1.29	1.80
trace	-1.29	1.74
metals	-1.28	1.90
mentality	-1.27	1.48
resistance	-1.27	1.41
angry	-1.27	2.96
eyes	-1.27	1.50
arms	-1.27	1.40
antibodies	-1.27	1.58
saying	-1.27	4.37
dry	-1.26	1.39
incident	-1.26	1.10
concentrated	-1.26	1.59
predators	-1.25	1.46
partly	-1.25	1.56
fault	-1.25	1.66
tissues	-1.25	1.49
partially	-1.25	1.74
flora	-1.25	1.30
dozens	-1.25	1.82
ptsd	-1.25	1.42
nervous	-1.25	1.56
upset	-1.25	3.11
amounts	-1.25	1.59
symptom	-1.25	1.39
cats	-1.24	1.57
bigger	-1.24	1.56
tired	-1.24	2.34
eaten	-1.24	1.02
cold	-1.23	1.40
kill	-1.23	1.59
illness	-1.22	1.43
nobody	-1.22	1.88
lasts	-1.22	1.80
exposed	-1.22	1.44
resistant	-1.21	1.36
struggling	-1.21	1.47
kinds	-1.21	1.68
stronger	-1.21	1.53
invasive	-1.21	1.68
sure	-1.21	4.30
eating	-1.20	0.96
throwing	-1.20	1.53
additionally	-1.20	1.91
stuck	-1.20	1.83
causing	-1.20	1.34
false	-1.20	4.13
racism	-1.19	1.74
milk	-1.19	1.48
drought	-1.19	1.35
children	-1.18	1.35
bones	-1.18	1.41
hallucinations	-1.18	1.80
hide	-1.18	1.50
much	-1.18	1.91
responsible	-1.18	1.41
spread	-1.18	1.26
eat	-1.17	0.94
airborne	-1.17	1.22
avoiding	-1.17	1.26
smoke	-1.16	1.16
trauma	-1.16	1.31
upper	-1.15	1.40
loaded	-1.15	1.51
these	-1.15	1.83
duration	-1.15	1.63
handful	-1.15	1.70
hands	-1.14	1.31
rats	-1.14	1.25
clothes	-1.14	1.31
auditory	-1.14	1.84
horribly	-1.14	1.97
hype	-1.13	1.81
smokes	-1.13	1.16
traumatic	-1.13	1.31
lasted	-1.13	1.89
storms	-1.13	1.46
slight	-1.12	1.67
unfortunate	-1.12	2.81
periods	-1.12	1.57
less	-1.12	1.58
smarter	-1.12	1.46
condition	-1.12	1.38
legs	-1.12	1.43
viral	-1.11	1.32
outright	-1.11	2.02
conspiracy	-1.11	1.98
brown	-1.10	1.53
teenagers	-1.10	1.55
anybody	-1.10	1.88
those	-1.10	1.91
myself	-1.10	1.86
implying	-1.10	4.47
eliminate	-1.10	1.62
ate	-1.10	0.96
flood	-1.10	1.35
fecal	-1.09	1.31
altogether	-1.09	1.40
effects	-1.09	1.66
complications	-1.09	1.32
bags	-1.09	1.37
annoying	-1.09	2.30
incorrect	-1.09	4.14
pointless	-1.09	2.05
sucks	-1.08	2.95
hair	-1.08	1.55
button	-1.08	1.56
portions	-1.08	1.00
contamination	-1.08	1.35
contaminated	-1.07	1.23
microbes	-1.07	1.33
anti	-1.07	1.56
numerous	-1.07	1.84
antibiotic	-1.06	1.34
transplant	-1.06	1.33
everyone	-1.06	1.87
against	-1.06	1.44
shit	-1.06	2.78
short-term	-1.06	1.74
breed	-1.06	1.26
grows	-1.06	1.41
cbd	-1.06	1.39
intensity	-1.06	1.46
nerves	-1.06	1.42
depression	-1.06	1.83
skin	-1.05	1.42
mutate	-1.05	1.38
colder	-1.05	1.49
hiv	-1.05	1.30
lung	-1.05	1.28
scare	-1.04	1.52
bread	-1.04	0.96
illnesses	-1.04	1.38
someone	-1.04	1.89
products	-1.04	1.42
killed	-1.04	1.23
full	-1.04	1.67
cigarette	-1.03	1.14
hanging	-1.03	1.45
radioactive	-1.03	1.61
prevent	-1.03	1.43
tolerance	-1.03	1.24
bodily	-1.03	1.22
mad	-1.03	2.72
experiences	-1.02	1.48
butter	-1.02	1.51
collect	-1.01	1.43
nowhere	-1.01	1.79
various	-1.01	1.84
disease	-1.01	1.37
fortunately	-1.01	1.83
wasting	-1.01	1.85
babies	-1.01	1.61
accident	-1.01	1.24
feeding	-1.01	1.55
red	-1.00	1.67
intolerance	-1.00	1.28
spinal	-1.00	1.37
constantly	-1.00	1.69
schizophrenia	-1.00	1.54
negative	-1.00	1.74
transplants	-1.00	1.34
burden	-1.00	1.44
cravings	-1.00	1.46
sensory	-0.99	1.50
vapor	-0.99	1.21
sticking	-0.99	1.43
colon	-0.99	1.28
many	-0.99	1.88
shortly	-0.99	1.63
crowd	-0.99	1.66
fukushima	-0.99	1.40
ill	-0.99	2.12
plenty	-0.98	1.80
cheese	-0.98	1.41
intentionally	-0.98	2.03
allergy	-0.98	1.23
foot	-0.98	1.41
diseases	-0.98	1.38
fluids	-0.98	1.23
muscle	-0.98	1.24
safer	-0.98	1.53
owners	-0.97	1.57
bitch	-0.97	2.94
stick	-0.97	1.65
oral	-0.97	1.30
disorder	-0.97	1.42
odd	-0.97	2.68
cord	-0.97	1.38
lies	-0.97	1.62
lsd	-0.97	1.34
orders	-0.96	1.30
blood	-0.96	1.27
victim	-0.96	1.26
infant	-0.96	1.67
excuse	-0.96	2.20
addictive	-0.96	1.29
disappointed	-0.95	2.64
tobacco	-0.95	1.16
catastrophic	-0.95	1.61
hormones	-0.95	1.42
dairy	-0.95	1.09
asleep	-0.95	1.90
far	-0.95	2.00
serves	-0.95	1.45
fatal	-0.95	1.30
induce	-0.94	1.38
autism	-0.94	1.37
microbiome	-0.94	1.27
severity	-0.94	1.39
assumes	-0.94	2.03
propaganda	-0.94	1.59
talking	-0.94	4.18
ass	-0.93	2.45
whilst	-0.93	1.44
roll	-0.93	1.40
aids	-0.93	1.37
automatically	-0.93	1.79
allergies	-0.93	1.30
dog	-0.93	1.34
ingredients	-0.93	1.46
winter	-0.93	1.42
celiac	-0.93	1.25
nicotine	-0.92	1.15
earthquake	-0.92	1.51
positive	-0.92	2.02
headline	-0.92	2.40
myth	-0.92	1.58
stroke	-0.92	1.24
cigarettes	-0.92	1.16
explosion	-0.92	1.55
drives	-0.92	1.76
rich	-0.91	1.62
bone	-0.91	1.34
opened	-0.91	1.36
headlines	-0.91	2.10
soy	-0.91	1.15
meat	-0.91	1.01
holding	-0.90	1.41
frankly	-0.90	2.30
killing	-0.90	1.44
fed	-0.90	1.10
cardiovascular	-0.90	1.32
infect	-0.90	1.30
acting	-0.90	1.72
fracking	-0.90	1.62
autoimmune	-0.90	1.39
potent	-0.90	1.65
green	-0.89	1.44
cows	-0.89	1.13
starving	-0.89	1.36
hunt	-0.89	1.22
meaningless	-0.89	2.52
components	-0.89	1.70
nerve	-0.89	1.46
dismiss	-0.89	2.13
dogs	-0.89	1.38
head	-0.89	1.45
slightly	-0.88	1.81
misleading	-0.88	2.57
longer	-0.88	1.65
pigs	-0.88	1.12
justify	-0.88	1.83
depressed	-0.88	3.30
else	-0.88	2.08
environments	-0.88	1.49
died	-0.88	1.26
touching	-0.88	1.18
dose	-0.87	1.38
mothers	-0.87	1.61
pieces	-0.87	1.72
weather	-0.87	1.52
cattle	-0.87	1.10
caution	-0.87	1.59
fuck	-0.87	3.03
and/or	-0.87	1.43
other	-0.86	1.86
tissue	-0.86	1.37
infected	-0.86	1.22
input	-0.86	1.51
chickens	-0.86	1.09
long	-0.86	2.04
noticeable	-0.86	1.90
moment	-0.86	2.08
removing	-0.86	1.56
produced	-0.86	1.57
fasting	-0.86	1.28
parents	-0.86	1.30
screw	-0.85	1.99
stop	-0.85	1.96
wake	-0.85	1.89
bats	-0.85	1.30
internal	-0.85	1.51
comfort	-0.85	1.90
realizing	-0.85	1.70
variety	-0.85	1.80
minority	-0.85	1.64
cigs	-0.85	1.13
child	-0.85	1.38
doses	-0.84	1.39
box	-0.84	1.13
busy	-0.84	1.74
cannabis	-0.84	1.30
cocaine	-0.84	1.24
bird	-0.84	1.55
trigger	-0.84	1.48
failure	-0.84	1.34
right	-0.84	4.15
attacks	-0.84	1.42
weak	-0.84	1.80
heroin	-0.84	1.23
worthless	-0.84	2.39
closed	-0.83	1.50
dreams	-0.83	1.86
educate	-0.83	1.64
smoking	-0.83	1.14
marijuana	-0.83	1.27
pet	-0.83	1.56
candy	-0.83	1.48
grass	-0.83	1.11
stimulation	-0.83	1.34
livestock	-0.83	1.14
inflammatory	-0.82	1.43
elderly	-0.82	1.38
labeled	-0.82	1.65
feed	-0.82	1.13
gmo	-0.82	1.34
e-cig	-0.82	1.11
gm	-0.82	1.33
pop	-0.82	1.69
who	-0.82	1.62
caused	-0.82	1.36
he	-0.82	1.70
suicidal	-0.82	1.93
smokers	-0.82	1.14
owner	-0.81	1.64
insist	-0.81	1.79
ego	-0.81	1.32
aggression	-0.81	1.42
threatening	-0.81	1.48
mdma	-0.81	1.29
hiding	-0.81	1.50
corrupt	-0.81	1.75
responsibility	-0.81	1.52
caffeine	-0.81	1.20
ban	-0.81	1.50
voices	-0.80	2.07
adults	-0.80	1.30
organ	-0.80	1.41
dreaming	-0.80	1.90
quitting	-0.80	1.15
disorders	-0.80	1.38
contained	-0.80	1.47
guilty	-0.80	1.57
thrive	-0.80	1.33
worldwide	-0.80	1.44
bipolar	-0.80	1.82
multiple	-0.80	1.77
cortex	-0.79	1.47
unaware	-0.79	3.72
vaping	-0.79	1.18
throw	-0.79	1.50
killer	-0.79	1.48
addiction	-0.79	1.23
containing	-0.79	1.37
racial	-0.79	1.71
habit	-0.79	1.20
quit	-0.78	1.19
shorter	-0.78	1.57
e-cigs	-0.78	1.17
vegan	-0.78	0.96
miss	-0.78	2.43
titles	-0.78	2.14
causes	-0.78	1.38
minimize	-0.78	1.55
memories	-0.78	1.54
americans	-0.78	1.89
occasional	-0.78	1.14
vision	-0.78	1.48
emotionally	-0.78	1.91
breakfast	-0.78	1.22
piece	-0.77	1.68
types	-0.77	1.80
wild	-0.77	1.18
smoker	-0.77	1.15
cycle	-0.76	1.57
ex	-0.76	3.24
injected	-0.76	1.42
transmitted	-0.76	1.27
lift	-0.76	1.26
host	-0.76	1.39
penis	-0.76	1.37
farmer	-0.76	1.27
blue	-0.76	1.69
fad	-0.76	1.44
neurological	-0.76	1.37
several	-0.76	1.76
vape	-0.76	1.13
dependence	-0.76	1.23
rude	-0.76	2.32
refuse	-0.76	1.64
plastic	-0.75	1.35
alcohol	-0.75	1.18
utterly	-0.75	2.30
races	-0.75	1.71
kick	-0.75	1.44
stimulus	-0.75	1.47
crops	-0.75	1.33
happier	-0.75	2.92
pack	-0.75	1.22
ecigs	-0.75	1.17
aggressive	-0.75	1.84
ending	-0.75	1.39
levels	-0.75	1.34
farm	-0.75	1.16
unclear	-0.75	4.36
animals	-0.74	1.17
wheat	-0.74	1.13
baby	-0.74	1.63
bat	-0.74	1.55
permanent	-0.74	1.67
regularly	-0.74	1.45
weed	-0.74	1.21
modified	-0.74	1.30
comparing	-0.74	1.93
smaller	-0.74	1.56
torture	-0.74	1.48
adhd	-0.74	1.42
occurred	-0.73	1.68
bright	-0.73	1.70
organs	-0.73	1.41
including	-0.73	1.59
dosage	-0.73	1.37
brain	-0.73	1.43
transmission	-0.73	1.25
dirt	-0.73	1.33
ugly	-0.73	1.96
together	-0.73	1.65
dozen	-0.72	1.74
allergic	-0.72	1.24
awake	-0.72	1.75
fluid	-0.72	1.29
dream	-0.71	1.88
gluten	-0.71	1.15
ketamine	-0.71	1.34
gram	-0.71	1.31
event	-0.71	1.69
delivery	-0.71	1.36
addicted	-0.71	1.22
processed	-0.71	1.06
calls	-0.71	2.45
crop	-0.71	1.31
recreational	-0.71	1.32
diabetes	-0.71	1.39
damage	-0.71	1.39
mouse	-0.71	1.34
meth	-0.71	1.24
injury	-0.71	1.23
mental	-0.71	1.46
wildly	-0.71	2.12
smoked	-0.70	1.20
antibiotics	-0.70	1.34
filled	-0.70	1.58
cross	-0.70	1.62
bred	-0.70	1.19
pot	-0.70	1.22
waking	-0.70	1.74
expensive	-0.70	1.62
grain	-0.70	1.11
waste	-0.69	1.39
expected	-0.69	1.90
lying	-0.69	1.93
cholesterol	-0.69	1.23
such	-0.69	1.83
parent	-0.69	1.35
fine	-0.69	4.05
e.g	-0.68	1.36
tries	-0.68	1.77
dead	-0.68	1.36
tip	-0.68	1.40
hearing	-0.68	2.27
despite	-0.68	1.82
frequently	-0.68	1.66
insulin	-0.68	1.27
being	-0.68	1.94
nuts	-0.68	1.11
harder	-0.68	1.67
cause	-0.68	1.37
broke	-0.68	1.45
tiny	-0.68	1.69
stigma	-0.68	1.59
consequence	-0.67	1.48
induced	-0.67	1.41
usual	-0.67	1.62
usually	-0.67	1.90
bp	-0.67	1.37
bag	-0.67	1.25
rise	-0.67	1.64
likely	-0.67	1.69
glucose	-0.67	1.22
blow	-0.67	1.76
foods	-0.67	1.05
versa	-0.67	1.25
catching	-0.67	1.39
negligible	-0.67	1.85
paranoid	-0.66	2.13
recommended	-0.66	1.35
song	-0.66	3.26
birds	-0.66	1.39
perception	-0.66	1.56
prostate	-0.66	1.35
tea	-0.66	1.53
mess	-0.66	2.07
mushrooms	-0.65	1.26
ignoring	-0.65	2.26
external	-0.65	1.42
nights	-0.65	1.67
prone	-0.65	1.46
pressure	-0.65	1.40
dust	-0.65	1.44
dioxide	-0.65	1.42
leading	-0.65	1.40
triggers	-0.65	1.46
extinction	-0.65	1.46
corn	-0.65	1.20
long-term	-0.65	1.73
wash	-0.65	1.19
sleep	-0.65	1.72
dopamine	-0.65	1.30
dying	-0.64	1.13
lucid	-0.64	1.79
claiming	-0.64	2.53
chemically	-0.64	1.44
blown	-0.64	1.66
abuse	-0.64	1.26
sooner	-0.64	1.74
reservoir	-0.64	1.34
farmers	-0.64	1.33
intensive	-0.64	1.30
cdc	-0.64	1.44
consume	-0.64	1.08
hotter	-0.64	1.49
death	-0.63	1.30
night	-0.63	1.68
turkey	-0.63	1.26
isnt	-0.63	2.06
raised	-0.63	1.16
penalty	-0.63	1.51
jail	-0.63	1.47
result	-0.63	1.52
plants	-0.63	1.35
arguing	-0.63	3.14
cultural	-0.63	1.65
inject	-0.63	1.43
synthetic	-0.63	1.78
self	-0.62	1.57
fish	-0.62	1.28
bound	-0.62	1.45
gmos	-0.62	1.39
pizza	-0.62	0.99
unhealthy	-0.62	1.26
attack	-0.62	1.47
repair	-0.62	1.38
regular	-0.62	1.22
stays	-0.62	1.52
dementia	-0.62	1.39
sleeping	-0.62	1.71
consuming	-0.62	1.08
vegetable	-0.62	1.21
arrest	-0.62	1.27
consumed	-0.62	1.13
grown	-0.62	1.29
seemed	-0.62	2.34
autistic	-0.62	1.39
loud	-0.61	2.33
switched	-0.61	1.29
silly	-0.61	2.38
reader	-0.61	2.02
relies	-0.61	2.17
empty	-0.61	1.43
immune	-0.61	1.52
meanwhile	-0.61	1.53
repeated	-0.61	1.90
resulting	-0.61	1.44
moderate	-0.61	1.14
mortality	-0.61	1.33
picking	-0.61	2.11
him	-0.61	1.70
hemp	-0.60	1.29
troll	-0.60	2.29
rarely	-0.60	1.80
singularity	-0.60	1.68
cope	-0.60	1.55
atmospheric	-0.60	1.46
homeless	-0.60	1.33
boring	-0.60	1.99
plastics	-0.60	1.65
replace	-0.60	1.71
drug	-0.60	1.29
quantities	-0.60	1.54
eggs	-0.60	1.14
reactions	-0.59	1.44
chocolate	-0.59	1.59
scratch	-0.59	1.47
cream	-0.59	1.55
volcano	-0.59	1.64
bowl	-0.59	1.28
compensate	-0.59	1.43
adverse	-0.59	1.54
prison	-0.59	1.49
grains	-0.59	1.07
bonds	-0.59	1.54
mentally	-0.59	1.76
combine	-0.59	1.61
elephant	-0.59	1.24
drugs	-0.59	1.31
obesity	-0.59	1.33
annual	-0.59	1.37
develops	-0.59	1.42
habits	-0.58	1.34
politicians	-0.58	1.65
blanket	-0.58	2.26
situations	-0.58	1.60
heavier	-0.58	1.50
hold	-0.58	1.87
both	-0.58	2.20
measurable	-0.58	1.82
kids	-0.58	1.39
morning	-0.58	1.68
behaviour	-0.58	1.41
beauty	-0.58	3.26
whole	-0.58	1.61
bed	-0.57	1.70
voice	-0.57	2.19
hours	-0.57	1.65
hear	-0.57	2.31
resulted	-0.57	1.50
anyone	-0.57	2.19
diagnosed	-0.57	1.33
protective	-0.57	1.36
users	-0.57	1.24
bears	-0.57	1.27
metabolism	-0.57	1.31
bother	-0.56	2.24
evening	-0.56	1.67
dinner	-0.56	1.19
lights	-0.56	1.56
cake	-0.56	1.09
prepared	-0.56	1.53
acid	-0.56	1.36
likewise	-0.56	1.76
molecules	-0.56	1.50
psychological	-0.56	1.39
daily	-0.56	1.28
lunch	-0.56	1.22
fake	-0.56	1.78
gases	-0.56	1.42
monkeys	-0.56	1.27
damaged	-0.56	1.77
period	-0.56	1.69
cells	-0.56	1.43
race	-0.55	1.72
irrelevant	-0.55	2.18
wipe	-0.55	1.48
body	-0.55	1.41
rice	-0.55	1.09
mammals	-0.55	1.32
suspected	-0.55	1.69
subjective	-0.55	1.60
sensitivity	-0.55	1.33
breast	-0.55	1.29
deaths	-0.55	1.35
injection	-0.55	1.44
stimuli	-0.54	1.57
organisms	-0.54	1.41
relax	-0.54	1.36
reported	-0.54	1.70
illegal	-0.54	1.30
seeds	-0.54	1.27
fruits	-0.54	1.08
inner	-0.54	1.74
fetus	-0.54	1.41
diagnosis	-0.54	1.40
falling	-0.54	1.64
strange	-0.54	2.92
ms	-0.54	1.42
hormone	-0.54	1.30
convince	-0.54	1.75
throughout	-0.53	1.73
presence	-0.53	1.66
left	-0.53	2.38
pleasure	-0.53	1.59
carbs	-0.53	1.06
treating	-0.53	1.40
dangerous	-0.53	1.85
vulnerable	-0.53	1.44
molecule	-0.53	1.52
grab	-0.53	1.50
tons	-0.53	1.57
warmer	-0.53	1.49
ruin	-0.53	2.07
developmental	-0.53	1.38
alive	-0.53	1.90
administered	-0.53	1.43
genetically	-0.53	1.33
stating	-0.53	2.89
egg	-0.53	1.22
stressed	-0.53	2.75
carb	-0.53	1.06
bees	-0.53	1.27
badly	-0.53	1.69
cancers	-0.52	1.38
diets	-0.52	1.09
protecting	-0.52	1.37
prevented	-0.52	1.58
nitrogen	-0.52	1.45
day	-0.52	1.59
lead	-0.52	1.44
finger	-0.52	1.41
refined	-0.52	1.10
stem	-0.52	1.39
fall	-0.52	1.81
older	-0.52	1.41
stopped	-0.52	1.95
meals	-0.52	1.02
neurons	-0.52	1.44
visual	-0.52	1.56
substantially	-0.52	1.51
yeast	-0.52	1.26
click	-0.52	2.03
larger	-0.51	1.61
mitigate	-0.51	1.58
two	-0.51	1.83
contract	-0.51	1.34
raise	-0.51	1.26
diet	-0.51	1.09
cleaning	-0.51	1.17
saturated	-0.51	1.13
reaction	-0.51	1.42
handle	-0.51	1.79
noise	-0.51	2.13
handling	-0.51	1.42
movements	-0.50	1.27
missing	-0.50	4.08
hand	-0.50	1.34
sick	-0.50	2.73
pump	-0.50	1.39
complete	-0.50	1.57
born	-0.50	1.42
incidence	-0.50	1.39
she	-0.50	1.62
arise	-0.50	1.80
damaging	-0.50	1.55
areas	-0.50	1.58
due	-0.50	1.47
hour	-0.50	1.63
keto	-0.50	1.11
glasses	-0.50	1.30
advertising	-0.50	1.55
avoided	-0.50	1.76
fat	-0.49	1.14
secondary	-0.49	1.39
fool	-0.49	2.12
vegetables	-0.49	1.08
bullying	-0.49	1.40
span	-0.49	1.63
contact	-0.49	1.09
heavy	-0.49	1.44
calories	-0.49	1.14
media	-0.49	1.86
plant	-0.49	1.29
dramatically	-0.49	1.49
susceptible	-0.49	1.39
associated	-0.48	1.40
countless	-0.48	1.82
lean	-0.48	1.14
severely	-0.48	1.66
healthy	-0.48	1.12
denial	-0.48	1.85
elephants	-0.48	1.25
balanced	-0.48	1.05
matters	-0.48	1.80
testosterone	-0.48	1.33
substantial	-0.48	1.81
motivation	-0.48	1.55
urge	-0.48	1.56
teens	-0.47	1.30
marketing	-0.47	1.39
movement	-0.47	1.40
storm	-0.47	1.50
urban	-0.47	1.39
rain	-0.47	1.39
quiet	-0.47	2.01
hurricane	-0.47	1.45
fatty	-0.47	1.23
everyday	-0.47	1.35
co2	-0.47	1.43
present	-0.47	1.93
music	-0.47	3.00
isolation	-0.47	1.50
passes	-0.47	1.42
safe	-0.47	2.04
week	-0.47	1.72
childhood	-0.46	1.36
advocating	-0.46	2.71
methane	-0.46	1.44
readers	-0.46	2.04
mainstream	-0.46	1.77
subsequent	-0.46	1.51
outcome	-0.46	1.97
digest	-0.46	1.43
breeding	-0.46	1.27
beans	-0.46	1.11
mostly	-0.46	2.01
enzymes	-0.46	1.41
engineered	-0.46	1.40
rural	-0.46	1.54
ecological	-0.46	1.49
fundamentally	-0.46	2.29
three	-0.46	1.70
serotonin	-0.46	1.38
veggies	-0.45	1.07
abused	-0.45	1.39
caloric	-0.45	1.13
alcoholism	-0.45	1.33
thus	-0.45	1.78
carbohydrate	-0.45	1.15
exponentially	-0.45	1.68
perceive	-0.45	1.69
fats	-0.45	1.14
shut	-0.45	1.56
cases	-0.45	1.73
confusing	-0.45	4.26
intake	-0.45	1.13
pure	-0.45	1.45
triggered	-0.45	1.52
communities	-0.45	1.46
carbohydrates	-0.45	1.13
physiological	-0.44	1.46
tooth	-0.44	1.34
relative	-0.44	1.58
atmosphere	-0.44	1.43
kept	-0.44	1.59
defense	-0.44	1.43
bear	-0.44	1.39
couple	-0.44	1.69
surviving	-0.44	1.37
few	-0.44	1.69
paint	-0.44	1.59
believing	-0.44	1.60
says	-0.44	1.96
boss	-0.44	1.44
apple	-0.44	1.54
grow	-0.44	1.26
frozen	-0.44	1.09
falls	-0.44	1.69
earthquakes	-0.44	1.61
calorie	-0.44	1.11
prescribed	-0.44	1.42
consumption	-0.44	1.19
randomly	-0.44	1.61
lesson	-0.43	1.67
denying	-0.43	2.68
drastic	-0.43	1.80
teen	-0.43	1.34
kid	-0.43	1.48
evolve	-0.43	1.41
days	-0.43	1.88
certain	-0.43	1.93
pick	-0.43	1.55
monsanto	-0.43	1.30
collapse	-0.43	1.60
2-3	-0.43	1.66
protection	-0.43	1.17
screwed	-0.43	3.07
wet	-0.43	1.38
elevated	-0.43	1.38
3-4	-0.42	1.63
ton	-0.42	1.92
comparable	-0.42	1.60
strength	-0.42	1.35
six	-0.42	1.69
vegetarians	-0.42	1.16
etc	-0.42	3.18
thousands	-0.42	1.79
prevents	-0.42	1.57
onset	-0.42	1.44
carries	-0.42	1.54
legal	-0.42	1.34
healthier	-0.42	1.31
1-2	-0.42	1.65
cancer	-0.42	1.37
excess	-0.42	1.20
filling	-0.42	1.18
acts	-0.42	1.43
teenager	-0.42	1.46
water	-0.42	1.31
actively	-0.42	1.67
temporarily	-0.42	1.50
bs	-0.42	1.74
drastically	-0.42	1.52
attached	-0.42	1.38
seven	-0.42	1.67
destructive	-0.41	1.80
evolving	-0.41	1.41
leaders	-0.41	1.66
soil	-0.41	1.33
behaviors	-0.41	1.40
threshold	-0.41	1.48
iv	-0.41	1.40
zero	-0.41	2.03
vastly	-0.41	1.76
meds	-0.41	1.38
weeks	-0.41	1.79
ran	-0.41	1.51
five	-0.41	1.67
proteins	-0.41	1.42
turned	-0.41	1.68
finds	-0.41	2.39
habitat	-0.41	1.35
risk	-0.41	1.38
insignificant	-0.41	2.10
months	-0.41	1.79
elements	-0.41	1.51
eight	-0.41	1.68
families	-0.41	1.39
places	-0.41	2.02
sake	-0.41	1.91
alzheimer	-0.41	1.43
trivial	-0.41	2.03
month	-0.40	1.67
innocent	-0.40	1.48
acids	-0.40	1.33
weekend	-0.40	1.51
corporations	-0.40	1.55
volcanic	-0.40	1.48
pretend	-0.40	2.52
magnitude	-0.40	1.64
mother	-0.40	1.39
survive	-0.40	1.43
tells	-0.40	2.51
extract	-0.40	1.31
gotten	-0.40	1.75
continuous	-0.40	1.47
blind	-0.40	1.58
news	-0.40	1.94
four	-0.40	1.68
murder	-0.40	1.35
lifespan	-0.39	1.50
olds	-0.39	1.58
thoughts	-0.39	1.74
poverty	-0.39	1.36
replacement	-0.39	1.38
leads	-0.39	1.40
greenhouse	-0.39	1.44
proportion	-0.39	1.50
hundreds	-0.39	1.82
active	-0.39	1.52
farms	-0.39	1.27
sign	-0.39	1.40
gaining	-0.39	1.20
consistently	-0.39	1.90
true	-0.39	4.43
flying	-0.39	1.43
mandatory	-0.39	1.29
bond	-0.39	1.53
creatures	-0.39	1.39
literally	-0.39	2.74
involving	-0.39	1.68
mineral	-0.39	1.48
crime	-0.39	1.35
diversity	-0.39	1.45
risks	-0.39	1.56
administration	-0.38	1.43
meal	-0.38	1.13
morally	-0.38	1.81
motor	-0.38	1.39
shocking	-0.38	2.59
length	-0.38	1.58
religious	-0.38	1.54
harvest	-0.38	1.31
copper	-0.38	1.36
focusing	-0.38	1.67
after	-0.38	1.79
cutting	-0.38	1.33
destroyed	-0.38	1.85
when	-0.38	2.19
system	-0.38	1.84
poorly	-0.38	2.31
referring	-0.38	4.44
driven	-0.38	1.41
divide	-0.38	1.44
blowing	-0.38	1.51
activation	-0.38	1.47
trapped	-0.38	1.48
whoever	-0.38	1.59
brand	-0.38	1.23
food	-0.38	1.11
prescription	-0.38	1.38
chicken	-0.38	1.16
membrane	-0.38	1.38
warm	-0.38	1.47
masses	-0.37	1.53
released	-0.37	1.41
tumors	-0.37	1.37
age	-0.37	1.47
nutrient	-0.37	1.26
strong	-0.37	1.75
8	-0.37	1.59
inform	-0.37	1.53
incapable	-0.37	1.89
antidepressants	-0.37	1.70
3	-0.37	1.65
treat	-0.37	1.43
reducing	-0.37	1.41
becomes	-0.37	2.05
clinic	-0.37	1.32
6	-0.37	1.64
everything	-0.37	2.78
time	-0.37	1.88
trees	-0.37	1.27
deniers	-0.37	1.79
schedule	-0.37	1.69
activity	-0.37	1.33
crash	-0.37	1.32
serving	-0.37	1.13
honey	-0.37	1.58
freak	-0.36	1.79
ten	-0.36	1.67
sound	-0.36	2.50
functioning	-0.36	1.47
disposal	-0.36	1.39
often	-0.36	2.03
recover	-0.36	1.40
pr	-0.36	1.50
items	-0.36	1.24
suicide	-0.36	1.54
metabolic	-0.36	1.33
counter	-0.36	1.91
wanting	-0.36	1.32
insanely	-0.36	2.29
ecosystems	-0.36	1.43
became	-0.36	2.03
diagnose	-0.36	1.46
species	-0.35	1.38
surfaces	-0.35	1.13
inside	-0.35	1.52
rna	-0.35	1.41
lose	-0.35	1.16
certainty	-0.35	2.32
cell	-0.35	1.42
failing	-0.35	1.58
desert	-0.35	1.44
die	-0.35	1.68
inevitably	-0.35	1.97
pregnancy	-0.35	1.42
behavior	-0.35	1.42
deeply	-0.35	1.89
cosmic	-0.35	1.75
2	-0.35	1.63
prevalence	-0.35	1.39
negatively	-0.35	1.59
side	-0.35	1.65
alot	-0.35	1.61
4	-0.34	1.63
release	-0.34	1.41
become	-0.34	2.08
assumptions	-0.34	2.78
amount	-0.34	1.46
mice	-0.34	1.49
mimic	-0.34	1.45
wiped	-0.34	1.47
injuries	-0.34	1.19
relating	-0.34	1.76
trouble	-0.34	1.85
seed	-0.34	1.26
argue	-0.34	2.80
pays	-0.34	1.57
summer	-0.34	1.43
mainly	-0.34	1.95
physically	-0.34	1.62
lost	-0.34	1.39
crisis	-0.34	1.52
bearing	-0.34	1.81
ready	-0.34	1.54
5	-0.34	1.63
extended	-0.33	1.55
stand	-0.33	1.88
isolated	-0.33	1.69
ad	-0.33	1.76
minutes	-0.33	1.75
personal	-0.33	1.49
releasing	-0.33	1.41
facility	-0.33	1.37
times	-0.33	1.71
ignore	-0.33	2.27
coke	-0.33	1.21
bomb	-0.33	1.41
press	-0.33	1.96
fell	-0.33	1.55
replication	-0.33	1.47
outweigh	-0.33	1.63
presents	-0.33	1.15
maximum	-0.33	1.38
switching	-0.33	1.25
raising	-0.33	1.20
living	-0.33	1.57
encounter	-0.33	1.41
protein	-0.33	1.31
seconds	-0.33	1.80
expressed	-0.33	1.44
scheme	-0.33	1.78
abundance	-0.33	1.51
herself	-0.33	1.48
expression	-0.32	1.41
15	-0.32	1.60
out	-0.32	2.05
dark	-0.32	1.50
unrelated	-0.32	1.87
scale	-0.32	1.90
12	-0.32	1.59
sized	-0.32	1.41
start	-0.32	2.23
desire	-0.32	1.42
naturally	-0.32	1.69
rates	-0.32	1.37
mom	-0.32	1.38
growing	-0.32	1.38
14	-0.32	1.58
getting	-0.32	1.78
leaves	-0.32	1.44
holy	-0.32	2.75
conscious	-0.32	1.61
strike	-0.32	1.59
pulled	-0.32	1.58
massive	-0.32	1.61
wide	-0.32	1.64
solely	-0.32	1.53
hits	-0.32	1.45
poorer	-0.32	1.38
hundred	-0.32	1.70
gender	-0.32	1.62
legalization	-0.31	1.33
13	-0.31	1.57
21	-0.31	1.43
7	-0.31	1.60
fight	-0.31	1.37
grams	-0.31	1.45
problematic	-0.31	1.92
pedantic	-0.31	2.48
wine	-0.31	1.19
anthropogenic	-0.31	1.67
anywhere	-0.31	2.46
16	-0.31	1.57
chemo	-0.31	1.40
combustion	-0.31	1.46
majority	-0.31	1.62
17	-0.31	1.57
met	-0.31	1.56
staying	-0.31	1.69
pound	-0.31	1.16
26	-0.31	1.56
yourself	-0.31	2.07
24	-0.31	1.58
farther	-0.31	1.70
size	-0.31	1.61
element	-0.31	1.53
sum	-0.31	1.69
dislike	-0.31	2.34
anecdotal	-0.31	2.09
regions	-0.31	1.52
statements	-0.31	2.68
normally	-0.31	2.00
reproduce	-0.31	1.38
hydrogen	-0.31	1.46
noting	-0.31	2.18
lie	-0.31	1.89
organism	-0.31	1.43
birth	-0.30	1.44
display	-0.30	1.46
decent	-0.30	2.52
10	-0.30	1.61
20	-0.30	1.60
person	-0.30	1.69
neighborhood	-0.30	1.33
needs	-0.30	1.74
cycles	-0.30	1.57
eg	-0.30	1.37
faith	-0.30	1.63
tumor	-0.30	1.42
small	-0.30	1.68
fly	-0.30	1.50
farming	-0.30	1.23
criminal	-0.30	1.37
22	-0.30	1.56
wells	-0.30	1.56
28	-0.30	1.56
inefficient	-0.30	1.91
because	-0.30	3.33
arrested	-0.30	1.37
enzyme	-0.30	1.50
23	-0.30	1.56
combat	-0.30	1.38
furthermore	-0.30	2.38
selective	-0.30	1.40
mistaken	-0.30	4.36
30	-0.30	1.59
reached	-0.30	1.67
18	-0.29	1.56
19	-0.29	1.55
drink	-0.29	1.20
father	-0.29	1.36
drinking	-0.29	1.17
events	-0.29	1.70
ants	-0.29	1.59
preventing	-0.29	1.50
closer	-0.29	1.67
cooking	-0.29	1.08
instance	-0.29	2.11
absorption	-0.29	1.43
polar	-0.29	1.43
twenty	-0.29	1.73
carrying	-0.29	1.45
doc	-0.29	1.59
us	-0.29	2.10
medication	-0.29	1.38
heads	-0.29	1.48
connections	-0.29	1.60
immediate	-0.29	1.74
materials	-0.29	1.67
portion	-0.29	1.62
snow	-0.29	1.33
pool	-0.29	1.24
disagree	-0.28	4.18
christian	-0.28	1.55
environment	-0.28	1.50
aged	-0.28	1.48
conversations	-0.28	1.97
locked	-0.28	1.48
repeatedly	-0.28	2.19
danger	-0.28	1.62
dna	-0.28	1.41
shifts	-0.28	1.63
crimes	-0.28	1.38
crazy	-0.28	2.84
lifetime	-0.28	1.57
educated	-0.28	1.73
documented	-0.28	2.34
colors	-0.28	1.68
drank	-0.28	1.18
pills	-0.28	1.39
dwarf	-0.28	1.50
occurs	-0.28	1.63
fraction	-0.28	1.61
heck	-0.28	1.86
end	-0.28	2.75
varying	-0.28	1.80
derived	-0.28	1.48
tank	-0.28	1.30
rely	-0.28	2.01
blows	-0.28	1.76
35	-0.28	1.56
otherwise	-0.28	3.07
floating	-0.28	1.44
markers	-0.27	1.49
individuals	-0.27	1.41
connected	-0.27	1.59
last	-0.27	1.86
1.5	-0.27	1.58
pathways	-0.27	1.47
forth	-0.27	1.78
judgement	-0.27	1.60
carbon	-0.27	1.41
during	-0.27	1.58
simply	-0.27	3.29
adult	-0.27	1.43
related	-0.27	1.49
occur	-0.27	1.71
weight	-0.27	1.22
fiber	-0.27	1.17
25	-0.27	1.56
addicts	-0.27	1.25
within	-0.27	1.76
son	-0.27	1.38
tens	-0.27	1.78
circumstances	-0.27	1.86
behavioral	-0.27	1.47
transmit	-0.27	1.37
clouds	-0.26	1.46
500	-0.26	1.60
central	-0.26	1.57
face	-0.26	1.43
non	-0.26	1.64
exercising	-0.26	1.14
ocean	-0.26	1.44
300	-0.26	1.54
old	-0.26	1.71
replacing	-0.26	1.40
later	-0.26	1.82
tree	-0.26	1.20
procedures	-0.26	1.45
color	-0.26	1.78
commit	-0.26	1.40
ago	-0.26	1.78
sand	-0.26	1.39
2009	-0.26	1.63
mindset	-0.26	1.64
belief	-0.26	1.78
destroying	-0.26	1.55
physical	-0.26	1.44
turbines	-0.26	1.66
grew	-0.26	1.44
grand	-0.26	1.67
stream	-0.26	1.40
32	-0.25	1.56
deficiency	-0.25	1.44
gain	-0.25	1.19
bottle	-0.25	1.18
uv	-0.25	1.51
mutation	-0.25	1.46
proves	-0.25	2.68
i.e	-0.25	1.79
9	-0.25	1.61
church	-0.25	1.54
while	-0.25	1.82
science	-0.25	1.76
thousand	-0.25	1.68
cop	-0.25	1.38
act	-0.25	1.77
zone	-0.25	1.42
parts	-0.25	2.11
husband	-0.25	1.22
northern	-0.25	1.48
others	-0.25	1.65
land	-0.25	1.32
tendency	-0.25	1.60
taste	-0.25	2.04
block	-0.25	1.48
defend	-0.25	1.65
calculated	-0.25	1.62
ends	-0.24	1.87
giant	-0.24	1.50
thereby	-0.24	1.58
40	-0.24	1.59
younger	-0.24	1.43
black	-0.24	1.56
biological	-0.24	1.52
400	-0.24	1.53
harm	-0.24	1.84
number	-0.24	1.63
speculation	-0.24	2.18
arctic	-0.24	1.42
wife	-0.24	1.22
fresh	-0.24	1.13
victims	-0.24	1.32
almost	-0.24	2.93
young	-0.24	1.48
stored	-0.24	1.39
metal	-0.24	1.37
brother	-0.24	1.36
associate	-0.23	1.71
pathway	-0.23	1.42
years	-0.23	1.75
150	-0.23	1.53
45	-0.23	1.61
receptors	-0.23	1.45
up	-0.23	1.85
applies	-0.23	2.09
river	-0.23	1.57
hitting	-0.23	1.39
evolutionary	-0.23	1.54
vegetarian	-0.23	1.04
separate	-0.23	1.77
100,000	-0.23	1.61
algae	-0.23	1.33
steal	-0.23	1.72
population	-0.23	1.55
brief	-0.23	1.80
per	-0.23	1.54
synthesis	-0.23	1.41
diabetic	-0.23	1.40
27	-0.23	1.58
weigh	-0.23	1.38
random	-0.23	1.70
effect	-0.23	1.93
half	-0.23	1.74
roughly	-0.23	1.88
sodium	-0.23	1.31
reduce	-0.22	1.44
50	-0.22	1.58
committed	-0.22	1.37
survived	-0.22	1.55
pregnant	-0.22	1.39
balance	-0.22	1.33
title	-0.22	2.37
runs	-0.22	1.35
addict	-0.22	1.25
200	-0.22	1.53
forest	-0.22	1.37
frequency	-0.22	1.75
disappear	-0.22	1.86
iron	-0.22	1.48
via	-0.22	1.39
massively	-0.22	1.94
burns	-0.22	1.33
sensitive	-0.22	1.54
hit	-0.22	1.47
attitude	-0.22	1.77
electronic	-0.22	1.28
reports	-0.22	1.76
near	-0.22	1.73
binding	-0.22	1.46
sperm	-0.22	1.30
sounded	-0.22	2.45
oceans	-0.22	1.45
focus	-0.22	1.48
takes	-0.22	1.77
screening	-0.22	1.43
1000	-0.21	1.58
evolved	-0.21	1.43
standing	-0.21	1.47
calcium	-0.21	1.43
sugars	-0.21	1.20
off	-0.21	1.85
remove	-0.21	1.40
puts	-0.21	1.47
democracy	-0.21	1.60
60	-0.21	1.57
global	-0.21	1.67
weights	-0.21	1.19
pacific	-0.21	1.39
visit	-0.21	1.40
clock	-0.21	1.59
agw	-0.21	2.04
extinct	-0.21	1.47
million	-0.21	1.64
listening	-0.21	2.05
receptor	-0.21	1.46
worrying	-0.21	2.12
primates	-0.21	1.37
operation	-0.21	1.44
mutations	-0.21	1.48
anxious	-0.20	2.75
gas	-0.20	1.44
room	-0.20	1.50
chances	-0.20	1.47
household	-0.20	1.29
gulf	-0.20	1.42
dad	-0.20	1.40
samples	-0.20	1.69
deny	-0.20	2.04
fission	-0.20	1.42
manipulation	-0.20	1.50
carry	-0.20	1.38
opinions	-0.20	1.88
groups	-0.20	1.59
luckily	-0.20	1.84
control	-0.20	1.56
siblings	-0.20	1.37
sunlight	-0.20	1.46
opening	-0.20	1.50
afraid	-0.20	2.75
switch	-0.19	1.37
afaik	-0.19	2.02
quantity	-0.19	1.53
temperature	-0.19	1.50
nutrients	-0.19	1.29
pollution	-0.19	1.43
quicker	-0.19	1.62
signs	-0.19	1.42
machinery	-0.19	1.49
quarantine	-0.19	1.34
dietary	-0.19	1.22
minerals	-0.19	1.47
medications	-0.19	1.39
home	-0.19	1.56
extend	-0.19	1.58
directly	-0.19	2.24
none	-0.19	2.35
dense	-0.18	1.59
raw	-0.18	1.32
generic	-0.18	1.38
cellular	-0.18	1.48
family	-0.18	1.34
lbs	-0.18	1.37
healing	-0.18	1.42
report	-0.18	1.93
believe	-0.18	2.37
deliberately	-0.18	1.95
among	-0.18	1.60
began	-0.18	1.88
large	-0.18	1.67
oil	-0.18	1.34
area	-0.18	1.59
clue	-0.18	2.66
moderation	-0.18	1.21
lack	-0.18	1.48
clean	-0.18	1.23
apart	-0.18	1.74
millions	-0.18	1.74
door	-0.18	1.36
caught	-0.18	1.50
bars	-0.18	1.16
fighting	-0.18	1.49
counting	-0.18	1.94
case	-0.18	2.92
jumping	-0.18	1.42
populations	-0.18	1.50
estimated	-0.18	1.58
vitamins	-0.18	1.45
attention	-0.18	1.37
micro	-0.17	1.53
total	-0.17	1.41
appeal	-0.17	1.80
prove	-0.17	2.75
agriculture	-0.17	1.31
pounds	-0.17	1.43
globe	-0.17	1.56
exhibit	-0.17	1.43
amino	-0.17	1.43
heavily	-0.17	1.91
wasted	-0.17	1.65
inches	-0.17	1.56
assume	-0.17	3.28
dropping	-0.17	1.43
ecosystem	-0.17	1.42
compared	-0.17	1.67
held	-0.17	1.94
nothing	-0.17	2.96
year	-0.17	1.79
melting	-0.17	1.47
pressures	-0.17	1.50
leaving	-0.17	1.62
handled	-0.17	2.05
terribly	-0.17	2.37
approximately	-0.17	1.59
covering	-0.16	1.36
personality	-0.16	1.43
religion	-0.16	1.59
shrimp	-0.16	1.32
occurring	-0.16	1.72
underground	-0.16	1.52
produce	-0.16	1.31
horse	-0.16	1.62
emission	-0.16	1.49
uranium	-0.16	1.45
kidding	-0.16	2.97
keep	-0.16	1.96
motivated	-0.16	1.58
entity	-0.16	1.64
permanently	-0.16	1.73
opposite	-0.16	3.06
daughter	-0.16	1.43
walls	-0.16	1.43
which	-0.16	3.03
11	-0.16	1.65
genome	-0.16	1.45
agenda	-0.16	1.71
outcomes	-0.16	1.60
obese	-0.16	1.35
warming	-0.16	1.69
10,000	-0.16	1.58
hugely	-0.16	2.20
mentioning	-0.16	2.54
wealth	-0.16	1.43
lifestyle	-0.16	1.25
carried	-0.16	1.60
profit	-0.16	1.47
1/2	-0.16	1.43
nearby	-0.16	1.49
keeps	-0.16	1.57
burned	-0.16	1.34
differentiate	-0.15	1.79
replicate	-0.15	1.79
shown	-0.15	2.43
where	-0.15	2.77
socially	-0.15	1.74
pull	-0.15	1.63
wind	-0.15	1.59
moreover	-0.15	1.79
stretch	-0.15	2.23
losing	-0.15	1.16
infinitely	-0.15	1.78
close	-0.15	2.25
letting	-0.15	1.53
liberal	-0.15	1.41
spectrum	-0.15	1.54
forests	-0.15	1.46
satisfaction	-0.15	1.93
equivalent	-0.15	1.59
functional	-0.15	1.51
confused	-0.15	4.02
conservative	-0.15	1.54
product	-0.15	1.27
drilling	-0.15	1.60
her	-0.15	1.41
mature	-0.14	1.46
ive	-0.14	1.60
wood	-0.14	1.36
burn	-0.14	1.30
insert	-0.14	1.50
over	-0.14	1.76
genes	-0.14	1.45
dominant	-0.14	1.48
100	-0.14	1.57
emissions	-0.14	1.45
humans	-0.14	1.38
crystal	-0.14	1.49
trolling	-0.14	2.01
unknown	-0.14	1.82
70	-0.14	1.56
sea	-0.14	1.48
started	-0.14	1.86
isolate	-0.14	1.66
memory	-0.14	1.57
average	-0.14	1.49
nuclear	-0.14	1.40
his	-0.14	1.44
80	-0.14	1.56
dolphins	-0.14	1.42
agree	-0.14	4.28
colorado	-0.14	1.47
every	-0.14	1.77
admit	-0.14	2.89
spring	-0.14	1.50
enormous	-0.14	1.88
vague	-0.14	2.56
faster	-0.14	1.68
justice	-0.13	1.43
percentage	-0.13	1.59
same	-0.13	3.16
shoot	-0.13	1.44
socioeconomic	-0.13	1.54
adapt	-0.13	1.53
reduces	-0.13	1.42
liquid	-0.13	1.34
galaxies	-0.13	1.58
laid	-0.13	1.65
usage	-0.13	1.66
cloud	-0.13	1.50
form	-0.13	1.52
universal	-0.13	1.67
guns	-0.13	1.36
truth	-0.13	2.16
claimed	-0.13	2.60
loss	-0.13	1.39
se	-0.13	1.34
direct	-0.13	1.66
neutron	-0.13	1.53
regulate	-0.13	1.47
ages	-0.13	1.47
largely	-0.13	2.07
tend	-0.13	1.42
fails	-0.13	1.59
gene	-0.13	1.45
twice	-0.13	1.78
greater	-0.13	1.51
atoms	-0.13	1.53
criminals	-0.13	1.40
skinny	-0.13	1.75
instead	-0.13	1.90
creature	-0.13	1.42
patients	-0.12	1.34
only	-0.12	3.23
attribute	-0.12	1.95
temperatures	-0.12	1.55
label	-0.12	1.87
essentially	-0.12	2.40
tested	-0.12	2.49
different	-0.12	1.85
<URL>	-0.12	1.41
<SPECIAL>	-0.12	1.41
90	-0.12	1.60
misunderstood	-0.12	4.05
stars	-0.12	1.53
gradually	-0.12	1.73
talk	-0.12	1.90
conclusions	-0.12	2.45
conjecture	-0.12	2.26
frequencies	-0.12	1.70
imply	-0.12	2.97
volume	-0.12	1.53
audience	-0.12	1.84
west	-0.12	1.53
make	-0.12	2.14
increased	-0.12	1.43
passed	-0.12	1.46
test	-0.12	1.71
sacrifice	-0.12	1.46
across	-0.12	1.61
africa	-0.12	1.54
jet	-0.12	1.40
absorbed	-0.12	1.45
altering	-0.12	1.46
reproduction	-0.12	1.38
completely	-0.12	2.44
drop	-0.12	1.50
connect	-0.12	1.67
consequences	-0.12	1.64
alcoholic	-0.12	1.21
likelihood	-0.12	1.50
billion	-0.12	1.66
generations	-0.12	1.63
row	-0.12	1.65
sit	-0.12	1.60
golden	-0.11	1.15
into	-0.11	1.83
dinosaurs	-0.11	1.41
height	-0.11	1.47
consciousness	-0.11	1.63
balls	-0.11	1.47
interpret	-0.11	2.00
perform	-0.11	1.66
spent	-0.11	1.65
atheist	-0.11	1.65
cities	-0.11	1.50
helium	-0.11	1.46
holes	-0.11	1.63
limiting	-0.11	1.45
presumably	-0.11	1.73
decided	-0.11	1.52
pulling	-0.11	1.62
sides	-0.11	1.97
blocks	-0.11	1.39
cup	-0.11	1.17
demographic	-0.11	1.62
adapted	-0.11	1.45
overly	-0.11	1.87
75	-0.11	1.56
heat	-0.11	1.46
scary	-0.11	2.91
listen	-0.11	1.91
marine	-0.11	1.46
material	-0.11	1.46
lowering	-0.11	1.40
virtually	-0.10	2.11
live	-0.10	1.64
restaurant	-0.10	1.10
density	-0.10	1.51
southern	-0.10	1.54
modification	-0.10	1.44
generating	-0.10	1.40
gained	-0.10	1.21
grey	-0.10	1.03
factory	-0.10	1.19
girlfriend	-0.10	1.23
raises	-0.10	1.37
floor	-0.10	1.48
heard	-0.10	1.97
colony	-0.10	1.24
lesser	-0.10	1.51
past	-0.10	2.03
late	-0.10	1.82
remaining	-0.10	2.07
increasing	-0.10	1.42
unstable	-0.10	1.49
bar	-0.10	1.16
chunk	-0.10	1.45
ridiculously	-0.10	2.35
especially	-0.10	2.15
politics	-0.10	1.56
decades	-0.10	1.96
capitalism	-0.10	1.62
billions	-0.10	1.74
roof	-0.10	1.38
has	-0.10	2.52
accept	-0.10	2.40
turbine	-0.10	1.59
gun	-0.10	1.41
forces	-0.10	1.62
processes	-0.10	1.53
percent	-0.10	1.59
relate	-0.09	1.78
abnormal	-0.09	1.56
hormonal	-0.09	1.34
nowadays	-0.09	1.85
awareness	-0.09	1.62
maintaining	-0.09	1.42
doctor	-0.09	1.64
charged	-0.09	1.43
political	-0.09	1.48
court	-0.09	1.47
natural	-0.09	1.52
surrounding	-0.09	1.54
sterile	-0.09	1.44
hidden	-0.09	2.18
cooling	-0.09	1.57
going	-0.09	3.07
patterns	-0.09	1.57
social	-0.09	1.48
wider	-0.09	1.50
catch	-0.09	1.82
use	-0.09	1.60
trillion	-0.09	1.64
believed	-0.09	1.90
neural	-0.09	1.50
escape	-0.09	1.59
radius	-0.09	1.57
change	-0.09	1.79
heating	-0.09	1.42
anything	-0.09	2.94
around	-0.09	1.73
generated	-0.09	1.45
defects	-0.09	1.51
store	-0.09	1.24
drops	-0.09	1.41
nutritional	-0.09	1.24
suggesting	-0.09	3.14
means	-0.09	3.21
imagining	-0.09	2.09
income	-0.09	1.30
conditions	-0.09	1.45
hunting	-0.08	1.13
island	-0.08	1.49
course	-0.08	3.11
dealing	-0.08	1.59
campaign	-0.08	1.46
assuming	-0.08	3.53
antarctica	-0.08	1.44
stay	-0.08	1.67
involve	-0.08	1.52
been	-0.08	2.46
ultimately	-0.08	2.09
fill	-0.08	1.50
backed	-0.08	2.47
alone	-0.08	2.74
confirm	-0.08	2.62
rolling	-0.08	1.58
selection	-0.08	1.44
2000	-0.08	1.60
stops	-0.08	1.71
juice	-0.08	1.44
cousin	-0.08	1.37
meters	-0.08	1.58
difficulty	-0.08	1.94
recovery	-0.08	1.23
miles	-0.08	1.55
decreasing	-0.07	1.44
trait	-0.07	1.45
deal	-0.07	2.27
now	-0.07	3.24
chosen	-0.07	1.52
reactor	-0.07	1.41
proving	-0.07	2.55
tied	-0.07	1.51
light	-0.07	1.55
genetic	-0.07	1.48
burning	-0.07	1.36
primarily	-0.07	1.79
influenced	-0.07	1.61
sun	-0.07	1.55
direction	-0.07	2.29
desk	-0.07	1.46
still	-0.07	3.21
associations	-0.07	1.82
composition	-0.07	1.46
stores	-0.07	1.24
visible	-0.07	1.56
creates	-0.07	1.36
stance	-0.07	1.81
least	-0.07	2.66
goes	-0.07	1.99
star	-0.07	1.55
putting	-0.07	1.65
sizes	-0.07	1.68
grocery	-0.07	1.22
performed	-0.07	1.75
hole	-0.07	1.60
mass	-0.07	1.60
converted	-0.06	1.46
comparison	-0.06	2.08
serve	-0.06	1.60
calculate	-0.06	1.59
signals	-0.06	1.58
perceived	-0.06	1.60
decreased	-0.06	1.45
reduced	-0.06	1.45
relatively	-0.06	2.28
experiment	-0.06	1.91
each	-0.06	1.78
lay	-0.06	1.90
occurrence	-0.06	1.68
open	-0.06	1.56
correlated	-0.06	1.61
eye	-0.06	1.65
greatly	-0.06	1.44
african	-0.06	1.57
formed	-0.06	1.52
reward	-0.06	1.32
practically	-0.06	2.34
guarantee	-0.06	2.99
accepting	-0.06	2.00
florida	-0.06	1.53
situation	-0.06	2.22
minimal	-0.06	1.63
south	-0.06	1.61
feet	-0.06	1.57
overweight	-0.06	1.37
vacuum	-0.05	1.62
glass	-0.05	1.14
swear	-0.05	2.22
orbiting	-0.05	1.55
passive	-0.05	1.59
treated	-0.05	1.69
force	-0.05	1.65
san	-0.05	1.53
dropped	-0.05	1.59
ice	-0.05	1.35
increases	-0.05	1.41
detection	-0.05	1.80
decrease	-0.05	1.45
versus	-0.05	1.50
passing	-0.05	1.52
citizens	-0.05	1.49
conventional	-0.05	1.35
sink	-0.05	1.44
temp	-0.05	1.51
slower	-0.05	1.67
states	-0.05	1.74
thankfully	-0.05	1.75
stability	-0.05	1.38
lived	-0.05	1.56
distance	-0.05	1.59
impacts	-0.05	1.64
epigenetics	-0.05	1.48
mexico	-0.05	1.58
say	-0.05	3.12
index	-0.04	1.32
convinced	-0.04	2.38
buy	-0.04	1.25
detected	-0.04	1.68
reach	-0.04	1.68
indirectly	-0.04	1.62
claims	-0.04	2.34
hence	-0.04	2.02
soft	-0.04	1.29
conduct	-0.04	1.79
kinda	-0.04	3.01
ground	-0.04	1.53
fitness	-0.04	1.41
square	-0.04	1.48
strongly	-0.04	2.19
commonly	-0.04	2.07
grounds	-0.04	1.83
layer	-0.04	1.43
necessarily	-0.04	3.14
flow	-0.04	1.41
attacking	-0.04	2.35
acknowledge	-0.04	2.17
train	-0.04	1.26
mind	-0.04	2.58
group	-0.04	1.64
robot	-0.04	1.20
altered	-0.04	1.54
namely	-0.04	1.71
houses	-0.04	1.41
directed	-0.04	1.90
homes	-0.04	1.40
traffic	-0.04	1.28
collection	-0.04	1.42
superior	-0.04	1.48
something	-0.04	3.07
contributing	-0.03	1.52
consider	-0.03	2.46
asia	-0.03	1.62
signal	-0.03	1.59
whether	-0.03	2.67
rising	-0.03	1.59
bodies	-0.03	1.57
nearly	-0.03	2.22
extremely	-0.03	2.26
increase	-0.03	1.43
starts	-0.03	1.85
increasingly	-0.03	1.92
level	-0.03	1.62
contributes	-0.03	1.45
barrier	-0.03	1.56
uses	-0.03	1.54
forming	-0.03	1.52
creation	-0.03	1.47
stayed	-0.03	1.54
keeping	-0.03	1.69
function	-0.03	1.57
were	-0.03	2.49
wealthy	-0.03	1.55
peoples	-0.03	1.46
cuts	-0.03	1.34
decay	-0.03	1.52
association	-0.03	1.78
always	-0.03	2.85
absorb	-0.03	1.47
donate	-0.03	1.44
adulthood	-0.03	1.48
capable	-0.03	1.76
buying	-0.03	1.26
traits	-0.03	1.44
range	-0.03	1.66
driving	-0.03	1.31
split	-0.03	1.62
bulk	-0.03	1.21
seemingly	-0.03	2.20
america	-0.02	1.62
meant	-0.02	4.31
categories	-0.02	1.77
lifting	-0.02	1.12
core	-0.02	1.51
venus	-0.02	1.51
2011	-0.02	1.71
widely	-0.02	2.09
melt	-0.02	1.40
higher	-0.02	1.47
questioning	-0.02	2.72
anymore	-0.02	2.66
yet	-0.02	2.96
town	-0.02	1.37
confirmed	-0.02	2.55
corporate	-0.02	1.41
involves	-0.02	1.66
reaches	-0.02	1.60
followed	-0.02	1.64
lower	-0.02	1.45
promoting	-0.02	1.45
nor	-0.02	2.66
gamma	-0.02	1.61
outer	-0.02	1.52
coast	-0.02	1.49
status	-0.02	1.51
friends	-0.02	1.20
dangers	-0.02	1.64
relatives	-0.02	1.32
continent	-0.02	1.56
cleaner	-0.02	1.22
empirical	-0.02	2.45
low	-0.02	1.45
apes	-0.02	1.49
texas	-0.02	1.54
crude	-0.02	1.38
refer	-0.01	2.39
japan	-0.01	1.72
early	-0.01	1.77
reactors	-0.01	1.41
sell	-0.01	1.26
california	-0.01	1.52
soda	-0.01	1.34
construct	-0.01	1.78
longevity	-0.01	1.43
drunk	-0.01	1.22
presenting	-0.01	1.89
fire	-0.01	1.42
reproductive	-0.01	1.36
becoming	-0.01	1.99
typically	-0.01	1.44
fruit	-0.01	1.27
select	-0.01	1.41
variation	-0.01	1.57
know	-0.01	3.04
supplements	-0.01	1.37
specifically	-0.01	2.88
judge	-0.01	1.70
inherently	-0.01	2.05
them	-0.01	2.26
assertion	-0.01	2.40
through	-0.01	1.49
onto	-0.01	1.83
broken	-0.01	1.96
claim	-0.01	2.39
skip	-0.01	1.73
cops	-0.00	1.35
waves	-0.00	1.75
decade	-0.00	1.89
electromagnetic	-0.00	1.76
taking	-0.00	1.62
opposed	-0.00	1.57
cured	-0.00	1.52
releases	-0.00	1.57
outside	-0.00	1.79
breakdown	-0.00	1.52
having	-0.00	1.67
known	-0.00	2.43
differently	-0.00	1.80
decreases	-0.00	1.44
patient	-0.00	1.32
directions	-0.00	2.06
before	0.00	2.11
reaching	0.00	1.61
causal	0.00	2.43
asteroids	0.00	1.50
morality	0.00	1.63
themselves	0.00	1.83
bridge	0.00	1.52
create	0.00	1.54
prescribe	0.00	1.38
behave	0.00	1.75
placebo	0.00	1.57
terrifying	0.00	2.85
prevalent	0.00	1.51
tone	0.00	2.14
seems	0.00	2.60
radiation	0.00	1.60
medium	0.00	1.59
evolution	0.00	1.61
milky	0.00	1.54
bee	0.00	1.48
affects	0.01	1.54
testing	0.01	1.67
india	0.01	1.73
identity	0.01	1.35
remembering	0.01	2.25
bought	0.01	1.25
output	0.01	1.34
ethanol	0.01	1.43
however	0.01	3.24
generate	0.01	1.43
himself	0.01	1.61
static	0.01	1.71
pushing	0.01	1.80
manipulate	0.01	1.69
steam	0.01	1.44
afford	0.01	1.19
window	0.01	1.38
selling	0.01	1.31
therefore	0.01	2.43
beliefs	0.01	1.74
premise	0.01	2.48
shop	0.01	1.25
convert	0.01	1.48
functions	0.01	1.55
climate	0.01	1.86
consumers	0.02	1.26
85	0.02	1.60
term	0.02	2.35
too	0.02	2.63
stopping	0.02	1.65
brings	0.02	1.25
seem	0.02	2.77
logical	0.02	2.24
affect	0.02	1.54
ease	0.02	1.36
tell	0.02	2.29
crack	0.02	1.47
fusion	0.02	1.43
max	0.02	1.42
galaxy	0.02	1.57
bit	0.02	2.53
yields	0.02	1.22
better	0.02	2.27
drive	0.02	1.38
turn	0.02	1.77
appear	0.02	1.95
region	0.02	1.60
even	0.02	3.10
interact	0.02	1.67
assumption	0.02	2.40
1	0.02	1.68
consensus	0.02	2.13
dollars	0.02	1.55
since	0.02	2.36
ii	0.02	1.51
break	0.02	1.66
sadly	0.02	2.22
potentially	0.02	2.04
countries	0.03	1.74
regulated	0.03	1.65
bmi	0.03	1.50
stock	0.03	1.30
east	0.03	1.57
rocks	0.03	1.49
beach	0.03	1.39
house	0.03	1.38
high	0.03	1.53
suspect	0.03	2.85
distances	0.03	1.65
representation	0.03	1.87
artificially	0.03	1.54
middle	0.03	1.81
pass	0.03	1.69
stable	0.03	1.60
imagination	0.03	1.62
earlier	0.03	1.85
teaching	0.03	1.68
separated	0.03	1.66
affecting	0.03	1.56
filter	0.03	1.76
nations	0.03	1.65
stages	0.03	1.62
leave	0.03	2.10
pushed	0.03	1.47
closely	0.03	1.56
significant	0.03	1.88
correlate	0.03	1.65
gt	0.03	3.15
mountains	0.03	1.47
speech	0.03	1.67
medicines	0.03	1.41
ships	0.03	1.46
stage	0.03	1.58
led	0.03	1.56
table	0.03	1.64
microwave	0.04	1.58
storage	0.04	1.41
little	0.04	2.51
meeting	0.04	1.49
cut	0.04	1.67
changes	0.04	1.61
vehicle	0.04	1.30
modify	0.04	1.48
coal	0.04	1.38
rate	0.04	1.48
judging	0.04	1.53
europeans	0.04	1.55
decide	0.04	1.67
sold	0.04	1.21
condoms	0.04	1.41
incredibly	0.04	2.37
object	0.04	1.64
default	0.04	1.72
homework	0.04	1.73
objects	0.04	1.59
suddenly	0.04	1.95
rapidly	0.04	1.76
street	0.04	1.30
get	0.04	2.39
lake	0.04	1.37
cognitive	0.04	1.47
crust	0.04	1.52
thorium	0.04	1.40
pitch	0.04	2.09
sphere	0.04	1.62
chance	0.04	1.64
serious	0.04	1.71
capital	0.04	1.39
exclusively	0.04	1.68
thinking	0.05	2.97
neutral	0.05	1.54
methodology	0.05	2.26
statement	0.05	2.63
implies	0.05	2.90
chips	0.05	1.27
matter	0.05	1.82
spend	0.05	1.60
beginning	0.05	1.92
concluded	0.05	2.35
transport	0.05	1.39
china	0.05	1.70
begins	0.05	1.83
frustrated	0.05	2.51
destruction	0.05	1.50
demonstrated	0.05	2.37
immediately	0.05	2.02
sheet	0.05	1.43
car	0.05	1.30
entirely	0.05	2.48
gravitational	0.05	1.65
europe	0.05	1.64
sequence	0.05	1.49
selected	0.05	1.47
purchase	0.05	1.22
array	0.05	1.55
lectures	0.06	1.81
rotation	0.06	1.57
loose	0.06	1.64
electrical	0.06	1.52
barely	0.06	1.66
sustain	0.06	1.56
culture	0.06	1.56
asian	0.06	1.62
expectancy	0.06	1.31
primitive	0.06	1.59
gasoline	0.06	1.38
shell	0.06	1.57
atomic	0.06	1.53
eu	0.06	1.68
exceptions	0.06	1.88
walks	0.06	2.55
offspring	0.06	1.33
mean	0.06	3.15
country	0.06	1.75
dependent	0.06	1.69
breaks	0.06	1.49
transferred	0.06	1.53
shed	0.06	1.60
went	0.06	1.72
scales	0.06	1.66
knock	0.06	1.80
exception	0.06	2.01
happened	0.06	2.21
name	0.06	1.95
buildings	0.06	1.38
correlation	0.06	2.24
variations	0.06	1.61
complicated	0.06	1.81
target	0.06	1.61
facts	0.06	2.29
plasma	0.06	1.52
mine	0.06	1.46
individual	0.06	1.56
promote	0.06	1.43
atom	0.07	1.56
continuing	0.07	1.89
training	0.07	1.25
united	0.07	1.68
societal	0.07	1.49
lowest	0.07	1.59
back	0.07	2.16
said	0.07	2.76
represent	0.07	1.66
lot	0.07	2.28
save	0.07	1.72
their	0.07	1.48
although	0.07	3.07
police	0.07	1.36
fuel	0.07	1.40
lines	0.07	1.64
expectations	0.07	1.68
relying	0.07	1.79
except	0.07	2.40
eastern	0.07	1.58
powered	0.07	1.43
highly	0.07	2.21
effectively	0.07	2.03
velocity	0.07	1.65
skepticism	0.07	1.91
center	0.07	1.56
phase	0.07	1.63
engines	0.08	1.42
protocol	0.08	1.45
twins	0.08	1.61
u.s	0.08	1.55
maintain	0.08	1.55
argument	0.08	2.36
causation	0.08	2.43
adjust	0.08	1.57
lightning	0.08	1.39
folks	0.08	1.95
solar	0.08	1.46
russia	0.08	1.69
willing	0.08	1.87
radio	0.08	1.75
usa	0.08	1.68
horizon	0.08	1.67
making	0.08	2.31
chromosome	0.08	1.45
ever	0.08	2.65
controlling	0.08	1.64
alpha	0.08	1.52
combination	0.08	1.58
neither	0.08	2.61
forgotten	0.08	2.05
north	0.08	1.56
ordinary	0.08	1.72
division	0.08	1.44
interactions	0.09	1.64
variability	0.09	1.62
minute	0.09	1.72
producing	0.09	1.43
no	0.09	3.05
brains	0.09	1.52
alter	0.09	1.55
somewhat	0.09	2.31
asteroid	0.09	1.49
evaluate	0.09	1.84
drinks	0.09	1.32
uncommon	0.09	2.06
incorrectly	0.09	2.93
surface	0.09	1.51
quickly	0.09	1.92
recognize	0.09	1.79
very	0.09	2.40
had	0.09	1.90
australia	0.09	1.66
local	0.09	1.29
whereas	0.09	1.62
tried	0.09	1.70
engine	0.09	1.45
upon	0.09	2.33
buried	0.09	1.63
ours	0.10	1.69
established	0.10	2.34
2010	0.10	1.72
record	0.10	1.59
highschool	0.10	1.65
never	0.10	2.44
its	0.10	2.46
panels	0.10	1.38
think	0.10	3.12
capacity	0.10	1.47
vast	0.10	2.00
gravity	0.10	1.64
bus	0.10	1.37
closest	0.10	1.59
molecular	0.10	1.60
windows	0.10	1.38
discipline	0.10	1.43
subjects	0.10	1.80
probably	0.10	3.05
supplies	0.10	1.43
actions	0.10	1.53
investigate	0.10	1.94
potatoes	0.10	1.26
impact	0.10	1.69
roads	0.10	1.34
happens	0.10	2.11
mile	0.10	1.37
talked	0.10	1.40
between	0.10	1.93
corner	0.10	1.42
changed	0.10	1.72
most	0.10	2.47
probability	0.10	1.83
ethical	0.10	1.83
sales	0.10	1.18
gather	0.10	1.70
france	0.10	1.69
independently	0.10	1.80
western	0.10	1.63
scientifically	0.10	2.33
government	0.11	1.44
formation	0.11	1.52
destroy	0.11	1.60
views	0.11	1.71
spinning	0.11	1.59
earth	0.11	1.54
obviously	0.11	2.98
generally	0.11	1.90
governments	0.11	1.41
results	0.11	1.99
decisions	0.11	1.64
bang	0.11	1.77
titan	0.11	1.51
doubt	0.11	3.13
elementary	0.11	1.70
imagine	0.11	2.97
subset	0.11	1.72
layers	0.11	1.48
agreement	0.11	2.55
widespread	0.11	1.53
apples	0.11	1.40
conversion	0.11	1.35
mate	0.11	1.36
reflect	0.11	1.61
neanderthals	0.11	1.62
trust	0.11	1.98
perhaps	0.11	2.88
observable	0.11	1.78
choices	0.12	1.57
road	0.12	1.31
understand	0.12	2.87
arguments	0.12	2.29
deep	0.12	1.57
misunderstanding	0.12	3.36
acceptance	0.12	1.72
fallacy	0.12	2.50
participants	0.12	1.77
approved	0.12	1.62
structure	0.12	1.56
tldr	0.12	1.71
thick	0.12	1.40
took	0.12	1.84
interacting	0.12	1.64
effectiveness	0.12	1.63
controls	0.12	1.71
doesnt	0.12	2.02
take	0.12	1.96
marriage	0.12	1.33
maybe	0.12	3.16
moons	0.12	1.54
educational	0.12	1.46
identical	0.12	1.78
bills	0.12	1.29
thermal	0.12	1.42
bottom	0.12	1.86
pm	0.12	1.87
friend	0.12	1.50
wouldnt	0.12	2.07
sample	0.12	1.77
neanderthal	0.12	1.50
orientation	0.12	1.59
classified	0.12	1.87
statistic	0.12	2.10
rock	0.13	1.41
manufacture	0.13	1.43
jump	0.13	1.77
gap	0.13	1.49
nation	0.13	1.64
slowly	0.13	1.79
belt	0.13	1.46
expecting	0.13	1.83
laboratory	0.13	1.63
limit	0.13	1.48
decline	0.13	1.76
tests	0.13	1.64
quite	0.13	2.59
respond	0.13	1.89
consent	0.13	1.38
already	0.13	2.71
though	0.13	3.19
begin	0.13	2.21
contribution	0.13	1.56
routine	0.13	1.30
correlates	0.13	1.60
collected	0.13	1.73
exercise	0.13	1.13
magnetic	0.13	1.67
speak	0.13	1.97
differ	0.13	1.77
controlled	0.13	1.86
purely	0.13	1.94
why	0.13	2.92
refers	0.13	2.90
implied	0.13	3.45
hospital	0.13	1.31
trends	0.13	1.75
education	0.13	1.45
teach	0.13	1.71
enough	0.13	2.36
fact	0.13	3.10
entire	0.14	1.81
varies	0.14	1.76
sugar	0.14	1.25
production	0.14	1.31
allows	0.14	1.49
regulation	0.14	1.54
created	0.14	1.66
moved	0.14	1.57
community	0.14	1.61
also	0.14	3.06
overcome	0.14	1.66
spending	0.14	1.52
curing	0.14	1.54
units	0.14	1.54
opinion	0.14	2.24
ideally	0.14	1.83
power	0.14	1.44
unit	0.14	1.55
worded	0.14	3.26
lady	0.14	1.53
similarly	0.14	1.95
got	0.14	1.67
studied	0.14	2.37
wall	0.15	1.39
remains	0.15	1.87
interaction	0.15	1.66
expansion	0.15	1.72
sense	0.15	2.73
deals	0.15	1.28
structures	0.15	1.53
vitamin	0.15	1.50
twin	0.15	1.66
contrary	0.15	2.23
vehicles	0.15	1.35
building	0.15	1.43
establish	0.15	2.09
advantage	0.15	1.67
ratio	0.15	1.52
remain	0.15	1.90
typical	0.15	1.46
targets	0.15	1.55
reduction	0.15	1.49
narrow	0.15	1.72
frame	0.15	1.82
without	0.15	1.90
mri	0.15	1.43
authority	0.15	1.91
oldest	0.15	1.54
somehow	0.15	2.53
semantics	0.15	2.34
electricity	0.15	1.45
entering	0.15	1.63
proof	0.16	2.45
down	0.16	1.73
fairly	0.16	2.28
conclusive	0.16	2.41
surprisingly	0.16	2.27
2014	0.16	1.72
point	0.16	3.03
price	0.16	1.26
realized	0.16	2.15
criteria	0.16	1.63
waiting	0.16	1.61
front	0.16	1.45
saturn	0.16	1.54
conclusion	0.16	2.42
specifics	0.16	2.62
beyond	0.16	1.87
built	0.16	1.48
reason	0.16	2.87
depend	0.16	1.79
introduced	0.16	1.50
changing	0.16	1.56
once	0.16	2.16
done	0.16	2.78
sufficiently	0.16	2.04
silicon	0.16	1.38
panel	0.16	1.48
notion	0.16	2.28
clearly	0.17	2.86
evidence	0.17	2.35
general	0.17	1.71
names	0.17	1.89
equally	0.17	2.34
transfer	0.17	1.51
recorded	0.17	1.62
universe	0.17	1.78
starting	0.17	2.01
95	0.17	1.72
trials	0.17	1.68
transition	0.17	1.48
bullet	0.17	1.63
did	0.17	2.61
budget	0.17	1.47
detect	0.17	1.64
inclined	0.17	2.21
initially	0.17	2.05
cognition	0.17	1.58
whom	0.17	1.51
canada	0.17	1.67
pharmaceutical	0.17	1.31
chimps	0.17	1.27
underlying	0.17	1.65
prior	0.17	1.81
station	0.17	1.40
possibly	0.17	2.74
historically	0.17	1.68
germany	0.17	1.75
health	0.17	1.47
qualities	0.17	1.62
jupiter	0.18	1.54
efficient	0.18	1.50
trial	0.18	1.72
expanded	0.18	1.70
moves	0.18	1.68
bubble	0.18	1.69
planets	0.18	1.56
genetics	0.18	1.55
broader	0.18	1.63
free	0.18	1.52
supporting	0.18	2.33
cheaper	0.18	1.48
causality	0.18	2.27
patent	0.18	1.34
reasoning	0.18	2.14
homo	0.18	1.56
regulatory	0.18	1.58
vary	0.18	1.70
saving	0.18	1.45
produces	0.18	1.22
comes	0.18	1.77
cars	0.18	1.33
supported	0.18	2.40
absence	0.18	2.04
impossible	0.18	2.13
orbit	0.18	1.55
smart	0.18	2.19
correlations	0.18	2.01
reasonably	0.18	1.93
does	0.18	2.60
shift	0.18	1.56
tends	0.18	1.42
diverse	0.18	1.51
degrees	0.18	1.74
ipcc	0.18	1.76
happening	0.18	2.39
emergency	0.19	1.30
survival	0.19	1.43
located	0.19	1.66
overall	0.19	1.33
forced	0.19	1.56
rather	0.19	2.10
exist	0.19	2.46
motion	0.19	1.63
agency	0.19	1.57
benefit	0.19	1.76
simpler	0.19	1.66
cultures	0.19	1.54
replaced	0.19	1.63
logic	0.19	2.13
indicates	0.19	2.03
differences	0.19	1.73
teacher	0.19	1.72
european	0.19	1.63
planet	0.19	1.55
drivers	0.19	1.26
comprehend	0.19	2.05
existence	0.19	1.96
needing	0.19	1.69
variable	0.19	1.83
stats	0.19	1.95
relation	0.19	1.80
federal	0.19	1.49
task	0.19	1.55
spacetime	0.19	1.72
accepted	0.19	2.24
fda	0.19	1.59
draw	0.19	2.21
independent	0.19	1.74
seeking	0.19	1.37
pharma	0.19	1.34
verify	0.19	2.14
possibility	0.20	2.09
away	0.20	1.79
confounding	0.20	1.86
walk	0.20	1.39
efficiently	0.20	1.70
then	0.20	2.63
er	0.20	1.35
representative	0.20	1.67
previously	0.20	2.31
arrive	0.20	1.80
congress	0.20	1.46
owned	0.20	1.29
analyze	0.20	1.94
mechanisms	0.20	1.62
affected	0.20	1.49
structural	0.20	1.56
akin	0.20	1.57
gone	0.20	2.28
action	0.20	1.75
sat	0.20	1.52
carefully	0.20	2.15
amazon	0.20	1.45
see	0.20	2.90
financial	0.20	1.45
chain	0.20	1.38
hypothesis	0.20	2.28
lecture	0.20	1.77
based	0.20	2.17
forget	0.20	2.64
niche	0.20	1.39
expanding	0.20	1.74
aka	0.21	1.81
defined	0.21	2.07
relationship	0.21	1.71
ones	0.21	2.06
violence	0.21	1.23
place	0.21	2.86
user	0.21	1.48
distant	0.21	1.60
sweden	0.21	1.74
iq	0.21	1.54
classes	0.21	1.84
properly	0.21	2.13
apparent	0.21	1.94
happen	0.21	2.68
mining	0.21	1.45
significance	0.21	1.91
practices	0.21	1.40
mode	0.21	1.54
admittedly	0.21	2.23
supports	0.21	2.58
rational	0.21	2.01
process	0.21	1.64
army	0.21	1.38
shooting	0.21	1.17
connection	0.21	2.11
secret	0.22	1.63
beings	0.22	1.58
ancestors	0.22	1.54
beer	0.22	1.16
batteries	0.22	1.42
requiring	0.22	1.55
remotely	0.22	2.38
should	0.22	2.70
safety	0.22	1.61
implication	0.22	3.26
surveys	0.22	1.71
limits	0.22	1.51
disprove	0.22	2.37
statistically	0.22	1.97
proper	0.22	1.62
la	0.22	1.45
compare	0.22	1.86
state	0.22	1.76
systems	0.22	1.64
newer	0.22	1.57
processing	0.22	1.45
sapiens	0.22	1.57
notes	0.22	1.89
reveal	0.22	1.72
welfare	0.22	1.24
dollar	0.22	1.36
liked	0.22	2.29
energy	0.22	1.43
human	0.22	1.50
pill	0.22	1.53
centers	0.22	1.49
public	0.22	1.46
driver	0.22	1.36
position	0.22	2.00
big	0.23	1.64
nurse	0.23	1.35
type	0.23	1.96
companies	0.23	1.29
environmental	0.23	1.61
grade	0.23	1.70
orbital	0.23	1.64
class	0.23	1.84
sitting	0.23	1.35
ride	0.23	1.28
persons	0.23	1.54
unlikely	0.23	2.14
necessity	0.23	1.63
invented	0.23	1.92
ve	0.23	2.05
drill	0.23	1.62
operate	0.23	1.43
property	0.23	1.44
identified	0.23	1.90
benefits	0.23	1.65
figure	0.23	2.58
exam	0.23	1.68
homosexuality	0.23	1.42
basis	0.23	2.17
fishing	0.23	1.32
broad	0.23	1.78
gay	0.23	1.43
hang	0.23	1.93
cameras	0.23	1.32
noticed	0.23	2.02
stations	0.24	1.38
decision	0.24	1.73
biases	0.24	2.09
third	0.24	1.81
improved	0.24	1.43
preference	0.24	1.26
exactly	0.24	3.07
reject	0.24	2.15
instant	0.24	1.61
remember	0.24	2.52
certainly	0.24	2.99
adaptation	0.24	1.39
indicated	0.24	2.27
maintenance	0.24	1.36
net	0.24	1.30
shocked	0.24	2.28
thin	0.24	1.30
ensure	0.24	1.74
missed	0.24	3.50
legally	0.24	1.56
null	0.24	2.02
eventually	0.24	2.08
thoroughly	0.24	2.23
walked	0.24	1.49
existed	0.24	1.85
determine	0.24	1.96
school	0.24	1.71
any	0.24	2.54
resources	0.24	1.49
city	0.25	1.31
observed	0.25	1.99
2013	0.25	1.79
experiments	0.25	1.88
finite	0.25	1.73
allowing	0.25	1.65
norm	0.25	1.60
market	0.25	1.25
0	0.25	1.75
epa	0.25	1.56
distinguish	0.25	2.04
actually	0.25	2.97
conducted	0.25	1.89
simultaneously	0.25	1.95
bothered	0.25	2.30
values	0.25	1.67
d	0.25	2.48
warning	0.25	1.37
statistics	0.25	2.08
realise	0.25	2.15
surprised	0.25	2.82
lives	0.26	1.71
assess	0.26	1.92
unusual	0.26	2.31
continues	0.26	1.68
want	0.26	2.47
interests	0.26	1.45
push	0.26	1.81
crows	0.26	1.50
party	0.26	1.37
try	0.26	1.94
goods	0.26	1.22
prevention	0.26	1.46
arent	0.26	2.05
flaw	0.26	2.61
ship	0.26	1.56
aspects	0.26	1.67
albeit	0.26	2.00
completed	0.26	1.79
bias	0.26	1.96
electric	0.26	1.44
creating	0.26	1.53
ref	0.26	1.58
explicitly	0.26	2.45
achieve	0.26	1.68
suggest	0.26	2.58
turning	0.26	1.65
businesses	0.26	1.26
policies	0.26	1.52
costs	0.26	1.21
anecdote	0.26	2.11
super	0.26	2.40
under	0.26	1.67
odds	0.26	1.51
industry	0.27	1.32
dynamic	0.27	1.72
students	0.27	1.72
refute	0.27	2.38
t	0.27	1.72
rest	0.27	1.93
semester	0.27	1.88
yield	0.27	1.19
until	0.27	2.09
brought	0.27	1.75
3rd	0.27	1.72
build	0.27	1.51
calculations	0.27	1.73
influences	0.27	1.46
magazine	0.27	1.62
caring	0.27	1.45
properties	0.27	1.65
transportation	0.27	1.34
somewhere	0.27	2.32
silver	0.27	1.45
favor	0.27	1.38
ourselves	0.27	1.85
effort	0.27	1.71
peak	0.27	1.40
momentum	0.27	1.68
military	0.27	1.39
looking	0.27	2.71
component	0.27	2.10
plate	0.27	1.67
content	0.27	1.44
inherent	0.27	1.81
em	0.27	2.24
next	0.27	2.07
appeared	0.27	1.68
conservation	0.27	1.47
aware	0.28	2.80
entropy	0.28	1.55
arguably	0.28	1.85
taught	0.28	1.88
item	0.28	1.34
theres	0.28	1.97
attract	0.28	1.47
coupled	0.28	1.86
operating	0.28	1.48
universes	0.28	1.81
world	0.28	2.06
depending	0.28	1.77
come	0.28	2.52
organization	0.28	1.43
schools	0.28	1.62
essential	0.28	1.63
conflict	0.28	1.81
traveling	0.28	1.64
towards	0.28	1.91
demonstrate	0.28	1.91
need	0.28	2.41
wave	0.28	1.81
magic	0.28	1.73
network	0.28	1.55
turns	0.28	1.92
repeating	0.28	1.97
go	0.28	2.38
violent	0.28	1.23
branch	0.28	1.58
ongoing	0.28	1.69
pattern	0.29	1.58
business	0.29	1.24
angle	0.29	1.53
ancestor	0.29	1.51
ed	0.29	1.62
instantly	0.29	1.91
receive	0.29	1.39
inflation	0.29	1.76
might	0.29	2.91
cost	0.29	1.27
organizations	0.29	1.44
et	0.29	1.76
mechanical	0.29	1.62
supply	0.29	1.33
unable	0.29	1.75
distinct	0.29	1.75
holds	0.29	1.80
security	0.29	1.31
pocket	0.29	1.21
regulations	0.29	1.59
findings	0.29	2.10
really	0.29	2.80
freedom	0.29	1.10
suggested	0.29	2.50
assumed	0.29	3.08
money	0.29	1.39
prices	0.29	1.23
stated	0.30	2.86
agricultural	0.30	1.17
equal	0.30	1.89
wondered	0.30	1.98
double	0.30	1.79
restrictions	0.30	1.56
covers	0.30	1.46
2008	0.30	1.78
one	0.30	2.80
category	0.30	1.90
courses	0.30	1.90
aside	0.30	1.92
rape	0.30	1.33
biologically	0.30	1.89
view	0.30	2.01
grid	0.30	1.50
study	0.30	2.10
speed	0.30	1.67
plane	0.30	1.44
drawn	0.30	2.04
generation	0.30	1.58
referred	0.30	2.41
pair	0.30	1.70
told	0.30	1.57
board	0.30	1.85
base	0.30	1.71
coming	0.31	2.20
intervention	0.31	1.60
capture	0.31	1.58
anytime	0.31	2.00
1st	0.31	1.80
worth	0.31	1.79
latter	0.31	2.36
conclude	0.31	2.42
indicate	0.31	2.12
lt	0.31	1.80
behind	0.31	1.81
factors	0.31	1.79
find	0.31	2.66
print	0.31	1.42
inability	0.31	1.66
ring	0.31	1.29
approval	0.31	1.61
key	0.31	2.30
abundant	0.31	1.49
reality	0.31	1.76
accidents	0.31	1.54
worry	0.31	2.62
teachers	0.31	1.68
g	0.31	1.75
influence	0.31	1.47
tracking	0.31	1.40
consumer	0.31	1.32
flight	0.31	1.45
depth	0.31	1.62
tax	0.32	1.21
debt	0.32	1.27
stone	0.32	1.52
hypothetical	0.32	1.91
forms	0.32	1.59
normal	0.32	1.55
agencies	0.32	1.51
moon	0.32	1.53
run	0.32	1.47
networks	0.32	1.56
readily	0.32	1.66
exclusive	0.32	1.98
parties	0.32	1.37
fund	0.32	1.42
law	0.32	1.54
spin	0.32	1.80
facilities	0.32	1.35
studies	0.32	1.95
classroom	0.32	1.62
measured	0.32	1.77
recall	0.32	1.80
physiology	0.32	1.69
notice	0.32	2.66
choose	0.32	1.70
fired	0.32	1.45
clinical	0.33	1.63
prepare	0.33	1.19
solid	0.33	1.72
impression	0.33	2.65
recently	0.33	1.76
spot	0.33	1.92
license	0.33	1.43
deliver	0.33	1.61
suggests	0.33	2.29
particles	0.33	1.67
arbitrary	0.33	1.80
care	0.33	1.47
following	0.33	1.59
came	0.33	1.84
define	0.33	2.11
addressing	0.33	2.10
demand	0.33	1.24
cash	0.33	1.66
vote	0.33	1.45
2nd	0.34	1.81
debate	0.34	2.00
account	0.34	1.89
follows	0.34	1.57
single	0.34	1.82
learned	0.34	2.01
season	0.34	1.23
bank	0.34	1.41
artificial	0.34	1.29
foreign	0.34	1.69
walking	0.34	1.24
merely	0.34	2.70
med	0.34	1.63
data	0.34	2.04
listed	0.35	1.94
deciding	0.35	1.80
mix	0.35	1.19
scope	0.35	1.90
argued	0.35	2.08
wear	0.35	1.29
baseline	0.35	1.65
engage	0.35	1.39
characteristics	0.35	1.56
official	0.35	1.63
coffee	0.35	1.32
targeting	0.35	1.59
incentive	0.35	1.43
rapid	0.35	1.83
examine	0.35	1.98
mention	0.35	2.70
intent	0.35	3.01
partner	0.35	1.38
sister	0.35	1.55
uk	0.35	1.69
finish	0.35	1.86
correctly	0.35	2.54
flat	0.35	1.67
amongst	0.36	1.48
policy	0.36	1.56
preferred	0.36	1.15
retain	0.36	1.54
variables	0.36	1.97
second	0.36	2.10
subtle	0.36	1.87
designed	0.36	1.95
employed	0.36	1.72
suit	0.36	1.33
requirements	0.36	1.47
graduated	0.36	1.75
national	0.36	1.47
enter	0.36	1.45
theories	0.36	2.18
value	0.36	1.91
today	0.36	2.42
bike	0.36	1.23
interpreted	0.36	2.98
communicate	0.36	1.82
specific	0.36	1.74
grades	0.36	1.59
safely	0.36	1.91
park	0.37	1.24
relationships	0.37	1.49
huge	0.37	1.88
stands	0.37	2.12
put	0.37	1.51
funds	0.37	1.50
knowledge	0.37	1.70
settled	0.37	2.13
habitable	0.37	1.54
informed	0.37	1.82
x	0.37	1.74
remote	0.37	1.58
99	0.37	1.54
al	0.37	1.78
college	0.37	1.87
ask	0.37	2.23
subsidies	0.37	1.33
dimensions	0.37	1.75
dynamics	0.37	1.67
markets	0.37	1.28
amp	0.37	1.82
hospitals	0.38	1.31
difference	0.38	2.13
beta	0.38	1.65
institutions	0.38	1.47
improves	0.38	1.47
careful	0.38	2.00
experimental	0.38	1.85
setting	0.38	1.62
washington	0.38	1.63
justification	0.38	2.07
validity	0.38	2.12
succeed	0.38	1.37
speeds	0.38	1.66
indication	0.38	2.20
itself	0.38	2.07
extent	0.38	2.18
solve	0.38	1.85
hardly	0.38	2.21
charge	0.38	1.53
wont	0.38	1.99
limited	0.38	1.62
private	0.38	1.30
american	0.39	1.73
mood	0.39	2.88
learn	0.39	1.94
banned	0.39	1.79
observe	0.39	1.87
observing	0.39	1.89
obtain	0.39	1.77
boat	0.39	1.51
toward	0.39	1.74
availability	0.39	1.39
problems	0.39	1.77
regard	0.39	1.79
measures	0.39	1.66
complexity	0.39	1.74
struggle	0.39	1.55
whatever	0.39	2.25
move	0.39	1.78
attempt	0.39	1.81
primary	0.39	1.65
definitely	0.39	2.98
particle	0.39	1.71
may	0.39	2.78
intended	0.39	2.83
funded	0.40	1.52
economics	0.40	1.62
solved	0.40	1.87
chose	0.40	1.59
members	0.40	1.31
locations	0.40	1.76
controversy	0.40	1.91
hypotheses	0.40	2.17
relates	0.40	1.70
purposes	0.40	1.98
dealt	0.40	1.77
code	0.40	1.56
standards	0.40	1.62
observation	0.40	2.20
easier	0.40	1.83
received	0.40	1.31
b	0.40	1.81
gains	0.40	1.17
bits	0.40	1.63
c	0.40	1.81
p	0.40	1.79
sexually	0.40	1.46
successfully	0.40	1.84
precisely	0.40	2.04
moral	0.40	1.51
monitoring	0.40	1.51
economy	0.40	1.44
funding	0.41	1.49
planetary	0.41	1.57
improving	0.41	1.46
trying	0.41	1.99
equipment	0.41	1.42
root	0.41	1.38
industries	0.41	1.28
using	0.41	1.57
required	0.41	1.59
dunno	0.41	2.36
distribution	0.41	1.53
first	0.41	2.14
rocket	0.41	1.48
facial	0.41	1.54
laser	0.41	1.49
aging	0.41	1.65
life	0.41	1.76
psych	0.41	1.89
determined	0.41	1.74
happiness	0.41	2.73
rights	0.41	1.30
fail	0.41	1.89
fossil	0.42	1.41
context	0.42	2.90
cover	0.42	1.29
purpose	0.42	2.31
adequate	0.42	1.50
estimates	0.42	1.75
knew	0.42	1.99
defining	0.42	1.97
bio	0.42	1.89
terms	0.42	2.55
improve	0.42	1.47
work	0.42	2.44
found	0.42	2.00
meaningful	0.42	2.10
attempts	0.42	1.74
implemented	0.42	1.99
showed	0.42	1.82
versions	0.42	1.57
receiving	0.42	1.46
laws	0.42	1.65
score	0.42	1.49
deeper	0.42	1.68
some	0.42	2.21
wisdom	0.43	1.22
efficacy	0.43	1.84
band	0.43	1.64
definitive	0.43	2.53
investment	0.43	1.35
pairs	0.43	1.58
sequencing	0.43	1.52
attempting	0.43	1.82
confuse	0.43	2.57
mere	0.43	1.55
abilities	0.43	1.54
restricted	0.43	1.56
straight	0.43	1.69
numbers	0.43	1.87
standpoint	0.43	1.99
continued	0.43	1.69
patents	0.43	1.33
order	0.43	1.83
particularly	0.43	2.35
firm	0.43	1.29
supplement	0.44	1.48
guaranteed	0.44	1.94
send	0.44	1.57
ca	0.44	2.19
phrase	0.44	3.03
cheap	0.44	1.49
able	0.44	1.99
2012	0.44	1.69
dig	0.44	1.81
continue	0.44	2.08
weapons	0.44	1.47
nutrition	0.44	1.45
rigorous	0.44	1.91
entanglement	0.44	1.72
called	0.44	1.88
wars	0.44	1.33
meaning	0.44	2.78
tomorrow	0.44	2.01
sufficient	0.44	1.60
honestly	0.44	2.75
familiar	0.44	2.22
intelligent	0.44	1.64
requirement	0.45	1.64
ought	0.45	1.45
failed	0.45	1.73
sexual	0.45	1.37
concept	0.45	2.23
credible	0.45	2.27
strict	0.45	1.65
societies	0.45	1.57
support	0.45	2.16
analysis	0.45	1.94
scenarios	0.45	1.65
critical	0.45	2.04
flexible	0.45	1.23
office	0.45	1.35
intention	0.45	2.76
taxes	0.45	1.16
setup	0.45	1.43
desired	0.45	1.68
sounds	0.45	3.14
infinite	0.45	1.83
could	0.45	2.54
regardless	0.45	2.01
scores	0.46	1.41
interest	0.46	1.58
perfectly	0.46	2.10
entangled	0.46	1.70
ie	0.46	1.62
performance	0.46	1.45
gifted	0.46	1.72
wearing	0.46	1.33
biology	0.46	1.86
design	0.46	1.71
appearance	0.46	1.47
sheer	0.46	1.86
metric	0.46	1.95
summary	0.46	2.07
unfortunately	0.46	2.58
importance	0.46	1.86
depressing	0.46	2.92
allowed	0.46	2.02
vs	0.46	1.39
ancient	0.46	1.63
physicians	0.46	1.33
used	0.46	2.27
measure	0.46	1.82
chemistry	0.46	1.89
wo	0.46	2.35
war	0.46	1.27
part	0.46	2.52
represents	0.46	1.83
pilot	0.46	1.85
flip	0.46	1.71
encourage	0.47	1.67
reference	0.47	1.93
fundamental	0.47	1.89
fuels	0.47	1.42
repeat	0.47	1.95
besides	0.47	2.03
powers	0.47	1.51
casual	0.47	1.45
final	0.47	1.82
reverse	0.47	1.90
robust	0.47	1.86
screen	0.47	1.38
easily	0.47	2.17
fossils	0.47	1.57
allow	0.47	1.93
k	0.47	1.84
e	0.47	1.82
extension	0.47	1.63
let	0.47	2.22
identifying	0.47	1.97
thermodynamics	0.47	1.72
w	0.48	1.75
magically	0.48	2.01
determining	0.48	1.82
confusion	0.48	2.55
y	0.48	1.68
intelligence	0.48	1.41
cooler	0.48	1.67
indicator	0.48	1.92
pose	0.48	1.73
predictions	0.48	2.39
placed	0.48	1.65
optical	0.48	1.51
travel	0.48	1.63
compete	0.48	1.31
choosing	0.48	1.51
communication	0.48	1.64
economic	0.49	1.53
qualify	0.49	1.91
manner	0.49	1.91
mechanism	0.49	1.81
slow	0.49	1.85
tasks	0.49	1.53
paying	0.49	1.17
managed	0.49	1.84
males	0.49	1.42
necessary	0.49	1.74
addition	0.49	1.65
male	0.49	1.45
society	0.49	1.63
legit	0.49	1.78
taken	0.49	2.01
foundation	0.50	1.53
grasp	0.50	2.20
french	0.50	1.61
origin	0.50	1.73
multiverse	0.50	1.94
merit	0.50	2.01
initial	0.50	1.90
linear	0.50	1.61
company	0.50	1.25
grants	0.50	1.52
sex	0.50	1.42
surprising	0.50	2.85
binary	0.51	1.64
learning	0.51	1.75
philosophy	0.51	1.83
presented	0.51	2.24
ethics	0.51	1.64
articles	0.51	1.94
sent	0.51	1.52
civil	0.51	1.48
losses	0.51	1.31
f	0.51	1.81
lasers	0.51	1.57
psychology	0.51	1.75
background	0.51	1.74
concrete	0.51	1.68
machine	0.51	1.54
phone	0.51	1.39
identify	0.51	1.94
further	0.52	1.94
involved	0.52	1.58
soon	0.52	2.25
aim	0.52	1.75
doctors	0.52	1.34
treatments	0.52	1.49
consideration	0.52	1.66
accounted	0.52	1.97
strictly	0.52	1.97
issues	0.52	1.81
robots	0.52	1.52
history	0.52	1.71
knowing	0.52	2.35
describes	0.52	1.98
responses	0.52	1.74
expect	0.52	2.68
quality	0.52	1.37
theoretical	0.52	1.76
publicly	0.52	1.53
requires	0.52	1.62
figuring	0.52	2.05
magical	0.53	1.48
working	0.53	2.22
coincidence	0.53	2.44
running	0.53	1.28
skills	0.53	1.64
distributed	0.53	1.75
convenient	0.53	1.68
complex	0.53	1.67
idea	0.53	2.51
jokes	0.53	2.23
rejected	0.53	2.00
invest	0.53	1.47
file	0.53	1.46
h	0.53	1.82
manage	0.53	1.82
physician	0.53	1.30
australian	0.53	1.62
female	0.54	1.46
profits	0.54	1.23
introduce	0.54	1.47
fields	0.54	1.67
thought	0.54	2.74
theory	0.54	2.28
location	0.54	1.69
j	0.54	1.82
mars	0.54	1.55
universities	0.54	1.58
whatsoever	0.54	2.07
scientists	0.54	1.56
delay	0.54	1.74
realm	0.54	1.64
observations	0.54	2.17
bet	0.54	2.65
principle	0.54	1.83
success	0.54	1.48
math	0.54	1.75
well	0.54	2.71
flaws	0.54	2.28
n	0.54	1.80
europa	0.55	1.55
r	0.55	1.86
according	0.55	1.89
parallel	0.55	1.66
information	0.55	1.84
volunteer	0.55	1.42
principles	0.55	1.83
objective	0.55	2.04
spoken	0.55	1.98
international	0.55	1.51
factor	0.55	2.00
expense	0.55	1.34
seek	0.55	1.54
whose	0.55	1.10
particular	0.55	1.89
partners	0.56	1.39
imaging	0.56	1.51
chinese	0.56	1.87
revenue	0.56	1.25
hilarious	0.56	2.87
phenomenon	0.56	1.93
cook	0.56	1.34
v	0.56	1.81
introduction	0.56	1.82
figures	0.56	1.92
hire	0.56	1.46
date	0.56	1.67
efficiency	0.56	1.25
addressed	0.56	2.29
ideas	0.56	1.99
trained	0.56	1.24
photons	0.56	1.66
battle	0.56	1.28
ability	0.57	1.73
seeing	0.57	2.32
will	0.57	2.31
native	0.57	1.85
basic	0.57	1.85
fashion	0.57	1.71
objectively	0.57	1.79
asked	0.57	1.78
soldiers	0.57	1.35
understood	0.57	2.62
worked	0.57	1.75
path	0.57	1.85
fits	0.58	1.77
capability	0.58	1.70
guy	0.58	1.70
moving	0.58	1.74
below	0.58	1.87
measuring	0.58	1.83
encountered	0.58	1.22
sending	0.58	1.60
electrons	0.58	1.65
things	0.58	2.63
issue	0.58	2.28
describing	0.58	2.30
philosophical	0.58	1.94
extensive	0.58	1.83
anecdotes	0.59	2.25
coverage	0.59	1.44
importantly	0.59	1.67
word	0.59	2.93
credibility	0.59	1.81
aid	0.59	1.39
salt	0.59	1.15
labs	0.59	1.61
follow	0.59	1.76
card	0.59	1.30
treatment	0.59	1.55
beat	0.59	1.45
noted	0.60	2.12
lucky	0.60	2.37
simulate	0.60	1.69
astronomy	0.60	1.75
females	0.60	1.35
developed	0.60	1.85
geology	0.60	1.75
traditional	0.60	1.35
bring	0.60	1.68
growth	0.60	1.64
attraction	0.60	1.41
beneficial	0.60	1.67
industrial	0.60	1.51
talks	0.60	1.22
finished	0.60	1.81
priority	0.60	1.75
meditation	0.60	1.40
set	0.60	1.70
lacking	0.61	1.45
undergraduate	0.61	1.82
mixing	0.61	1.77
meet	0.61	1.66
cant	0.61	2.15
apply	0.61	1.93
includes	0.61	1.56
till	0.61	2.02
attracted	0.61	1.48
access	0.61	1.53
pay	0.61	1.16
undergrad	0.61	1.82
seen	0.61	1.87
space	0.61	1.63
mentioned	0.61	2.00
develop	0.61	1.63
quote	0.61	2.29
historical	0.62	1.84
collective	0.62	1.50
contribute	0.62	1.21
saved	0.62	1.64
weird	0.62	2.89
personally	0.62	2.53
rule	0.62	1.91
dont	0.62	2.35
string	0.62	1.79
definition	0.62	2.49
aspect	0.62	1.95
fully	0.62	2.09
framework	0.62	1.89
integrity	0.62	1.42
attempted	0.62	1.92
minor	0.62	1.90
abstract	0.62	2.29
devil	0.62	2.01
thing	0.62	2.61
recognition	0.62	1.58
hardware	0.62	1.56
modern	0.62	1.64
distinction	0.62	2.45
app	0.62	1.49
interpretation	0.63	2.20
genuinely	0.63	2.12
sites	0.63	1.61
lawyers	0.63	1.35
researchers	0.63	1.91
given	0.63	1.85
variance	0.63	1.84
counts	0.63	1.85
accounts	0.63	1.55
discussing	0.63	2.06
considered	0.63	2.19
real	0.63	2.03
realize	0.63	2.73
originally	0.63	2.94
scientific	0.63	2.03
monitor	0.63	1.29
definitions	0.63	2.31
statistical	0.63	1.98
experts	0.63	1.63
grant	0.63	1.60
department	0.64	1.67
electron	0.64	1.64
letters	0.64	1.78
phenomena	0.64	1.86
japanese	0.64	1.89
concern	0.64	2.00
linked	0.64	2.00
operations	0.64	1.55
woman	0.64	1.61
3d	0.64	1.56
accomplish	0.64	2.09
dating	0.64	1.48
checked	0.64	2.08
trend	0.64	1.75
satellites	0.64	1.56
institution	0.65	1.62
estimate	0.65	1.83
launch	0.65	1.54
degree	0.65	1.81
round	0.65	1.51
sciences	0.65	1.74
article	0.65	2.28
utility	0.65	1.57
paragraph	0.65	2.30
fit	0.65	1.75
plausible	0.65	2.15
simulations	0.65	1.94
nature	0.65	1.91
quotes	0.65	2.29
centuries	0.65	1.83
mid	0.66	1.93
m	0.66	2.79
optimistic	0.66	1.62
research	0.66	1.80
realistically	0.66	1.94
cure	0.66	1.66
infrastructure	0.66	1.57
researched	0.66	2.09
engineering	0.66	1.76
acceptable	0.66	1.77
regarding	0.66	1.77
ways	0.66	2.07
quantum	0.66	1.74
photon	0.66	1.69
features	0.66	1.59
curve	0.67	1.62
main	0.67	2.00
feature	0.67	1.72
copy	0.67	1.66
problem	0.67	2.34
published	0.67	1.94
mentions	0.67	2.06
trade	0.67	1.43
records	0.67	1.72
battery	0.67	1.53
theoretically	0.67	1.99
rare	0.67	1.86
circle	0.67	1.55
conference	0.67	1.83
credit	0.68	1.39
edge	0.68	1.67
misconception	0.68	2.39
included	0.68	2.09
slowing	0.68	1.71
reviewers	0.68	1.96
example	0.68	2.40
gold	0.68	1.67
master	0.68	1.78
implement	0.68	1.79
graduate	0.68	1.78
aliens	0.68	1.73
predicted	0.68	1.98
boom	0.68	1.66
developing	0.69	1.62
proposed	0.69	2.12
anyway	0.69	2.83
mechanics	0.69	1.82
communicating	0.69	1.67
designs	0.69	1.63
exists	0.69	2.19
manufacturing	0.69	1.35
recent	0.69	1.82
survey	0.69	1.75
skeptical	0.69	2.10
predict	0.69	2.02
largest	0.69	1.64
calculation	0.69	1.83
grad	0.69	1.81
lab	0.69	1.79
interview	0.69	1.43
construction	0.69	1.25
therapeutic	0.69	1.60
equation	0.69	1.67
gives	0.70	1.24
common	0.70	1.72
similar	0.70	1.83
give	0.70	2.06
publication	0.70	1.96
legitimate	0.70	1.87
physics	0.70	1.77
understanding	0.70	2.11
expand	0.70	1.81
guidelines	0.70	1.70
journals	0.70	1.94
intuitive	0.70	2.03
competing	0.70	1.42
advocate	0.71	1.49
steel	0.71	1.38
institute	0.71	1.69
textbook	0.71	1.73
actual	0.71	2.19
publish	0.71	1.92
quoted	0.71	2.56
mystery	0.71	1.74
graphene	0.71	1.53
appears	0.72	1.94
hawking	0.72	1.54
god	0.72	1.80
expert	0.72	2.19
assessment	0.72	1.83
describe	0.72	2.42
neuroscience	0.72	1.80
planned	0.72	1.52
review	0.72	1.95
recognized	0.72	2.11
satellite	0.72	1.55
faced	0.72	1.72
rough	0.72	1.51
convincing	0.73	1.97
british	0.73	1.76
programs	0.73	1.50
hardest	0.73	1.73
propose	0.73	1.99
academic	0.73	1.69
paywall	0.73	1.98
field	0.73	1.70
figured	0.73	2.26
site	0.73	1.80
married	0.73	1.55
publishing	0.73	1.88
reviews	0.73	1.96
encouraged	0.73	1.19
hot	0.73	1.70
fast	0.73	1.69
accidentally	0.73	2.20
masters	0.74	1.79
indeed	0.74	2.57
authors	0.74	2.11
medical	0.74	1.38
layman	0.74	2.37
bell	0.74	1.31
spider	0.74	1.50
applying	0.74	1.67
higgs	0.74	1.78
words	0.74	2.55
reasons	0.74	2.02
apparently	0.74	2.42
funny	0.74	2.94
email	0.74	1.62
approaching	0.74	1.58
york	0.74	1.61
depends	0.75	2.00
therapy	0.75	1.49
adjusted	0.75	1.82
phones	0.75	1.29
century	0.75	1.85
equations	0.75	1.69
again	0.75	2.58
medicine	0.75	1.47
letter	0.75	1.87
vital	0.75	1.56
accelerate	0.75	1.71
explained	0.75	2.12
wanted	0.75	1.96
goals	0.75	1.62
scan	0.75	1.46
described	0.75	2.28
worlds	0.76	1.73
journal	0.76	1.92
paper	0.76	2.08
highest	0.76	1.54
breaking	0.76	1.64
looked	0.76	2.06
line	0.76	2.02
sky	0.76	1.64
ll	0.76	2.33
machines	0.76	1.55
reputation	0.76	1.40
op	0.77	2.69
concepts	0.77	2.11
england	0.77	1.38
services	0.77	1.33
alien	0.77	1.69
peer	0.77	1.96
entry	0.77	1.48
obvious	0.77	2.41
easy	0.77	1.85
performing	0.77	1.82
simulation	0.77	1.75
yes	0.77	2.71
peers	0.77	1.69
showing	0.77	1.88
shape	0.77	1.59
suitable	0.77	1.57
telling	0.78	1.83
suited	0.78	1.54
giving	0.78	1.53
diamond	0.78	1.53
papers	0.78	1.94
help	0.78	2.16
discuss	0.78	2.08
explain	0.79	2.39
presentation	0.79	1.59
computer	0.79	1.56
studying	0.79	1.86
uncertainty	0.79	1.90
agreed	0.79	3.17
join	0.79	1.46
gym	0.79	1.10
needed	0.79	1.90
cite	0.79	2.09
programming	0.79	1.68
referenced	0.79	2.19
university	0.79	1.78
must	0.80	2.17
german	0.80	1.98
publications	0.80	1.86
reputable	0.80	1.94
reviewed	0.80	1.97
chart	0.80	1.84
linking	0.80	2.08
mountain	0.80	1.47
threat	0.80	1.69
wan	0.80	2.32
bringing	0.80	1.75
translate	0.80	2.14
contrast	0.80	1.60
pdf	0.81	1.77
potential	0.81	1.73
student	0.81	1.91
hell	0.81	2.46
route	0.81	1.72
predicting	0.81	1.94
comfortable	0.81	2.19
literature	0.81	1.97
instances	0.82	1.73
modeling	0.82	1.79
cited	0.82	2.01
nasa	0.82	1.51
perspective	0.82	2.08
combined	0.82	1.24
drawing	0.82	1.73
written	0.82	1.85
list	0.82	1.53
camera	0.82	1.33
interviews	0.82	1.43
parameters	0.82	2.00
software	0.83	1.57
suppose	0.83	2.82
advantages	0.83	1.77
address	0.83	2.18
discussed	0.83	1.54
formula	0.83	1.56
professionals	0.83	1.40
search	0.84	1.85
solving	0.84	1.58
spanish	0.84	2.09
phd	0.84	1.82
nurses	0.84	1.30
leap	0.84	2.07
affordable	0.84	1.50
models	0.84	2.08
employment	0.85	1.22
renewable	0.85	1.48
indian	0.85	1.70
accurately	0.85	1.98
unlike	0.85	1.26
computational	0.85	1.69
adding	0.85	1.40
era	0.86	1.70
qualified	0.86	1.53
einstein	0.86	1.70
absolutely	0.86	2.63
lets	0.86	2.06
difficult	0.86	1.82
valid	0.86	2.84
candidates	0.86	1.21
management	0.86	1.24
economically	0.86	1.53
confidence	0.86	1.61
focused	0.86	1.45
graph	0.86	1.75
healthcare	0.86	1.19
insurance	0.87	1.13
computers	0.87	1.54
discovered	0.87	2.02
profitable	0.87	1.33
didnt	0.87	2.17
text	0.87	1.90
engineer	0.88	1.75
peer-reviewed	0.88	1.91
swimming	0.88	1.12
algorithm	0.88	1.57
submitted	0.88	1.99
major	0.88	1.74
pretty	0.88	2.52
our	0.88	1.69
link	0.88	2.13
newly	0.88	1.79
effective	0.88	1.68
look	0.89	2.13
language	0.89	2.16
mixed	0.89	1.29
prefer	0.89	2.09
biggest	0.89	1.79
ultimate	0.89	1.46
yesterday	0.89	1.55
feedback	0.89	1.76
genuine	0.89	1.52
thesis	0.90	1.78
measurement	0.90	1.99
joking	0.90	2.58
president	0.90	1.43
steps	0.90	1.78
profession	0.90	1.43
match	0.90	1.46
relativity	0.90	1.84
steady	0.91	1.69
standard	0.91	1.85
timing	0.91	1.67
o	0.91	1.89
elsewhere	0.91	2.39
section	0.91	2.00
strategies	0.91	1.50
forever	0.91	2.37
freaking	0.91	2.86
psychologist	0.91	1.73
checking	0.92	1.77
algorithms	0.92	1.63
wise	0.92	1.71
totally	0.92	2.46
comprehension	0.92	1.87
website	0.92	1.78
commercial	0.92	1.51
resolution	0.93	1.48
sentences	0.93	2.21
poster	0.93	2.76
probe	0.93	1.59
compelling	0.93	2.08
asking	0.93	2.60
instructions	0.93	1.70
interstellar	0.93	1.70
professors	0.93	1.77
boost	0.93	1.32
tall	0.93	1.78
languages	0.93	2.14
engaged	0.93	1.35
here	0.93	2.48
library	0.93	1.52
finally	0.94	2.11
along	0.94	1.48
removed	0.94	2.27
implications	0.94	1.82
pages	0.94	1.70
crucial	0.94	1.77
pursue	0.94	1.67
positions	0.94	1.33
opportunity	0.94	1.50
applied	0.94	1.74
points	0.94	2.28
own	0.94	2.29
classical	0.95	1.56
contributed	0.95	1.77
honest	0.95	2.13
accessible	0.95	1.51
ai	0.96	1.84
delicious	0.96	1.93
paradox	0.96	1.83
model	0.96	2.01
telescope	0.96	1.60
appropriate	0.96	1.83
staff	0.96	1.21
available	0.96	1.55
methods	0.96	1.65
calm	0.96	2.49
return	0.96	1.64
author	0.96	2.04
details	0.96	2.05
probable	0.96	2.55
projects	0.96	1.39
revolution	0.96	1.74
imo	0.97	2.18
electronics	0.97	1.50
minimum	0.97	1.39
supposed	0.97	2.62
fixing	0.97	1.97
page	0.97	2.03
concerns	0.98	1.82
vice	0.98	1.35
searching	0.98	1.77
goal	0.98	1.87
incomplete	0.98	2.99
sentence	0.99	2.81
salary	0.99	1.50
top	0.99	2.02
equilibrium	0.99	1.34
read	0.99	2.05
development	0.99	1.70
therapies	0.99	1.57
hard	0.99	1.90
intellectual	1.00	1.56
tools	1.00	1.53
confirmation	1.00	2.07
rules	1.00	2.00
surely	1.00	2.25
sometime	1.00	2.09
curious	1.00	2.63
pointed	1.00	2.47
subject	1.00	1.92
helping	1.01	1.59
alternatives	1.01	1.64
wikipedia	1.01	1.96
participate	1.01	1.09
write	1.01	1.68
customers	1.01	1.36
worker	1.01	2.57
topics	1.01	1.89
physicists	1.01	1.59
consistent	1.01	2.09
paid	1.01	1.46
responded	1.01	2.66
covered	1.01	1.31
explore	1.01	1.80
id	1.01	1.56
iirc	1.01	1.73
wiki	1.01	1.96
member	1.02	1.38
encouraging	1.02	1.44
note	1.02	2.34
civilizations	1.02	1.72
exchange	1.02	1.39
lately	1.02	1.96
efforts	1.02	1.73
reliable	1.03	1.90
biologist	1.03	1.93
resource	1.03	1.30
sober	1.03	2.71
guess	1.03	2.79
girl	1.04	1.65
margin	1.04	1.82
engaging	1.04	1.30
program	1.04	1.61
submission	1.04	2.16
previous	1.04	2.28
blog	1.04	2.02
offering	1.04	1.96
rings	1.04	1.39
viewed	1.04	1.50
investigation	1.04	1.91
progression	1.04	1.80
web	1.04	1.56
existing	1.04	1.76
academia	1.05	1.33
internet	1.05	1.34
someday	1.05	2.03
google	1.05	1.82
mathematical	1.05	1.79
reading	1.05	1.90
device	1.05	1.53
youth	1.05	1.17
submit	1.05	2.01
worthwhile	1.05	1.78
kind	1.05	2.93
im	1.06	2.43
senior	1.06	1.85
hired	1.06	1.38
english	1.06	2.21
roles	1.06	1.22
formal	1.06	1.99
sustainable	1.06	1.27
explanations	1.06	2.01
examples	1.06	1.77
reasonable	1.07	2.30
above	1.07	2.31
makeup	1.07	1.67
measurements	1.07	2.09
tricky	1.07	1.79
de	1.07	1.73
relevant	1.07	2.10
analogy	1.07	2.22
expertise	1.08	1.86
accuracy	1.08	2.03
message	1.08	2.04
facing	1.09	1.59
possible	1.09	2.78
guide	1.09	1.30
achieved	1.09	1.77
flair	1.09	2.04
techniques	1.09	1.58
source	1.09	1.94
devices	1.10	1.53
hiring	1.10	1.37
commenting	1.10	2.41
recommendations	1.10	1.65
require	1.10	1.44
logically	1.10	3.03
faces	1.10	1.76
practical	1.10	1.87
role	1.10	1.34
worried	1.10	2.21
replied	1.10	2.92
manager	1.10	1.43
original	1.10	2.62
response	1.10	1.95
researching	1.10	1.70
engineers	1.11	1.31
approaches	1.11	1.61
granted	1.11	1.78
profile	1.11	1.59
desirable	1.11	1.49
career	1.11	1.56
count	1.12	2.13
labor	1.12	1.35
technical	1.12	1.77
na	1.12	2.38
sources	1.12	1.78
digital	1.12	1.50
applicable	1.12	1.98
provide	1.12	1.64
detail	1.12	1.75
yay	1.13	2.27
version	1.14	1.69
alternative	1.14	1.84
links	1.14	2.07
facebook	1.14	1.63
quick	1.14	1.90
extra	1.14	1.39
boys	1.14	1.65
mirror	1.14	1.54
service	1.14	1.31
wage	1.14	1.59
technically	1.14	3.22
concerning	1.14	1.63
way	1.15	2.88
finding	1.15	1.82
limitations	1.15	1.82
online	1.15	1.39
job	1.15	1.41
fix	1.15	2.15
attractive	1.15	1.60
project	1.15	1.54
challenge	1.16	1.70
specialized	1.16	1.46
check	1.16	1.95
alternate	1.16	1.78
criticism	1.16	2.09
conversation	1.16	1.77
responding	1.16	2.90
am	1.16	2.44
sector	1.17	1.18
freely	1.17	1.59
step	1.17	1.95
discussion	1.17	2.10
women	1.17	1.60
trick	1.17	1.78
mathematics	1.17	1.68
gon	1.18	2.38
joke	1.18	2.36
style	1.18	1.37
feasible	1.18	1.82
sets	1.18	1.61
u	1.18	2.34
pro	1.19	1.21
helps	1.19	1.73
include	1.19	1.59
scientist	1.19	1.92
discussions	1.19	1.93
method	1.20	1.91
simple	1.20	1.69
tool	1.20	1.76
employees	1.20	1.63
capabilities	1.20	1.72
doing	1.21	2.60
plans	1.21	1.56
shared	1.21	1.51
advanced	1.21	1.73
planning	1.21	1.71
careers	1.21	1.30
challenges	1.21	1.81
r/science	1.21	2.20
sub	1.22	2.20
regards	1.22	1.64
computing	1.22	1.69
fyi	1.22	2.02
helped	1.22	1.61
civilization	1.22	1.75
prediction	1.22	2.97
show	1.22	1.49
track	1.22	1.42
added	1.22	1.15
another	1.23	1.88
currently	1.23	2.03
candidate	1.23	1.27
girls	1.23	1.64
posts	1.23	2.20
wtf	1.23	2.25
technique	1.24	1.43
competition	1.24	1.10
cures	1.24	1.77
guessing	1.24	2.98
fan	1.24	1.52
colleagues	1.24	1.65
references	1.25	1.92
hopes	1.25	1.73
current	1.26	1.79
organized	1.26	1.36
citations	1.26	1.98
share	1.27	1.43
offers	1.27	1.49
worthy	1.27	1.49
targeted	1.27	1.60
belong	1.28	2.15
mission	1.28	1.52
whats	1.28	2.23
option	1.29	2.66
good	1.29	2.06
delete	1.30	2.22
mods	1.30	2.22
controversial	1.30	1.64
repost	1.31	2.12
clear	1.31	2.98
porn	1.31	1.21
emphasis	1.31	2.23
canadian	1.31	1.70
deserve	1.31	1.43
posted	1.31	2.33
threads	1.32	2.23
jobs	1.32	1.51
prime	1.32	1.63
gave	1.32	1.36
thread	1.33	2.34
reddit	1.33	2.18
options	1.33	1.64
nobel	1.34	1.42
adds	1.34	1.21
wait	1.34	2.38
plot	1.35	1.40
men	1.35	1.66
confident	1.35	2.15
stories	1.36	1.30
image	1.36	1.68
activities	1.36	1.18
exact	1.36	2.36
important	1.36	1.76
club	1.37	1.32
popular	1.37	1.33
prize	1.37	1.38
hopefully	1.37	2.09
saw	1.38	1.44
opportunities	1.38	1.44
checks	1.38	1.76
nah	1.38	2.40
biologists	1.38	1.41
challenging	1.39	1.74
pointing	1.39	2.67
citation	1.39	2.24
comments	1.39	2.29
bill	1.40	1.14
nope	1.40	2.37
uh	1.40	2.38
wrote	1.40	1.93
former	1.40	1.87
won	1.40	1.14
map	1.40	1.72
tv	1.40	1.35
topic	1.41	1.92
solutions	1.41	1.83
post	1.41	2.31
choice	1.41	2.44
nonetheless	1.41	2.10
knowledgeable	1.41	1.84
subreddit	1.41	2.18
enjoyed	1.41	1.74
winning	1.42	1.06
profound	1.42	2.13
boy	1.42	1.89
wondering	1.42	2.63
speaking	1.43	2.92
ahead	1.43	1.96
viable	1.43	1.75
improvements	1.43	1.82
win	1.43	1.14
terminology	1.43	3.06
printing	1.44	1.77
works	1.44	2.18
provided	1.44	1.66
posting	1.45	2.20
writing	1.45	1.49
improvement	1.45	1.82
shows	1.46	1.37
skill	1.46	1.12
interested	1.46	2.09
ta	1.47	2.35
replying	1.48	2.75
possibilities	1.48	1.78
comment	1.48	2.62
deleted	1.49	2.33
king	1.49	1.76
yea	1.49	2.31
ball	1.50	1.28
ideal	1.50	2.32
hoping	1.51	2.16
fantasy	1.51	1.12
employee	1.51	2.47
physicist	1.52	1.79
concerned	1.52	2.14
hmm	1.53	2.35
researcher	1.53	2.04
paradigm	1.53	1.77
please	1.54	2.23
episode	1.54	1.22
dinosaur	1.54	1.25
downvoted	1.55	2.52
realistic	1.55	1.94
wording	1.55	3.10
exploring	1.56	1.65
wonder	1.57	2.64
suggestion	1.57	2.31
additional	1.57	1.26
clever	1.57	1.99
touched	1.57	1.67
photos	1.58	1.63
yours	1.59	2.22
redditors	1.59	2.02
practice	1.59	1.18
pictures	1.60	1.62
images	1.60	1.65
film	1.60	1.20
worries	1.60	1.83
photo	1.61	1.67
easiest	1.61	2.34
offered	1.61	1.13
clarify	1.62	3.11
impressed	1.62	1.88
amazed	1.62	2.04
humanity	1.63	1.72
unexpected	1.63	2.30
mobile	1.63	1.92
description	1.63	1.88
professional	1.63	1.18
pace	1.64	1.86
offer	1.65	1.53
genius	1.66	1.66
discover	1.66	1.78
discovering	1.66	1.83
plays	1.67	1.25
useful	1.67	1.69
movies	1.67	1.30
providing	1.68	1.41
stuff	1.69	2.36
named	1.71	1.44
special	1.72	2.26
latest	1.72	1.80
thats	1.73	2.46
dude	1.73	2.40
application	1.75	1.75
accurate	1.75	2.34
lol	1.75	2.22
sarcasm	1.76	2.55
channel	1.76	1.24
seriously	1.76	2.36
approach	1.76	2.41
sweet	1.76	1.84
videos	1.76	1.23
youtube	1.76	1.21
apologize	1.76	2.67
character	1.77	1.14
replies	1.77	2.34
productive	1.78	2.23
solution	1.78	2.45
perfect	1.78	1.98
um	1.79	2.25
fair	1.80	2.06
minds	1.80	1.57
athletes	1.81	1.27
incredible	1.81	2.51
awhile	1.81	1.66
yep	1.82	2.22
eh	1.82	2.27
reminds	1.82	1.59
precise	1.83	2.36
enjoy	1.84	1.59
football	1.84	1.32
powerful	1.84	1.99
answered	1.84	2.27
productivity	1.85	2.46
teams	1.85	1.27
technologies	1.85	1.73
mark	1.85	1.87
competitive	1.85	1.21
players	1.85	1.31
ha	1.86	2.26
documentary	1.87	1.24
mankind	1.87	1.83
john	1.87	1.82
question	1.89	2.37
future	1.89	1.78
recommend	1.89	1.19
video	1.90	1.37
forward	1.91	1.89
promise	1.91	1.87
damn	1.91	2.30
mistakes	1.91	2.34
famous	1.93	1.35
movie	1.93	1.16
explains	1.93	1.46
forgive	1.94	2.46
team	1.95	1.22
tl	1.95	2.28
tough	1.95	2.05
games	1.96	1.31
anyways	1.96	2.24
fiction	1.97	1.10
book	1.98	1.24
excited	1.98	1.84
workers	1.98	2.35
r/everythingscience	1.99	2.07
optimal	2.00	2.01
applications	2.00	1.82
buddy	2.01	2.10
watching	2.01	1.16
sport	2.02	1.29
exploration	2.03	1.78
books	2.03	1.13
sports	2.05	1.28
fancy	2.05	1.84
david	2.06	1.77
cosmos	2.06	1.05
forgot	2.06	2.28
player	2.07	1.15
tech	2.07	1.80
errors	2.08	2.82
friendly	2.08	1.87
ya	2.08	2.18
error	2.09	2.74
professor	2.10	1.98
series	2.10	1.15
answer	2.11	2.24
unique	2.12	2.07
mistake	2.12	2.79
edited	2.13	2.83
yeah	2.13	2.30
proud	2.15	2.23
innovation	2.16	1.80
explanation	2.17	1.97
apologies	2.18	2.49
game	2.19	1.19
successful	2.20	1.74
advice	2.21	1.93
explaining	2.22	1.56
miracle	2.22	2.07
yup	2.23	2.25
made	2.23	2.37
playing	2.24	1.58
fixed	2.24	2.59
peace	2.24	1.68
strategy	2.25	1.75
supposedly	2.27	1.38
sort	2.27	1.90
grammar	2.27	2.72
sorry	2.28	2.33
info	2.28	1.95
watched	2.28	1.43
ah	2.29	2.17
clarity	2.30	2.17
technology	2.30	1.89
looks	2.31	2.21
elaborate	2.31	2.13
ok	2.32	2.25
play	2.34	1.59
spelling	2.34	2.65
soccer	2.34	1.69
prof	2.36	2.05
advancement	2.36	1.89
beautiful	2.37	2.06
art	2.38	1.35
mr	2.38	1.65
questions	2.38	2.04
plan	2.39	2.06
played	2.39	1.64
watch	2.41	1.38
impressive	2.42	1.99
curiosity	2.43	1.67
okay	2.43	2.23
huh	2.45	2.10
reply	2.45	2.16
dr	2.45	2.00
edit	2.45	2.52
novel	2.45	1.73
fellow	2.46	2.03
neat	2.47	2.08
respect	2.49	1.43
answering	2.49	2.08
corrected	2.50	2.52
fun	2.51	1.82
interesting	2.53	1.93
man	2.53	2.06
clarification	2.56	2.16
exciting	2.57	2.10
classic	2.57	1.76
picture	2.60	1.79
suggestions	2.61	1.89
tips	2.62	1.80
new	2.63	1.99
eli5	2.64	1.98
answers	2.65	1.88
creative	2.67	1.47
oh	2.67	2.02
promising	2.68	1.89
til	2.68	2.04
breakthroughs	2.69	1.97
technological	2.69	1.95
discovery	2.69	1.95
luck	2.69	1.95
hello	2.70	1.95
breakthrough	2.70	1.97
insight	2.71	1.69
detailed	2.72	1.55
glad	2.72	2.11
progress	2.73	1.98
haha	2.73	2.00
hey	2.74	2.03
truly	2.74	2.00
discoveries	2.74	1.93
alright	2.75	2.05
plus	2.76	1.67
advances	2.77	1.95
welcome	2.80	1.90
cool	2.83	1.85
correction	2.84	2.24
dedicated	2.84	1.43
hope	2.84	1.97
advance	2.84	1.95
wow	2.92	1.96
btw	2.92	1.97
story	2.96	1.73
favorite	2.97	1.00
ama	2.97	1.94
provides	3.00	1.20
hi	3.02	1.92
wish	3.02	1.87
valuable	3.04	1.10
cheers	3.05	1.88
guys	3.10	1.82
greatest	3.11	1.51
thanks	3.14	1.84
sir	3.15	1.82
thank	3.17	1.82
add	3.19	1.08
informative	3.28	1.54
appreciated	3.33	1.58
helpful	3.36	1.35
fascinating	3.45	1.09
appreciate	3.53	1.57
brilliant	3.54	1.08
sharing	3.81	1.10
excellent	3.93	0.68
great	3.93	0.83
wonderful	4.08	0.69
