brutal	-2.63	0.43
vile	-2.61	0.41
cruel	-2.61	0.45
unpleasant	-2.50	0.55
horrific	-2.41	0.69
disgusting	-2.36	0.56
bad	-2.29	1.16
torture	-2.25	0.72
holocaust	-2.20	0.68
traumatic	-2.19	0.79
acts	-2.19	0.75
shitty	-2.17	0.73
horrifying	-2.14	0.85
excuses	-2.14	0.80
makes	-2.13	1.49
painful	-2.11	0.96
enemy	-2.09	0.71
sick	-2.09	0.95
gross	-2.08	0.85
hating	-2.08	0.79
such	-2.07	0.98
unfortunate	-2.05	0.97
bastards	-2.02	0.90
feel	-2.00	1.81
sometimes	-2.00	1.72
filthy	-2.00	0.87
feeling	-1.98	1.55
worse	-1.97	1.42
ridiculous	-1.94	1.25
place	-1.94	1.34
gays	-1.94	1.28
dirty	-1.93	0.94
strange	-1.92	1.36
coincidence	-1.92	1.59
hateful	-1.92	0.54
sounds	-1.92	1.40
honestly	-1.91	2.07
homosexuals	-1.91	1.32
familiar	-1.91	1.57
crappy	-1.91	0.99
tired	-1.90	1.53
most	-1.90	1.13
monsters	-1.90	0.83
felt	-1.90	1.67
spew	-1.90	0.67
odd	-1.89	1.38
kind	-1.89	1.50
fucked	-1.88	1.30
messed	-1.88	1.18
part	-1.87	1.36
terrifying	-1.87	1.06
font	-1.87	1.12
excuse	-1.86	1.01
angry	-1.85	1.53
possibly	-1.85	1.10
confusing	-1.84	1.45
where	-1.84	1.31
bizarre	-1.84	1.33
difficult	-1.84	1.34
weird	-1.83	1.42
suicidal	-1.83	1.46
disrespectful	-1.82	0.72
annoying	-1.82	1.26
its	-1.82	1.91
frustrated	-1.81	1.59
curious	-1.80	1.99
confused	-1.80	1.83
rough	-1.79	1.20
upset	-1.79	1.80
criticized	-1.78	1.04
dreads	-1.78	1.12
genocide	-1.78	0.51
desperate	-1.76	1.50
pissed	-1.76	1.80
hard	-1.75	1.68
nazis	-1.75	0.95
silly	-1.75	1.54
seems	-1.74	1.49
better	-1.74	1.43
uncomfortable	-1.73	1.52
theme	-1.73	1.10
bothers	-1.73	1.49
offended	-1.72	1.80
pathetic	-1.72	1.15
lot	-1.72	1.33
moment	-1.72	1.68
believed	-1.71	1.01
committed	-1.70	0.59
scared	-1.70	1.77
disturbing	-1.70	1.20
afraid	-1.69	1.80
monster	-1.69	0.95
annoys	-1.68	1.02
much	-1.68	1.59
complaining	-1.67	0.96
shocking	-1.67	1.08
bigoted	-1.66	0.68
occurred	-1.66	0.71
freak	-1.66	0.74
violent	-1.65	0.54
jews	-1.65	1.14
surprised	-1.65	2.05
generalize	-1.64	1.18
more	-1.64	1.25
shocked	-1.63	1.71
harsh	-1.63	0.71
insist	-1.62	1.19
annoyed	-1.62	1.68
frankly	-1.62	1.22
depressed	-1.62	1.60
embarrassed	-1.61	1.88
bothered	-1.61	1.98
considering	-1.61	1.77
stupid	-1.60	1.36
bit	-1.60	1.47
toxic	-1.60	0.59
deal	-1.60	1.36
periods	-1.60	0.72
bitter	-1.60	1.42
quite	-1.59	1.41
vaguely	-1.59	1.36
depressing	-1.58	1.34
ironically	-1.58	0.62
frustrating	-1.58	1.35
worried	-1.58	1.87
sorts	-1.58	0.93
insane	-1.57	1.15
supremacists	-1.57	1.01
disgust	-1.57	1.05
dangerous	-1.57	0.91
downright	-1.57	0.94
tragedy	-1.57	1.10
idk	-1.57	1.98
suffered	-1.57	0.62
highest	-1.56	1.20
none	-1.56	1.33
disappointed	-1.56	1.84
insecure	-1.56	1.54
seem	-1.56	1.72
some	-1.56	1.51
stuff	-1.56	1.54
hatred	-1.55	1.12
boring	-1.55	1.27
imo	-1.55	1.39
genuinely	-1.54	1.37
talked	-1.54	1.19
amusing	-1.54	1.40
mildly	-1.54	1.26
similar	-1.53	1.12
kinda	-1.53	1.79
harder	-1.53	1.34
disgusted	-1.53	1.90
occur	-1.53	0.85
evil	-1.52	0.59
complain	-1.52	1.39
ironic	-1.52	1.39
bored	-1.52	1.49
outraged	-1.52	1.71
lowest	-1.52	1.23
hypocritical	-1.51	0.98
less	-1.51	1.30
terfs	-1.51	1.04
screwed	-1.50	1.52
thing	-1.50	1.79
sound	-1.50	1.41
rude	-1.50	0.85
kinds	-1.50	0.93
too	-1.50	1.96
cringe	-1.49	1.38
insulted	-1.49	1.25
complicated	-1.49	1.35
directed	-1.49	1.11
rage	-1.48	1.08
those	-1.48	0.93
worthless	-1.48	0.66
dunno	-1.48	1.98
perhaps	-1.48	1.83
m	-1.48	2.06
legitimately	-1.48	1.12
really	-1.48	2.09
embarrassing	-1.48	1.39
easier	-1.47	1.38
am	-1.47	1.98
sort	-1.47	1.53
than	-1.47	1.27
insensitive	-1.47	0.84
bet	-1.47	2.25
unlikely	-1.46	1.06
remotely	-1.46	1.32
potentially	-1.46	0.74
oddly	-1.46	1.36
concerned	-1.45	1.69
deeply	-1.45	1.27
terrified	-1.45	1.71
pain	-1.45	0.74
spewing	-1.45	0.59
plenty	-1.45	0.92
deluded	-1.45	1.08
alike	-1.44	1.02
wonder	-1.44	2.20
far	-1.44	1.45
make	-1.44	1.82
spouting	-1.43	0.65
talk	-1.43	1.67
defensive	-1.43	1.43
imagine	-1.43	2.19
scenario	-1.43	1.57
piece	-1.43	0.65
these	-1.43	0.98
intense	-1.42	0.81
likely	-1.42	1.18
mad	-1.42	1.74
very	-1.42	1.25
strongly	-1.42	1.12
see	-1.41	2.14
many	-1.41	0.89
doubt	-1.41	2.23
often	-1.41	1.34
worry	-1.41	2.07
wondering	-1.41	2.12
arrogant	-1.41	1.00
believe	-1.41	2.24
usually	-1.41	1.65
sexist	-1.41	0.73
same	-1.41	1.84
actually	-1.41	2.22
how	-1.40	2.09
lazy	-1.40	0.90
realize	-1.40	2.14
hilariously	-1.40	1.22
til	-1.40	1.15
happen	-1.40	2.05
personally	-1.39	2.04
slightly	-1.39	1.32
why	-1.39	2.26
claiming	-1.39	1.22
even	-1.39	2.25
think	-1.39	2.30
guarantee	-1.39	1.82
commit	-1.39	0.72
insanely	-1.38	1.24
blame	-1.38	1.12
know	-1.38	2.26
infuriating	-1.38	1.41
unfortunately	-1.38	1.63
anymore	-1.38	2.15
otherwise	-1.38	1.85
justify	-1.38	1.00
lonely	-1.38	1.61
would	-1.38	2.13
paranoid	-1.38	1.10
happens	-1.37	1.85
probably	-1.37	2.29
pretend	-1.37	2.01
always	-1.37	2.10
seemed	-1.37	1.53
blaming	-1.37	0.99
although	-1.37	2.19
certain	-1.36	0.86
openly	-1.36	0.63
true	-1.36	2.28
obnoxious	-1.36	1.02
extremely	-1.36	1.23
happening	-1.36	2.08
reason	-1.36	2.04
selfish	-1.36	0.96
might	-1.35	2.14
damaging	-1.35	1.02
lots	-1.35	1.00
retarded	-1.35	1.45
ridiculously	-1.34	1.24
struck	-1.34	1.31
allies	-1.34	0.64
ignorant	-1.34	0.95
no	-1.34	2.08
committing	-1.34	0.70
pretty	-1.34	1.52
understand	-1.34	2.14
exist	-1.34	1.76
idea	-1.34	2.16
get	-1.33	1.91
find	-1.33	1.55
say	-1.33	2.24
childish	-1.33	1.04
awkward	-1.33	1.68
other	-1.33	0.98
something	-1.33	2.16
did	-1.32	2.00
shallow	-1.32	1.05
anywhere	-1.32	1.46
incredibly	-1.32	1.25
unusual	-1.32	1.14
transphobic	-1.32	0.67
terribly	-1.32	1.28
convinced	-1.32	1.51
certainly	-1.32	2.11
there	-1.32	1.97
absolute	-1.32	1.03
care	-1.32	2.05
clue	-1.32	2.10
careful	-1.31	1.56
murder	-1.31	0.65
attacking	-1.31	0.70
type	-1.31	1.32
fault	-1.31	1.80
somewhat	-1.31	1.37
anything	-1.31	2.03
almost	-1.31	1.54
seeing	-1.31	1.77
talking	-1.31	1.98
tell	-1.31	2.06
memories	-1.30	0.63
whole	-1.30	1.18
suspect	-1.30	2.40
trash	-1.30	0.66
unfair	-1.30	1.05
problem	-1.30	1.80
fear	-1.30	0.95
believing	-1.30	1.42
experiencing	-1.30	0.82
extent	-1.30	1.44
especially	-1.30	1.31
me	-1.30	1.85
arguably	-1.30	1.22
argue	-1.29	2.04
realise	-1.29	2.10
triggered	-1.29	1.29
single	-1.29	1.42
delusional	-1.29	1.07
suffering	-1.29	0.78
notice	-1.29	2.08
rather	-1.29	1.40
prejudiced	-1.29	0.70
pisses	-1.29	1.45
complained	-1.28	1.16
misogynistic	-1.28	0.65
may	-1.28	2.29
sight	-1.28	0.75
matter	-1.28	2.08
twisted	-1.28	1.17
supposed	-1.28	2.15
assume	-1.28	2.36
whiny	-1.28	1.13
admitting	-1.28	1.18
misogynist	-1.27	0.63
misguided	-1.27	1.04
aware	-1.27	1.93
highly	-1.27	1.13
pretending	-1.27	1.14
we	-1.26	2.16
case	-1.26	1.75
only	-1.26	2.11
seriously	-1.26	2.29
could	-1.26	2.01
things	-1.26	1.80
bother	-1.26	2.08
rarely	-1.26	1.36
entitled	-1.26	1.07
hell	-1.26	2.33
pretentious	-1.25	1.06
oppose	-1.25	1.13
real	-1.25	1.64
ones	-1.25	1.27
then	-1.25	2.29
figure	-1.25	1.96
utterly	-1.25	1.19
irrational	-1.25	0.80
because	-1.25	2.51
propaganda	-1.25	0.56
condescending	-1.25	0.99
said	-1.25	1.58
anxiety	-1.25	1.05
immature	-1.24	1.12
hoping	-1.24	1.92
desperately	-1.24	1.44
mean	-1.24	2.53
murders	-1.24	0.66
feels	-1.24	1.67
way	-1.24	1.87
should	-1.24	2.09
bullshit	-1.24	0.89
definitely	-1.23	2.35
still	-1.23	2.53
mentally	-1.23	1.05
horribly	-1.23	1.21
narcissistic	-1.23	1.06
appear	-1.23	1.45
sense	-1.23	1.79
basically	-1.23	1.90
discriminatory	-1.23	0.71
exactly	-1.23	2.47
lie	-1.23	1.92
nothing	-1.23	2.26
panic	-1.23	0.86
want	-1.23	1.96
particularly	-1.23	1.14
dishonest	-1.23	1.12
criticize	-1.22	1.11
hurt	-1.22	1.57
variety	-1.22	0.91
important	-1.22	1.23
paranoia	-1.22	0.90
nor	-1.22	1.75
compare	-1.22	1.12
sjw	-1.22	0.95
ptsd	-1.22	0.88
agree	-1.22	2.52
fairly	-1.22	1.29
accusing	-1.22	0.92
admit	-1.22	2.24
admittedly	-1.22	1.27
blamed	-1.22	1.02
anyway	-1.22	2.38
butthurt	-1.22	1.24
bigots	-1.22	0.61
tons	-1.21	1.02
bigot	-1.21	0.84
happened	-1.21	1.76
depression	-1.21	1.11
comparison	-1.21	1.35
sounding	-1.21	1.40
significantly	-1.21	1.20
maybe	-1.21	2.38
sjws	-1.20	0.87
offend	-1.20	1.73
yet	-1.20	1.96
somehow	-1.20	1.71
various	-1.20	0.96
crimes	-1.20	0.78
towards	-1.20	0.74
which	-1.20	2.32
worrying	-1.20	1.38
racists	-1.20	0.62
mind	-1.19	2.11
raging	-1.19	0.61
attitude	-1.19	1.10
can	-1.19	1.97
ca	-1.19	2.00
assholes	-1.19	0.90
d	-1.19	2.17
thought	-1.19	1.98
though	-1.19	2.55
hostile	-1.19	0.66
earth	-1.19	1.29
compared	-1.19	0.97
also	-1.19	2.57
unnecessary	-1.19	0.98
does	-1.19	2.01
re	-1.18	2.50
guilt	-1.18	0.94
experienced	-1.18	0.99
petty	-1.18	1.05
easily	-1.18	1.38
bunch	-1.18	0.97
multiple	-1.18	0.94
literal	-1.18	0.64
offending	-1.18	1.42
surprising	-1.18	1.55
pity	-1.18	1.00
explain	-1.18	1.92
unless	-1.18	2.48
hear	-1.17	1.62
idiotic	-1.17	1.32
tolerate	-1.17	1.26
memory	-1.17	0.83
twat	-1.17	1.06
smug	-1.17	1.03
tumblrinas	-1.17	0.98
either	-1.17	2.60
doing	-1.17	2.29
simply	-1.17	2.28
saying	-1.16	2.48
course	-1.16	2.37
anger	-1.16	0.97
naive	-1.16	1.14
disagree	-1.16	1.94
whine	-1.16	1.04
any	-1.16	1.77
attempts	-1.16	1.40
death	-1.16	0.74
longer	-1.16	1.44
sure	-1.16	2.57
violence	-1.16	0.68
obviously	-1.16	2.34
overly	-1.15	1.24
problematic	-1.15	1.18
look	-1.15	1.81
completely	-1.15	1.39
thinking	-1.15	2.06
stress	-1.15	0.75
hearing	-1.15	1.15
when	-1.15	1.87
jealous	-1.15	1.66
ask	-1.15	1.89
never	-1.15	1.80
trauma	-1.15	0.76
asshole	-1.15	0.99
however	-1.14	2.55
manage	-1.14	1.61
surprise	-1.14	1.91
morons	-1.14	1.04
latter	-1.14	1.81
prick	-1.14	1.01
batshit	-1.14	0.92
numerous	-1.14	0.97
need	-1.14	1.90
suicide	-1.14	0.81
blatantly	-1.14	1.26
clear	-1.14	1.78
immoral	-1.13	1.70
nonsense	-1.13	0.88
massively	-1.13	1.31
concentration	-1.13	0.60
going	-1.13	2.14
discriminated	-1.13	0.74
again	-1.13	2.27
fact	-1.13	2.09
expect	-1.13	2.03
generally	-1.13	1.27
nazi	-1.13	0.57
must	-1.13	1.96
hitler	-1.13	0.62
remember	-1.13	1.95
got	-1.12	1.46
lying	-1.12	1.92
aside	-1.12	1.31
ton	-1.12	1.05
prove	-1.12	1.76
disagreeing	-1.12	1.02
toward	-1.12	0.79
vs	-1.12	1.22
wo	-1.12	1.91
lesbians	-1.12	0.80
delusions	-1.11	1.03
idiots	-1.11	1.03
attacks	-1.11	0.83
being	-1.11	1.20
repeating	-1.11	1.12
point	-1.11	2.34
funny	-1.11	1.82
albeit	-1.11	1.38
mention	-1.11	2.03
getting	-1.11	1.51
strikes	-1.11	1.14
truth	-1.10	1.82
comparable	-1.10	0.75
issue	-1.10	1.45
done	-1.10	1.89
come	-1.10	1.97
turning	-1.10	1.01
types	-1.10	0.95
exact	-1.10	1.58
arguing	-1.10	1.74
suffer	-1.10	0.89
imply	-1.09	2.26
countless	-1.09	0.95
backwards	-1.09	1.24
offends	-1.09	1.31
expressing	-1.09	1.11
right	-1.09	2.61
myself	-1.09	1.88
fewer	-1.09	0.99
shits	-1.09	1.10
warfare	-1.09	0.53
threatened	-1.09	1.26
douche	-1.09	1.02
claimed	-1.09	1.11
generalizing	-1.08	0.95
express	-1.08	1.19
blacks	-1.08	0.67
coming	-1.08	1.52
occasionally	-1.08	1.33
pointless	-1.08	1.39
bipolar	-1.08	1.10
among	-1.08	0.88
take	-1.08	1.87
incident	-1.08	0.94
gotten	-1.08	1.45
experience	-1.08	0.87
crazy	-1.08	1.00
stronger	-1.08	1.31
anyone	-1.08	1.90
harmless	-1.08	1.43
pieces	-1.08	0.64
absurd	-1.08	1.46
enough	-1.07	1.58
everywhere	-1.07	0.95
statistically	-1.07	1.05
consider	-1.07	1.98
minorities	-1.07	0.69
bleeding	-1.07	0.75
wanted	-1.07	1.83
including	-1.07	0.98
well	-1.07	2.25
accomplish	-1.07	2.03
forget	-1.07	1.81
will	-1.06	1.94
victims	-1.06	0.80
decide	-1.06	1.90
least	-1.06	2.00
interesting	-1.06	1.69
apparently	-1.06	2.22
react	-1.06	1.59
pedophiles	-1.06	0.57
acknowledge	-1.06	1.91
misandry	-1.06	1.03
majority	-1.06	0.74
mood	-1.05	1.20
them	-1.05	1.90
severely	-1.05	1.21
surely	-1.05	1.99
automatically	-1.05	1.49
begin	-1.05	1.53
crime	-1.05	0.79
try	-1.05	1.77
fascinating	-1.05	1.50
tried	-1.05	1.67
creepy	-1.05	1.18
camps	-1.05	0.61
tbh	-1.05	1.73
denying	-1.05	1.37
tumblrites	-1.05	1.10
entirely	-1.05	1.74
work	-1.05	1.70
secretly	-1.05	1.67
safer	-1.05	1.23
virtually	-1.04	1.32
missing	-1.04	2.26
act	-1.04	0.80
situation	-1.04	1.57
handful	-1.04	0.92
ll	-1.04	1.99
uneducated	-1.04	1.03
dozens	-1.04	0.95
criticizing	-1.04	0.81
punishment	-1.04	0.83
discriminate	-1.04	0.77
inclined	-1.03	1.73
caught	-1.03	1.18
procedure	-1.03	0.82
trying	-1.03	1.74
severe	-1.03	0.96
rare	-1.03	1.39
victim	-1.03	1.09
stretch	-1.03	1.48
pile	-1.03	0.72
proven	-1.03	1.55
borderline	-1.03	1.15
labeled	-1.03	0.76
scheme	-1.03	0.89
ally	-1.02	0.85
whether	-1.02	1.93
let	-1.02	1.93
absolutely	-1.02	1.62
unaware	-1.02	1.78
implying	-1.02	1.61
necessarily	-1.02	2.29
laughed	-1.02	1.48
relate	-1.02	1.86
general	-1.02	1.01
besides	-1.01	1.50
question	-1.01	2.03
uncommon	-1.01	1.30
shorter	-1.01	1.26
subset	-1.01	0.75
little	-1.01	1.66
ignore	-1.01	1.83
supremacist	-1.01	0.64
constant	-1.01	0.90
dealt	-1.00	1.13
interested	-1.00	1.76
homophobic	-1.00	0.80
sorta	-1.00	1.68
noise	-1.00	1.18
accuse	-1.00	1.18
turned	-1.00	1.28
turn	-1.00	1.63
garbage	-1.00	0.72
insulting	-1.00	1.18
noticed	-1.00	1.55
bs	-1.00	0.87
deny	-0.99	1.70
already	-0.99	1.88
clearly	-0.99	1.99
sensitive	-0.99	1.51
knowing	-0.99	2.02
dumb	-0.99	1.41
schizophrenia	-0.99	1.03
matters	-0.99	1.68
racist	-0.99	0.89
involved	-0.99	1.12
were	-0.99	1.11
higher	-0.99	0.88
bisexuals	-0.99	0.81
comparing	-0.99	0.64
accused	-0.99	1.13
guilty	-0.98	1.19
everything	-0.98	2.06
willing	-0.98	1.84
emotions	-0.98	0.99
assumed	-0.98	1.66
cause	-0.98	1.04
different	-0.98	1.03
impressed	-0.98	1.83
judge	-0.98	1.38
able	-0.98	1.79
catch	-0.98	1.77
guess	-0.98	2.46
tend	-0.98	1.29
attempted	-0.98	1.06
order	-0.98	1.62
faster	-0.98	1.28
ugly	-0.97	1.27
fair	-0.97	2.23
whining	-0.97	1.15
usual	-0.97	1.06
attempt	-0.97	1.52
responsible	-0.97	1.19
puts	-0.97	1.75
crazies	-0.97	0.80
situations	-0.97	1.19
stand	-0.97	1.79
entertaining	-0.97	1.58
looks	-0.97	1.24
murderers	-0.97	0.70
struggles	-0.97	0.96
acted	-0.97	0.90
helps	-0.97	1.59
righteous	-0.96	1.09
criminals	-0.96	0.74
disorder	-0.96	1.02
allowed	-0.96	1.86
treating	-0.96	0.80
99	-0.96	0.98
sympathetic	-0.96	1.71
telling	-0.96	1.77
folks	-0.96	0.94
whenever	-0.96	1.71
douchebag	-0.96	1.00
whatever	-0.96	2.24
struggling	-0.95	1.45
reverse	-0.95	1.37
several	-0.95	0.94
liar	-0.95	1.00
now	-0.95	2.46
rapists	-0.95	0.75
mistaken	-0.95	2.48
heard	-0.95	1.48
cishets	-0.95	0.63
accusation	-0.95	1.41
focusing	-0.95	1.38
go	-0.95	1.87
anybody	-0.95	1.99
cunts	-0.95	1.09
transphobia	-0.95	0.97
discrimination	-0.95	0.94
meh	-0.95	1.67
itself	-0.95	1.46
kicked	-0.95	1.06
men	-0.95	0.89
managed	-0.95	1.65
charged	-0.94	0.98
useless	-0.94	1.32
moron	-0.94	1.15
bring	-0.94	1.68
design	-0.94	1.23
zero	-0.94	1.25
assumes	-0.94	2.01
has	-0.94	1.69
decided	-0.94	1.77
claim	-0.94	1.80
radfems	-0.94	0.76
fail	-0.94	1.61
whatsoever	-0.94	1.26
blown	-0.94	1.14
tries	-0.94	1.66
suppose	-0.93	2.39
events	-0.93	0.90
totally	-0.93	1.97
danger	-0.93	1.11
fetish	-0.93	0.89
constantly	-0.93	1.38
suggest	-0.93	1.81
ignores	-0.93	1.42
outrage	-0.93	0.95
faced	-0.93	1.04
normally	-0.93	1.74
ocd	-0.93	1.03
ever	-0.93	1.75
format	-0.93	0.94
adhd	-0.93	1.02
average	-0.93	1.17
lgbt	-0.93	0.71
trivial	-0.93	1.27
wondered	-0.93	1.72
needing	-0.93	1.58
refuse	-0.93	1.82
attacked	-0.93	1.10
asking	-0.93	1.85
impossible	-0.93	1.35
symptoms	-0.93	1.04
mass	-0.93	0.70
ill	-0.92	1.13
outright	-0.92	1.35
against	-0.92	0.78
except	-0.92	1.91
fine	-0.92	2.65
note	-0.92	1.73
urge	-0.92	1.67
group	-0.92	0.78
literally	-0.92	1.30
somewhere	-0.92	1.16
inability	-0.92	1.60
diagnosed	-0.92	1.03
rapes	-0.92	0.87
beyond	-0.92	1.31
obscure	-0.92	1.27
having	-0.92	1.39
spoiled	-0.92	1.11
agreeing	-0.92	1.72
assuming	-0.92	2.50
meaningless	-0.92	1.44
misogynists	-0.91	0.67
judged	-0.91	1.10
autism	-0.91	1.03
defending	-0.91	0.76
thus	-0.91	1.32
rapist	-0.91	0.79
doesnt	-0.91	1.56
wanting	-0.91	1.74
recognize	-0.91	1.96
else	-0.91	2.05
hundreds	-0.91	0.93
disorders	-0.91	1.02
depends	-0.91	1.69
innocent	-0.91	1.02
tends	-0.91	1.43
prejudice	-0.90	0.99
bitching	-0.90	1.35
recall	-0.90	1.63
failing	-0.90	1.45
anytime	-0.90	1.70
punish	-0.90	1.01
load	-0.90	0.80
hypocrite	-0.90	1.14
phobia	-0.90	1.14
vary	-0.90	1.07
blew	-0.90	1.05
illness	-0.89	1.00
racism	-0.89	1.05
yourself	-0.89	1.80
controversial	-0.89	1.33
amount	-0.89	0.84
kkk	-0.89	0.59
plain	-0.89	1.09
aspergers	-0.89	1.04
wont	-0.89	1.86
easy	-0.89	1.57
convicted	-0.89	0.94
opposite	-0.89	1.46
rhetoric	-0.89	0.92
rate	-0.89	0.85
process	-0.89	0.92
lower	-0.89	0.91
misogyny	-0.89	1.03
assault	-0.88	0.86
shamed	-0.88	1.05
assaulted	-0.88	1.17
mental	-0.88	1.05
jerk	-0.88	0.98
exists	-0.88	1.49
web	-0.88	0.79
sounded	-0.88	1.63
looking	-0.88	1.67
bigger	-0.88	1.14
raped	-0.88	1.18
ve	-0.88	1.66
avoid	-0.88	1.28
help	-0.88	1.66
ourselves	-0.88	1.79
understandable	-0.88	1.61
suddenly	-0.87	1.55
unrelated	-0.87	1.27
picked	-0.87	1.24
occurs	-0.87	1.15
reaction	-0.87	1.08
consistently	-0.87	1.12
illnesses	-0.87	1.02
allow	-0.87	1.76
helped	-0.87	1.54
rates	-0.87	0.87
treats	-0.87	1.83
false	-0.87	1.60
lies	-0.87	1.24
harm	-0.87	1.00
answer	-0.87	2.24
dozen	-0.87	0.95
falsely	-0.87	1.14
proof	-0.87	1.66
related	-0.87	1.14
redpillers	-0.87	0.76
lately	-0.87	1.47
leads	-0.87	0.93
despite	-0.87	1.72
cos	-0.87	0.84
told	-0.87	1.45
allows	-0.86	1.61
convince	-0.86	1.58
impression	-0.86	2.10
equally	-0.86	1.47
vast	-0.86	1.00
causing	-0.86	0.91
soon	-0.86	1.71
terrorist	-0.86	0.63
tumblrs	-0.86	0.84
portion	-0.86	0.86
dramatic	-0.86	1.22
serious	-0.86	1.15
acting	-0.86	1.01
guessing	-0.86	2.25
cunt	-0.86	1.06
shame	-0.86	1.26
themselves	-0.86	1.65
realized	-0.85	1.65
serial	-0.85	0.68
caused	-0.85	0.95
criminal	-0.85	1.09
us	-0.85	1.62
supposedly	-0.85	1.31
rape	-0.85	0.92
by	-0.85	1.21
both	-0.85	1.28
accusations	-0.85	1.23
justified	-0.85	2.04
mob	-0.85	0.98
camp	-0.85	0.70
so-called	-0.85	0.86
killing	-0.85	0.63
proves	-0.85	1.56
actual	-0.85	1.17
conspiracy	-0.85	0.66
justification	-0.84	1.36
been	-0.84	1.54
argued	-0.84	1.36
unable	-0.84	1.72
hit	-0.84	1.35
condition	-0.84	1.01
violently	-0.84	1.14
emotion	-0.84	0.97
acknowledging	-0.84	1.47
making	-0.84	1.79
larger	-0.84	1.04
mocked	-0.84	0.96
hardly	-0.84	1.25
cases	-0.84	1.15
harassed	-0.84	1.15
accept	-0.84	1.86
harmful	-0.84	1.05
stuck	-0.84	0.93
punished	-0.83	1.06
arrested	-0.83	0.96
confusion	-0.83	0.96
transmen	-0.83	0.71
period	-0.83	0.87
injustice	-0.83	1.13
huge	-0.83	0.97
person	-0.83	1.49
closet	-0.83	0.72
ought	-0.83	1.66
didnt	-0.83	1.83
since	-0.83	1.78
attack	-0.83	0.96
mild	-0.83	1.06
unreasonable	-0.83	1.47
problems	-0.83	1.31
ignoring	-0.83	1.61
smaller	-0.83	1.10
made	-0.83	1.61
glad	-0.83	2.20
retards	-0.82	1.13
transtrenders	-0.82	0.81
destruction	-0.82	0.68
laugh	-0.82	1.60
transwomen	-0.82	0.69
realised	-0.82	1.71
reduced	-0.82	0.96
complaints	-0.82	1.12
slow	-0.82	0.99
transgendered	-0.82	0.73
institutionalized	-0.82	1.09
equate	-0.82	1.37
syndrome	-0.81	1.06
frequently	-0.81	1.38
reject	-0.81	1.16
focus	-0.81	1.24
reactions	-0.81	1.03
proving	-0.81	1.56
terf	-0.81	0.65
proportion	-0.81	0.92
complains	-0.81	2.02
prepared	-0.81	1.81
actively	-0.81	1.44
respond	-0.81	1.81
self-diagnosed	-0.81	1.03
bastard	-0.81	1.00
experiences	-0.81	0.96
stormfront	-0.81	0.82
letting	-0.81	1.77
regard	-0.80	1.16
yell	-0.80	1.29
pedophile	-0.80	0.70
interpret	-0.80	1.73
hurts	-0.80	1.17
thoroughly	-0.80	1.05
trial	-0.80	1.26
at	-0.80	1.55
sexism	-0.80	1.09
homophobia	-0.80	1.06
levels	-0.80	0.87
convenient	-0.80	1.24
magically	-0.80	1.67
quickly	-0.80	1.52
appears	-0.80	1.44
others	-0.80	1.55
handle	-0.80	1.73
confuse	-0.80	0.98
95	-0.80	1.07
vulnerable	-0.79	1.21
forth	-0.79	0.90
discussed	-0.79	1.20
struggle	-0.79	1.05
systematic	-0.79	0.92
immediately	-0.79	1.63
israel	-0.79	0.60
reality	-0.79	1.52
hurting	-0.79	1.17
underlying	-0.79	1.23
minor	-0.79	1.11
beaten	-0.79	1.13
plausible	-0.79	1.44
murderer	-0.79	0.73
starting	-0.79	1.63
existence	-0.79	1.37
pulled	-0.79	1.29
smells	-0.79	1.28
surprisingly	-0.79	1.35
entirety	-0.79	0.96
circumstances	-0.79	1.44
causes	-0.79	0.98
analogy	-0.78	1.75
offensive	-0.78	1.36
gay	-0.78	0.83
flat	-0.78	1.05
increased	-0.78	0.91
complaint	-0.78	1.57
wherever	-0.78	1.24
affected	-0.78	1.28
smarter	-0.78	1.30
prison	-0.78	0.97
along	-0.78	1.36
sentiment	-0.78	1.53
essentially	-0.78	1.61
fighting	-0.78	0.76
disability	-0.78	1.02
jew	-0.78	0.66
discussing	-0.78	1.31
vastly	-0.78	1.49
supported	-0.78	0.89
says	-0.78	2.12
autistic	-0.77	1.04
gets	-0.77	1.65
sudden	-0.77	1.08
murdering	-0.77	0.82
forcing	-0.77	1.69
pig	-0.77	0.72
continue	-0.77	1.70
unrealistic	-0.77	1.31
radfem	-0.77	0.79
damage	-0.77	0.97
targeted	-0.77	0.82
penises	-0.77	0.72
connected	-0.77	1.21
murdered	-0.77	1.08
mentality	-0.77	1.24
chunk	-0.77	0.96
explained	-0.77	1.45
thinks	-0.76	2.13
filled	-0.76	0.72
partly	-0.76	1.40
works	-0.76	1.71
refused	-0.76	1.69
blowing	-0.76	1.06
allowing	-0.76	1.68
greater	-0.76	0.99
cheaper	-0.76	1.24
internalized	-0.76	1.11
dealing	-0.76	1.22
reported	-0.76	0.99
spread	-0.76	0.91
myth	-0.76	1.05
issues	-0.75	1.38
overlap	-0.75	1.16
change	-0.75	1.76
exclude	-0.75	1.03
theft	-0.75	0.89
involving	-0.75	0.91
funnier	-0.75	1.51
isis	-0.75	0.58
shooting	-0.75	0.90
charges	-0.75	1.17
percentage	-0.75	0.89
brainwashed	-0.75	0.89
aspect	-0.74	1.18
judging	-0.74	1.18
tied	-0.74	1.05
weak	-0.74	1.21
meds	-0.74	1.17
wasting	-0.74	1.41
becoming	-0.74	1.35
arrest	-0.74	0.95
consequences	-0.74	1.13
jail	-0.74	1.05
relatively	-0.74	1.20
proved	-0.74	1.42
afterwards	-0.74	1.26
taking	-0.74	1.62
background	-0.74	0.91
therefore	-0.74	1.61
opportunity	-0.74	1.52
further	-0.74	1.43
instantly	-0.74	1.55
germany	-0.74	0.65
ready	-0.73	1.72
merely	-0.73	1.57
encountered	-0.73	1.28
pushing	-0.73	1.39
irrelevant	-0.73	1.60
addressing	-0.73	1.48
push	-0.73	1.15
seek	-0.73	1.46
thousands	-0.73	0.92
apply	-0.73	1.80
spreading	-0.73	0.82
exceptions	-0.73	1.62
affects	-0.73	1.28
believes	-0.73	2.11
largely	-0.73	1.31
stating	-0.73	1.49
lets	-0.73	1.72
stated	-0.73	1.50
whites	-0.73	0.72
seeking	-0.73	1.44
defend	-0.73	1.64
mess	-0.73	1.36
ranting	-0.73	0.93
solve	-0.72	1.79
blind	-0.72	0.98
disabilities	-0.72	1.10
busy	-0.72	1.60
factor	-0.72	1.34
somebody	-0.72	1.71
flip	-0.72	1.41
massive	-0.72	0.87
instead	-0.72	1.67
dysphoria	-0.72	0.85
practically	-0.72	1.30
attempting	-0.72	1.68
marginalized	-0.72	0.93
lied	-0.72	1.42
handled	-0.72	1.51
before	-0.71	1.69
perform	-0.71	1.00
offense	-0.71	1.24
pregnancy	-0.71	0.81
stole	-0.71	0.97
tumblrina	-0.71	1.37
miserable	-0.71	1.87
include	-0.71	1.19
scum	-0.71	0.82
places	-0.71	1.08
broken	-0.71	1.28
touch	-0.71	1.42
insanity	-0.71	0.89
inherently	-0.71	1.64
refuses	-0.71	1.83
supremacy	-0.71	0.90
scream	-0.71	1.21
bodily	-0.71	0.82
obligation	-0.71	1.64
anti	-0.71	0.76
feminists	-0.71	0.82
mindset	-0.71	1.32
wouldnt	-0.71	1.79
eventually	-0.71	1.65
genital	-0.71	0.73
psychological	-0.70	0.99
below	-0.70	0.95
bitch	-0.70	1.20
backlash	-0.70	1.11
threatening	-0.70	1.01
demonstrate	-0.70	1.63
needs	-0.70	1.90
cishet	-0.70	0.75
challenged	-0.70	1.20
inequality	-0.70	1.20
oppressive	-0.70	0.84
focused	-0.70	1.15
bi	-0.70	0.78
homosexual	-0.70	0.83
efforts	-0.70	1.30
unattractive	-0.70	1.07
encourage	-0.70	1.46
behave	-0.69	1.25
asked	-0.69	1.53
number	-0.69	1.00
turns	-0.69	1.36
alot	-0.69	1.52
targets	-0.69	0.75
particular	-0.69	1.08
facing	-0.69	1.26
diagnosis	-0.69	1.07
utter	-0.69	0.80
lesser	-0.69	1.03
threaten	-0.68	1.26
harass	-0.68	1.01
reduce	-0.68	1.08
perpetuate	-0.68	1.01
expressed	-0.68	1.19
deaf	-0.68	1.12
bringing	-0.68	1.55
low	-0.68	0.80
happily	-0.68	1.61
result	-0.68	1.15
historical	-0.68	1.07
diagnose	-0.68	1.05
directly	-0.68	1.57
suggesting	-0.68	1.77
population	-0.68	0.90
rejected	-0.68	1.38
oppressor	-0.68	0.81
hung	-0.67	1.32
affirmative	-0.67	0.88
depending	-0.67	1.34
common	-0.67	1.35
high	-0.67	0.97
stereotyping	-0.67	1.11
superior	-0.67	2.06
humanity	-0.67	1.54
two	-0.67	1.02
affect	-0.67	1.43
akin	-0.67	1.25
mostly	-0.67	1.25
whitey	-0.67	0.86
pass	-0.67	1.59
comprehend	-0.67	2.03
encounter	-0.67	1.12
move	-0.67	1.50
truscum	-0.67	0.79
prevent	-0.67	1.42
deciding	-0.67	1.58
threat	-0.67	1.04
ultimately	-0.67	1.58
endless	-0.67	0.94
extreme	-0.66	0.95
big	-0.66	0.85
obligated	-0.66	2.00
contrast	-0.66	0.86
crowd	-0.66	1.07
discuss	-0.66	1.59
inferior	-0.66	1.21
loop	-0.66	0.99
example	-0.66	1.32
straight	-0.66	0.70
increase	-0.66	0.95
figured	-0.66	1.99
hope	-0.66	2.05
direction	-0.66	1.19
fails	-0.66	1.60
gives	-0.66	1.60
support	-0.66	1.18
institutional	-0.66	1.18
exaggerated	-0.65	1.55
treated	-0.65	1.14
keep	-0.65	1.70
disabled	-0.65	1.02
worked	-0.65	1.14
etc	-0.65	1.01
isnt	-0.65	1.53
fringe	-0.65	0.87
ableist	-0.65	0.95
domestic	-0.65	0.88
minority	-0.65	0.79
shitstorm	-0.65	1.11
shock	-0.65	0.93
difference	-0.64	1.70
mock	-0.64	1.06
shave	-0.64	0.91
attitudes	-0.64	1.12
total	-0.64	0.90
honest	-0.64	2.24
aggressive	-0.64	1.04
charge	-0.64	1.02
oppressors	-0.64	0.85
led	-0.64	1.18
examples	-0.64	1.42
suck	-0.64	1.22
brought	-0.64	1.33
vocal	-0.64	0.83
responsibility	-0.64	1.36
boner	-0.64	0.95
questions	-0.64	1.69
contributing	-0.64	1.33
following	-0.64	1.54
pushed	-0.63	1.24
implies	-0.63	1.69
perpetuating	-0.63	0.92
mtf	-0.63	0.79
similarly	-0.63	1.45
thankfully	-0.63	1.56
conditions	-0.63	1.08
addressed	-0.63	1.56
chance	-0.63	1.08
nature	-0.63	1.12
creates	-0.63	0.98
become	-0.63	1.54
redpill	-0.63	0.85
fix	-0.62	1.91
give	-0.62	1.93
imagined	-0.62	1.34
extremists	-0.62	0.78
bullied	-0.62	1.09
improve	-0.62	1.42
feelings	-0.62	1.29
negatively	-0.62	1.40
bullying	-0.62	0.93
advocate	-0.62	0.80
9/11	-0.62	0.81
shaming	-0.62	0.91
radical	-0.62	0.82
complete	-0.61	0.91
shit	-0.61	1.63
ie	-0.61	0.95
large	-0.61	0.90
activists	-0.61	0.83
representative	-0.61	0.87
yes	-0.61	2.71
neither	-0.61	2.06
scare	-0.61	1.12
wants	-0.61	2.09
valuable	-0.61	1.20
opposed	-0.61	0.88
instances	-0.61	1.27
patriarchal	-0.61	0.86
address	-0.61	1.64
specific	-0.61	1.12
follow	-0.60	1.68
obvious	-0.60	1.62
correlation	-0.60	1.41
topic	-0.60	1.39
germans	-0.60	0.92
bugs	-0.60	1.21
fun	-0.60	1.62
exception	-0.60	1.57
perceived	-0.60	1.20
super	-0.60	1.47
ableism	-0.60	1.06
determine	-0.60	1.56
suggested	-0.60	1.44
promote	-0.59	0.94
perceive	-0.59	1.82
disagrees	-0.59	1.94
nowhere	-0.59	1.27
stop	-0.59	1.54
due	-0.59	1.08
count	-0.59	2.06
pull	-0.59	1.39
seemingly	-0.59	1.42
put	-0.59	1.37
vagina	-0.59	0.84
deep	-0.59	0.99
increasing	-0.59	0.97
commented	-0.59	1.33
lifetime	-0.59	0.92
hide	-0.59	1.20
needed	-0.59	1.56
differ	-0.59	1.32
vaginas	-0.59	0.66
awhile	-0.59	1.61
gang	-0.59	0.78
and/or	-0.59	1.14
explaining	-0.59	1.71
reminded	-0.59	1.59
terrorists	-0.58	0.69
legit	-0.58	1.64
bigotry	-0.58	1.05
spectrum	-0.58	1.12
doxxed	-0.58	1.15
homo	-0.58	0.86
means	-0.58	1.66
implied	-0.58	1.78
denied	-0.58	1.23
seen	-0.58	1.54
effectively	-0.58	1.44
despise	-0.58	1.55
spite	-0.58	0.92
identical	-0.57	1.10
exposed	-0.57	1.05
90	-0.57	1.18
detail	-0.57	1.35
few	-0.57	0.97
small	-0.57	0.94
cis	-0.57	0.72
physically	-0.57	1.13
sucked	-0.57	1.39
sample	-0.57	1.00
without	-0.57	1.49
sent	-0.57	1.11
personality	-0.57	1.13
sees	-0.57	2.23
joking	-0.57	2.15
numbers	-0.57	1.07
wheelchair	-0.57	1.09
accident	-0.57	1.22
fired	-0.57	1.20
closer	-0.57	1.22
granted	-0.57	1.51
writing	-0.56	0.73
slowly	-0.56	1.41
everyone	-0.56	1.93
world	-0.56	1.25
start	-0.56	1.67
circumcision	-0.56	0.68
instance	-0.56	1.49
overcome	-0.56	1.35
crap	-0.56	0.93
tendency	-0.56	1.26
loud	-0.56	1.23
listed	-0.56	1.18
represents	-0.56	1.17
rest	-0.56	1.05
teenager	-0.56	1.40
thrown	-0.56	1.33
self	-0.56	1.10
back	-0.56	1.57
taken	-0.56	1.71
distinction	-0.56	1.44
complex	-0.56	1.25
regularly	-0.56	1.35
defense	-0.56	1.32
out	-0.56	1.46
hence	-0.56	1.30
amongst	-0.56	1.05
repeatedly	-0.55	1.31
stalin	-0.55	0.72
racial	-0.55	1.01
lame	-0.55	1.51
phenomenon	-0.55	1.24
continues	-0.55	1.28
creep	-0.55	0.96
extremist	-0.55	0.90
nobody	-0.55	1.93
ignored	-0.55	1.34
creation	-0.55	0.98
working	-0.55	1.43
fucks	-0.55	1.28
line	-0.55	1.40
significant	-0.55	1.13
regardless	-0.55	1.43
equivalent	-0.55	0.87
forces	-0.55	0.73
waste	-0.55	1.05
forced	-0.54	1.34
bullies	-0.54	0.83
pigs	-0.54	0.74
between	-0.54	1.38
surrounding	-0.54	1.09
favour	-0.54	1.03
from	-0.54	1.28
responding	-0.54	1.70
slavery	-0.54	0.77
partially	-0.54	1.53
harassing	-0.54	1.13
someday	-0.54	1.95
semantics	-0.54	1.71
oppressed	-0.54	1.09
someone	-0.54	1.87
deeper	-0.54	1.23
initially	-0.54	1.54
ratio	-0.54	1.04
lucky	-0.54	2.27
debating	-0.54	1.44
global	-0.54	0.96
killer	-0.54	0.73
controlled	-0.53	0.81
individuals	-0.53	0.91
previously	-0.53	1.25
suggests	-0.53	1.60
pick	-0.53	1.60
heavily	-0.53	1.37
non	-0.53	0.92
ahead	-0.53	1.87
gap	-0.53	1.38
risk	-0.53	1.02
until	-0.53	1.62
graphic	-0.53	0.97
subject	-0.53	1.45
pointed	-0.53	1.65
here	-0.53	1.91
superiority	-0.53	1.14
trans	-0.53	0.80
calling	-0.52	1.30
found	-0.52	1.53
demographics	-0.52	0.88
becomes	-0.52	1.47
represent	-0.52	0.93
homosexuality	-0.52	0.83
moving	-0.52	1.22
abused	-0.52	1.11
while	-0.52	1.67
wait	-0.52	2.42
mentioned	-0.52	1.49
demanding	-0.52	1.50
worth	-0.52	1.31
treat	-0.52	1.11
enslaved	-0.52	0.85
who	-0.52	1.71
persons	-0.52	0.94
promoting	-0.52	0.95
projecting	-0.52	1.08
contribute	-0.52	1.28
fragile	-0.52	1.26
drop	-0.52	1.22
badly	-0.51	1.72
reasons	-0.51	1.66
during	-0.51	0.99
comes	-0.51	1.65
three	-0.51	0.97
choose	-0.51	1.97
scale	-0.51	1.06
blow	-0.51	1.15
deals	-0.51	1.41
interpreted	-0.51	1.57
applies	-0.51	1.61
time	-0.51	1.36
agenda	-0.51	1.22
giant	-0.51	0.73
regarding	-0.51	1.26
iq	-0.51	1.03
quality	-0.51	0.86
stopped	-0.51	1.69
sadly	-0.50	2.06
target	-0.50	0.87
mansplaining	-0.50	0.90
wipe	-0.50	0.74
range	-0.50	1.04
par	-0.50	0.93
ftm	-0.50	0.82
aggression	-0.50	0.91
dig	-0.50	1.43
court	-0.50	1.27
location	-0.50	1.19
women	-0.50	0.79
rant	-0.50	1.16
historically	-0.50	1.19
measure	-0.50	1.03
sending	-0.50	1.23
revenge	-0.50	0.83
differently	-0.50	1.61
denial	-0.50	1.15
patriarchy	-0.49	0.90
clarify	-0.49	2.25
controlling	-0.49	0.84
advocates	-0.49	0.86
transition	-0.49	0.88
throw	-0.49	1.35
tattoo	-0.49	0.85
shoot	-0.49	1.13
another	-0.49	1.30
went	-0.49	1.48
mentioning	-0.49	1.52
giving	-0.49	1.62
finally	-0.49	1.74
whore	-0.49	0.96
yelled	-0.49	1.26
medication	-0.49	1.11
idiot	-0.49	1.16
pill	-0.49	0.95
hook	-0.49	1.09
unlike	-0.49	2.03
escape	-0.49	1.47
beat	-0.49	1.28
relevant	-0.49	1.82
keeps	-0.49	1.56
talks	-0.48	1.96
millions	-0.48	0.89
transsexual	-0.48	0.83
fully	-0.48	1.70
lump	-0.48	1.36
leading	-0.48	1.00
subscribe	-0.48	1.47
bound	-0.48	1.20
required	-0.48	1.59
begging	-0.48	1.33
statistic	-0.48	1.26
piss	-0.48	1.12
triggers	-0.48	1.06
brush	-0.48	0.76
kick	-0.48	1.26
kill	-0.48	1.35
community	-0.48	0.88
hairy	-0.48	0.92
challenge	-0.47	1.38
aimed	-0.47	0.98
pure	-0.47	0.86
trolls	-0.47	1.15
tiny	-0.47	0.88
asks	-0.47	2.05
onto	-0.47	1.31
raping	-0.47	1.03
possibility	-0.47	1.64
groups	-0.47	0.86
lead	-0.47	1.20
combined	-0.47	0.70
force	-0.47	1.30
educate	-0.46	1.43
dicks	-0.46	0.79
ways	-0.46	1.63
furries	-0.46	1.01
demographic	-0.46	0.90
shitlords	-0.46	0.92
motivated	-0.46	1.41
dick	-0.46	0.87
strawman	-0.46	1.48
worldview	-0.46	1.44
advocating	-0.46	0.97
regards	-0.46	1.30
behalf	-0.46	1.33
casually	-0.46	1.30
discovered	-0.46	1.36
evidence	-0.46	1.71
rampant	-0.46	1.16
removing	-0.46	1.31
stops	-0.46	1.50
extension	-0.45	1.00
therapist	-0.45	1.35
risks	-0.45	1.09
whiteness	-0.45	1.13
bloody	-0.45	0.88
lesbian	-0.45	0.83
break	-0.45	1.41
ideologies	-0.45	1.16
combination	-0.45	1.21
surgery	-0.45	0.87
tattoos	-0.45	0.90
whereas	-0.45	1.31
wwii	-0.45	0.67
dislike	-0.45	1.49
long	-0.45	1.40
treatment	-0.45	1.15
wrap	-0.45	1.36
call	-0.45	1.98
inherent	-0.45	1.40
favor	-0.45	0.99
limit	-0.45	0.99
drives	-0.45	1.12
cisgender	-0.44	0.80
serves	-0.44	1.43
bitches	-0.44	1.34
view	-0.44	1.54
followed	-0.44	1.38
sj	-0.44	0.95
policing	-0.44	1.11
zone	-0.44	0.99
create	-0.44	1.29
pissing	-0.44	1.22
rid	-0.44	1.68
prior	-0.44	1.29
effects	-0.44	1.16
shitting	-0.44	1.42
dying	-0.44	1.03
isolated	-0.44	1.24
member	-0.44	0.82
deliberately	-0.44	1.63
switch	-0.44	1.41
began	-0.44	1.44
above	-0.44	1.07
trend	-0.44	1.23
genuine	-0.44	1.22
tumblrite	-0.44	1.30
expensive	-0.44	0.95
up	-0.44	1.62
reports	-0.43	1.27
cisgendered	-0.43	0.72
limited	-0.43	1.11
ability	-0.43	1.54
applying	-0.43	1.66
impact	-0.43	1.22
declare	-0.43	1.51
slut	-0.43	1.09
obsessed	-0.43	0.99
transitioning	-0.43	0.85
claims	-0.43	1.76
responded	-0.43	1.63
chose	-0.43	1.82
driven	-0.43	1.20
freely	-0.43	1.48
narrative	-0.43	1.40
away	-0.43	1.39
males	-0.42	0.91
solely	-0.42	1.34
stab	-0.42	1.19
dominant	-0.42	1.05
notion	-0.42	1.63
creating	-0.42	1.24
fundamentally	-0.42	1.74
prevalent	-0.42	1.43
activism	-0.42	0.96
bloggers	-0.42	1.05
falls	-0.42	1.17
existing	-0.42	1.31
send	-0.42	1.34
succeed	-0.42	1.85
screw	-0.42	1.11
presumably	-0.41	1.31
started	-0.41	1.58
helping	-0.41	1.52
run	-0.41	1.32
biology	-0.41	1.57
circle	-0.41	1.18
subjects	-0.41	1.48
pattern	-0.41	1.42
factors	-0.41	1.33
meant	-0.41	2.03
avoiding	-0.41	1.37
distance	-0.41	1.22
starts	-0.41	1.49
colonialism	-0.41	1.00
overall	-0.41	1.15
controversy	-0.41	1.12
participate	-0.41	1.41
hetero	-0.41	0.71
ideology	-0.41	1.29
courts	-0.41	1.24
odds	-0.41	1.26
into	-0.41	1.33
erase	-0.41	1.32
hungry	-0.41	1.52
each	-0.41	1.16
percent	-0.41	0.98
existed	-0.41	1.38
colors	-0.40	0.78
gon	-0.40	1.95
ideas	-0.40	1.53
intentionally	-0.40	1.68
punch	-0.40	1.23
individual	-0.40	1.17
topics	-0.40	1.43
moments	-0.40	0.87
sociology	-0.40	1.62
attracted	-0.40	0.91
outcome	-0.40	1.73
finding	-0.40	1.58
dare	-0.40	1.38
trp	-0.40	1.03
relative	-0.40	1.02
psychology	-0.39	1.62
surface	-0.39	1.00
theory	-0.39	1.39
pulling	-0.39	1.23
present	-0.39	1.55
robots	-0.39	0.72
dismiss	-0.39	1.91
style	-0.39	0.93
segregation	-0.39	0.89
aliens	-0.39	0.50
races	-0.39	1.00
transgender	-0.39	0.88
one	-0.39	2.67
silence	-0.39	1.21
bisexual	-0.39	0.84
shove	-0.39	1.16
knock	-0.39	1.48
benefit	-0.39	1.22
inaccurate	-0.39	1.79
wash	-0.39	1.00
settle	-0.39	1.55
scary	-0.39	1.93
threats	-0.39	1.08
soviet	-0.39	0.76
punching	-0.38	1.20
protect	-0.38	1.31
dumbass	-0.38	1.12
police	-0.38	1.10
primarily	-0.38	1.20
free	-0.38	1.54
questioning	-0.38	1.11
studies	-0.38	1.59
nsfw	-0.38	1.22
economics	-0.38	1.63
threw	-0.38	1.24
theories	-0.38	1.39
disease	-0.38	0.96
event	-0.38	1.02
explicitly	-0.38	1.61
largest	-0.38	1.10
loads	-0.38	1.23
concerns	-0.38	1.67
degree	-0.38	1.59
publicly	-0.38	1.21
feminism	-0.38	1.07
preventing	-0.37	1.41
blatant	-0.37	1.20
asians	-0.37	0.77
precisely	-0.37	1.65
picking	-0.37	1.58
dependent	-0.37	1.13
goes	-0.37	1.73
safety	-0.37	1.31
date	-0.37	1.32
minds	-0.37	1.32
mixing	-0.37	0.93
straw	-0.37	1.49
conservatives	-0.37	0.84
bomb	-0.37	0.86
cult	-0.37	0.94
poverty	-0.37	1.00
arabs	-0.37	0.81
yeah	-0.37	2.34
ended	-0.37	1.54
rise	-0.37	0.94
hang	-0.37	1.49
stat	-0.37	1.18
fbi	-0.37	1.13
interact	-0.37	1.70
kicking	-0.37	1.10
laid	-0.37	1.52
element	-0.37	1.34
simultaneously	-0.36	1.35
psych	-0.36	1.57
vague	-0.36	1.71
health	-0.36	1.29
report	-0.36	1.18
jumped	-0.36	1.33
philosophy	-0.36	1.58
fascist	-0.36	0.72
steps	-0.36	1.34
banning	-0.36	1.11
continued	-0.36	1.24
capitalist	-0.36	0.88
opposing	-0.36	1.42
gaze	-0.36	0.83
created	-0.36	1.27
history	-0.36	1.50
answered	-0.35	1.85
versus	-0.35	1.33
thoughts	-0.35	1.30
troll	-0.35	1.77
courses	-0.35	1.66
divide	-0.35	1.26
homeless	-0.35	1.02
ass	-0.35	1.05
hitting	-0.35	1.17
loser	-0.35	1.22
apart	-0.35	1.13
putting	-0.35	1.63
stats	-0.35	1.28
presence	-0.34	1.20
lecture	-0.34	1.49
behavior	-0.34	1.25
involves	-0.34	1.40
medical	-0.34	1.15
blah	-0.34	1.02
dismissed	-0.34	1.79
exposure	-0.34	0.83
slap	-0.34	1.35
country	-0.34	0.96
cops	-0.34	1.08
greeks	-0.34	0.95
feminist	-0.34	0.95
guard	-0.34	0.79
outside	-0.34	1.13
shared	-0.34	1.09
effort	-0.34	1.37
reflect	-0.34	1.38
crossed	-0.34	1.34
meanwhile	-0.34	0.83
forgetting	-0.34	1.59
stick	-0.34	1.13
dont	-0.34	1.98
hits	-0.34	1.41
gun	-0.34	1.14
typically	-0.34	1.47
advantage	-0.33	1.27
aids	-0.33	0.92
wide	-0.33	0.99
sooner	-0.33	1.88
became	-0.33	1.45
side	-0.33	1.38
receiving	-0.33	1.35
pointing	-0.33	1.85
thousand	-0.33	1.00
grab	-0.33	1.24
resort	-0.33	1.25
sincerely	-0.33	1.48
views	-0.33	1.42
hyperbole	-0.33	1.49
muslims	-0.33	0.67
burden	-0.33	1.30
drag	-0.33	0.84
refusing	-0.33	1.87
speech	-0.32	1.40
discover	-0.32	1.39
immune	-0.32	1.04
level	-0.32	1.01
split	-0.32	1.18
racially	-0.32	1.27
viewpoint	-0.32	1.58
given	-0.32	1.47
testing	-0.32	1.23
hundred	-0.32	1.02
lighter	-0.32	1.06
identify	-0.32	1.09
joined	-0.32	0.73
strike	-0.32	1.10
race	-0.32	1.13
professor	-0.32	1.62
chamber	-0.32	1.00
parts	-0.32	1.01
diseases	-0.32	0.98
creature	-0.32	0.81
throughout	-0.32	1.15
details	-0.32	1.41
mainly	-0.32	1.23
decides	-0.31	2.06
cut	-0.31	1.04
size	-0.31	1.05
decisions	-0.31	1.44
legitimate	-0.31	1.56
statistics	-0.31	1.40
eh	-0.31	2.17
apparent	-0.31	1.63
furthermore	-0.31	1.36
top	-0.31	1.04
elsewhere	-0.31	1.44
hormone	-0.31	0.97
remove	-0.31	1.58
poop	-0.31	0.96
balance	-0.31	1.22
bits	-0.31	1.02
born	-0.31	1.27
mocking	-0.30	1.44
bully	-0.30	1.08
attached	-0.30	1.16
represented	-0.30	1.05
shot	-0.30	1.05
shaped	-0.30	0.80
unacceptable	-0.30	1.79
dedicated	-0.30	1.32
genetic	-0.30	1.14
shes	-0.30	1.37
once	-0.30	1.72
ran	-0.30	1.26
ideals	-0.30	1.48
teenagers	-0.30	1.27
necessary	-0.30	1.56
movement	-0.30	0.93
evolution	-0.30	1.04
practices	-0.30	1.18
together	-0.30	1.33
punched	-0.30	1.25
forgotten	-0.30	1.67
around	-0.30	1.32
hiring	-0.30	0.96
liberals	-0.30	0.85
screams	-0.30	1.23
queer	-0.30	0.90
leave	-0.30	1.60
whilst	-0.30	1.29
narcissism	-0.30	1.04
resources	-0.30	1.19
shitlord	-0.30	1.00
couple	-0.30	1.01
speed	-0.30	1.07
101	-0.30	1.67
hole	-0.30	1.15
hold	-0.30	1.48
fight	-0.29	0.92
functioning	-0.29	1.24
reading	-0.29	1.48
dropping	-0.29	1.13
youre	-0.29	1.44
facts	-0.29	1.75
tear	-0.29	1.00
jewish	-0.29	0.76
across	-0.29	1.10
chemical	-0.29	1.02
tests	-0.29	1.30
policies	-0.29	1.14
creatures	-0.29	0.82
message	-0.29	1.45
i.e	-0.29	1.13
decades	-0.29	1.40
females	-0.29	1.10
actions	-0.29	1.46
interpretation	-0.29	1.71
differences	-0.29	1.34
key	-0.29	1.31
came	-0.29	1.57
contrary	-0.29	1.80
virgin	-0.29	1.13
beliefs	-0.28	1.37
identity	-0.28	1.16
till	-0.28	1.64
butt	-0.28	0.96
alone	-0.28	1.33
pornography	-0.28	1.03
leaves	-0.28	1.04
environment	-0.28	1.13
stealing	-0.28	1.12
movements	-0.28	1.01
sides	-0.28	1.23
construct	-0.28	1.29
expense	-0.28	1.38
arbitrary	-0.28	1.42
patients	-0.28	1.05
lines	-0.28	1.29
falling	-0.28	1.24
crisis	-0.28	1.39
slightest	-0.28	1.51
after	-0.28	1.49
white	-0.28	0.82
amounts	-0.28	1.01
quit	-0.28	1.32
studying	-0.27	1.52
agreed	-0.27	2.05
censorship	-0.27	1.26
buzzwords	-0.27	1.38
response	-0.27	1.60
jump	-0.27	1.41
off	-0.27	1.19
through	-0.27	1.32
shower	-0.27	0.96
echo	-0.27	1.04
assumption	-0.27	2.14
sometime	-0.27	1.50
intersex	-0.27	0.97
rolling	-0.27	1.14
had	-0.27	1.62
brings	-0.27	1.36
expression	-0.27	1.17
choices	-0.27	1.48
insisting	-0.27	1.58
gone	-0.27	1.62
stopping	-0.27	1.75
sexes	-0.27	1.15
abuse	-0.27	0.91
images	-0.27	1.14
destroy	-0.27	0.83
billion	-0.27	0.95
classes	-0.27	1.65
stomach	-0.26	0.93
supporting	-0.26	1.07
program	-0.26	1.50
breaking	-0.26	1.35
decision	-0.26	1.57
barely	-0.26	1.58
statement	-0.26	2.11
privilege	-0.26	0.92
potential	-0.26	1.17
concern	-0.26	1.55
belief	-0.26	1.51
justice	-0.26	0.95
fall	-0.26	1.28
lay	-0.26	1.42
ideological	-0.26	1.22
cure	-0.26	1.00
direct	-0.26	1.29
concept	-0.26	1.73
travel	-0.26	0.96
cock	-0.26	0.84
phase	-0.26	1.26
require	-0.26	1.37
economic	-0.26	1.18
an	-0.26	1.04
experiment	-0.26	1.48
list	-0.26	1.33
implication	-0.26	1.91
four	-0.26	1.01
anon	-0.26	1.38
studied	-0.25	1.51
system	-0.25	1.17
reach	-0.25	1.38
employment	-0.25	1.06
trouble	-0.25	1.86
patient	-0.25	1.05
purple	-0.25	0.79
entire	-0.25	1.08
admitted	-0.25	1.75
incapable	-0.25	1.38
therapy	-0.25	1.17
stance	-0.25	1.56
metaphor	-0.25	1.37
survey	-0.25	1.31
cite	-0.25	1.49
inappropriate	-0.25	1.50
flawed	-0.25	2.00
placed	-0.25	1.24
hiding	-0.25	0.62
okay	-0.25	2.78
social	-0.25	1.23
messages	-0.25	1.20
down	-0.25	1.33
sciences	-0.25	1.46
balls	-0.25	0.91
science	-0.25	1.48
join	-0.25	0.89
drug	-0.25	1.03
activist	-0.25	0.92
mras	-0.25	0.89
generalizations	-0.25	1.73
rush	-0.24	0.89
mockery	-0.24	1.29
male	-0.24	0.95
record	-0.24	1.50
worded	-0.24	1.81
looked	-0.24	1.40
fields	-0.24	1.34
mere	-0.24	1.29
good	-0.24	1.69
bend	-0.24	1.40
truly	-0.24	1.72
identifying	-0.24	0.98
twenty	-0.24	1.04
early	-0.24	1.33
privileged	-0.24	0.89
personalities	-0.24	1.10
replying	-0.24	1.87
tech	-0.24	1.07
majors	-0.24	1.49
encouraged	-0.24	1.68
trolling	-0.24	1.59
repeat	-0.24	1.25
100	-0.24	1.17
included	-0.23	1.54
running	-0.23	1.22
oppress	-0.23	1.00
enforcement	-0.23	1.19
department	-0.23	1.33
held	-0.23	1.30
changes	-0.23	1.23
elaborate	-0.23	1.44
climate	-0.23	1.17
tone	-0.23	1.13
anorexia	-0.23	1.08
attract	-0.23	1.14
wage	-0.23	1.24
identified	-0.23	1.08
chemistry	-0.23	1.44
engage	-0.23	1.02
immigration	-0.23	0.99
hair	-0.23	0.84
stem	-0.23	1.41
damned	-0.23	1.60
entitlement	-0.23	1.14
recent	-0.23	1.25
armed	-0.23	0.93
appropriation	-0.22	1.18
solved	-0.22	1.63
request	-0.22	1.42
secret	-0.22	0.79
physical	-0.22	1.03
expected	-0.22	2.00
five	-0.22	1.02
hanging	-0.22	1.12
grounds	-0.22	1.45
opinion	-0.22	1.99
army	-0.22	0.78
aspects	-0.22	1.44
y'know	-0.22	1.72
carried	-0.22	1.10
yesallwomen	-0.22	1.11
demand	-0.22	1.41
reaching	-0.22	1.38
searching	-0.22	1.28
based	-0.22	1.35
runs	-0.21	1.72
misleading	-0.21	1.90
imagining	-0.21	1.50
shift	-0.21	1.35
genitals	-0.21	1.01
centuries	-0.21	1.17
perspective	-0.21	1.56
closely	-0.21	1.47
brains	-0.21	1.26
genitalia	-0.21	1.03
duh	-0.21	1.39
genderqueer	-0.21	0.93
oppression	-0.21	1.08
doxxing	-0.21	1.18
biological	-0.21	1.19
platform	-0.21	0.99
populations	-0.21	1.00
guns	-0.21	1.16
fucker	-0.21	1.09
study	-0.21	1.40
officer	-0.21	1.07
ego	-0.21	1.12
permanent	-0.21	1.09
appearance	-0.21	1.21
seven	-0.21	1.01
negative	-0.21	1.34
breasts	-0.21	0.93
purely	-0.21	1.34
penis	-0.21	0.93
labor	-0.21	1.14
hmm	-0.21	2.13
hiv	-0.21	0.95
driving	-0.20	1.12
deemed	-0.20	1.57
bag	-0.20	0.90
drive	-0.20	1.13
generalization	-0.20	1.78
jobs	-0.20	1.25
beings	-0.20	0.92
walk	-0.20	1.26
laughing	-0.20	1.53
decade	-0.20	1.33
criteria	-0.20	1.38
takes	-0.20	1.41
development	-0.20	0.99
critique	-0.20	1.12
ripped	-0.20	1.12
mandatory	-0.20	1.35
sizes	-0.20	1.04
six	-0.20	1.02
requirement	-0.20	1.43
results	-0.20	1.31
supports	-0.20	1.44
opposition	-0.20	1.30
ground	-0.20	1.25
reads	-0.20	1.43
live	-0.20	1.06
prepare	-0.20	1.32
eight	-0.20	1.02
organized	-0.20	1.06
passing	-0.20	0.97
distinguish	-0.20	1.87
internet	-0.20	1.20
alien	-0.20	0.63
hardcore	-0.19	0.76
class	-0.19	1.53
ive	-0.19	1.61
access	-0.19	1.35
ferguson	-0.19	1.16
cycle	-0.19	1.06
subjective	-0.19	1.95
medicine	-0.19	1.20
basis	-0.19	1.56
shoulders	-0.19	1.09
weapons	-0.19	1.17
tactics	-0.19	1.08
hormones	-0.19	1.02
angle	-0.19	1.31
habit	-0.19	1.51
cry	-0.19	1.37
textbook	-0.19	1.50
80	-0.19	1.06
core	-0.18	1.27
pansexual	-0.18	0.99
engineering	-0.18	1.39
knights	-0.18	0.88
data	-0.18	1.52
offered	-0.18	1.39
possible	-0.18	2.67
fashion	-0.18	0.94
aid	-0.18	1.31
deserved	-0.18	1.29
received	-0.18	1.38
yesterday	-0.18	1.39
appeal	-0.18	1.10
includes	-0.18	1.15
research	-0.18	1.45
test	-0.18	1.36
cited	-0.18	1.44
personal	-0.18	1.26
replied	-0.17	1.68
according	-0.17	1.54
ethnic	-0.17	0.97
blood	-0.17	0.95
ten	-0.17	1.02
mid	-0.17	1.38
excited	-0.17	2.44
blogs	-0.17	1.28
road	-0.17	1.13
luckily	-0.17	1.44
breathing	-0.17	1.05
determined	-0.17	1.33
theres	-0.17	1.31
nation	-0.17	0.90
shown	-0.17	1.48
mentions	-0.17	1.94
laughs	-0.17	1.40
gather	-0.17	1.14
knee	-0.17	1.02
physics	-0.17	1.50
reporting	-0.17	1.10
formed	-0.17	1.01
stood	-0.17	1.27
fortunately	-0.17	1.19
christians	-0.17	0.72
60	-0.17	1.05
sources	-0.17	1.50
responses	-0.17	1.47
unhappy	-0.17	2.47
broke	-0.16	1.31
ensure	-0.16	1.30
bags	-0.16	0.91
arts	-0.16	1.38
quick	-0.16	1.74
earn	-0.16	1.44
statements	-0.16	1.94
protecting	-0.16	1.18
fool	-0.16	1.34
earlier	-0.16	1.55
teenage	-0.16	1.21
cant	-0.16	1.80
capitalism	-0.16	1.03
institution	-0.16	1.05
explode	-0.16	1.05
snowflakes	-0.16	1.34
eliminate	-0.16	1.51
knees	-0.16	1.15
major	-0.16	1.46
phd	-0.16	1.52
communism	-0.16	1.12
jumping	-0.16	1.24
provides	-0.16	1.33
emphasis	-0.16	1.49
power	-0.16	1.14
walks	-0.16	1.89
warriors	-0.16	0.94
explanation	-0.16	1.67
nine	-0.16	1.03
feelz	-0.16	1.59
biologically	-0.16	1.11
screaming	-0.16	1.35
operate	-0.16	1.63
hmmm	-0.16	1.63
moves	-0.16	1.32
choosing	-0.15	1.91
failure	-0.15	1.05
recently	-0.15	1.70
uni	-0.15	1.45
drama	-0.15	1.05
functional	-0.15	1.16
anonymous	-0.15	1.28
sets	-0.15	0.98
tumblr	-0.15	1.23
minimum	-0.15	1.18
programming	-0.15	1.21
passes	-0.15	1.44
sign	-0.15	1.54
spin	-0.15	1.21
socialism	-0.15	1.08
bull	-0.15	1.01
driver	-0.15	1.14
influence	-0.15	1.22
rights	-0.15	1.00
options	-0.15	1.56
nope	-0.15	2.08
genderfluid	-0.15	0.98
corrupt	-0.15	1.09
route	-0.15	1.47
weapon	-0.15	1.11
sweden	-0.15	0.95
organization	-0.15	0.88
designed	-0.15	1.70
traffic	-0.15	1.07
degrees	-0.15	1.48
marriage	-0.14	0.89
appropriated	-0.14	1.02
fluid	-0.14	0.98
graduate	-0.14	1.46
intent	-0.14	1.82
asses	-0.14	1.02
pit	-0.14	1.00
nuclear	-0.14	0.94
head	-0.14	1.12
spends	-0.14	1.25
70	-0.14	1.08
asexual	-0.14	0.95
chances	-0.14	1.29
boobs	-0.14	0.91
identities	-0.14	1.16
art	-0.14	0.88
guaranteed	-0.14	1.44
organizations	-0.14	0.99
devil	-0.14	0.79
value	-0.14	1.40
forward	-0.14	1.34
pressure	-0.14	1.02
fuck	-0.14	2.23
throat	-0.14	1.03
officers	-0.14	1.05
policy	-0.14	1.24
met	-0.13	1.45
purpose	-0.13	1.49
criticism	-0.13	1.09
africans	-0.13	0.92
pol	-0.13	1.22
failed	-0.13	1.50
bullet	-0.13	1.00
importance	-0.13	1.59
knife	-0.13	1.11
structures	-0.13	1.19
sucks	-0.13	1.64
efficient	-0.13	1.41
counter	-0.13	1.82
50	-0.13	1.05
submit	-0.13	1.38
every	-0.13	1.25
holding	-0.13	1.25
importantly	-0.13	1.57
set	-0.13	1.36
approve	-0.13	1.64
equality	-0.13	1.07
rob	-0.13	1.10
heterosexual	-0.13	0.79
citizens	-0.13	1.17
political	-0.13	1.19
audience	-0.13	1.03
involve	-0.12	1.29
featured	-0.12	1.43
opinions	-0.12	1.66
saw	-0.12	1.55
reals	-0.12	1.73
federal	-0.12	1.16
genders	-0.12	1.39
hint	-0.12	1.76
breaks	-0.12	1.24
arm	-0.12	1.01
twist	-0.12	1.23
strict	-0.12	1.29
construction	-0.12	1.20
poster	-0.12	1.65
italians	-0.12	1.06
commenting	-0.12	1.52
sympathy	-0.12	1.32
protection	-0.12	1.30
cop	-0.12	1.12
cater	-0.12	1.18
conclusions	-0.12	1.87
na	-0.12	1.94
choice	-0.12	1.69
previous	-0.12	1.38
values	-0.12	1.43
attention	-0.12	1.32
today	-0.12	1.85
income	-0.12	1.10
puberty	-0.12	1.14
receive	-0.12	1.38
exclusive	-0.12	0.80
grasp	-0.11	1.79
assigned	-0.11	1.16
blackface	-0.11	1.14
reached	-0.11	1.28
smell	-0.11	1.53
obsession	-0.11	0.76
greatly	-0.11	1.23
brain	-0.11	1.29
capable	-0.11	1.43
u.s	-0.11	1.08
college	-0.11	1.40
ancient	-0.11	1.01
enemies	-0.11	0.79
heads	-0.11	1.11
bat	-0.11	1.13
darker	-0.11	0.92
bike	-0.11	1.12
freedom	-0.11	1.38
75	-0.11	1.11
workers	-0.11	1.21
walked	-0.11	1.22
benefits	-0.11	1.23
fake	-0.11	1.35
handed	-0.11	1.30
took	-0.11	1.49
knew	-0.11	1.62
joke	-0.11	1.65
draw	-0.11	1.42
frequent	-0.10	1.29
indicate	-0.10	1.79
shouting	-0.10	1.24
desire	-0.10	1.27
chromosome	-0.10	1.16
random	-0.10	1.26
tagged	-0.10	1.27
function	-0.10	1.83
programs	-0.10	1.25
whoever	-0.10	1.80
correctness	-0.10	1.36
makeup	-0.10	1.01
step	-0.10	1.28
viewed	-0.10	1.28
genetics	-0.10	1.30
systems	-0.10	1.19
trick	-0.10	1.14
considered	-0.10	1.94
sat	-0.10	1.20
pro	-0.10	1.01
institutions	-0.10	1.16
man	-0.10	1.26
referencing	-0.10	1.68
center	-0.09	0.96
worker	-0.09	1.22
yelling	-0.09	1.33
useful	-0.09	1.48
map	-0.09	1.00
enforce	-0.09	1.30
testosterone	-0.09	1.01
moral	-0.09	1.72
frame	-0.09	1.10
embrace	-0.09	1.15
satire	-0.09	1.70
chromosomes	-0.09	1.17
understood	-0.09	2.14
brb	-0.09	1.53
theirs	-0.09	1.76
email	-0.09	1.31
scientific	-0.09	1.51
path	-0.09	1.27
influenced	-0.09	1.14
literature	-0.09	1.20
bare	-0.09	1.13
available	-0.08	1.31
socialist	-0.08	0.90
presented	-0.08	1.58
tits	-0.08	0.90
limits	-0.08	1.23
conform	-0.08	1.33
internal	-0.08	1.16
poorly	-0.08	1.92
arent	-0.08	1.31
gas	-0.08	0.76
shout	-0.08	1.27
source	-0.08	1.46
credibility	-0.08	1.38
sexually	-0.08	1.09
dominance	-0.08	1.15
verify	-0.08	1.87
objectification	-0.08	1.02
described	-0.08	1.60
paper	-0.08	0.88
erasure	-0.08	1.11
disregard	-0.08	1.73
provide	-0.08	1.44
plus	-0.08	1.36
communities	-0.08	0.94
posting	-0.08	1.45
teeth	-0.08	1.03
cross	-0.08	1.03
financial	-0.08	1.19
tactic	-0.08	1.17
quoted	-0.08	1.50
remembered	-0.08	1.57
halfway	-0.08	1.46
equal	-0.07	1.37
ad	-0.07	1.31
crash	-0.07	1.09
mail	-0.07	1.15
45	-0.07	1.06
regret	-0.07	1.60
binary	-0.07	1.20
identifies	-0.07	1.28
action	-0.07	1.10
student	-0.07	1.42
conclusion	-0.07	2.05
holds	-0.07	1.46
secondary	-0.07	1.13
variation	-0.07	1.53
wealth	-0.07	1.22
mode	-0.07	1.08
paid	-0.07	1.26
opportunities	-0.07	1.24
facial	-0.07	0.99
simple	-0.07	1.58
pee	-0.07	1.06
properly	-0.07	2.19
human	-0.06	0.87
hire	-0.06	1.14
campus	-0.06	1.11
status	-0.06	1.23
successfully	-0.06	1.82
illegal	-0.06	1.54
organs	-0.06	1.11
waiting	-0.06	1.43
moot	-0.06	1.27
ebola	-0.06	1.06
sanity	-0.06	1.18
agency	-0.06	1.29
planet	-0.06	0.90
reblog	-0.06	1.28
legs	-0.06	1.00
clean	-0.06	1.02
description	-0.06	1.62
society	-0.06	1.13
fast	-0.06	1.29
math	-0.06	1.48
violation	-0.06	1.39
text	-0.06	1.30
achieve	-0.06	1.35
countries	-0.06	0.97
mile	-0.06	1.22
mouth	-0.06	1.07
healthcare	-0.06	1.34
posted	-0.06	1.47
reblogged	-0.06	1.46
steal	-0.06	1.02
distinct	-0.06	1.32
narrow	-0.05	1.27
economy	-0.05	1.11
typical	-0.05	1.23
territory	-0.05	1.16
she	-0.05	1.73
university	-0.05	1.37
active	-0.05	0.97
near	-0.05	1.15
era	-0.05	1.02
popcorn	-0.05	1.27
premise	-0.05	2.16
subtle	-0.05	1.38
option	-0.05	1.75
tag	-0.05	1.28
demisexual	-0.05	0.98
collection	-0.05	1.11
crack	-0.05	1.04
skinny	-0.05	1.07
governments	-0.05	1.09
faces	-0.05	1.20
finish	-0.05	1.43
accomplished	-0.05	1.43
natural	-0.05	1.10
machine	-0.05	0.92
covering	-0.05	1.07
muslim	-0.05	0.75
material	-0.05	1.32
hopefully	-0.05	1.79
europeans	-0.05	1.00
graduated	-0.04	1.44
sexualities	-0.04	1.26
preference	-0.04	1.27
empathy	-0.04	1.34
peoples	-0.04	1.16
belong	-0.04	1.48
sleep	-0.04	1.34
ears	-0.04	1.15
poe	-0.04	1.82
law	-0.04	1.34
gif	-0.04	1.17
disagreement	-0.04	1.68
professors	-0.04	1.48
sexuality	-0.04	1.12
alpha	-0.04	1.02
ambiguous	-0.04	1.83
loaded	-0.04	1.30
government	-0.04	1.13
picture	-0.04	1.29
circlejerk	-0.04	1.28
score	-0.04	1.07
gamergate	-0.04	1.13
followers	-0.03	1.26
upon	-0.03	1.49
land	-0.03	0.88
censor	-0.03	1.48
bottom	-0.03	1.24
promise	-0.03	1.56
states	-0.03	1.10
egyptians	-0.03	1.01
miles	-0.03	1.21
remains	-0.03	1.48
laws	-0.03	1.21
nonbinary	-0.03	1.13
versa	-0.03	1.29
positions	-0.03	1.27
whatnot	-0.03	1.24
prices	-0.03	1.06
union	-0.03	0.93
preferences	-0.03	1.22
he	-0.03	1.80
aka	-0.03	0.94
democracy	-0.03	1.08
jokes	-0.03	1.52
left	-0.03	1.59
sharing	-0.03	1.22
sized	-0.03	1.08
kills	-0.03	1.76
associated	-0.03	1.38
poc	-0.03	1.01
grades	-0.03	1.25
slip	-0.02	1.65
killed	-0.02	1.07
wrote	-0.02	1.04
skinned	-0.02	0.88
information	-0.02	1.42
twice	-0.02	1.42
wording	-0.02	1.93
writes	-0.02	1.15
dumbest	-0.02	2.32
dropped	-0.02	1.19
walking	-0.02	1.17
4chan	-0.02	1.35
sticking	-0.02	1.07
length	-0.02	1.06
costs	-0.02	1.14
obesity	-0.02	1.07
swear	-0.02	1.41
tumblrinaction	-0.02	1.32
ethics	-0.02	1.57
requirements	-0.02	1.42
browsing	-0.02	1.37
addition	-0.02	1.28
constructed	-0.02	1.37
currently	-0.02	1.58
nail	-0.02	1.06
forums	-0.02	1.18
war	-0.02	0.82
follows	-0.01	1.70
inch	-0.01	1.10
socially	-0.01	1.67
behaviors	-0.01	1.35
gender	-0.01	1.23
titp	-0.01	1.13
grow	-0.01	1.29
wing	-0.01	1.00
job	-0.01	1.23
sexual	-0.01	0.83
thats	-0.01	1.89
within	-0.01	1.14
sit	-0.01	1.24
pocs	-0.01	0.88
control	-0.01	1.32
gore	-0.01	1.11
agender	-0.01	1.20
fuel	-0.01	0.93
records	-0.01	1.20
abusing	-0.01	1.23
educational	-0.01	1.28
knows	-0.01	2.56
introduced	-0.01	1.24
societal	-0.01	1.26
non-binary	-0.01	1.14
full	-0.01	1.22
cents	-0.01	1.17
position	-0.01	1.79
initial	-0.00	1.69
leap	-0.00	1.62
behaviour	-0.00	1.40
fallacy	-0.00	1.90
reputation	-0.00	0.98
oppressing	-0.00	1.12
cutting	-0.00	1.08
provided	-0.00	1.46
carry	-0.00	1.31
united	-0.00	1.08
insults	-0.00	1.57
cover	-0.00	1.22
broad	-0.00	1.37
holes	-0.00	1.05
associate	-0.00	1.46
acceptance	-0.00	0.92
filter	0.00	1.23
logic	0.00	1.95
sitting	0.00	1.25
protected	0.00	1.26
crying	0.00	1.40
root	0.00	1.63
continent	0.00	0.98
nose	0.00	1.06
shadow	0.00	1.27
hired	0.00	1.17
finds	0.00	2.39
beast	0.00	0.84
remind	0.00	2.01
lesson	0.00	1.71
height	0.01	1.05
debate	0.01	1.59
judgement	0.01	1.65
powers	0.01	0.93
draft	0.01	1.02
enforced	0.01	1.35
unwanted	0.01	0.99
short	0.01	1.10
fundamental	0.01	1.50
conflict	0.01	1.17
story	0.01	1.37
face	0.01	1.12
ban	0.01	1.37
board	0.01	1.29
raid	0.01	1.23
privileges	0.01	1.15
visit	0.01	1.22
downvoted	0.01	1.50
fill	0.01	1.25
under	0.01	1.19
pills	0.01	1.17
warning	0.01	1.35
behind	0.01	1.15
trigger	0.01	1.32
stereotypes	0.01	1.25
r/tumblrinaction	0.01	1.42
region	0.01	0.98
constitution	0.01	1.31
perception	0.01	1.76
figures	0.01	1.24
front	0.01	1.20
russia	0.01	0.95
checking	0.01	1.63
passed	0.01	1.24
living	0.01	1.02
egalitarianism	0.01	1.24
retard	0.01	1.65
leg	0.01	1.02
areas	0.02	1.03
mra	0.02	0.91
technology	0.02	1.25
develop	0.02	1.28
plastic	0.02	0.94
ruin	0.02	1.07
additional	0.02	1.28
blogger	0.02	1.45
stare	0.02	1.28
gave	0.02	1.49
cuts	0.02	0.99
field	0.02	1.42
belongs	0.02	1.50
standing	0.02	1.24
islamic	0.02	0.77
property	0.02	1.18
million	0.02	1.11
consent	0.02	1.33
discussions	0.02	1.41
selection	0.02	1.05
pan	0.02	0.90
biased	0.02	1.92
security	0.03	1.15
nudes	0.03	1.24
cost	0.03	1.09
unit	0.03	1.00
analysis	0.03	1.41
consensual	0.03	0.90
western	0.03	1.05
share	0.03	1.22
welfare	0.03	1.21
worthy	0.03	1.31
east	0.03	0.96
light	0.03	0.83
state	0.03	1.06
covered	0.03	1.01
entity	0.03	1.10
students	0.03	1.42
drugs	0.03	1.03
passive	0.03	1.35
corner	0.03	1.28
usa	0.03	0.99
ownership	0.03	1.10
herself	0.03	1.45
education	0.03	1.38
islam	0.03	0.83
yep	0.03	1.83
citation	0.03	1.42
papers	0.03	1.15
built	0.04	1.05
r/tiadiscussion	0.04	1.47
posters	0.04	1.25
soooo	0.04	1.57
threads	0.04	1.41
moderation	0.04	1.41
shake	0.04	1.11
clicked	0.04	1.70
funding	0.04	1.23
understanding	0.04	1.71
idiocy	0.04	1.17
civil	0.04	0.99
project	0.04	1.00
assumptions	0.04	2.04
workplace	0.04	1.09
nations	0.04	1.01
modern	0.04	1.21
hashtag	0.04	1.23
specifically	0.04	1.64
categories	0.04	1.44
daily	0.04	1.17
sub	0.04	1.43
convincing	0.04	1.56
r/tumblrcirclejerk	0.04	1.53
yellow	0.04	0.83
erasing	0.04	1.24
skin	0.04	0.88
consensus	0.04	1.53
changed	0.04	1.62
tells	0.05	2.57
rabbit	0.05	1.13
tongue	0.05	1.04
over	0.05	1.24
posts	0.05	1.41
indians	0.05	0.96
foundation	0.05	1.46
korea	0.05	0.92
hospital	0.05	1.30
thread	0.05	1.49
dark	0.05	0.89
encouraging	0.05	1.24
backed	0.05	1.76
poetry	0.05	1.53
colleges	0.05	1.33
humour	0.05	1.46
supply	0.05	1.11
square	0.05	1.13
learned	0.06	1.73
portrayed	0.06	1.06
employer	0.06	1.12
per	0.06	1.03
civilization	0.06	0.95
abortion	0.06	1.18
flow	0.06	0.92
block	0.06	1.33
ip	0.06	1.25
india	0.06	0.98
train	0.06	1.10
universal	0.06	1.34
times	0.06	1.36
tia	0.06	1.43
cares	0.06	2.53
explains	0.06	1.35
schools	0.06	1.26
dna	0.06	1.14
meet	0.06	1.78
showed	0.06	1.34
legal	0.06	1.18
grey	0.06	0.92
chest	0.06	0.98
read	0.07	1.16
added	0.07	1.59
photo	0.07	1.20
touched	0.07	1.36
entry	0.07	1.21
asia	0.07	0.96
color	0.07	0.85
randomly	0.07	1.41
military	0.07	1.02
aim	0.07	1.29
subreddit	0.07	1.42
forever	0.07	1.63
counts	0.07	1.55
match	0.07	1.28
pocket	0.07	1.11
destroying	0.07	0.93
perfectly	0.07	1.85
label	0.07	1.89
basic	0.07	1.53
pool	0.07	1.02
boundaries	0.07	1.35
dawkins	0.07	1.16
market	0.07	1.08
linked	0.08	1.42
shoulder	0.08	1.08
slaves	0.08	0.97
later	0.08	1.34
arms	0.08	1.06
witch	0.08	0.92
second	0.08	1.34
spending	0.08	1.18
orientation	0.08	1.10
throwing	0.08	1.58
norms	0.08	1.34
parody	0.08	1.53
tw	0.08	1.40
known	0.08	1.94
deaths	0.08	1.04
bus	0.08	1.13
diversity	0.08	1.04
dominated	0.08	1.14
species	0.08	0.88
sucking	0.08	0.82
search	0.08	1.39
software	0.08	1.02
muscles	0.08	1.11
piv	0.08	0.85
fingers	0.08	1.06
bait	0.08	1.27
removed	0.09	1.52
tags	0.09	1.26
implications	0.09	1.67
motivation	0.09	1.68
effect	0.09	1.34
otherkin	0.09	1.01
labels	0.09	1.74
meta	0.09	1.45
area	0.09	1.11
confirmation	0.09	1.33
egypt	0.09	0.98
conscious	0.09	1.53
childhood	0.09	1.13
merit	0.09	1.70
objectifying	0.09	0.98
structure	0.09	1.22
kept	0.09	1.54
meaningful	0.09	1.43
donations	0.09	1.20
srs	0.09	1.30
conversations	0.09	1.39
streets	0.09	1.14
bright	0.09	0.81
eyes	0.09	0.87
tribes	0.09	1.04
developing	0.09	1.27
sue	0.09	1.28
expecting	0.09	1.70
car	0.09	1.11
own	0.09	1.40
medieval	0.10	1.03
nerds	0.10	1.23
price	0.10	1.07
irl	0.10	1.39
cars	0.10	1.09
practical	0.10	1.35
poor	0.10	0.92
discussion	0.10	1.52
pale	0.10	0.89
define	0.10	2.04
accounts	0.10	1.32
afford	0.10	1.19
difficulty	0.10	1.35
glasses	0.10	0.89
services	0.10	1.33
file	0.10	1.60
gene	0.10	1.16
recognized	0.10	1.64
past	0.10	1.32
woman	0.10	1.13
trained	0.10	1.13
nearly	0.10	1.47
blue	0.10	0.83
banned	0.10	1.38
bones	0.11	1.11
overweight	0.11	1.00
cultural	0.11	1.21
fb	0.11	1.43
emotionally	0.11	1.19
marketing	0.11	1.01
hands	0.11	1.12
europe	0.11	1.02
defining	0.11	1.50
taught	0.11	1.75
hipster	0.11	1.25
account	0.11	1.39
users	0.11	1.31
colored	0.11	0.84
hidden	0.11	1.18
debates	0.11	1.50
stigma	0.11	1.57
cheap	0.11	1.10
enter	0.11	1.20
40	0.11	1.09
blanket	0.11	1.43
shades	0.11	0.84
signed	0.11	1.32
net	0.11	1.16
dream	0.11	1.16
youth	0.12	0.94
pic	0.12	1.25
image	0.12	1.34
reproduction	0.12	1.01
minutes	0.12	1.40
gravity	0.12	1.03
dragons	0.12	0.86
liking	0.12	1.75
north	0.12	0.99
cultures	0.12	1.27
australia	0.12	1.04
rule	0.12	1.45
adds	0.12	1.17
critical	0.12	1.42
pics	0.12	1.20
dollars	0.12	1.15
sky	0.12	0.77
flash	0.12	0.94
africa	0.12	0.98
ocean	0.12	1.01
code	0.12	1.38
service	0.12	1.32
hand	0.12	1.17
red	0.12	0.84
brown	0.12	0.93
republic	0.12	0.92
checked	0.12	1.63
understands	0.12	2.59
post	0.12	1.54
button	0.12	1.25
activities	0.12	1.12
transwoman	0.12	1.04
current	0.12	1.32
seconds	0.13	1.40
defines	0.13	1.79
em	0.13	1.91
advertising	0.13	0.96
factory	0.13	1.17
seat	0.13	1.05
bone	0.13	1.09
trait	0.13	1.31
universities	0.13	1.24
genes	0.13	1.21
stolen	0.13	1.11
loses	0.13	1.59
via	0.13	1.35
interactions	0.13	1.16
manager	0.13	1.18
sole	0.13	1.21
qualified	0.13	1.26
roll	0.13	1.15
growth	0.13	1.03
alternative	0.13	1.48
habits	0.13	1.22
blog	0.13	1.40
wet	0.13	1.10
<URL>	0.13	1.07
<SPECIAL>	0.13	1.07
tribe	0.13	0.95
carrying	0.14	1.14
r/tumblratrest	0.14	1.48
reasoning	0.14	1.99
wave	0.14	1.03
goal	0.14	1.54
tweets	0.14	1.32
10	0.14	1.06
invasion	0.14	0.87
bmi	0.14	1.05
anyways	0.14	2.09
nude	0.14	1.26
management	0.14	1.18
subs	0.14	1.35
wikipedia	0.14	1.52
street	0.14	1.16
equipment	0.14	1.13
foot	0.14	1.15
essay	0.14	1.21
canada	0.14	1.10
5	0.14	1.06
alert	0.14	1.26
roughly	0.15	1.12
petition	0.15	1.27
donate	0.15	1.20
weed	0.15	1.01
tough	0.15	1.59
characteristics	0.15	1.35
ages	0.15	1.22
subreddits	0.15	1.34
deserve	0.15	1.50
stories	0.15	1.12
sword	0.15	0.87
occasional	0.15	1.16
central	0.15	0.98
condoms	0.15	1.02
30	0.15	1.06
links	0.15	1.41
category	0.15	1.43
international	0.15	1.31
hm	0.15	1.89
website	0.15	1.19
paint	0.15	0.92
chair	0.15	1.13
creator	0.15	0.96
sea	0.16	1.00
twitter	0.16	1.33
slave	0.16	1.02
immediate	0.16	1.22
reproductive	0.16	1.18
island	0.16	1.00
comprehension	0.16	1.49
bucks	0.16	1.29
achieved	0.16	1.27
authority	0.16	1.23
2000	0.16	1.28
life	0.16	1.00
please	0.16	1.55
morality	0.16	1.98
communist	0.16	0.87
4	0.16	1.06
destroyed	0.16	1.16
burned	0.16	1.04
ethnicity	0.16	1.26
employees	0.16	1.19
bc	0.16	1.17
jeez	0.16	1.91
masculinity	0.16	1.25
build	0.16	1.22
china	0.16	1.02
contains	0.17	1.13
intention	0.17	1.86
feet	0.17	1.16
forum	0.17	1.28
regular	0.17	1.17
finger	0.17	1.11
consideration	0.17	1.30
voices	0.17	1.24
companies	0.17	1.07
private	0.17	1.12
20	0.17	1.08
loose	0.17	1.14
primary	0.17	1.12
reddit	0.17	1.34
engaging	0.17	1.19
ed	0.17	1.44
politics	0.17	1.52
scientists	0.17	1.24
facebook	0.17	1.41
healthier	0.17	1.33
site	0.17	1.18
businesses	0.17	1.05
business	0.17	1.07
goods	0.17	1.18
informed	0.18	1.49
memes	0.18	1.41
fire	0.18	1.01
expectations	0.18	1.41
photos	0.18	1.25
corporations	0.18	1.06
lifestyle	0.18	1.30
argument	0.18	2.20
original	0.18	1.62
widespread	0.18	1.55
attend	0.18	1.21
officially	0.18	1.50
author	0.18	1.20
0	0.18	1.23
america	0.18	1.01
him	0.18	1.64
quinn	0.18	1.06
last	0.18	1.25
moderate	0.18	1.20
mlk	0.19	0.94
click	0.19	1.31
lists	0.19	1.45
painting	0.19	0.98
awareness	0.19	1.28
base	0.19	1.25
relation	0.19	1.40
locked	0.19	1.02
song	0.19	1.08
progress	0.19	1.23
gifs	0.19	1.12
tl	0.19	1.24
tank	0.19	1.05
spent	0.19	1.32
survival	0.19	1.14
doctors	0.19	1.27
taxes	0.19	1.19
morbidly	0.19	1.03
product	0.19	1.05
widely	0.19	1.41
humans	0.19	0.91
office	0.19	1.17
3	0.19	1.06
profit	0.20	1.14
advanced	0.20	1.13
uk	0.20	1.16
harassment	0.20	1.08
sold	0.20	1.00
black	0.20	0.90
societies	0.20	1.01
machines	0.20	1.12
ruining	0.20	0.86
charity	0.20	1.14
abortions	0.20	1.09
beginning	0.20	1.41
riding	0.20	1.01
listen	0.20	1.48
energy	0.20	1.08
first	0.20	1.44
6	0.20	1.07
produced	0.20	0.93
martin	0.20	1.12
money	0.20	1.21
combat	0.20	0.91
linking	0.20	1.39
natives	0.20	0.96
capacity	0.20	1.29
fit	0.20	1.28
west	0.20	1.00
genetically	0.20	1.53
dates	0.20	1.28
body	0.20	1.05
page	0.20	1.41
reasonable	0.21	1.60
school	0.21	1.35
arguments	0.21	1.88
adopt	0.21	1.40
whats	0.21	1.48
gaining	0.21	1.27
flag	0.21	0.97
wall	0.21	1.15
exclusively	0.21	1.53
romans	0.21	1.21
secondly	0.21	1.74
grocery	0.21	1.13
vision	0.21	1.06
upper	0.21	0.89
published	0.21	1.08
section	0.21	1.29
sell	0.21	1.02
company	0.21	1.06
himself	0.21	1.32
notes	0.21	1.28
employee	0.21	1.14
shopping	0.21	1.05
considers	0.21	2.57
smoking	0.21	1.07
motherfucker	0.21	1.38
plane	0.21	1.04
years	0.22	1.37
shape	0.22	1.05
delete	0.22	1.47
middle	0.22	1.00
green	0.22	0.85
zoe	0.22	1.07
cities	0.22	1.05
voting	0.22	1.05
traditionally	0.22	1.31
alternate	0.22	1.32
delusion	0.22	1.24
vice	0.22	1.33
objective	0.22	1.99
emotional	0.22	1.02
replies	0.22	1.51
obese	0.22	1.04
urban	0.22	1.19
articles	0.22	1.10
write	0.22	0.99
cried	0.22	1.27
special	0.22	1.38
blocked	0.22	1.42
minute	0.22	1.30
presenting	0.22	1.57
porn	0.22	0.96
boat	0.22	1.16
tax	0.22	1.18
ago	0.22	1.40
satirical	0.22	1.65
agrees	0.22	2.57
rely	0.22	1.52
concepts	0.22	1.75
diabetes	0.22	1.03
dressed	0.22	0.98
clicking	0.22	1.43
breath	0.22	1.12
established	0.23	1.79
listened	0.23	1.19
cherry	0.23	1.49
wake	0.23	1.11
arab	0.23	1.08
submissions	0.23	1.45
principle	0.23	2.03
highschool	0.23	1.33
fell	0.23	1.26
tweet	0.23	1.46
unhealthy	0.23	1.08
cells	0.23	1.10
un	0.23	1.02
comments	0.23	1.46
rocks	0.23	1.16
blonde	0.23	0.91
inner	0.23	1.19
lived	0.23	1.12
fly	0.23	1.15
fund	0.23	1.21
religious	0.23	0.88
websites	0.23	1.11
colour	0.23	0.90
accurately	0.23	2.11
decent	0.23	1.89
northern	0.24	1.04
thin	0.24	1.03
insurance	0.24	1.13
empty	0.24	1.08
brand	0.24	1.01
depth	0.24	1.34
clickbait	0.24	1.07
pages	0.24	1.25
local	0.24	1.05
france	0.24	1.08
navy	0.24	0.95
readers	0.24	1.02
egalitarian	0.24	1.12
faith	0.24	0.91
traditional	0.24	1.22
appealing	0.24	1.18
wind	0.25	1.10
screenshot	0.25	1.46
censored	0.25	1.51
describes	0.25	1.91
quoting	0.25	1.35
answers	0.25	1.70
reliable	0.25	1.71
confirmed	0.25	1.21
offer	0.25	1.50
shut	0.25	1.68
comment	0.25	1.67
sticks	0.25	1.13
slurs	0.25	1.72
anecdotal	0.25	2.11
sex	0.25	1.04
article	0.25	1.20
300	0.25	1.08
umbrella	0.25	1.31
religion	0.25	0.91
evolved	0.25	1.05
standards	0.25	1.56
googled	0.25	1.66
dreams	0.25	1.13
elementary	0.25	1.31
their	0.25	1.31
pussy	0.25	1.41
qualify	0.25	1.69
selling	0.25	1.02
codes	0.26	1.26
spend	0.26	1.40
slight	0.26	1.86
chain	0.26	1.24
developers	0.26	0.95
station	0.26	1.07
reproduce	0.26	1.15
id	0.26	1.51
christianity	0.26	0.84
reader	0.26	1.34
late	0.26	1.36
floor	0.26	1.20
circles	0.26	1.34
ideal	0.26	1.36
warnings	0.26	1.46
separate	0.27	1.26
citizen	0.27	1.34
bank	0.27	1.17
window	0.27	1.23
buy	0.27	1.03
sane	0.27	1.41
deserves	0.27	1.49
birth	0.27	1.02
developed	0.27	1.18
protest	0.27	1.15
republicans	0.27	0.98
al	0.27	1.31
200	0.27	1.08
americans	0.27	1.08
legally	0.27	1.86
content	0.27	1.26
sperm	0.27	1.06
continuing	0.27	1.32
reblogs	0.27	1.30
toilet	0.27	1.09
traits	0.27	1.41
caucasian	0.27	1.13
cracker	0.28	1.55
privacy	0.28	1.18
op	0.28	1.70
consenting	0.28	1.08
sarcastic	0.28	1.61
listening	0.28	1.41
describing	0.28	1.87
logical	0.28	1.93
titles	0.28	1.19
covers	0.28	1.16
manner	0.28	1.57
defined	0.28	1.76
contain	0.29	1.12
submission	0.29	1.49
lawyer	0.29	1.33
couples	0.29	1.03
screen	0.29	1.17
roles	0.29	1.36
checkmate	0.29	1.10
dressing	0.29	0.81
customers	0.29	1.07
soldiers	0.29	0.91
drawn	0.29	1.15
visible	0.29	1.01
offering	0.29	1.51
sites	0.29	1.13
lives	0.30	0.95
invented	0.30	1.62
mission	0.30	1.34
ugh	0.30	1.33
realistic	0.30	1.36
japan	0.30	0.93
ethical	0.30	1.64
members	0.30	0.92
appropriate	0.30	1.72
missed	0.30	2.31
drown	0.30	1.21
stores	0.30	1.04
spaces	0.30	1.00
sake	0.30	1.49
copy	0.31	1.32
plot	0.31	1.04
snap	0.31	1.64
anita	0.31	1.02
happiness	0.31	1.02
integrity	0.31	1.36
maintain	0.31	1.27
cracked	0.31	1.10
likewise	0.31	1.35
huh	0.31	1.97
requires	0.31	1.65
profile	0.31	1.40
keeping	0.31	1.28
credit	0.31	1.34
print	0.32	1.07
opening	0.32	1.07
fairy	0.32	0.86
master	0.32	1.01
intelligence	0.32	1.28
screenshots	0.32	1.48
contract	0.32	1.17
teach	0.32	1.58
bronies	0.32	1.01
cancer	0.32	1.12
months	0.32	1.33
growing	0.32	1.12
costume	0.32	0.91
ride	0.32	1.15
features	0.32	1.24
hammer	0.32	1.12
activity	0.32	0.91
shots	0.32	1.17
7	0.32	1.08
chicks	0.32	1.14
visual	0.32	1.02
90s	0.33	1.20
wiki	0.33	1.57
pandering	0.33	1.03
magazine	0.33	1.08
yea	0.33	2.08
teen	0.33	1.18
collective	0.33	1.46
birds	0.33	1.07
britain	0.33	1.07
info	0.33	1.48
strip	0.33	0.92
toy	0.33	1.00
religions	0.33	0.93
beating	0.33	1.27
noted	0.33	1.49
amendment	0.33	1.32
im	0.33	1.76
calls	0.33	2.58
effective	0.33	1.46
triggering	0.33	1.30
reply	0.33	1.77
stereotype	0.33	1.24
kingdom	0.33	0.87
bias	0.34	1.51
neckbeards	0.34	1.16
sarkeesian	0.34	0.99
library	0.34	1.13
solid	0.34	1.52
knowledge	0.34	1.46
nowadays	0.34	1.80
die	0.34	1.44
lacking	0.34	1.43
staff	0.34	1.10
costumes	0.34	0.90
stock	0.34	1.06
female	0.34	1.13
mermaid	0.34	1.06
eastern	0.35	1.15
25	0.35	1.09
horse	0.35	0.93
changing	0.35	1.73
south	0.35	0.98
production	0.35	1.06
wan	0.35	1.86
strictly	0.35	1.93
african	0.35	1.15
teens	0.35	1.22
fuckers	0.35	1.28
normal	0.35	1.55
matches	0.35	1.19
pink	0.35	0.99
default	0.35	1.65
symbol	0.35	1.35
called	0.35	1.83
end	0.35	1.51
headmates	0.35	1.29
1	0.35	1.17
california	0.36	1.05
texas	0.36	1.09
moved	0.36	1.28
google	0.36	1.53
amirite	0.36	1.49
stone	0.36	1.12
gt	0.36	2.06
liberal	0.36	1.36
eye	0.37	1.06
gain	0.37	1.27
ireland	0.37	1.10
imaginary	0.37	1.22
owning	0.37	1.07
buzzfeed	0.37	1.16
teachers	0.37	1.34
gawker	0.37	1.12
doctor	0.37	1.14
planned	0.37	1.26
grade	0.37	1.37
journalism	0.37	1.12
meeting	0.37	1.22
leaving	0.37	1.23
technical	0.37	1.37
press	0.37	1.13
agreement	0.37	1.47
alright	0.37	2.25
duck	0.38	0.92
skip	0.38	1.40
basement	0.38	1.18
outfit	0.38	0.97
table	0.38	1.20
ends	0.38	1.49
review	0.38	1.23
opened	0.38	1.27
r/thathappened	0.38	1.49
bra	0.38	1.01
colbert	0.38	1.42
23	0.38	1.08
device	0.38	1.11
nerd	0.38	1.31
confirm	0.38	1.44
lift	0.38	1.18
muh	0.38	1.63
purposes	0.38	1.47
town	0.38	1.06
nuts	0.38	1.13
shall	0.38	1.72
22	0.38	1.10
teaching	0.38	1.59
libertarian	0.39	1.23
jezebel	0.39	1.11
overwhelming	0.39	1.11
femininity	0.39	1.39
computer	0.39	1.25
conservative	0.39	1.21
republican	0.39	1.09
qualities	0.39	1.40
leaders	0.39	1.01
communicate	0.39	2.33
washington	0.39	1.05
culture	0.39	1.34
version	0.39	1.32
bed	0.39	1.28
novel	0.40	0.99
approach	0.40	1.69
moderator	0.40	1.42
ta	0.40	1.95
trapped	0.40	0.91
heart	0.40	1.02
drunk	0.40	1.17
setting	0.40	1.41
computers	0.40	1.20
smoke	0.40	1.01
rent	0.40	1.15
storm	0.40	1.12
sidebar	0.40	1.48
deleted	0.40	1.51
politicians	0.40	1.13
keyboard	0.40	1.21
mixed	0.40	1.22
methods	0.40	1.60
sales	0.40	1.00
relations	0.41	1.21
misunderstood	0.41	2.24
gasp	0.41	1.01
voice	0.41	1.34
authors	0.41	1.01
girls	0.41	1.11
versions	0.41	1.19
albert	0.41	1.13
15	0.41	1.10
signs	0.41	1.16
stands	0.41	1.58
einstein	0.41	1.13
store	0.41	1.06
england	0.41	1.05
uses	0.41	2.59
orange	0.41	0.86
sentences	0.41	1.92
heavy	0.42	1.11
blank	0.42	1.11
user	0.42	1.40
muscle	0.42	1.06
breast	0.42	1.03
folk	0.42	0.92
revolution	0.42	0.96
burning	0.42	0.86
hunger	0.42	0.96
stage	0.42	1.18
adding	0.42	1.46
your	0.42	1.30
9	0.43	1.10
produce	0.43	1.08
context	0.43	2.16
parties	0.43	1.09
neck	0.43	1.09
empire	0.43	1.07
goals	0.43	1.51
gee	0.43	1.66
cell	0.43	1.10
link	0.43	1.55
supreme	0.43	1.25
neighborhood	0.43	1.08
thick	0.43	1.05
loss	0.43	1.11
flying	0.43	0.96
ties	0.43	1.06
faggot	0.43	1.79
non-white	0.43	0.94
strength	0.43	1.31
12	0.43	1.10
24	0.43	1.11
river	0.44	1.03
dragon	0.44	1.00
building	0.44	1.06
humor	0.44	1.53
campaign	0.44	1.14
8	0.44	1.10
uh	0.44	2.00
space	0.44	0.83
flight	0.44	1.06
healthy	0.44	1.15
ghost	0.44	1.00
lack	0.44	1.31
mods	0.44	1.41
open	0.45	1.35
bdsm	0.45	0.83
journalists	0.45	1.06
resistance	0.45	1.08
geek	0.45	1.22
written	0.45	1.13
shorts	0.45	1.08
dress	0.45	1.01
trip	0.45	1.21
soul	0.45	0.89
classical	0.45	1.04
extra	0.45	1.30
quote	0.45	1.39
save	0.45	1.37
burn	0.46	1.10
diverse	0.46	1.08
book	0.46	1.03
imagination	0.46	1.28
rural	0.46	1.13
industry	0.46	1.06
plants	0.46	0.98
phone	0.46	1.24
clubs	0.46	1.03
upvoted	0.46	1.49
positive	0.46	1.32
clothes	0.47	0.98
11	0.47	1.11
clothing	0.47	0.95
staring	0.47	1.15
dudes	0.47	1.18
grown	0.48	1.23
tolerance	0.48	1.08
fairness	0.48	1.26
year	0.48	1.23
bush	0.48	1.08
showing	0.48	1.31
inside	0.48	0.95
practice	0.48	1.20
weight	0.48	1.11
yup	0.48	1.81
realizing	0.48	2.41
room	0.48	1.14
drawing	0.48	1.04
dry	0.48	1.06
weeks	0.48	1.49
walls	0.48	1.15
ai	0.49	1.82
13	0.49	1.12
tranny	0.49	1.84
san	0.49	1.04
uniform	0.49	1.07
add	0.49	1.57
fought	0.49	0.93
academia	0.49	1.55
ppl	0.49	1.65
sexualized	0.49	0.99
nigger	0.49	1.90
guy	0.49	1.25
online	0.49	1.17
indigenous	0.49	1.15
gained	0.49	1.26
tool	0.49	1.71
recognition	0.49	1.35
church	0.49	0.85
commentary	0.50	1.49
adults	0.50	1.23
lyrics	0.50	1.04
slur	0.50	1.97
paragraph	0.50	1.47
duke	0.50	1.16
2012	0.50	1.41
ignorance	0.50	1.35
mirror	0.50	1.27
validity	0.50	2.25
hopes	0.50	1.23
ads	0.50	1.07
pls	0.50	1.59
intended	0.50	1.75
snowflake	0.51	1.32
bars	0.51	0.79
conversation	0.51	1.52
gamers	0.51	0.95
representation	0.51	1.17
stupidity	0.51	1.28
trade	0.51	1.22
items	0.51	1.05
neckbeard	0.51	1.27
robin	0.52	1.03
city	0.52	1.06
repost	0.52	1.62
flaws	0.52	1.87
teh	0.52	1.42
door	0.52	1.20
invisible	0.52	1.12
t-shirt	0.52	1.02
pluto	0.52	1.54
apartment	0.52	1.16
writers	0.52	1.01
wings	0.52	1.01
card	0.52	1.08
mountain	0.52	0.87
ok	0.53	2.50
southern	0.53	1.14
steam	0.53	1.16
flesh	0.53	0.90
infinite	0.53	1.07
funniest	0.53	2.05
connection	0.53	1.44
fucking	0.53	1.53
mainstream	0.53	1.31
houses	0.53	1.06
foreign	0.54	1.85
heels	0.54	0.97
president	0.54	1.12
19	0.54	1.12
atheists	0.54	0.94
mark	0.54	1.55
hunting	0.54	0.96
skirt	0.54	1.01
models	0.55	1.14
products	0.55	1.04
app	0.55	1.18
london	0.55	1.08
asian	0.55	1.26
yo	0.55	1.75
exercise	0.55	1.12
spain	0.55	1.29
norm	0.55	1.76
accidentally	0.55	1.82
gear	0.55	1.07
tradition	0.56	1.12
letters	0.56	1.86
rich	0.56	0.95
cash	0.56	1.21
anal	0.56	0.96
shop	0.56	1.08
belt	0.56	1.04
skills	0.56	1.58
days	0.56	1.49
jack	0.56	1.31
vote	0.56	1.25
demands	0.56	1.47
applied	0.57	2.11
stephen	0.57	1.09
atheism	0.57	1.03
instant	0.57	1.29
culturally	0.57	1.71
pair	0.57	1.03
capital	0.57	1.62
begins	0.57	1.30
lock	0.57	1.29
robot	0.57	0.89
sum	0.57	1.63
customer	0.57	1.19
horseshoe	0.57	1.17
tie	0.57	1.04
century	0.57	1.26
reasonably	0.58	1.67
tall	0.58	1.17
kin	0.58	1.10
forbid	0.58	1.40
counting	0.58	1.28
fantasies	0.58	0.98
skill	0.58	1.47
junk	0.58	1.18
marry	0.58	1.22
national	0.58	1.09
smash	0.58	1.26
singing	0.58	1.17
pants	0.58	1.01
elements	0.59	1.25
planning	0.59	1.50
update	0.59	1.37
interests	0.59	1.23
boys	0.59	1.14
cuz	0.59	1.73
14	0.60	1.14
laptop	0.60	1.14
16	0.60	1.14
confidence	0.60	1.29
x	0.60	1.49
shelter	0.60	1.10
trees	0.60	1.07
spirit	0.60	1.00
quotes	0.60	1.61
pack	0.60	1.01
dresses	0.60	1.11
v	0.60	1.65
naturally	0.60	1.32
christ	0.61	1.68
closed	0.61	1.26
mix	0.61	1.16
ashamed	0.61	2.51
contact	0.61	1.18
poison	0.61	1.18
round	0.61	1.25
wild	0.61	0.94
prominent	0.61	1.20
breeding	0.61	0.98
perfect	0.61	1.74
obama	0.61	1.16
party	0.61	1.03
ii	0.61	0.99
bears	0.61	0.99
appropriating	0.62	1.50
doors	0.62	1.23
whom	0.62	1.17
18	0.62	1.15
miss	0.62	1.68
invent	0.62	1.93
hilarious	0.62	2.05
olds	0.62	1.21
shoes	0.62	1.01
toys	0.62	1.12
teacher	0.62	1.48
bar	0.62	1.02
plans	0.63	1.09
boss	0.63	1.30
paying	0.63	1.30
york	0.63	1.07
wore	0.63	1.01
celebrities	0.63	1.10
watson	0.63	1.15
young	0.63	1.26
creators	0.63	1.13
buying	0.63	1.05
hip	0.63	1.08
bang	0.63	1.35
dollar	0.63	1.26
brony	0.64	1.02
seats	0.64	1.12
owned	0.64	1.04
u	0.64	1.72
prince	0.64	0.97
intellectual	0.64	1.36
sleeping	0.64	1.25
immigrants	0.64	1.21
next	0.65	1.26
commonly	0.65	1.88
mobile	0.65	1.38
ancestors	0.65	1.09
jon	0.65	1.38
animals	0.65	0.92
verbal	0.65	1.17
ya	0.65	1.88
tomorrow	0.65	1.50
shipping	0.65	0.80
sigh	0.65	1.81
guise	0.65	1.49
track	0.66	1.29
gym	0.66	1.13
starving	0.66	1.15
pays	0.66	1.30
bubble	0.66	1.20
method	0.66	1.65
lose	0.66	1.25
shirts	0.66	1.02
pride	0.66	1.07
fights	0.66	1.03
jeans	0.66	1.02
furry	0.66	0.88
wear	0.66	1.01
moon	0.66	0.86
worn	0.67	1.00
dash	0.67	1.21
rules	0.67	1.87
comedian	0.67	1.29
ffs	0.67	1.24
losing	0.67	1.21
tools	0.67	1.75
fetus	0.67	1.13
irish	0.68	1.58
url	0.68	1.54
souls	0.68	0.90
h	0.68	1.86
old	0.68	1.21
tail	0.68	1.01
hunt	0.68	1.01
sin	0.68	1.04
license	0.68	1.33
association	0.68	1.23
plant	0.68	1.04
suits	0.68	1.00
manly	0.68	0.94
desires	0.69	1.24
kickstarter	0.69	1.10
wears	0.69	1.00
omg	0.69	1.59
pay	0.69	1.28
pleasure	0.70	0.96
productive	0.70	1.65
media	0.70	1.08
portray	0.70	1.23
revealing	0.70	0.94
victory	0.70	1.24
safe	0.70	1.20
likes	0.70	2.42
release	0.70	1.18
medium	0.70	1.06
michael	0.71	1.15
chart	0.71	1.55
21	0.71	1.14
checks	0.71	1.48
everyday	0.71	1.64
f	0.71	1.87
upvotes	0.71	1.37
spot	0.71	1.43
da	0.71	1.70
vegans	0.71	1.06
sacred	0.72	1.10
educating	0.72	1.67
c	0.72	1.87
feeding	0.72	1.17
hours	0.72	1.41
e	0.72	1.88
downvote	0.72	1.52
boom	0.72	1.38
t	0.72	1.87
g	0.72	1.88
500	0.72	1.11
spoiler	0.72	1.29
indian	0.72	1.38
age	0.72	1.20
serve	0.72	1.36
books	0.72	0.94
wolf	0.73	0.93
owners	0.73	1.06
amp	0.73	1.74
pictures	0.73	1.28
farm	0.73	0.95
replaced	0.73	1.72
mary	0.73	1.13
hey	0.73	2.11
b	0.73	1.74
misunderstanding	0.73	2.46
our	0.73	1.32
chick	0.73	1.19
redditors	0.73	1.22
k	0.73	1.85
apologize	0.73	2.29
adult	0.73	1.26
guys	0.73	1.45
camera	0.73	1.08
gaming	0.74	1.05
shirt	0.74	1.04
wearing	0.74	1.01
survive	0.74	1.19
comfort	0.74	1.16
beard	0.74	1.20
m8	0.75	1.56
snow	0.75	1.06
honesty	0.75	1.46
magic	0.75	0.98
caring	0.75	1.54
apology	0.75	1.64
roman	0.75	1.15
rock	0.75	1.08
album	0.75	1.11
pounds	0.75	1.16
convention	0.75	0.90
nigga	0.75	1.70
yours	0.76	1.59
caps	0.76	1.91
everybody	0.76	2.64
universally	0.76	2.01
downvotes	0.76	1.42
model	0.76	1.24
dance	0.77	1.05
lbs	0.77	1.15
rainbow	0.77	0.95
fantasy	0.77	0.97
biggest	0.77	2.43
y	0.77	1.69
bills	0.77	1.28
alcohol	0.78	1.03
boy	0.78	1.24
pm	0.78	1.46
con	0.78	1.02
owner	0.78	1.07
nevermind	0.78	2.07
polish	0.78	1.43
native	0.78	1.47
originally	0.78	2.22
music	0.78	1.11
hour	0.78	1.40
bill	0.78	1.19
enjoying	0.78	1.22
mutually	0.79	1.32
prime	0.79	1.20
iphone	0.79	1.14
restaurants	0.79	1.13
weigh	0.79	1.15
bible	0.79	1.10
fictional	0.79	1.02
budget	0.79	1.02
mlp	0.79	0.80
totes	0.79	1.76
l	0.79	1.94
closest	0.80	2.47
success	0.80	1.34
fandoms	0.80	0.83
naked	0.80	1.23
month	0.80	1.34
ring	0.80	1.26
club	0.80	0.99
week	0.80	1.39
respect	0.80	1.37
sheer	0.80	1.24
advice	0.81	1.42
released	0.81	1.20
rap	0.81	1.13
refers	0.81	2.24
objectively	0.81	3.40
pop	0.81	0.94
worlds	0.81	1.22
phones	0.81	1.17
tho	0.81	1.83
wars	0.82	0.94
breed	0.82	1.02
half	0.82	1.47
bite	0.82	1.13
celebrity	0.82	1.19
hop	0.82	1.09
custody	0.82	1.24
princess	0.82	1.05
misgendering	0.82	2.15
touching	0.82	1.22
gamer	0.83	1.07
fitting	0.83	1.38
girl	0.83	1.18
atheist	0.83	1.01
p	0.83	1.87
check	0.83	1.23
rolls	0.83	1.04
mod	0.83	1.45
magical	0.83	1.03
former	0.83	1.27
comedy	0.84	1.26
news	0.84	1.08
songs	0.84	1.13
marks	0.84	2.20
definition	0.84	2.37
queen	0.84	0.95
w	0.84	1.79
korean	0.84	1.55
soldier	0.85	1.01
panel	0.85	1.29
um	0.85	2.11
dating	0.85	1.23
interaction	0.85	1.19
stereotypical	0.85	1.15
public	0.85	1.18
fiction	0.86	0.90
debt	0.86	1.28
formatting	0.86	2.00
punk	0.86	1.12
earned	0.86	1.50
kids	0.86	1.32
george	0.86	1.14
fat	0.87	1.11
fanfiction	0.87	0.81
ur	0.87	1.71
spoilers	0.87	1.18
european	0.87	1.64
sarcasm	0.87	1.72
educated	0.87	1.43
wut	0.87	1.74
trap	0.87	1.29
battle	0.87	0.92
umm	0.87	1.89
princesses	0.87	0.99
generations	0.87	1.39
academic	0.87	1.75
names	0.87	1.66
nah	0.88	2.05
mens	0.88	1.22
hispanic	0.88	1.48
crush	0.88	1.24
r	0.88	1.79
1000	0.88	1.13
n	0.88	1.80
professional	0.88	1.19
o	0.88	1.79
fits	0.88	1.35
lips	0.88	1.04
ball	0.88	1.03
genre	0.88	1.04
acronym	0.89	2.18
host	0.89	1.09
woah	0.89	1.70
pound	0.89	1.15
sun	0.89	0.89
he/she	0.89	2.45
projection	0.89	1.41
morally	0.89	3.31
shakespeare	0.90	1.14
forgot	0.90	1.94
catcalling	0.90	1.39
insert	0.90	1.19
reminder	0.90	1.23
forms	0.90	2.20
metal	0.90	1.11
guide	0.90	1.27
learn	0.90	2.81
sheep	0.90	0.96
ancestry	0.90	1.61
curiosity	0.91	1.21
cold	0.91	1.24
night	0.91	1.22
reviews	0.91	1.13
seriousness	0.91	1.47
chinese	0.91	1.55
edgy	0.92	1.43
latino	0.92	1.53
hotel	0.92	1.16
glass	0.92	1.07
tree	0.92	1.06
david	0.92	1.09
steve	0.93	1.29
wish	0.93	2.65
armor	0.93	1.11
y'all	0.93	1.80
suggestion	0.93	1.66
frozen	0.93	1.05
heritage	0.93	1.52
greek	0.94	1.66
stars	0.94	0.92
dialogue	0.94	1.32
voted	0.94	1.27
bottle	0.94	1.03
17	0.94	1.24
coke	0.94	1.03
cheating	0.94	1.41
duty	0.94	1.11
referred	0.94	2.38
definitions	0.95	2.36
form	0.95	2.17
letter	0.95	1.93
twilight	0.95	0.86
cards	0.96	0.91
american	0.96	1.64
sorry	0.96	2.27
kings	0.96	1.03
starbucks	0.96	1.05
paul	0.96	1.11
fandom	0.96	0.83
row	0.97	1.09
warrior	0.97	1.16
close	0.97	2.14
hobby	0.97	1.12
catholic	0.98	0.88
technically	0.98	3.29
calories	0.98	1.10
permission	0.98	1.41
derogatory	0.98	2.38
artist	0.98	1.07
contest	0.98	1.45
mexicans	0.99	1.05
learning	0.99	2.42
radio	0.99	1.04
bow	0.99	1.25
suit	0.99	1.15
animal	0.99	0.98
air	0.99	1.01
suey	0.99	1.20
consume	0.99	1.05
jim	1.00	1.19
meme	1.00	1.39
dated	1.00	1.44
pot	1.01	1.08
box	1.01	1.18
references	1.01	1.14
sacrifice	1.01	1.24
bodies	1.02	1.19
boxes	1.02	1.27
discourse	1.02	1.50
edge	1.03	1.13
ship	1.03	0.95
bell	1.03	1.18
votes	1.03	1.26
universe	1.03	1.01
chris	1.03	1.32
peace	1.04	1.21
training	1.04	1.63
sensible	1.04	1.61
connotations	1.04	2.39
respected	1.04	1.44
headmate	1.04	1.70
fox	1.04	0.97
scenes	1.05	0.97
career	1.05	1.36
double	1.05	1.73
stay	1.05	1.45
finished	1.05	1.47
la	1.05	1.38
tom	1.06	1.12
roots	1.06	1.75
nicely	1.06	1.73
attraction	1.06	1.18
pronounced	1.06	2.10
australian	1.07	1.81
phrases	1.07	2.47
diet	1.07	1.20
intentional	1.07	2.08
insult	1.07	2.08
dr	1.07	1.18
ms	1.08	1.38
tight	1.08	1.13
popular	1.08	1.09
grand	1.08	0.99
canon	1.08	0.88
easiest	1.08	2.90
accurate	1.09	2.89
hers	1.09	1.61
avatar	1.09	0.77
mexican	1.09	1.36
expert	1.09	1.46
restaurant	1.09	1.07
king	1.09	0.99
drinking	1.10	1.02
wealthy	1.10	0.97
jackson	1.10	1.16
describe	1.10	2.58
descent	1.10	1.81
fedoras	1.11	1.26
cows	1.11	0.99
fourth	1.11	1.37
kek	1.11	1.32
meaning	1.11	2.56
incorrect	1.11	3.49
worship	1.11	1.28
onion	1.11	1.19
advance	1.12	1.24
ultimate	1.12	1.02
food	1.12	1.09
divorce	1.12	1.37
2	1.12	1.15
silent	1.13	1.40
foods	1.13	1.19
saved	1.13	1.36
artists	1.13	1.06
peers	1.13	1.22
lego	1.13	1.41
pc	1.13	1.13
network	1.14	1.02
title	1.14	1.64
band	1.14	1.03
stranger	1.14	1.51
park	1.14	1.26
utopia	1.14	1.11
drinks	1.14	1.02
solution	1.14	2.87
yay	1.14	1.70
ol	1.15	1.42
romantic	1.15	1.20
babies	1.16	1.28
remain	1.16	1.53
protein	1.16	1.15
underwear	1.16	1.12
bought	1.16	1.01
entertainment	1.16	1.07
homestuck	1.17	0.79
whoa	1.18	1.63
final	1.18	1.22
terms	1.18	2.59
tropes	1.18	1.01
rational	1.18	1.70
iron	1.18	1.09
grew	1.18	1.29
potter	1.18	0.83
kitchen	1.19	1.12
rip	1.19	1.31
womyn	1.19	1.17
official	1.19	2.02
canadian	1.19	1.74
homes	1.19	1.14
beauty	1.19	1.26
wasted	1.19	1.31
harry	1.19	0.86
typing	1.20	2.07
minded	1.20	1.50
feature	1.20	1.05
replace	1.20	2.40
name	1.20	1.56
adventure	1.20	0.83
exchange	1.20	1.39
hypocrisy	1.20	1.42
sexy	1.20	1.14
pronounce	1.21	2.43
xe	1.21	2.37
fed	1.21	1.10
angel	1.21	1.05
bird	1.21	1.08
fuckin	1.22	1.71
attractive	1.23	1.25
characters	1.23	1.02
water	1.23	1.08
peter	1.24	0.95
sentence	1.24	2.44
feed	1.24	1.06
return	1.24	1.43
calm	1.24	1.74
terminology	1.24	2.64
wins	1.24	1.40
japanese	1.25	1.88
articulate	1.25	1.73
tonight	1.25	1.20
wymyn	1.25	1.15
italian	1.26	2.00
classic	1.26	1.17
fish	1.26	0.99
morning	1.27	1.28
hearts	1.27	1.07
lol	1.27	1.90
reminds	1.27	1.83
hypothetical	1.27	2.73
wtf	1.27	1.85
german	1.27	2.38
golden	1.27	1.40
disney	1.27	0.97
artistic	1.28	1.24
relationships	1.28	1.09
welp	1.29	1.78
raise	1.29	1.33
cared	1.29	1.88
bear	1.29	1.08
wat	1.29	1.83
egg	1.29	1.07
latest	1.30	1.10
protagonists	1.30	1.00
cow	1.30	1.01
invalid	1.31	3.27
womens	1.31	1.28
hah	1.31	1.96
interview	1.31	1.02
dictionary	1.31	2.67
phrase	1.31	2.74
vegan	1.32	1.11
kissing	1.32	1.25
james	1.32	1.13
pregnant	1.33	1.29
progressive	1.33	1.31
fixed	1.33	2.33
dc	1.33	1.08
third	1.33	2.06
wizard	1.33	1.13
vegetarian	1.34	1.15
valid	1.34	2.96
jimmies	1.34	1.56
meanings	1.34	2.72
word	1.34	2.73
apologies	1.35	2.24
self-awareness	1.35	1.49
dissonance	1.35	1.50
headcanon	1.35	0.89
precious	1.36	1.34
pony	1.36	0.90
teams	1.36	1.18
british	1.36	2.13
intensifies	1.36	1.44
bros	1.36	1.29
drink	1.36	1.05
leader	1.36	1.14
proud	1.36	1.17
romance	1.36	0.99
comic	1.36	1.00
se	1.37	1.76
woc	1.37	1.11
honor	1.37	1.22
prefer	1.37	1.62
object	1.37	2.23
rekt	1.38	1.56
max	1.38	1.24
kindly	1.38	1.72
inspired	1.39	0.93
win	1.39	1.50
spelled	1.39	2.60
satan	1.39	1.22
team	1.39	1.14
objects	1.39	2.17
christian	1.40	0.99
used	1.40	2.82
fans	1.40	0.73
sunday	1.40	1.33
generation	1.40	1.17
term	1.41	2.73
joy	1.41	2.07
casual	1.41	1.06
named	1.42	0.95
ah	1.42	2.14
writer	1.42	1.09
masculine	1.43	2.27
saving	1.44	1.17
russian	1.44	2.25
lady	1.44	1.20
raising	1.44	1.35
mexico	1.44	1.18
token	1.44	1.02
mature	1.45	1.46
raw	1.45	1.14
cognitive	1.45	1.50
served	1.45	1.09
toucans	1.45	1.30
fruit	1.45	1.09
3rd	1.45	1.58
dancing	1.45	0.99
er	1.46	1.67
supernatural	1.46	0.88
scene	1.46	1.04
indeed	1.46	2.21
strangers	1.46	1.51
heaven	1.47	1.39
origin	1.47	1.94
emperor	1.47	1.12
eggs	1.47	1.11
speaks	1.47	2.63
performance	1.47	1.43
tears	1.47	1.05
beer	1.47	1.06
sport	1.48	1.12
feminine	1.48	2.30
meat	1.48	1.04
families	1.48	1.35
accepting	1.48	1.25
e.g	1.49	1.67
oil	1.49	1.04
providing	1.49	1.38
intelligent	1.49	1.55
horses	1.50	1.12
wine	1.51	1.04
bathroom	1.51	1.62
weather	1.51	1.15
famous	1.51	1.31
coffee	1.51	1.02
knight	1.51	1.19
toucan	1.52	1.52
pun	1.52	1.62
standard	1.52	2.54
2nd	1.52	1.59
house	1.53	1.45
reference	1.53	1.20
trope	1.53	1.06
partner	1.53	1.17
main	1.53	1.12
lmao	1.53	1.84
videos	1.53	1.04
new	1.53	1.07
ooh	1.53	1.85
cats	1.54	1.21
empowering	1.54	1.23
eating	1.55	1.18
edited	1.56	2.29
spoke	1.56	2.79
older	1.56	1.56
oh	1.57	2.03
child	1.57	1.50
acceptable	1.57	2.78
wedding	1.58	1.12
pokemon	1.58	0.91
communication	1.58	2.29
words	1.58	2.89
sherlock	1.58	0.91
consistent	1.59	2.55
heat	1.59	1.04
worries	1.59	2.07
ha	1.60	1.89
eats	1.60	2.47
wikibot	1.60	1.68
spell	1.60	2.48
youtube	1.60	1.16
bathrooms	1.61	1.63
scientist	1.61	1.31
bowl	1.61	1.09
younger	1.61	1.54
cast	1.62	1.27
gods	1.62	1.25
cat	1.62	1.18
pets	1.62	1.19
2014	1.62	1.40
game	1.62	1.01
salt	1.62	1.04
scottish	1.63	1.93
anime	1.64	0.76
players	1.64	1.14
bonus	1.64	1.31
cup	1.64	1.02
pronouns	1.64	2.81
children	1.64	1.50
dogs	1.65	1.18
translate	1.65	2.58
bingo	1.65	1.27
partners	1.65	1.19
competition	1.65	1.39
mario	1.65	1.15
logically	1.66	3.17
relationship	1.66	1.20
staying	1.67	1.34
player	1.67	1.16
whose	1.67	1.68
generic	1.68	1.47
talent	1.68	1.39
dutch	1.68	2.61
powerful	1.69	1.15
heh	1.69	1.81
speak	1.69	2.97
translation	1.70	2.16
baby	1.70	1.22
dog	1.70	1.13
smith	1.71	1.20
olympics	1.71	1.37
hats	1.71	1.33
ftfy	1.71	1.60
character	1.71	1.14
slang	1.71	2.95
play	1.71	1.23
xir	1.72	2.17
refer	1.72	2.99
stable	1.72	1.28
lunch	1.72	1.12
jesus	1.72	1.51
home	1.74	1.57
spanish	1.74	2.67
winning	1.74	1.44
mothers	1.75	1.66
captain	1.76	1.12
bro	1.76	1.90
hollywood	1.77	1.13
haha	1.77	1.99
future	1.78	2.52
helpful	1.79	2.14
football	1.79	1.13
john	1.79	1.07
cook	1.79	1.03
noble	1.79	1.11
abilities	1.79	1.42
heroes	1.79	1.13
intentions	1.79	2.67
rice	1.79	1.04
kid	1.79	1.67
brave	1.80	1.17
politically	1.80	3.06
pet	1.80	1.23
milk	1.80	1.07
mate	1.80	1.79
eaten	1.81	1.06
buddy	1.81	1.92
abusive	1.81	1.37
latin	1.82	2.87
le	1.82	1.28
eat	1.82	1.14
recommend	1.82	1.17
raised	1.82	1.35
channel	1.82	1.04
mighty	1.82	1.33
villain	1.83	0.93
independent	1.83	1.21
aw	1.83	1.80
de	1.83	1.39
inclusive	1.83	1.41
league	1.84	1.15
french	1.84	2.85
noun	1.84	3.11
points	1.84	1.49
comics	1.85	1.03
spoken	1.85	2.82
actors	1.85	1.27
halloween	1.85	1.28
games	1.87	1.08
tip	1.87	1.35
peaceful	1.87	1.15
hat	1.88	1.32
great	1.88	1.39
freaking	1.89	2.00
referring	1.89	3.37
villains	1.89	1.03
fresh	1.89	1.11
praise	1.90	1.43
horror	1.90	1.03
speaker	1.90	3.01
playing	1.90	1.14
fan	1.91	0.78
marvel	1.91	1.05
correctly	1.91	3.46
salad	1.91	1.04
accent	1.91	2.84
fathers	1.91	1.74
cooking	1.92	0.94
trek	1.92	0.91
gift	1.93	1.13
cartoon	1.93	0.91
mr	1.93	1.28
star	1.94	0.95
role	1.94	1.15
alive	1.95	2.18
oops	1.95	2.18
beef	1.96	1.12
enlightened	1.96	1.24
speakers	1.96	3.10
daddy	1.96	1.36
breakfast	1.96	1.08
sugar	1.97	1.04
tastes	1.97	1.09
hi	1.97	1.41
summer	1.97	1.22
invited	1.98	1.25
strong	1.98	1.27
impressive	1.98	1.81
sports	1.98	1.08
languages	1.99	3.13
goodness	1.99	1.09
married	2.00	1.63
meal	2.00	1.05
spice	2.00	0.82
forgive	2.00	2.05
dat	2.00	1.66
television	2.00	1.02
hahaha	2.01	1.91
burger	2.02	1.08
episode	2.02	1.07
st	2.02	1.28
accepted	2.02	2.73
edit	2.03	2.17
films	2.03	0.96
roommate	2.04	1.94
language	2.05	3.19
apple	2.05	1.04
thanks	2.05	2.01
dinner	2.05	1.05
karma	2.06	1.29
dammit	2.06	1.57
ruined	2.06	1.75
fellow	2.07	1.21
trust	2.07	2.39
weekend	2.07	1.53
adopted	2.07	1.52
season	2.08	1.14
luck	2.08	2.23
heck	2.08	1.98
lt	2.09	1.60
movie	2.09	0.97
strategy	2.10	2.59
her	2.10	1.86
winter	2.12	1.31
using	2.13	3.51
protagonist	2.13	1.02
candy	2.13	0.96
xd	2.14	1.72
film	2.14	0.97
episodes	2.15	1.10
documentary	2.15	1.10
pronoun	2.16	3.45
wise	2.16	1.22
ice	2.16	1.01
usage	2.18	3.58
video	2.19	0.99
ate	2.19	1.05
use	2.19	3.55
cookie	2.22	1.04
singular	2.22	3.52
chicken	2.22	1.08
proper	2.22	3.65
adorable	2.23	1.85
kidding	2.23	2.28
dude	2.23	2.00
punctuation	2.23	3.14
error	2.23	3.20
show	2.24	0.99
hug	2.24	1.45
damn	2.25	2.14
fried	2.26	1.07
preferred	2.26	3.23
lord	2.26	1.44
parent	2.26	1.60
plan	2.26	2.39
soft	2.26	1.25
speaking	2.27	3.59
upvote	2.28	1.52
pizza	2.29	1.05
bacon	2.30	1.11
sandwich	2.30	1.04
plural	2.30	3.59
tea	2.31	1.01
mum	2.31	1.75
chill	2.32	2.05
hail	2.32	1.35
unique	2.32	1.75
gf	2.33	1.92
girlfriend	2.33	1.89
mayo	2.34	0.99
watching	2.35	1.02
talented	2.35	1.17
irony	2.35	1.91
mistake	2.35	3.02
friend	2.35	1.95
gendered	2.36	3.46
ahh	2.37	1.70
hoist	2.38	1.53
aave	2.39	3.55
his	2.39	1.89
parents	2.39	1.79
english	2.39	3.56
neutral	2.39	3.30
mistakes	2.39	3.27
chosen	2.39	2.43
greatest	2.40	1.83
successful	2.40	1.92
bread	2.40	1.04
movies	2.40	0.95
dialect	2.41	3.57
boyfriend	2.41	1.86
shows	2.41	1.00
grammar	2.42	3.51
tv	2.43	0.99
series	2.44	0.94
corrected	2.46	2.87
butter	2.46	1.00
10/10	2.47	1.36
gameplay	2.47	1.83
wife	2.48	1.89
sauce	2.48	1.11
spelling	2.50	3.31
display	2.50	1.92
formal	2.51	3.44
username	2.52	1.55
aww	2.53	1.67
cheese	2.53	1.03
glorious	2.55	1.26
cool	2.55	2.17
favourite	2.56	2.01
unknown	2.56	2.33
ex	2.56	1.88
sister	2.58	1.88
daughter	2.58	1.89
bless	2.58	1.37
gold	2.59	1.28
husband	2.59	1.87
dies	2.59	2.20
actress	2.60	2.34
plays	2.60	2.03
bot	2.61	1.46
cookies	2.63	0.98
son	2.63	1.79
smart	2.63	1.94
cream	2.64	0.99
efs	2.65	1.44
congratulations	2.66	1.25
watch	2.66	0.96
family	2.67	1.88
award	2.68	2.36
honey	2.69	1.32
mother	2.70	1.91
taste	2.71	1.66
brothers	2.71	1.85
father	2.72	1.93
confident	2.73	1.83
compliment	2.73	2.22
smile	2.74	2.13
appreciate	2.74	2.02
grandfather	2.75	1.89
sisters	2.76	1.94
goddamn	2.78	1.94
uncle	2.78	1.87
polite	2.79	2.26
cousin	2.80	1.95
won	2.81	2.21
lost	2.82	1.96
actor	2.82	2.07
welcome	2.82	1.35
sing	2.83	1.83
potato	2.85	1.00
ending	2.86	1.83
dead	2.87	1.91
badass	2.89	1.90
grandmother	2.90	1.98
creative	2.92	1.51
iirc	2.92	1.75
clever	2.92	1.56
gymnastics	2.93	1.74
holy	2.93	1.72
comfortable	2.94	2.39
stayed	2.97	1.92
respectful	2.98	2.07
died	2.99	2.10
fedora	3.02	2.14
chocolate	3.03	0.94
quiet	3.03	2.08
day	3.12	2.53
damnit	3.12	1.77
god	3.16	1.70
wishes	3.17	2.22
neat	3.18	1.46
interest	3.19	2.00
enjoy	3.19	1.49
wow	3.22	1.90
mine	3.23	2.05
friendly	3.33	1.97
supportive	3.33	1.75
liked	3.35	1.39
holiday	3.38	2.36
brilliant	3.38	1.30
tips	3.39	1.90
friends	3.40	2.01
hot	3.42	1.57
cute	3.42	1.57
hello	3.43	1.89
owe	3.44	2.04
celebrate	3.45	2.32
christmas	3.45	2.20
thank	3.46	1.74
ladies	3.47	1.68
watched	3.48	1.53
dear	3.53	1.63
enjoyed	3.53	1.31
excellent	3.56	1.32
played	3.61	1.56
batman	3.61	1.56
bob	3.62	1.46
epic	3.64	1.72
sir	3.64	1.53
delicious	3.64	1.46
friendship	3.66	1.81
kiss	3.68	1.73
mom	3.70	2.08
brother	3.71	2.09
dad	3.71	2.08
pie	3.72	1.29
fancy	3.73	1.79
hero	3.73	1.66
incredible	3.80	1.38
grandma	3.81	1.92
warm	3.85	1.60
btw	3.91	1.63
wonderful	3.91	1.16
favorite	3.95	1.45
birthday	3.96	1.88
loving	4.13	1.34
beautiful	4.13	1.36
cake	4.16	1.19
genius	4.21	1.21
lovely	4.33	1.02
flair	4.46	1.25
sweet	5.00	0.92
