evil	-4.37	0.34
brutal	-4.25	0.57
dislike	-4.04	0.71
vile	-3.89	0.60
homophobic	-3.71	1.02
label	-3.70	1.17
blaming	-3.63	1.13
bigoted	-3.61	1.00
hating	-3.60	1.25
sexist	-3.60	1.03
blame	-3.57	1.14
racist	-3.53	1.18
death	-3.45	1.30
disgusting	-3.45	0.81
tragic	-3.44	1.42
shithole	-3.37	1.20
gays	-3.35	1.62
annoys	-3.35	0.72
administration	-3.23	1.57
unpleasant	-3.20	1.36
ugly	-3.17	0.87
unfortunate	-3.16	1.42
racists	-3.12	1.19
precedent	-3.09	1.59
tony	-3.09	1.69
miserable	-3.06	1.29
referred	-3.04	1.64
dodgy	-3.02	1.21
fascist	-2.93	0.67
churchill	-2.89	1.58
backwards	-2.88	0.74
dirty	-2.87	1.09
bigots	-2.86	0.78
corrupt	-2.84	0.58
xenophobic	-2.82	0.85
hatred	-2.81	1.57
fucked	-2.77	1.84
bastards	-2.75	1.01
fault	-2.75	1.29
truth	-2.73	1.55
bigotry	-2.72	0.94
blamed	-2.71	1.33
scum	-2.71	0.51
shame	-2.71	1.58
spite	-2.68	1.56
jews	-2.67	1.65
immoral	-2.66	1.51
prejudice	-2.66	1.66
monster	-2.64	1.16
greedy	-2.63	0.55
ridiculous	-2.63	1.72
hitler	-2.60	0.67
xenophobia	-2.59	0.98
ignorant	-2.57	0.88
pathetic	-2.57	1.42
bigot	-2.55	0.90
assumed	-2.54	1.82
fear	-2.54	1.69
criticising	-2.53	2.01
cares	-2.53	2.39
homophobia	-2.51	0.97
affairs	-2.49	2.17
lying	-2.49	0.87
hypocritical	-2.48	1.75
labelled	-2.47	0.99
outrageous	-2.47	1.38
forgotten	-2.46	1.79
terrifying	-2.46	1.40
bad	-2.46	2.14
sick	-2.45	1.90
racism	-2.45	1.09
rude	-2.43	1.42
disaster	-2.43	1.93
cunts	-2.42	0.60
spreading	-2.40	1.67
incompetent	-2.38	0.84
muslims	-2.38	1.82
fascists	-2.36	0.86
unlikely	-2.35	2.15
useless	-2.35	1.47
speaks	-2.34	2.22
unlike	-2.34	1.66
frustrating	-2.33	1.94
crap	-2.33	1.64
oppression	-2.32	0.77
supports	-2.32	2.26
mess	-2.30	1.60
stupid	-2.30	1.59
openly	-2.30	1.06
pointless	-2.29	1.61
calling	-2.29	0.99
believes	-2.28	2.23
called	-2.28	1.00
remind	-2.27	1.82
bunch	-2.27	0.68
thinks	-2.26	2.27
morons	-2.25	0.71
lazy	-2.22	0.73
horrific	-2.22	1.85
shitty	-2.21	1.70
selfish	-2.20	0.93
moves	-2.20	2.29
nazis	-2.19	0.94
desperate	-2.19	2.06
bnp	-2.18	0.98
anti-eu	-2.18	0.89
strange	-2.17	1.84
exists	-2.17	1.68
idiotic	-2.16	1.10
whole	-2.16	1.91
homosexuals	-2.16	0.93
sexism	-2.15	1.03
unacceptable	-2.14	1.03
idiots	-2.14	0.86
talks	-2.13	2.38
pandering	-2.13	0.70
poor	-2.12	1.75
ironic	-2.11	1.97
depressed	-2.10	2.16
towards	-2.10	1.08
authoritarian	-2.09	0.86
unfair	-2.07	2.11
silly	-2.06	2.13
absolute	-2.06	1.47
absurd	-2.06	1.92
criticise	-2.06	1.34
accident	-2.04	1.12
naive	-2.04	1.35
customer	-2.04	2.58
crappy	-2.03	1.94
rare	-2.03	1.86
practices	-2.03	0.84
disingenuous	-2.01	2.19
communist	-2.01	0.84
outdated	-2.01	1.27
arseholes	-2.01	0.71
minorities	-2.01	1.22
ignorance	-1.99	1.14
bankers	-1.99	0.66
racial	-1.99	1.08
contempt	-1.99	1.05
deaths	-1.98	0.96
irrational	-1.98	1.19
event	-1.98	1.47
hard	-1.97	2.32
sees	-1.97	2.40
tolerate	-1.96	0.97
feels	-1.95	1.86
foreigners	-1.95	1.75
shocking	-1.94	1.81
childish	-1.94	1.20
wankers	-1.93	0.71
moment	-1.92	2.73
incidents	-1.92	1.06
boring	-1.91	1.76
anger	-1.90	1.26
patronising	-1.90	1.28
truly	-1.89	1.78
felt	-1.89	2.31
laughable	-1.87	1.92
incident	-1.87	1.13
nazi	-1.86	0.91
annoying	-1.86	1.97
attacking	-1.86	1.30
blatant	-1.85	1.05
bullshit	-1.84	0.97
behaviour	-1.84	0.99
bizarre	-1.83	1.78
accuse	-1.83	1.45
utterly	-1.83	1.31
ludicrous	-1.83	1.44
accusing	-1.82	1.48
incompetence	-1.82	0.96
brigade	-1.82	2.16
hurts	-1.82	0.76
worrying	-1.82	1.94
populist	-1.81	0.88
versus	-1.81	1.75
excuse	-1.80	1.19
partly	-1.80	1.13
harsh	-1.79	1.16
dies	-1.79	0.98
mock	-1.79	1.71
homosexuality	-1.79	0.95
stupidity	-1.79	1.08
fascism	-1.77	0.97
arrogant	-1.77	0.99
occurred	-1.77	1.15
supporters	-1.76	1.00
frankly	-1.76	1.34
delay	-1.75	0.96
irresponsible	-1.75	1.34
slavery	-1.75	0.79
directed	-1.75	1.28
suspicious	-1.75	1.94
tough	-1.75	1.90
discrimination	-1.74	1.14
record	-1.74	1.95
utter	-1.74	0.74
disturbing	-1.73	1.82
smug	-1.73	1.07
angry	-1.72	2.34
obvious	-1.72	2.10
bastard	-1.72	0.68
simplistic	-1.72	1.47
cynical	-1.72	2.06
gay	-1.72	1.02
minded	-1.71	1.08
morally	-1.71	1.32
comparing	-1.70	1.33
deluded	-1.69	1.23
usual	-1.69	1.03
questionable	-1.69	1.39
hearing	-1.69	2.35
indeed	-1.69	2.56
regime	-1.69	0.89
embarrassing	-1.69	1.93
shite	-1.68	0.88
brush	-1.68	0.91
negative	-1.67	1.31
dubious	-1.67	1.52
represents	-1.67	1.03
edl	-1.66	0.96
scaremongering	-1.66	1.06
contributed	-1.66	0.87
rage	-1.66	1.77
idiot	-1.66	0.97
ukip	-1.66	1.16
accidents	-1.65	1.17
universal	-1.65	0.89
obama	-1.65	1.31
awkward	-1.65	2.01
brown	-1.63	0.92
corruption	-1.63	1.09
unreasonable	-1.62	1.59
hypocrisy	-1.61	1.15
except	-1.61	2.16
saudi	-1.61	0.78
scenario	-1.60	2.30
vs	-1.60	0.85
rightly	-1.60	1.09
nonsense	-1.60	1.09
flawed	-1.59	2.65
bollocks	-1.59	0.95
shock	-1.59	2.03
stance	-1.59	1.18
isolated	-1.59	1.17
right-wing	-1.57	1.05
pisses	-1.57	0.91
insulting	-1.57	1.24
attitudes	-1.57	1.13
sentiment	-1.56	1.33
paranoid	-1.55	1.29
blair	-1.55	1.21
complaining	-1.55	1.79
shocked	-1.55	2.29
unusual	-1.55	1.37
lies	-1.54	1.19
surprising	-1.54	1.94
inappropriate	-1.54	1.38
situations	-1.53	1.40
prick	-1.53	0.87
arsehole	-1.53	0.77
sudden	-1.52	1.11
hide	-1.52	1.53
enemy	-1.52	0.69
trivial	-1.52	1.52
genocide	-1.52	0.92
feelings	-1.51	1.36
abusive	-1.51	1.14
describe	-1.51	1.47
unnecessary	-1.51	1.38
officials	-1.51	1.31
views	-1.51	1.25
politician	-1.50	1.51
uncomfortable	-1.50	2.34
amusing	-1.50	1.93
feeling	-1.49	1.83
twats	-1.48	0.78
toward	-1.47	1.25
tricky	-1.47	2.08
pile	-1.47	0.90
nationalism	-1.47	1.22
suspicion	-1.47	1.40
petty	-1.47	1.18
cunt	-1.46	0.82
knows	-1.46	2.18
complete	-1.46	0.96
lowest	-1.46	3.00
outright	-1.45	1.04
rubbish	-1.45	0.97
load	-1.45	1.04
cry	-1.44	2.17
bullying	-1.43	1.05
acceptable	-1.43	1.21
hypocrite	-1.42	1.23
comparable	-1.42	1.14
little	-1.41	2.24
mainly	-1.41	1.23
annoyed	-1.41	2.48
women	-1.40	1.02
pity	-1.40	1.32
soul	-1.40	0.86
persons	-1.40	1.17
understandable	-1.40	1.29
worldwide	-1.40	2.83
moron	-1.40	0.97
thatcher	-1.39	1.21
acts	-1.39	0.97
pure	-1.39	0.95
pm	-1.38	1.13
propaganda	-1.38	1.13
poles	-1.38	1.46
mentality	-1.38	1.16
crowd	-1.38	1.14
retarded	-1.38	1.31
resulted	-1.37	1.10
supporting	-1.37	1.55
accusations	-1.37	1.37
equal	-1.36	1.21
fears	-1.36	1.18
anti	-1.36	1.17
basically	-1.35	2.44
rhetoric	-1.35	1.10
sympathy	-1.35	1.25
self	-1.35	1.04
murder	-1.34	1.11
punishment	-1.34	1.34
meaningless	-1.33	1.68
injury	-1.33	1.04
against	-1.33	1.42
redundant	-1.33	1.69
acting	-1.32	0.98
responsibility	-1.32	1.24
panic	-1.32	1.11
perceived	-1.32	1.19
developed	-1.32	2.94
deeply	-1.31	1.73
penalty	-1.31	1.25
suicide	-1.31	0.98
trust	-1.31	1.85
germans	-1.30	1.15
odd	-1.30	2.08
atheists	-1.30	1.25
inherent	-1.30	1.21
led	-1.30	1.16
worthless	-1.29	1.39
outrage	-1.29	1.26
exception	-1.29	1.05
theresa	-1.29	0.87
feminists	-1.28	1.05
twist	-1.28	1.24
gets	-1.28	2.07
radical	-1.28	1.07
offensive	-1.28	1.30
violence	-1.28	1.11
scroungers	-1.27	0.74
harassment	-1.27	1.09
bias	-1.27	1.23
defending	-1.27	1.87
shit	-1.27	1.41
consequence	-1.27	1.17
bs	-1.27	0.97
abortion	-1.26	1.11
shits	-1.26	1.00
criticism	-1.26	1.40
extremism	-1.25	1.14
waste	-1.25	1.09
screwed	-1.25	2.42
circumstances	-1.25	2.00
ashamed	-1.24	2.61
scary	-1.24	1.89
seemingly	-1.24	1.45
fundamentally	-1.24	1.63
wing	-1.23	1.43
unfortunately	-1.23	2.54
hardly	-1.23	1.95
accusation	-1.23	1.69
prisoners	-1.23	1.29
extremist	-1.23	1.15
lie	-1.23	1.93
socialist	-1.23	1.17
extremists	-1.23	1.17
loses	-1.23	1.80
prime	-1.23	1.10
romanians	-1.23	1.44
spin	-1.23	1.30
equally	-1.22	1.53
unemployed	-1.22	1.09
socialism	-1.22	1.24
destruction	-1.22	0.92
task	-1.21	1.56
torture	-1.21	1.01
brave	-1.21	2.05
bush	-1.21	1.13
ignores	-1.21	1.35
says	-1.20	1.92
inherently	-1.20	1.82
groups	-1.20	1.16
events	-1.20	1.25
apathy	-1.19	1.15
hurt	-1.19	1.91
slave	-1.19	0.95
risky	-1.19	1.40
terror	-1.18	1.10
mob	-1.18	1.22
twat	-1.18	0.88
essentially	-1.18	1.51
existence	-1.18	1.40
depressing	-1.18	2.01
dole	-1.18	1.04
feel	-1.17	2.47
touch	-1.17	1.38
described	-1.17	1.52
unrelated	-1.17	1.50
attitude	-1.16	1.23
viewed	-1.16	1.38
crash	-1.16	1.06
fucks	-1.16	1.02
norm	-1.15	1.31
ill	-1.14	1.57
deserves	-1.13	1.71
uses	-1.13	1.62
silence	-1.13	1.34
isis	-1.13	1.04
vulnerable	-1.13	1.18
cameron	-1.13	1.16
gordon	-1.13	1.14
darling	-1.13	1.13
fortunately	-1.13	1.29
defend	-1.12	1.99
aggressive	-1.12	1.25
acceptance	-1.12	1.21
extreme	-1.12	1.35
following	-1.12	1.37
suffering	-1.11	1.02
casual	-1.11	1.02
conservative	-1.11	1.34
riots	-1.10	1.21
starving	-1.10	1.13
group	-1.10	1.18
asians	-1.10	1.30
left	-1.10	1.60
instances	-1.10	1.29
arbitrary	-1.10	1.51
association	-1.10	1.05
ethnic	-1.10	1.18
caused	-1.09	1.15
party	-1.09	1.28
races	-1.09	1.24
follows	-1.09	1.32
race	-1.09	1.25
daft	-1.09	1.43
sharia	-1.09	1.15
libertarian	-1.08	1.53
appeals	-1.08	1.36
virtually	-1.08	1.48
marriage	-1.08	1.21
putin	-1.08	1.19
beyond	-1.07	2.01
complicated	-1.07	1.71
minister	-1.07	1.18
practically	-1.07	1.52
hamas	-1.06	1.12
oppose	-1.06	2.03
nationalists	-1.06	1.04
painful	-1.06	1.33
dumb	-1.06	1.26
bitter	-1.06	2.10
policies	-1.05	1.29
europeans	-1.05	1.31
aside	-1.05	1.78
coincidence	-1.05	1.53
publicly	-1.05	1.59
pro-eu	-1.04	1.43
pain	-1.04	1.10
define	-1.04	1.85
ideology	-1.04	1.27
causing	-1.04	1.15
holds	-1.04	1.72
defined	-1.04	1.41
complaints	-1.04	1.34
entitled	-1.04	1.15
murdoch	-1.04	1.10
o	-1.04	2.21
terrorists	-1.04	1.14
echr	-1.03	1.40
turns	-1.03	1.68
false	-1.03	2.05
feminist	-1.03	1.16
asks	-1.03	1.94
suffer	-1.03	1.21
parties	-1.03	1.37
exceptions	-1.03	1.75
reaction	-1.03	1.29
initially	-1.02	1.64
promoting	-1.02	1.43
nationalist	-1.02	1.12
reality	-1.02	2.02
greens	-1.02	1.36
courts	-1.02	1.65
lost	-1.01	1.55
controlled	-1.01	1.21
violent	-1.01	1.11
treating	-1.01	1.19
constant	-1.01	1.18
weak	-1.01	1.35
democrats	-1.01	1.35
dem	-1.00	1.38
faced	-1.00	1.14
mentally	-1.00	1.51
occur	-1.00	1.82
lib	-1.00	1.38
special	-1.00	1.54
relevance	-1.00	1.91
denying	-0.99	2.02
speculation	-0.99	1.20
crying	-0.99	1.71
support	-0.99	2.08
typical	-0.99	1.18
fringe	-0.99	1.14
labour	-0.99	1.39
increasingly	-0.99	1.67
palestine	-0.99	1.18
focus	-0.98	1.58
talked	-0.98	2.16
starts	-0.98	2.08
miliband	-0.98	1.26
supported	-0.98	1.61
convince	-0.98	2.19
law	-0.98	1.39
accused	-0.98	1.47
tory	-0.98	1.40
affects	-0.97	1.48
immigrants	-0.97	1.34
inevitable	-0.97	1.56
terrorism	-0.97	1.21
direction	-0.97	1.84
david	-0.97	1.13
treated	-0.97	1.44
hungry	-0.97	1.41
jumping	-0.97	1.19
literally	-0.97	2.42
else	-0.97	2.90
abandoned	-0.96	1.35
disabled	-0.96	1.17
apparent	-0.96	1.10
pro	-0.96	1.52
cases	-0.96	1.75
somehow	-0.96	3.27
leaders	-0.96	1.14
tired	-0.96	1.78
convention	-0.96	1.40
correctness	-0.96	1.16
combination	-0.96	1.25
possibly	-0.95	2.83
cops	-0.95	1.15
display	-0.95	1.05
controlling	-0.95	1.18
responsible	-0.95	1.51
opposition	-0.95	1.28
completely	-0.95	1.94
voters	-0.95	1.57
committing	-0.95	1.27
foreign	-0.95	1.16
admitted	-0.95	1.69
attacks	-0.94	1.09
committed	-0.94	1.27
scare	-0.94	1.18
hyperbole	-0.94	1.37
stereotype	-0.94	1.15
equality	-0.94	1.22
cause	-0.94	1.19
islamic	-0.93	1.19
regard	-0.93	1.36
adopted	-0.93	1.30
strongly	-0.93	2.00
multiculturalism	-0.93	1.13
resort	-0.93	1.35
claimants	-0.93	1.16
refer	-0.93	1.40
immigration	-0.93	1.24
conservatives	-0.93	1.39
sexuality	-0.93	1.20
itself	-0.93	2.12
approved	-0.92	1.18
reads	-0.92	1.67
everybody	-0.92	2.53
bureaucracy	-0.92	1.20
tories	-0.92	1.41
myth	-0.92	1.21
minority	-0.92	1.14
finds	-0.92	1.38
minor	-0.92	1.30
chancellor	-0.92	1.15
gone	-0.92	2.58
nick	-0.92	1.26
voice	-0.92	1.46
couples	-0.92	1.15
spoken	-0.92	1.90
judges	-0.91	1.71
spoke	-0.91	1.80
terrorist	-0.91	1.08
stories	-0.91	1.32
notion	-0.90	1.59
atos	-0.90	1.40
sentencing	-0.90	1.57
moderate	-0.90	1.17
actions	-0.90	1.56
bored	-0.90	1.92
committee	-0.90	1.41
protesting	-0.90	1.98
dems	-0.90	1.40
wasting	-0.90	1.81
candidates	-0.90	1.35
brits	-0.90	1.33
intentionally	-0.90	2.06
setting	-0.90	1.29
prevented	-0.89	1.74
blanket	-0.89	1.86
female	-0.89	1.01
die	-0.89	1.38
plain	-0.89	1.05
protected	-0.89	1.37
expressing	-0.89	1.65
agenda	-0.89	1.39
fgm	-0.89	1.18
domestic	-0.89	1.17
assault	-0.89	1.36
gender	-0.89	1.16
hiding	-0.88	1.26
leads	-0.88	1.39
britons	-0.88	1.26
mep	-0.88	1.32
liberal	-0.88	1.30
trend	-0.88	1.33
politicians	-0.88	1.20
theft	-0.88	1.23
commit	-0.87	1.35
opposed	-0.87	1.78
socially	-0.87	1.47
no-one	-0.87	2.66
considered	-0.87	2.11
and/or	-0.87	1.35
deny	-0.87	2.30
clegg	-0.87	1.20
movements	-0.87	1.36
crimes	-0.87	1.37
opposite	-0.87	2.37
rapist	-0.86	1.30
opinions	-0.86	1.49
speaking	-0.86	1.63
solely	-0.86	1.54
describing	-0.86	1.24
migrants	-0.86	1.31
popular	-0.86	1.53
avoided	-0.86	1.71
discriminate	-0.86	1.28
convictions	-0.86	1.45
proven	-0.86	2.10
relate	-0.86	1.95
justice	-0.86	1.55
offend	-0.85	2.37
constitutional	-0.85	1.35
conspiracy	-0.85	1.36
leader	-0.85	1.19
ignored	-0.85	1.85
criticised	-0.85	1.74
poverty	-0.84	1.26
offenders	-0.84	1.40
beliefs	-0.84	1.20
madness	-0.84	1.07
voted	-0.84	1.64
general	-0.84	1.53
pin	-0.84	1.21
appeal	-0.84	1.64
exclusive	-0.84	1.76
bust	-0.84	1.26
crime	-0.84	1.31
complain	-0.84	2.24
followed	-0.84	1.20
works	-0.84	2.03
muslim	-0.84	1.21
suffered	-0.84	1.13
candidate	-0.83	1.35
established	-0.83	1.45
screaming	-0.83	1.60
onto	-0.83	1.58
conviction	-0.83	1.75
guilt	-0.83	1.76
speech	-0.83	1.69
highlight	-0.83	1.62
lead	-0.83	1.43
accepted	-0.83	1.61
kinda	-0.83	2.14
highly	-0.83	1.75
convicted	-0.83	1.44
definition	-0.83	2.14
word	-0.83	1.89
difficult	-0.83	1.87
punish	-0.83	1.54
slight	-0.82	1.36
surprise	-0.82	2.43
islam	-0.82	1.22
changes	-0.82	1.74
feminism	-0.82	1.18
deserve	-0.82	1.61
charged	-0.82	1.48
ed	-0.82	1.19
ignoring	-0.82	1.97
offences	-0.82	1.45
physically	-0.82	1.70
ideals	-0.81	1.36
screw	-0.81	1.62
damage	-0.81	1.21
ebola	-0.81	1.22
tells	-0.81	1.99
revealed	-0.81	1.58
votes	-0.81	1.51
covers	-0.81	1.32
widespread	-0.81	1.25
9/11	-0.81	1.18
nobody	-0.81	2.77
meps	-0.81	1.28
likelihood	-0.81	1.59
paperwork	-0.81	1.32
immigrant	-0.81	1.25
rape	-0.80	1.29
speak	-0.80	2.01
classed	-0.80	1.71
beaten	-0.80	1.61
perception	-0.80	1.60
milliband	-0.80	1.17
narrow	-0.80	1.40
vote	-0.80	1.67
comparison	-0.80	1.76
jail	-0.80	1.53
ending	-0.80	1.28
israel	-0.79	1.28
involving	-0.79	1.41
avoiding	-0.79	1.57
fines	-0.79	1.74
driven	-0.79	1.30
guilty	-0.79	1.78
resulting	-0.79	1.27
farage	-0.79	1.52
acknowledge	-0.79	2.09
sexual	-0.79	1.17
protests	-0.79	1.27
total	-0.79	1.10
intentions	-0.79	1.70
offence	-0.78	1.50
abuse	-0.78	1.24
pride	-0.78	1.38
voting	-0.78	1.64
hero	-0.78	0.75
ian	-0.78	0.81
deemed	-0.78	1.72
admin	-0.78	1.07
voter	-0.78	1.62
deeper	-0.78	1.53
disease	-0.78	1.12
austerity	-0.78	1.27
dick	-0.78	1.09
stuff	-0.78	2.23
jsa	-0.77	1.24
moaning	-0.77	1.03
height	-0.77	1.03
snp	-0.77	1.60
corporate	-0.77	1.10
akin	-0.77	1.65
jewish	-0.77	1.24
fuckers	-0.77	0.91
members	-0.77	1.22
lied	-0.77	1.96
intent	-0.76	1.78
crisis	-0.76	1.55
tackle	-0.76	1.66
non-eu	-0.76	1.30
collapse	-0.76	1.43
concept	-0.76	1.95
commonly	-0.76	1.73
brit	-0.76	1.47
decides	-0.76	1.82
sanction	-0.76	1.30
trial	-0.76	1.84
known	-0.76	2.25
occasion	-0.76	1.83
sentences	-0.76	1.47
sanctions	-0.75	1.32
proved	-0.75	2.21
include	-0.75	1.69
lately	-0.75	1.89
fuss	-0.75	2.21
likes	-0.75	2.90
civil	-0.75	1.37
coalition	-0.75	1.43
severe	-0.75	1.20
justify	-0.75	2.12
prosecuted	-0.75	1.64
servants	-0.75	1.21
moving	-0.75	1.98
outraged	-0.75	2.05
words	-0.75	1.83
aimed	-0.75	1.37
mp	-0.75	1.33
impression	-0.74	2.08
currently	-0.74	2.69
capitalism	-0.74	1.50
disproportionately	-0.74	1.19
recession	-0.74	1.50
innocent	-0.74	1.11
prosecute	-0.74	1.84
sanctioned	-0.74	1.40
giant	-0.74	0.94
mentions	-0.74	1.68
ridiculously	-0.74	1.68
terribly	-0.74	1.81
tactics	-0.74	1.25
activity	-0.74	1.25
becomes	-0.74	1.82
particular	-0.74	1.60
intervention	-0.74	1.17
judged	-0.74	1.58
apart	-0.74	1.70
religious	-0.74	1.25
shouting	-0.74	1.39
responsibilities	-0.73	1.29
tactic	-0.73	1.41
matters	-0.73	1.78
occasions	-0.73	1.98
investigation	-0.73	1.66
dangerous	-0.73	1.50
suspected	-0.73	1.60
constituency	-0.73	1.48
wants	-0.73	2.15
prosecution	-0.72	1.89
evolution	-0.72	1.22
incredibly	-0.72	1.77
depression	-0.72	1.24
seekers	-0.72	1.23
proposed	-0.72	1.48
result	-0.72	1.72
dismiss	-0.72	1.81
existed	-0.72	1.87
lobbying	-0.72	1.27
view	-0.72	1.66
arrested	-0.72	1.70
complained	-0.72	1.81
criminal	-0.72	1.51
claiming	-0.72	1.33
attack	-0.72	1.25
protesters	-0.72	1.32
leadership	-0.72	1.19
main	-0.71	1.89
neither	-0.71	2.54
narrative	-0.71	1.54
types	-0.71	1.47
allegations	-0.71	1.65
wasted	-0.71	1.56
despite	-0.71	1.87
broken	-0.71	1.51
premise	-0.71	2.28
benefits	-0.71	1.21
ad	-0.71	1.31
spectrum	-0.71	1.59
punished	-0.71	1.68
disappointed	-0.71	2.54
compare	-0.71	2.15
corporations	-0.71	1.11
disability	-0.71	1.27
destroy	-0.71	1.27
crazy	-0.71	1.53
ultimately	-0.70	2.01
vocal	-0.70	1.35
deliberately	-0.70	1.95
threat	-0.70	1.37
car	-0.70	1.18
benefit	-0.70	1.23
met	-0.70	2.16
victims	-0.70	1.23
targeted	-0.70	1.30
seats	-0.69	1.54
affected	-0.69	1.57
rights	-0.69	1.48
prison	-0.69	1.56
bomb	-0.69	1.08
communism	-0.69	1.49
sentence	-0.69	1.57
stress	-0.69	1.27
involvement	-0.69	1.22
court	-0.69	1.86
ww2	-0.69	1.11
protest	-0.69	1.33
fact	-0.69	3.26
excuses	-0.69	1.62
entered	-0.69	1.52
ethnicity	-0.69	1.20
iraq	-0.68	1.07
stuck	-0.68	1.64
johnson	-0.68	1.09
almost	-0.68	2.74
campaigning	-0.68	1.46
individuals	-0.68	1.41
represented	-0.68	1.37
fighting	-0.68	1.04
learnt	-0.68	1.46
its	-0.68	2.29
civilians	-0.68	1.01
position	-0.68	2.24
president	-0.68	1.18
affect	-0.68	2.04
dutch	-0.68	1.34
supporter	-0.67	1.75
handed	-0.67	1.55
solved	-0.67	1.77
mps	-0.67	1.40
died	-0.67	1.12
ignore	-0.67	2.47
liberals	-0.67	1.26
considering	-0.67	1.77
forms	-0.67	1.35
wholly	-0.67	1.81
cps	-0.67	1.99
due	-0.67	1.30
enforced	-0.66	1.56
statistically	-0.66	1.34
analogy	-0.66	1.92
election	-0.66	1.61
manifesto	-0.66	1.46
genuinely	-0.66	2.05
complex	-0.66	1.57
goes	-0.66	2.33
core	-0.66	1.50
factors	-0.66	1.62
impose	-0.66	1.65
interviews	-0.66	1.50
nature	-0.66	1.78
upset	-0.65	2.35
proves	-0.65	1.97
dwp	-0.65	1.31
injured	-0.65	1.19
paedophile	-0.65	1.27
spirit	-0.65	1.36
scared	-0.65	2.22
fight	-0.65	1.41
endless	-0.65	1.39
mention	-0.65	3.03
integration	-0.65	1.28
media	-0.65	1.36
religions	-0.65	1.18
severely	-0.65	1.63
illness	-0.65	1.21
ideas	-0.65	1.63
carries	-0.65	1.55
bombing	-0.65	1.05
investigating	-0.64	1.44
victim	-0.64	1.37
gaza	-0.64	1.24
expression	-0.64	1.77
plausible	-0.64	1.71
alleged	-0.64	1.45
adopt	-0.64	1.50
exist	-0.64	3.06
nigel	-0.64	1.39
conflict	-0.64	1.24
ira	-0.64	1.22
action	-0.64	1.88
targeting	-0.64	1.18
gp	-0.64	1.34
elected	-0.64	1.34
entirely	-0.64	2.38
slow	-0.64	1.43
respect	-0.64	1.41
rarely	-0.64	1.81
specifically	-0.64	2.10
pakistani	-0.63	1.19
constituents	-0.63	1.36
brings	-0.63	1.23
gang	-0.63	1.18
totally	-0.63	1.82
dropped	-0.63	2.01
elections	-0.63	1.57
par	-0.63	1.26
seat	-0.63	1.54
clarkson	-0.63	1.47
act	-0.63	1.40
slowly	-0.63	1.82
reject	-0.63	1.92
campaign	-0.62	1.45
outcome	-0.62	2.03
movement	-0.62	1.74
full	-0.62	1.14
exploit	-0.62	1.44
criminals	-0.62	1.33
cutting	-0.62	1.31
departments	-0.62	1.11
broad	-0.62	1.50
catch	-0.62	1.35
individual	-0.62	1.74
attention	-0.62	1.64
rapists	-0.62	1.26
particularly	-0.62	1.98
non	-0.62	1.38
confusion	-0.62	1.69
amongst	-0.62	1.41
inequality	-0.62	1.43
balls	-0.62	1.08
whatsoever	-0.61	2.09
impossible	-0.61	2.02
camp	-0.61	1.56
syria	-0.61	1.06
conference	-0.61	1.27
strikes	-0.61	1.26
theories	-0.61	1.54
investigated	-0.61	1.87
statistic	-0.61	1.87
sue	-0.61	1.85
civilian	-0.61	1.13
electorate	-0.61	1.47
rid	-0.61	1.66
similar	-0.61	1.76
reported	-0.61	1.88
fundamental	-0.61	1.51
fallen	-0.61	1.69
causes	-0.61	1.36
proving	-0.61	1.87
alex	-0.61	1.40
threats	-0.60	1.33
unaware	-0.60	1.96
green	-0.60	1.35
knew	-0.60	2.81
demographic	-0.60	1.23
combat	-0.60	1.13
emotional	-0.60	1.48
liberty	-0.60	1.81
funnily	-0.60	1.35
viewpoint	-0.60	1.64
bite	-0.60	1.39
israeli	-0.60	1.26
used	-0.60	2.07
platform	-0.60	1.47
harm	-0.59	1.51
affecting	-0.59	1.55
physical	-0.59	1.32
pensioners	-0.59	1.17
slightest	-0.59	2.40
religion	-0.59	1.24
native	-0.59	1.25
romanian	-0.59	1.42
christians	-0.59	1.34
specialist	-0.59	1.31
judge	-0.59	2.01
avoid	-0.59	1.88
male	-0.59	1.13
empathy	-0.59	1.41
replaced	-0.59	1.52
societal	-0.59	1.50
leaning	-0.58	1.80
councillors	-0.58	1.25
believed	-0.58	1.70
killing	-0.58	1.05
loss	-0.58	1.30
polish	-0.58	1.33
rapidly	-0.58	1.66
motivation	-0.58	1.52
avoidance	-0.58	1.30
facts	-0.58	1.99
count	-0.58	2.46
swing	-0.58	1.75
1997	-0.58	1.50
fined	-0.58	1.81
citizens	-0.58	1.29
teenage	-0.58	1.25
principles	-0.58	1.52
equivalent	-0.58	1.36
welfare	-0.58	1.22
beneficial	-0.58	1.47
everyone	-0.58	2.95
unknown	-0.58	1.38
department	-0.58	1.13
potentially	-0.58	1.69
implications	-0.58	1.68
widely	-0.57	1.62
nightmare	-0.57	1.14
situation	-0.57	2.38
buys	-0.57	1.70
psychological	-0.57	1.33
mental	-0.57	1.43
blown	-0.57	1.54
differences	-0.57	1.63
focused	-0.57	1.52
creates	-0.57	1.18
extremely	-0.57	1.90
found	-0.57	2.30
claim	-0.57	2.11
freedom	-0.56	1.91
incapable	-0.56	2.00
tolerance	-0.56	1.22
shout	-0.56	1.63
falling	-0.56	1.71
quoting	-0.56	1.61
tends	-0.56	1.53
needs	-0.56	2.28
lack	-0.56	1.30
heading	-0.56	1.80
jumped	-0.56	1.53
starting	-0.56	2.46
heard	-0.55	2.69
claimed	-0.55	2.04
lesser	-0.55	1.64
charges	-0.55	1.55
salmond	-0.55	1.53
elements	-0.55	1.39
investigate	-0.55	1.58
condition	-0.55	1.24
values	-0.55	1.21
technically	-0.55	3.13
managers	-0.55	1.23
ends	-0.55	2.26
deterrent	-0.55	1.33
management	-0.55	1.14
freedoms	-0.55	1.57
turnout	-0.55	1.75
asian	-0.55	1.20
represent	-0.55	1.38
common	-0.55	1.71
move	-0.55	2.42
popularity	-0.55	1.45
genetic	-0.54	1.19
hassle	-0.54	1.86
regards	-0.54	1.57
bound	-0.54	1.65
collective	-0.54	1.32
treat	-0.54	1.58
pockets	-0.54	1.12
serious	-0.54	1.56
brought	-0.54	1.96
impact	-0.54	1.75
arrest	-0.54	1.76
staff	-0.54	1.28
prior	-0.54	1.66
left-wing	-0.54	1.37
refers	-0.54	1.50
migration	-0.54	1.36
financially	-0.54	1.79
wins	-0.54	2.04
threatening	-0.53	1.37
majority	-0.53	1.44
demographics	-0.53	1.24
real	-0.53	1.99
hugely	-0.53	1.94
none	-0.53	2.80
defence	-0.53	1.34
wondered	-0.53	2.52
remains	-0.53	1.48
doesnt	-0.53	2.11
demonstrated	-0.53	2.37
realize	-0.53	2.65
suck	-0.53	1.20
george	-0.53	1.08
comes	-0.53	2.34
appear	-0.53	2.31
desperately	-0.53	1.83
rant	-0.52	1.14
has	-0.52	2.99
follow	-0.52	1.90
perspective	-0.52	1.97
russians	-0.52	1.26
prisons	-0.52	1.37
unskilled	-0.52	1.30
relief	-0.52	1.23
eligible	-0.52	1.41
accountable	-0.52	1.47
denied	-0.52	1.79
rotherham	-0.52	1.21
losing	-0.52	1.79
gap	-0.52	1.54
allowance	-0.52	1.33
largely	-0.52	1.88
men	-0.52	1.19
wealthy	-0.51	1.30
sadly	-0.51	2.57
otherwise	-0.51	4.08
limited	-0.51	1.52
relating	-0.51	1.58
mostly	-0.51	2.07
leading	-0.51	1.41
declare	-0.51	1.59
2015	-0.51	1.72
pledge	-0.51	1.45
guidelines	-0.51	1.63
rich	-0.51	1.14
mindset	-0.51	1.80
backing	-0.51	1.78
massively	-0.51	1.88
prove	-0.51	3.03
human	-0.51	1.44
cancel	-0.51	1.52
protection	-0.50	1.48
con	-0.50	1.21
sets	-0.50	1.33
bradford	-0.50	1.10
jobcentre	-0.50	1.49
bits	-0.50	1.40
heavy	-0.50	1.22
told	-0.50	2.46
parliamentary	-0.50	1.45
monetary	-0.50	1.51
regardless	-0.50	2.15
biased	-0.50	1.69
breach	-0.50	1.52
underlying	-0.50	1.81
step	-0.50	2.06
win	-0.50	1.80
cabinet	-0.50	1.15
ruling	-0.50	1.36
both	-0.50	2.17
petition	-0.50	1.62
alot	-0.50	1.95
happens	-0.50	3.14
compared	-0.50	1.46
organised	-0.50	1.37
becoming	-0.50	1.75
offended	-0.49	2.25
exposed	-0.49	1.52
scandal	-0.49	1.36
principle	-0.49	1.77
spying	-0.49	1.53
opinion	-0.49	2.12
targets	-0.49	1.44
failure	-0.49	1.61
priorities	-0.49	1.63
relationships	-0.49	1.16
recognition	-0.49	1.45
caught	-0.49	2.15
become	-0.49	1.88
hits	-0.49	1.36
invasion	-0.49	1.22
he	-0.49	2.87
tower	-0.49	1.09
mainstream	-0.49	1.42
life	-0.49	1.24
breaking	-0.49	1.66
liable	-0.49	1.62
kill	-0.49	1.13
credits	-0.49	1.32
behalf	-0.49	1.50
representatives	-0.48	1.40
suggestion	-0.48	1.93
wider	-0.48	1.35
jury	-0.48	1.98
damaging	-0.48	1.39
lose	-0.48	2.18
punch	-0.48	1.36
expansion	-0.48	1.23
declared	-0.48	1.53
practice	-0.48	1.27
bail	-0.48	1.64
ministers	-0.48	1.21
cultural	-0.48	1.16
who	-0.48	2.88
suddenly	-0.48	2.41
economically	-0.48	1.88
raping	-0.48	1.17
appears	-0.48	1.94
threatened	-0.48	1.67
another	-0.48	2.37
handled	-0.48	1.87
constitution	-0.48	1.46
sense	-0.48	2.97
eg	-0.48	1.29
background	-0.48	1.06
ongoing	-0.47	1.46
possible	-0.47	3.06
humanity	-0.47	1.40
nationality	-0.47	1.26
legislation	-0.47	1.45
reverse	-0.47	1.65
banking	-0.47	1.36
receiving	-0.47	1.38
elect	-0.47	1.52
therefore	-0.47	2.43
community	-0.47	1.14
necessity	-0.47	1.70
middle	-0.47	1.19
uncertainty	-0.47	1.43
filled	-0.47	1.12
nor	-0.47	2.95
tested	-0.47	1.80
av	-0.47	1.66
ideological	-0.47	1.59
imposed	-0.47	1.56
clue	-0.47	3.90
net	-0.47	1.39
using	-0.46	1.63
gangs	-0.46	1.18
successfully	-0.46	2.23
set	-0.46	1.69
employee	-0.46	1.42
representative	-0.46	1.38
fall	-0.46	1.94
abused	-0.46	1.52
achieved	-0.46	1.82
political	-0.46	1.58
teenager	-0.46	1.44
ruin	-0.46	1.24
facing	-0.46	1.56
low	-0.46	2.08
slightly	-0.46	2.14
exempt	-0.46	1.46
seems	-0.46	1.79
process	-0.46	1.49
moan	-0.46	1.26
introduced	-0.46	1.68
high	-0.46	2.09
automatically	-0.46	1.81
work	-0.46	2.31
lower	-0.46	2.11
laws	-0.45	1.51
placed	-0.45	1.59
drop	-0.45	1.76
historically	-0.45	1.78
sex	-0.45	1.19
virgin	-0.45	1.40
believing	-0.45	1.69
somewhat	-0.45	1.96
possession	-0.45	1.51
turned	-0.45	2.20
risks	-0.45	1.53
higher	-0.45	2.11
dominated	-0.45	1.22
expectations	-0.45	1.45
genuine	-0.45	1.59
drove	-0.45	1.48
root	-0.45	1.81
efforts	-0.45	1.89
dismissed	-0.45	1.93
state	-0.45	1.31
german	-0.45	1.27
himself	-0.44	1.73
service	-0.44	1.48
call	-0.44	2.28
provider	-0.44	1.46
marry	-0.44	1.28
stealing	-0.44	1.07
vague	-0.44	2.14
nail	-0.44	1.31
being	-0.44	2.44
means	-0.44	3.99
element	-0.44	1.33
favour	-0.44	2.32
masses	-0.44	1.42
organisation	-0.44	1.40
making	-0.44	2.12
feeding	-0.43	1.59
referendum	-0.43	1.75
misunderstanding	-0.43	3.36
person	-0.43	2.37
pushing	-0.43	1.69
liberties	-0.43	1.61
simply	-0.43	4.11
protect	-0.43	1.61
language	-0.43	1.53
enforce	-0.43	1.58
un	-0.43	1.41
acted	-0.43	1.45
european	-0.43	1.37
2010	-0.43	1.63
skilled	-0.43	1.39
residents	-0.43	1.15
package	-0.43	1.49
threaten	-0.43	1.60
fails	-0.43	1.75
among	-0.43	1.56
forces	-0.43	1.16
especially	-0.43	1.67
problem	-0.43	2.42
goal	-0.43	1.96
broadly	-0.42	1.94
depending	-0.42	2.03
electoral	-0.42	1.57
poorest	-0.42	1.95
quickly	-0.42	2.14
express	-0.42	1.51
o2	-0.42	1.38
necessarily	-0.42	3.46
point	-0.42	3.89
clearly	-0.42	4.00
dealt	-0.42	2.02
abusing	-0.42	1.27
liability	-0.42	1.55
average	-0.42	1.65
rate	-0.42	1.72
strict	-0.42	1.50
manager	-0.42	1.39
unless	-0.42	4.10
aspects	-0.42	1.44
ironically	-0.42	1.36
fptp	-0.42	1.52
said	-0.42	3.07
doing	-0.42	4.02
counts	-0.42	1.82
wee	-0.42	1.21
institution	-0.42	1.42
ee	-0.42	1.39
plenty	-0.42	1.94
classes	-0.41	1.26
typically	-0.41	1.36
assessment	-0.41	1.49
harder	-0.41	2.09
secular	-0.41	1.15
police	-0.41	1.52
mandate	-0.41	1.48
democratic	-0.41	1.41
privacy	-0.41	1.59
illegal	-0.41	1.68
languages	-0.41	1.47
integrate	-0.41	1.55
theory	-0.41	1.64
bankrupt	-0.41	1.62
kinds	-0.41	1.94
grasp	-0.41	2.50
unemployment	-0.41	1.34
counter	-0.41	2.24
forgetting	-0.41	1.84
backgrounds	-0.41	1.10
chemical	-0.41	1.11
culture	-0.41	1.14
misleading	-0.41	2.31
focusing	-0.41	1.77
polling	-0.41	1.64
sorts	-0.41	1.89
ruled	-0.41	1.61
depends	-0.40	2.45
privileged	-0.40	1.15
very	-0.40	1.99
track	-0.40	1.38
steal	-0.40	1.46
involve	-0.40	1.98
priority	-0.40	1.71
governments	-0.40	1.33
reform	-0.40	1.59
assumption	-0.40	2.22
witnesses	-0.40	1.84
change	-0.40	2.98
something	-0.40	4.02
anybody	-0.40	3.09
failed	-0.40	1.91
talking	-0.40	3.47
reflect	-0.40	1.80
promise	-0.40	1.62
recorded	-0.40	1.42
funny	-0.40	1.98
category	-0.40	1.48
begin	-0.40	2.27
effect	-0.39	2.11
battle	-0.39	1.13
surveillance	-0.39	1.44
certain	-0.39	2.03
progress	-0.39	1.63
exclusively	-0.39	1.60
anyone	-0.39	3.23
elderly	-0.39	1.26
combined	-0.39	1.48
slope	-0.39	1.59
type	-0.39	2.05
fought	-0.39	1.01
bill	-0.39	1.49
treaty	-0.39	1.53
knowing	-0.39	2.86
tabloids	-0.39	1.39
alan	-0.39	1.04
recent	-0.39	1.68
routinely	-0.39	1.21
positive	-0.39	1.75
either	-0.39	4.16
afghanistan	-0.39	1.09
fraud	-0.39	1.51
own	-0.39	1.71
bringing	-0.39	1.94
war	-0.39	1.08
keeps	-0.39	1.68
economist	-0.38	1.38
basis	-0.38	1.62
absolutely	-0.38	2.14
wars	-0.38	1.07
specific	-0.38	1.86
gained	-0.38	1.75
backed	-0.38	1.60
influence	-0.38	1.76
peoples	-0.38	1.57
apparently	-0.38	3.04
dependent	-0.38	1.51
collection	-0.38	1.28
murdered	-0.38	1.11
different	-0.38	1.92
implemented	-0.38	1.88
implement	-0.38	1.96
99	-0.38	1.38
disproportionate	-0.38	1.40
passed	-0.38	1.65
presence	-0.38	1.44
mentioning	-0.38	1.89
claims	-0.38	2.11
applied	-0.38	2.08
harmless	-0.38	1.51
member	-0.38	1.41
qualify	-0.38	1.52
related	-0.38	1.52
bt	-0.38	1.35
hypothetical	-0.38	1.82
simple	-0.38	2.00
heart	-0.38	1.14
politics	-0.38	1.67
understood	-0.37	2.47
demonstrate	-0.37	2.19
constantly	-0.37	1.83
2005	-0.37	1.59
cope	-0.37	2.08
lords	-0.37	1.46
distinction	-0.37	2.34
insane	-0.37	1.93
commons	-0.37	1.42
consensus	-0.37	1.64
direct	-0.37	1.61
fix	-0.37	2.23
job	-0.37	2.03
kind	-0.37	2.20
educate	-0.37	1.98
pensions	-0.37	1.35
meaning	-0.37	2.56
restrictions	-0.37	1.45
boom	-0.37	1.52
gives	-0.37	1.83
care	-0.37	2.75
promote	-0.37	1.43
fit	-0.37	1.90
most	-0.37	3.23
easy	-0.37	1.78
gt	-0.37	4.06
risk	-0.37	1.65
heavily	-0.37	1.76
commission	-0.36	1.39
similarly	-0.36	1.68
monitor	-0.36	1.53
operation	-0.36	1.22
attempts	-0.36	2.11
ours	-0.36	1.85
pr	-0.36	1.41
consider	-0.36	3.27
simultaneously	-0.36	1.68
white	-0.36	1.11
protecting	-0.36	1.59
decade	-0.36	2.76
firm	-0.36	1.31
including	-0.36	1.80
2003	-0.36	1.56
whether	-0.36	3.08
confusing	-0.36	2.54
goals	-0.36	1.70
owns	-0.36	1.38
skin	-0.36	1.28
re	-0.36	4.04
gaining	-0.36	1.80
straight	-0.36	1.87
relation	-0.36	1.56
thankfully	-0.36	1.81
ethics	-0.36	1.56
dropping	-0.36	1.56
vary	-0.35	1.87
major	-0.35	1.72
restrict	-0.35	1.56
overly	-0.35	1.96
coming	-0.35	1.53
stand	-0.35	2.32
problems	-0.35	1.88
ballot	-0.35	1.70
counted	-0.35	1.67
cared	-0.35	1.98
addressing	-0.35	1.96
lobby	-0.35	1.40
raped	-0.35	1.42
factor	-0.35	1.99
throwing	-0.35	1.43
changing	-0.35	2.03
mass	-0.35	1.49
getting	-0.35	2.97
instead	-0.35	2.50
enforcement	-0.35	1.49
gchq	-0.35	1.81
fool	-0.35	1.41
morals	-0.35	1.53
questioned	-0.35	2.21
single	-0.35	2.32
unions	-0.35	1.42
emphasis	-0.35	1.52
origin	-0.35	1.21
inevitably	-0.35	1.83
forward	-0.35	2.28
missing	-0.35	2.81
needing	-0.35	1.94
lawyers	-0.35	1.52
dealing	-0.35	1.69
react	-0.35	2.58
cuts	-0.34	1.38
rising	-0.34	1.67
drag	-0.34	1.70
admittedly	-0.34	1.57
struggling	-0.34	2.33
hidden	-0.34	1.46
approval	-0.34	1.59
find	-0.34	3.09
proportional	-0.34	1.49
riot	-0.34	1.33
these	-0.34	2.07
customers	-0.34	1.46
romania	-0.34	1.34
boris	-0.34	1.19
meeting	-0.34	1.51
discussed	-0.34	2.28
advantage	-0.34	1.88
case	-0.34	3.42
exact	-0.34	2.89
rise	-0.34	1.74
understanding	-0.34	2.03
attached	-0.34	1.18
changed	-0.34	2.63
present	-0.34	2.07
parliament	-0.34	1.43
quit	-0.34	1.55
reduced	-0.33	1.70
statements	-0.33	2.05
solve	-0.33	2.17
reasons	-0.33	2.16
themselves	-0.33	2.35
turning	-0.33	1.99
important	-0.33	1.67
accepting	-0.33	1.75
other	-0.33	2.00
levels	-0.33	1.92
negotiations	-0.33	1.79
al	-0.33	1.27
remotely	-0.33	2.18
won	-0.33	1.51
push	-0.33	2.26
advocating	-0.33	2.36
effects	-0.33	1.54
receive	-0.33	1.58
vodafone	-0.33	1.41
assertion	-0.33	2.30
sides	-0.33	1.64
those	-0.33	2.31
insist	-0.33	1.76
mobility	-0.33	1.33
basic	-0.33	1.68
decisions	-0.33	1.85
trick	-0.33	1.60
progressive	-0.32	1.38
zero	-0.32	1.74
workers	-0.32	1.46
officers	-0.32	1.44
signing	-0.32	1.71
senior	-0.32	1.29
too	-0.32	2.86
ones	-0.32	2.51
tries	-0.32	2.04
cancelled	-0.32	1.72
plastic	-0.32	1.00
politically	-0.32	1.83
reach	-0.32	1.90
turn	-0.32	2.58
increasing	-0.32	1.68
personality	-0.32	1.16
grounds	-0.32	1.57
implies	-0.32	2.16
disappear	-0.32	2.38
break	-0.32	2.02
such	-0.32	1.82
hitting	-0.32	1.52
decrease	-0.32	1.74
worse	-0.32	2.79
organisations	-0.31	1.47
controls	-0.31	1.35
same	-0.31	3.38
struggle	-0.31	2.31
increased	-0.31	1.72
dictate	-0.31	1.98
attacked	-0.31	1.61
me	-0.31	3.80
additional	-0.31	1.23
explicitly	-0.31	2.16
proof	-0.31	2.29
awareness	-0.31	1.60
worked	-0.31	2.57
achieve	-0.31	2.56
noise	-0.31	1.61
issues	-0.31	1.89
increase	-0.31	1.76
international	-0.31	1.50
iran	-0.31	1.20
slippery	-0.31	1.69
easily	-0.31	2.37
pretending	-0.31	2.59
stop	-0.31	2.64
legalisation	-0.31	1.37
bring	-0.31	2.49
2008	-0.31	1.62
stated	-0.31	2.41
policing	-0.30	1.41
roles	-0.30	1.31
mentioned	-0.30	2.40
russian	-0.30	1.27
cant	-0.30	2.56
witness	-0.30	1.74
issue	-0.30	2.38
under	-0.30	1.66
decades	-0.30	2.39
besides	-0.30	2.91
increases	-0.30	1.75
press	-0.30	1.51
cyclist	-0.30	1.24
proposal	-0.30	1.77
pretend	-0.30	3.49
appealing	-0.30	1.29
joint	-0.30	1.27
ended	-0.30	2.26
leicester	-0.30	1.24
driver	-0.30	1.28
scope	-0.30	1.79
happened	-0.30	3.12
relative	-0.30	1.51
troops	-0.30	1.12
experienced	-0.30	1.97
cut	-0.29	1.51
faith	-0.29	1.23
reduce	-0.29	1.65
capitalist	-0.29	1.45
any	-0.29	3.29
deserved	-0.29	2.14
social	-0.29	1.37
destroyed	-0.29	1.40
fed	-0.29	1.66
publicity	-0.29	1.56
burden	-0.29	1.40
mean	-0.29	4.07
expressed	-0.29	1.74
came	-0.29	2.15
cancer	-0.29	1.22
loopholes	-0.29	1.43
chris	-0.29	0.95
evidence	-0.29	2.32
spanish	-0.29	1.37
extension	-0.29	1.23
positions	-0.29	1.64
growing	-0.29	1.63
thrown	-0.29	1.47
calls	-0.29	1.59
nato	-0.29	1.34
employed	-0.29	1.57
included	-0.29	1.90
divide	-0.29	1.22
officer	-0.29	1.73
beating	-0.29	1.34
fell	-0.29	1.60
choice	-0.29	2.59
maximum	-0.29	1.57
criteria	-0.29	1.77
army	-0.29	1.16
french	-0.29	1.33
fixing	-0.28	1.87
roughly	-0.28	1.63
repeatedly	-0.28	2.02
stage	-0.28	1.91
tape	-0.28	1.23
reached	-0.28	1.80
honour	-0.28	1.49
growth	-0.28	1.46
table	-0.28	1.48
employment	-0.28	1.52
insult	-0.28	1.70
handful	-0.28	1.86
into	-0.28	2.36
learn	-0.28	1.75
whip	-0.28	1.38
scots	-0.28	1.53
eastern	-0.28	1.27
payments	-0.28	1.45
yodel	-0.28	1.36
straw	-0.28	1.21
examples	-0.28	2.10
thousands	-0.28	1.70
representation	-0.28	1.49
one	-0.28	3.17
includes	-0.28	1.71
overnight	-0.28	2.07
policy	-0.28	1.49
londoners	-0.28	1.19
draw	-0.28	2.14
employing	-0.28	1.45
repeat	-0.28	1.89
opposing	-0.28	2.19
magically	-0.28	2.60
level	-0.27	1.87
cultures	-0.27	1.34
stops	-0.27	2.08
representing	-0.27	1.44
raise	-0.27	1.69
corporation	-0.27	1.32
true	-0.27	4.03
russell	-0.27	1.58
possibility	-0.27	2.41
manage	-0.27	2.21
suggests	-0.27	2.04
been	-0.27	3.11
carried	-0.27	1.69
march	-0.27	1.67
various	-0.27	1.96
contributions	-0.27	1.37
altogether	-0.27	1.72
osborne	-0.27	1.19
model	-0.27	1.70
proposals	-0.27	1.66
admit	-0.27	2.83
vested	-0.27	1.38
accept	-0.27	2.90
identified	-0.27	1.82
based	-0.27	1.75
catholic	-0.27	1.19
saying	-0.27	3.97
worker	-0.26	1.52
became	-0.26	1.69
easiest	-0.26	3.10
peter	-0.26	0.96
promising	-0.26	1.56
arguably	-0.26	1.84
caring	-0.26	1.46
rule	-0.26	1.67
desire	-0.26	1.98
side	-0.26	2.45
often	-0.26	2.05
english	-0.26	1.47
names	-0.26	1.36
form	-0.26	1.70
relatively	-0.26	1.74
managing	-0.26	1.50
began	-0.26	1.98
putting	-0.26	2.05
class	-0.26	1.18
forget	-0.26	3.14
perhaps	-0.26	3.30
depend	-0.26	1.84
hit	-0.26	1.43
assumptions	-0.26	2.15
abroad	-0.26	1.68
system	-0.26	1.52
glasgow	-0.26	1.20
limits	-0.26	1.44
target	-0.26	1.43
notes	-0.26	1.46
identical	-0.25	1.50
unhappy	-0.25	2.83
strike	-0.25	1.40
rbs	-0.25	1.35
heck	-0.25	1.57
economic	-0.25	1.56
now	-0.25	4.08
seemed	-0.25	1.59
tuition	-0.25	1.55
external	-0.25	1.39
transition	-0.25	1.46
deficit	-0.25	1.39
ought	-0.25	1.93
ease	-0.25	1.47
option	-0.25	3.26
dying	-0.25	1.10
expenses	-0.25	1.49
noted	-0.25	1.96
rises	-0.25	1.68
bubble	-0.25	1.40
raising	-0.25	1.56
volunteer	-0.25	1.78
centuries	-0.25	1.51
signed	-0.25	1.80
independence	-0.25	1.78
eurozone	-0.25	1.51
richest	-0.25	2.51
start	-0.25	2.87
matter	-0.24	3.54
whom	-0.24	1.49
logic	-0.24	2.57
somebody	-0.24	2.66
correlation	-0.24	2.09
e.g	-0.24	1.60
promises	-0.24	1.75
scrutiny	-0.24	1.57
unpaid	-0.24	1.74
many	-0.24	2.06
nothing	-0.24	3.54
deep	-0.24	1.18
stays	-0.24	1.64
fairly	-0.24	1.94
eu	-0.24	1.56
upper	-0.24	1.18
ever	-0.24	3.33
reduces	-0.24	1.63
employers	-0.24	1.54
privatisation	-0.24	1.64
westminster	-0.24	1.50
trials	-0.24	1.74
financial	-0.24	1.72
engineers	-0.23	1.39
belief	-0.23	1.42
idea	-0.23	3.03
mixed	-0.23	1.34
anyway	-0.23	4.08
ring	-0.23	1.64
promised	-0.23	1.66
ukraine	-0.23	1.26
introduce	-0.23	1.59
guarantee	-0.23	2.68
ups	-0.23	1.26
asylum	-0.23	1.40
seem	-0.23	2.85
rules	-0.23	1.73
everything	-0.23	3.46
working	-0.23	2.04
vehicle	-0.23	1.24
deliberate	-0.23	1.95
girls	-0.22	1.26
speeding	-0.22	1.38
phrase	-0.22	2.26
upon	-0.22	1.85
settled	-0.22	1.75
launch	-0.22	1.34
experiences	-0.22	1.81
does	-0.22	3.43
finances	-0.22	1.48
wealth	-0.22	1.48
develop	-0.22	1.54
someone	-0.22	2.90
anything	-0.22	3.57
entering	-0.22	1.85
dozen	-0.22	1.98
numbers	-0.22	1.72
differ	-0.22	2.50
nuts	-0.22	1.43
picking	-0.22	1.76
challenge	-0.22	1.85
anymore	-0.22	3.45
apply	-0.22	1.71
confidence	-0.22	1.49
numerous	-0.22	2.02
suggesting	-0.22	3.01
term	-0.22	1.90
taken	-0.22	2.54
hired	-0.21	1.58
reduction	-0.21	1.53
pays	-0.21	1.68
up	-0.21	2.46
entire	-0.21	1.72
permanently	-0.21	1.73
hire	-0.21	1.47
handle	-0.21	2.42
several	-0.21	1.98
removing	-0.21	1.56
holyrood	-0.21	1.52
contact	-0.21	1.75
nurses	-0.21	1.51
shareholders	-0.21	1.28
hung	-0.21	1.49
max	-0.21	1.54
come	-0.21	3.16
banks	-0.21	1.41
cameras	-0.21	1.34
military	-0.21	1.27
puts	-0.21	1.73
inheritance	-0.21	1.37
essential	-0.21	1.51
beings	-0.21	1.31
invented	-0.21	1.29
appearance	-0.21	1.69
survive	-0.21	2.18
membership	-0.21	1.63
two	-0.20	2.00
employ	-0.20	1.52
executive	-0.20	1.27
since	-0.20	2.24
meet	-0.20	1.93
90s	-0.20	2.15
whenever	-0.20	1.93
era	-0.20	1.23
controversial	-0.20	1.76
raises	-0.20	1.69
statement	-0.20	2.52
confirmed	-0.20	1.83
jobs	-0.20	1.55
improvement	-0.20	1.85
pass	-0.20	1.93
enter	-0.20	1.85
communities	-0.20	1.13
arse	-0.20	1.39
hostile	-0.20	1.20
public	-0.20	1.47
reducing	-0.20	1.64
further	-0.20	2.09
discuss	-0.20	2.34
seen	-0.20	3.06
officially	-0.20	1.89
processes	-0.20	1.35
hundreds	-0.20	1.98
poorer	-0.20	1.71
attend	-0.20	1.48
babies	-0.20	1.31
reason	-0.20	3.50
started	-0.20	2.60
across	-0.20	1.73
whoever	-0.19	2.56
jump	-0.19	2.03
tone	-0.19	1.36
credibility	-0.19	1.95
stopping	-0.19	2.43
trouble	-0.19	2.54
suspect	-0.19	3.10
scottish	-0.19	1.58
hiring	-0.19	1.49
between	-0.19	1.74
conduct	-0.19	1.59
millions	-0.19	1.84
hmrc	-0.19	1.43
homeless	-0.19	1.56
institutions	-0.19	1.32
tax	-0.19	1.39
leg	-0.19	1.55
realistically	-0.19	3.40
because	-0.19	3.73
choices	-0.19	1.76
advisor	-0.19	1.82
effectively	-0.19	2.26
healthcare	-0.19	1.60
compensation	-0.19	1.59
panel	-0.19	1.16
attempted	-0.19	1.96
proposing	-0.19	2.09
dig	-0.19	1.64
concern	-0.19	2.09
refund	-0.19	1.42
multiple	-0.19	1.98
preventing	-0.19	1.94
sign	-0.19	2.15
internal	-0.19	1.58
employees	-0.19	1.50
closely	-0.19	1.54
rates	-0.19	1.58
2000	-0.19	1.74
2009	-0.18	1.73
brand	-0.18	1.54
wide	-0.18	1.51
effort	-0.18	2.10
suggest	-0.18	3.61
flooding	-0.18	0.97
ruk	-0.18	1.72
demands	-0.18	1.69
intelligence	-0.18	1.50
ids	-0.18	1.18
patients	-0.18	1.53
applications	-0.18	1.57
soldiers	-0.18	1.01
authority	-0.18	1.53
negotiate	-0.18	1.88
fiscal	-0.18	1.48
ways	-0.18	2.21
happening	-0.18	3.70
thus	-0.18	2.27
headlines	-0.18	1.58
victory	-0.18	1.63
terms	-0.18	2.06
young	-0.18	1.42
sacked	-0.18	1.66
attempt	-0.18	2.10
overseas	-0.18	1.48
agree	-0.18	4.11
kills	-0.18	1.20
judgement	-0.17	2.14
emergency	-0.17	1.69
already	-0.17	3.48
had	-0.17	3.01
canadian	-0.17	1.25
yourself	-0.17	2.56
furthermore	-0.17	1.50
democracy	-0.17	1.63
incomes	-0.17	1.57
taxing	-0.17	1.45
gain	-0.17	1.73
pretty	-0.17	1.91
measures	-0.17	1.57
introducing	-0.17	1.57
economy	-0.17	1.85
below	-0.17	2.22
justification	-0.17	2.08
requirements	-0.17	1.65
taxes	-0.17	1.41
minimum	-0.17	1.67
2011	-0.17	1.74
birmingham	-0.17	1.22
regulations	-0.17	1.51
period	-0.17	2.13
according	-0.17	1.97
yes	-0.17	3.24
reforms	-0.17	1.52
by	-0.17	2.40
reports	-0.17	1.71
nearly	-0.17	2.31
aid	-0.17	1.64
highest	-0.17	3.59
merit	-0.17	1.91
quite	-0.17	2.45
consequences	-0.17	1.81
secretary	-0.17	1.18
pattern	-0.17	1.71
short	-0.16	1.78
trained	-0.16	1.50
donate	-0.16	1.85
base	-0.16	1.43
80s	-0.16	1.90
past	-0.16	2.58
greatly	-0.16	1.85
morality	-0.16	1.73
join	-0.16	1.61
things	-0.16	3.16
third	-0.16	3.53
budgets	-0.16	1.38
long	-0.16	2.83
least	-0.16	3.35
extended	-0.16	1.88
dozens	-0.16	1.91
employer	-0.16	1.56
planet	-0.16	2.42
agreement	-0.16	1.84
out	-0.16	2.65
doctors	-0.16	1.52
range	-0.16	1.59
ruined	-0.16	1.16
american	-0.16	1.29
invaded	-0.16	1.21
argument	-0.16	2.37
key	-0.16	1.64
contract	-0.16	1.64
features	-0.16	1.36
agreed	-0.16	2.27
were	-0.16	3.32
interpretation	-0.16	2.03
percent	-0.16	1.73
decline	-0.16	1.56
twice	-0.16	2.76
helps	-0.15	2.23
soon	-0.15	2.90
happen	-0.15	3.54
right	-0.15	3.96
stopped	-0.15	2.50
minds	-0.15	2.20
explained	-0.15	2.46
appointment	-0.15	1.69
et	-0.15	1.27
currency	-0.15	1.68
imo	-0.15	1.92
try	-0.15	2.45
only	-0.15	3.57
treasury	-0.15	1.43
wages	-0.15	1.49
budget	-0.15	1.42
business	-0.15	1.37
donations	-0.15	1.74
encouraging	-0.15	1.62
when	-0.15	3.35
russia	-0.15	1.37
losses	-0.15	1.52
framework	-0.15	1.53
retire	-0.15	2.03
control	-0.15	1.43
countless	-0.15	2.04
tried	-0.15	2.33
application	-0.15	1.64
abolish	-0.15	1.49
applying	-0.15	1.75
got	-0.15	2.79
2007	-0.15	1.65
weapons	-0.15	1.30
belong	-0.15	1.49
completed	-0.15	2.15
records	-0.15	1.45
educational	-0.14	1.41
income	-0.14	1.47
contribution	-0.14	1.41
code	-0.14	1.55
million	-0.14	1.91
coverage	-0.14	1.38
etc	-0.14	1.44
fail	-0.14	2.30
estimated	-0.14	1.59
myself	-0.14	2.88
get	-0.14	3.39
nurse	-0.14	1.54
pull	-0.14	2.02
gross	-0.14	1.46
snowden	-0.14	1.48
nhs	-0.14	1.62
medical	-0.14	1.57
yet	-0.14	3.57
password	-0.14	1.34
permanent	-0.14	1.40
broke	-0.14	1.79
stands	-0.14	2.36
welsh	-0.14	1.39
polls	-0.14	1.90
company	-0.14	1.36
finance	-0.14	1.57
difficulty	-0.14	1.80
switched	-0.14	1.51
gains	-0.14	1.49
drawn	-0.14	1.68
establishment	-0.14	1.44
angle	-0.14	1.75
creating	-0.14	1.41
campaigns	-0.13	1.38
sector	-0.13	1.46
calculated	-0.13	1.59
select	-0.13	1.55
thousand	-0.13	2.03
africa	-0.13	1.21
ambulance	-0.13	1.65
fits	-0.13	1.51
economists	-0.13	1.81
done	-0.13	3.58
shown	-0.13	2.29
hundred	-0.13	2.07
applies	-0.13	2.47
recovery	-0.13	1.44
likely	-0.13	2.71
bear	-0.13	1.90
months	-0.13	2.55
without	-0.13	2.16
three	-0.13	1.97
worlds	-0.13	3.53
driving	-0.13	1.37
released	-0.13	1.75
pushed	-0.13	1.82
spread	-0.13	1.10
scrap	-0.13	1.55
covering	-0.13	1.44
warrant	-0.13	1.65
winner	-0.13	1.64
course	-0.13	3.46
raised	-0.13	1.74
learned	-0.13	1.66
ethical	-0.13	1.68
discovered	-0.13	1.88
richer	-0.13	1.58
0	-0.13	1.61
every	-0.12	2.37
subjective	-0.12	1.87
enough	-0.12	3.00
assistance	-0.12	1.70
bit	-0.12	1.85
appeared	-0.12	1.99
ago	-0.12	2.57
take	-0.12	3.01
instantly	-0.12	2.08
charities	-0.12	1.75
trolling	-0.12	1.52
few	-0.12	2.08
go	-0.12	3.18
throw	-0.12	1.86
never	-0.12	3.42
procedure	-0.12	1.63
vaguely	-0.12	1.78
borrowing	-0.12	1.49
after	-0.12	2.54
extend	-0.12	1.81
recognised	-0.12	1.61
years	-0.12	2.54
contracts	-0.12	1.65
toys	-0.12	1.14
youth	-0.12	1.17
65	-0.12	1.69
needed	-0.12	2.44
determine	-0.12	2.20
worth	-0.12	2.20
treatment	-0.12	1.50
earners	-0.12	1.80
hint	-0.12	2.08
societies	-0.12	1.47
wage	-0.12	1.60
potential	-0.12	1.88
resident	-0.12	1.30
intention	-0.12	2.35
pick	-0.11	3.15
thick	-0.11	1.27
laid	-0.11	1.47
end	-0.11	3.19
number	-0.11	1.54
handing	-0.11	1.93
grand	-0.11	2.26
twenty	-0.11	2.14
chance	-0.11	2.83
surgery	-0.11	1.41
drawing	-0.11	1.59
vehicles	-0.11	1.32
papers	-0.11	1.51
leave	-0.11	2.80
elite	-0.11	1.23
eventually	-0.11	2.75
thing	-0.11	3.01
replacing	-0.11	1.41
operate	-0.11	1.71
times	-0.11	2.50
temporary	-0.11	1.53
ten	-0.11	2.11
settle	-0.11	2.14
tiny	-0.11	1.39
ie	-0.11	1.39
adds	-0.11	1.41
percentage	-0.11	1.48
before	-0.11	2.79
sound	-0.11	1.59
even	-0.11	3.74
away	-0.11	2.33
did	-0.10	3.44
board	-0.10	1.38
drain	-0.10	1.18
killed	-0.10	1.19
regulation	-0.10	1.48
couple	-0.10	2.05
pulling	-0.10	1.72
statistics	-0.10	2.04
legal	-0.10	1.74
families	-0.10	1.15
obviously	-0.10	3.74
workforce	-0.10	1.46
run	-0.10	1.78
proportion	-0.10	1.43
pressure	-0.10	1.55
entry	-0.10	1.63
teach	-0.10	1.51
vat	-0.10	1.38
entity	-0.10	1.59
billion	-0.10	1.67
taxpayers	-0.10	1.51
extent	-0.10	2.95
advanced	-0.10	1.46
hospitals	-0.10	1.59
blind	-0.10	1.46
involved	-0.09	2.10
through	-0.09	1.90
fees	-0.09	1.54
professionals	-0.09	1.52
fantasy	-0.09	1.32
balance	-0.09	1.43
ceo	-0.09	1.25
2013	-0.09	1.83
economics	-0.09	1.73
attract	-0.09	1.26
some	-0.09	2.77
everyday	-0.09	1.34
companies	-0.09	1.39
always	-0.09	3.44
biggest	-0.09	3.44
unlimited	-0.09	1.54
concerns	-0.09	1.92
rejected	-0.09	1.70
establish	-0.09	1.84
creation	-0.09	1.37
certainly	-0.09	3.74
tens	-0.09	1.85
counting	-0.09	1.98
2012	-0.09	1.85
ran	-0.09	1.66
year	-0.09	2.30
fill	-0.09	1.63
reader	-0.09	1.52
services	-0.09	1.62
limit	-0.09	1.42
vice	-0.09	1.31
funds	-0.09	1.57
2006	-0.09	1.75
payment	-0.09	1.52
graduate	-0.09	1.84
need	-0.09	3.16
graph	-0.09	1.79
nowadays	-0.09	1.57
identify	-0.09	1.67
switching	-0.09	1.43
inflation	-0.08	1.54
figures	-0.08	1.98
paid	-0.08	1.61
complaint	-0.08	1.80
sovereignty	-0.08	1.49
taxation	-0.08	1.43
thoughts	-0.08	1.59
collect	-0.08	1.60
historical	-0.08	1.43
lessons	-0.08	1.46
struck	-0.08	1.74
ordinary	-0.08	1.32
granted	-0.08	1.65
society	-0.08	1.41
escape	-0.08	1.73
help	-0.08	3.03
conclusions	-0.08	2.15
seven	-0.08	2.08
scheme	-0.08	1.46
six	-0.08	2.16
kicking	-0.08	1.56
agreements	-0.08	1.79
profits	-0.08	1.36
per	-0.08	1.73
visa	-0.08	1.50
imperial	-0.08	1.48
five	-0.08	2.06
eight	-0.08	2.08
operating	-0.08	1.45
strategy	-0.08	1.57
private	-0.08	1.57
four	-0.08	2.13
invade	-0.08	1.35
riding	-0.08	1.34
over	-0.08	2.40
april	-0.08	1.82
schemes	-0.08	1.47
bonuses	-0.08	1.32
trying	-0.08	2.39
gps	-0.08	1.55
interview	-0.08	1.96
ages	-0.08	1.76
gotten	-0.08	2.78
force	-0.08	1.61
citizen	-0.08	1.35
surely	-0.08	3.61
actually	-0.07	3.66
journalists	-0.07	1.53
americans	-0.07	1.20
him	-0.07	2.60
primarily	-0.07	1.66
charity	-0.07	1.84
context	-0.07	2.48
seriously	-0.07	3.41
scale	-0.07	1.50
once	-0.07	3.12
measure	-0.07	1.62
interest	-0.07	1.51
big	-0.07	1.61
newspapers	-0.07	1.54
everywhere	-0.07	2.02
blowing	-0.07	1.43
handling	-0.07	1.52
grant	-0.07	1.57
300	-0.07	1.89
retired	-0.07	1.44
government	-0.07	1.48
hold	-0.07	2.32
irish	-0.07	1.28
decision	-0.07	2.22
powerful	-0.07	1.80
argued	-0.07	2.51
immediately	-0.07	2.43
gdp	-0.07	1.49
fire	-0.07	1.26
associated	-0.07	1.74
oxbridge	-0.07	1.57
notice	-0.07	1.96
frequently	-0.07	1.57
separate	-0.07	1.87
eye	-0.06	1.60
thinking	-0.06	3.28
imply	-0.06	3.10
broadband	-0.06	1.36
citizenship	-0.06	1.43
back	-0.06	2.77
salaries	-0.06	1.45
locked	-0.06	1.59
usage	-0.06	1.45
pay	-0.06	1.57
monopoly	-0.06	1.50
moral	-0.06	1.81
requires	-0.06	1.74
remove	-0.06	1.75
revenue	-0.06	1.38
communications	-0.06	1.48
thoroughly	-0.06	1.42
september	-0.06	2.01
which	-0.06	3.60
nowhere	-0.06	2.00
japanese	-0.06	1.14
elsewhere	-0.06	2.95
badly	-0.06	2.49
finding	-0.06	2.35
deal	-0.06	2.55
joined	-0.06	1.74
drive	-0.06	1.39
given	-0.06	2.12
lifetime	-0.06	1.88
then	-0.06	3.57
quid	-0.06	2.13
runs	-0.06	1.65
tech	-0.06	1.51
economies	-0.06	2.23
messages	-0.06	1.55
additionally	-0.06	1.51
indicate	-0.05	2.42
occasional	-0.05	1.36
tight	-0.05	1.34
returning	-0.05	1.57
secret	-0.05	1.60
pointed	-0.05	2.25
here	-0.05	3.35
boost	-0.05	1.60
explain	-0.05	3.34
date	-0.05	2.09
stephen	-0.05	1.18
provision	-0.05	1.56
until	-0.05	2.60
gove	-0.05	1.21
fired	-0.05	1.39
cap	-0.05	1.49
scot	-0.05	1.77
australian	-0.05	1.25
networks	-0.05	1.36
global	-0.05	2.19
learning	-0.05	1.54
euro	-0.05	1.58
45	-0.05	2.05
received	-0.05	1.93
compete	-0.05	1.65
others	-0.05	2.52
pursue	-0.05	1.90
exactly	-0.05	3.68
accurately	-0.05	1.97
might	-0.05	3.58
talk	-0.05	2.88
relying	-0.04	1.78
sort	-0.04	3.01
dual	-0.04	1.38
publish	-0.04	1.85
joining	-0.04	1.58
helping	-0.04	2.22
easier	-0.04	2.18
significantly	-0.04	2.09
excessive	-0.04	1.28
ca	-0.04	3.18
drivers	-0.04	1.36
repeated	-0.04	1.94
paedophiles	-0.04	1.38
raf	-0.04	1.23
medium	-0.04	1.57
loose	-0.04	1.45
anywhere	-0.04	3.26
accidentally	-0.04	1.84
aim	-0.04	1.93
foundation	-0.04	1.58
commitment	-0.04	1.69
removal	-0.04	1.35
tabloid	-0.04	1.56
26	-0.04	1.78
threshold	-0.04	1.51
student	-0.04	1.91
money	-0.04	2.00
see	-0.04	3.57
variety	-0.04	1.66
plus	-0.04	1.63
duty	-0.04	1.51
seconds	-0.04	2.40
smith	-0.04	1.27
arms	-0.04	1.38
100	-0.04	1.87
earning	-0.04	1.64
traffic	-0.04	1.35
split	-0.04	1.53
bikes	-0.04	1.33
<URL>	-0.04	1.25
<SPECIAL>	-0.04	1.25
later	-0.04	2.59
sheer	-0.04	1.01
ourselves	-0.04	2.44
previously	-0.04	2.72
defense	-0.04	1.53
poll	-0.04	1.93
identity	-0.04	1.26
national	-0.04	1.30
month	-0.03	1.88
nukes	-0.03	1.43
scientific	-0.03	1.70
chief	-0.03	1.30
hat	-0.03	1.42
next	-0.03	2.57
again	-0.03	3.54
sounded	-0.03	1.83
freely	-0.03	1.87
soldier	-0.03	1.18
fucking	-0.03	1.25
deliver	-0.03	1.60
cover	-0.03	1.55
conclusion	-0.03	2.44
armed	-0.03	1.37
arsed	-0.03	2.93
jack	-0.03	1.21
suggested	-0.03	2.30
tests	-0.03	1.65
worthy	-0.03	1.61
3	-0.03	2.08
undoubtedly	-0.03	2.06
meetings	-0.03	1.40
issued	-0.03	1.74
28	-0.03	1.80
authorities	-0.03	1.47
each	-0.03	1.96
poland	-0.03	1.41
3g	-0.03	1.46
interests	-0.03	1.54
figured	-0.03	3.19
share	-0.03	1.83
legitimate	-0.03	1.94
announced	-0.03	1.74
species	-0.03	1.15
personal	-0.03	1.86
security	-0.03	1.52
advocate	-0.03	1.88
pounds	-0.03	1.98
took	-0.03	2.46
ratio	-0.03	1.40
lesson	-0.03	1.47
random	-0.02	1.33
mistakes	-0.02	2.92
pound	-0.02	1.60
periods	-0.02	1.81
also	-0.02	3.71
give	-0.02	2.89
african	-0.02	1.18
pension	-0.02	1.36
readers	-0.02	1.57
within	-0.02	2.30
addressed	-0.02	2.21
showed	-0.02	1.79
students	-0.02	1.90
sterling	-0.02	1.55
sorted	-0.02	2.51
usually	-0.02	1.90
35	-0.02	1.86
greater	-0.02	1.48
motivated	-0.02	1.57
checked	-0.02	2.39
graduates	-0.02	1.72
earnings	-0.02	1.56
former	-0.02	1.22
cyclists	-0.02	1.35
primary	-0.02	1.53
successful	-0.02	1.64
fairness	-0.02	1.59
profile	-0.02	1.26
brief	-0.02	1.49
really	-0.02	3.56
behind	-0.02	1.73
mind	-0.02	3.65
censorship	-0.02	1.55
sales	-0.02	1.29
pedestrians	-0.02	1.37
50	-0.02	1.87
2	-0.02	2.01
stats	-0.02	1.81
us	-0.02	2.49
listed	-0.01	1.94
12	-0.01	2.00
dealers	-0.01	1.44
aged	-0.01	1.57
amount	-0.01	1.63
transfer	-0.01	1.57
overwhelming	-0.01	1.60
developing	-0.01	1.76
pakistan	-0.01	1.23
lucky	-0.01	3.05
tell	-0.01	3.33
journalist	-0.01	1.74
owners	-0.01	1.20
owe	-0.01	1.70
bare	-0.01	1.48
60	-0.01	1.75
speeds	-0.01	1.39
trade	-0.01	1.70
quotes	-0.01	1.72
challenged	-0.01	1.89
4	-0.01	2.07
western	-0.01	1.65
debts	-0.01	1.54
peers	-0.01	1.41
ladder	-0.01	1.96
x	-0.01	1.93
last	-0.01	2.53
say	-0.01	3.70
however	-0.01	3.75
look	-0.01	3.33
uk	-0.01	1.79
road	-0.01	1.36
picked	-0.00	1.85
6	-0.00	2.06
will	-0.00	3.03
universities	-0.00	1.66
saving	-0.00	1.75
agency	-0.00	1.44
amazon	-0.00	1.28
compulsory	-0.00	1.53
75	-0.00	1.75
agencies	-0.00	1.45
quoted	-0.00	2.10
believe	-0.00	3.67
signal	-0.00	1.39
remember	-0.00	3.20
15	-0.00	1.96
sometimes	-0.00	1.90
profession	-0.00	1.56
decide	-0.00	2.50
managed	-0.00	2.40
printed	-0.00	1.57
finished	-0.00	2.20
repair	-0.00	1.43
story	-0.00	1.61
salary	-0.00	1.53
second	-0.00	3.45
standards	0.00	1.48
checks	0.00	1.45
natural	0.00	1.39
understand	0.00	3.54
30	0.00	1.94
lend	0.00	1.60
2014	0.00	1.86
40	0.00	1.87
population	0.00	1.49
remembered	0.00	1.54
stood	0.00	1.34
20	0.00	1.92
fallacy	0.00	1.94
down	0.00	2.08
weeks	0.00	2.48
test	0.00	1.67
keep	0.00	2.52
university	0.01	1.99
half	0.01	2.10
difference	0.01	3.11
purposes	0.01	1.79
fraction	0.01	1.48
bombs	0.01	1.22
debt	0.01	1.56
mobile	0.01	1.38
lot	0.01	3.10
paying	0.01	1.57
19	0.01	1.85
powers	0.01	1.48
charge	0.01	1.58
instant	0.01	1.33
maybe	0.01	3.68
loans	0.01	1.53
chair	0.01	1.50
damaged	0.01	1.63
extra	0.01	1.67
teaching	0.01	1.47
27	0.01	1.86
precisely	0.01	1.95
naturally	0.01	1.54
put	0.01	2.49
sum	0.01	1.61
earn	0.01	1.71
asked	0.01	2.56
flags	0.01	1.18
ideally	0.01	1.70
fewer	0.01	2.03
network	0.01	1.36
loan	0.01	1.54
recall	0.01	1.99
why	0.01	3.61
guard	0.01	1.41
funding	0.01	1.53
privatised	0.01	1.67
revolution	0.01	1.51
machine	0.01	1.33
held	0.01	1.79
save	0.01	1.93
phone	0.01	1.48
may	0.01	3.58
25	0.01	1.85
4g	0.01	1.48
significant	0.01	1.60
7	0.01	2.02
10	0.01	1.97
doubt	0.01	3.65
recruitment	0.01	1.48
bother	0.02	3.39
5	0.02	1.98
know	0.02	3.64
charging	0.02	1.59
implication	0.02	2.32
tools	0.02	1.50
toxic	0.02	1.08
wo	0.02	3.39
named	0.02	1.32
obtain	0.02	1.83
allies	0.02	1.30
ask	0.02	2.95
desk	0.02	1.47
aspect	0.02	1.49
9	0.02	1.98
require	0.02	1.88
takes	0.02	2.42
winning	0.02	1.75
8	0.02	2.02
sole	0.02	1.61
compromise	0.02	2.01
speed	0.03	1.44
expensive	0.03	1.49
arguments	0.03	2.06
exams	0.03	1.77
devolution	0.03	1.55
24	0.03	1.92
14	0.03	1.93
contrary	0.03	2.41
material	0.03	1.53
far	0.03	2.62
qualifications	0.03	1.66
address	0.03	1.86
official	0.03	1.66
create	0.03	1.51
minutes	0.03	2.31
shortly	0.03	1.97
wearing	0.03	1.44
finish	0.03	2.42
whereas	0.03	1.50
bank	0.03	1.52
education	0.03	1.66
curriculum	0.03	1.40
reasoning	0.03	2.21
17	0.03	1.88
makes	0.03	2.14
ton	0.03	1.74
lane	0.03	1.38
much	0.03	3.14
china	0.03	1.39
review	0.03	1.45
motorists	0.03	1.35
passing	0.03	1.61
70s	0.03	1.71
influenced	0.03	1.80
superior	0.03	1.93
courses	0.03	1.97
branch	0.04	1.37
questions	0.04	2.24
21	0.04	1.84
cop	0.04	1.57
age	0.04	1.63
personally	0.04	3.35
shelter	0.04	1.78
govt	0.04	1.44
provide	0.04	2.00
telegraph	0.04	1.59
purely	0.04	1.81
still	0.04	3.69
phd	0.04	1.97
generations	0.04	1.84
addresses	0.04	1.59
23	0.04	1.86
debates	0.04	1.78
having	0.04	2.48
time	0.04	3.15
how	0.04	3.54
borrow	0.04	1.58
report	0.04	2.03
definitely	0.04	3.63
mirror	0.04	1.59
18	0.04	1.88
brussels	0.04	1.51
useful	0.04	1.60
slap	0.04	1.55
arm	0.04	1.43
paint	0.04	1.22
plan	0.05	2.08
markets	0.05	1.53
businesses	0.05	1.43
scientists	0.05	1.43
moon	0.05	1.43
searching	0.05	1.90
quarter	0.05	2.31
weapon	0.05	1.40
degree	0.05	1.95
knife	0.05	1.65
overall	0.05	1.75
published	0.05	1.70
teachers	0.05	1.46
blow	0.05	1.40
billions	0.05	1.75
returned	0.05	1.70
experience	0.05	1.87
denmark	0.05	1.55
norway	0.05	1.54
annual	0.05	1.63
structure	0.05	1.69
11	0.05	1.94
advantages	0.05	1.73
waiting	0.05	1.82
rest	0.05	1.86
prescription	0.05	1.49
colour	0.05	1.28
irrelevant	0.05	2.78
college	0.05	1.95
insults	0.05	1.36
taught	0.05	1.51
referring	0.05	2.45
tied	0.06	1.61
taking	0.06	2.28
substantial	0.06	1.39
taxed	0.06	1.40
advance	0.06	1.69
chamber	0.06	1.53
formula	0.06	1.48
200	0.06	1.82
actively	0.06	2.09
motorway	0.06	1.45
data	0.06	1.58
penis	0.06	1.28
off	0.06	2.42
week	0.06	2.42
somewhere	0.06	3.01
fine	0.06	3.97
contributing	0.06	1.59
1000	0.06	1.86
loads	0.06	1.97
score	0.06	1.65
schools	0.06	1.30
80	0.06	1.79
korea	0.06	1.30
cars	0.06	1.34
switch	0.06	1.56
failing	0.06	2.22
ve	0.06	3.09
degrees	0.06	1.97
returns	0.06	1.47
example	0.06	2.63
necessary	0.06	1.87
days	0.06	2.51
skill	0.06	1.50
greece	0.07	1.46
wheel	0.07	1.55
d	0.07	3.60
environmental	0.07	1.46
consent	0.07	1.59
privilege	0.07	1.40
earned	0.07	1.63
lanes	0.07	1.40
dispute	0.07	2.15
pair	0.07	1.19
barrier	0.07	1.56
daily	0.07	1.60
immediate	0.07	1.76
workplace	0.07	1.46
beat	0.07	1.84
ownership	0.07	1.39
arrived	0.07	1.89
hours	0.07	2.32
fake	0.07	1.26
scotland	0.07	1.67
safely	0.07	1.54
source	0.07	2.26
portion	0.07	1.43
independent	0.07	1.75
gun	0.07	1.49
opt	0.07	1.66
500	0.07	1.81
insurance	0.08	1.47
swear	0.08	1.46
project	0.08	1.46
amounts	0.08	1.46
firms	0.08	1.41
trident	0.08	1.42
banning	0.08	1.44
guardian	0.08	1.61
running	0.08	1.86
make	0.08	3.03
industries	0.08	1.41
wishes	0.08	1.71
savings	0.08	1.56
commenting	0.08	2.23
22	0.08	1.73
formed	0.08	1.39
operations	0.08	1.45
breaks	0.08	1.46
troll	0.08	1.49
horse	0.08	1.38
wifi	0.08	1.35
uni	0.08	1.94
going	0.08	3.62
copyright	0.08	1.51
grades	0.08	1.61
drives	0.08	1.33
laughing	0.08	1.38
neck	0.08	1.44
nose	0.08	1.53
units	0.08	1.35
feature	0.08	1.78
stamp	0.08	1.43
premium	0.09	1.65
16	0.09	1.77
newspaper	0.09	1.62
standing	0.09	1.76
van	0.09	1.44
profit	0.09	1.44
brain	0.09	1.15
communication	0.09	1.42
union	0.09	1.57
print	0.09	1.62
tradition	0.09	1.17
shoulder	0.09	1.44
fund	0.09	1.73
section	0.09	1.73
restricted	0.09	1.52
90	0.09	1.86
hospital	0.09	1.58
steps	0.09	1.80
isps	0.09	1.44
competing	0.09	1.69
points	0.09	2.36
scam	0.09	1.33
providers	0.09	1.49
privately	0.09	1.67
texts	0.09	1.53
exposure	0.09	1.43
philosophy	0.09	1.69
cash	0.09	1.57
70	0.09	1.76
upgrade	0.09	1.43
could	0.09	3.41
slower	0.09	1.87
resources	0.09	1.49
legally	0.09	2.32
investment	0.09	1.49
method	0.09	1.92
borders	0.09	1.46
imagine	0.10	3.57
minute	0.10	2.16
13	0.10	1.88
success	0.10	1.77
child	0.10	1.33
largest	0.10	2.71
continued	0.10	1.64
lawyer	0.10	2.07
small	0.10	1.46
congestion	0.10	1.30
line	0.10	1.49
hear	0.10	2.42
dm	0.10	1.61
showing	0.10	2.12
disagrees	0.10	2.82
federal	0.10	1.46
directly	0.10	1.75
tourists	0.10	1.19
sun	0.10	1.51
vastly	0.10	1.98
mail	0.10	1.59
generally	0.10	2.03
effective	0.10	1.60
longer	0.10	2.39
monthly	0.10	1.57
netherlands	0.10	1.52
default	0.11	1.71
path	0.11	1.66
lists	0.11	1.57
miles	0.11	2.01
offer	0.11	1.98
july	0.11	1.84
prevent	0.11	1.89
health	0.11	1.73
argue	0.11	3.67
usa	0.11	1.52
volume	0.11	1.40
research	0.11	1.68
revenues	0.11	1.42
partners	0.11	1.25
saves	0.11	1.80
shortage	0.11	1.60
sent	0.11	1.84
seek	0.11	1.95
exit	0.11	1.72
teacher	0.11	1.51
differently	0.11	2.41
approaching	0.11	1.55
ahead	0.11	2.20
passport	0.11	1.50
bike	0.11	1.40
vital	0.11	1.54
masters	0.11	1.96
afford	0.11	2.16
director	0.11	1.24
penny	0.11	1.69
pleasure	0.12	1.02
want	0.12	3.09
trusted	0.12	1.87
invested	0.12	1.61
metro	0.12	1.57
se	0.12	1.34
presented	0.12	2.21
isp	0.12	1.40
alone	0.12	3.02
children	0.12	1.29
kicked	0.12	1.76
stating	0.12	2.91
maths	0.12	1.70
capability	0.12	1.45
stick	0.12	1.67
sarcastic	0.12	1.72
register	0.12	1.62
office	0.12	1.43
shares	0.12	1.43
ni	0.12	1.31
mode	0.12	1.51
mins	0.13	1.99
card	0.13	1.48
spain	0.13	1.56
b	0.13	1.80
substance	0.13	1.49
connection	0.13	1.35
advertised	0.13	1.48
secondary	0.13	1.47
credit	0.13	1.52
front	0.13	1.62
plane	0.13	1.31
pulled	0.13	1.81
surplus	0.13	1.45
kick	0.13	2.00
today	0.13	2.94
object	0.13	1.82
safety	0.13	1.61
america	0.13	1.43
competition	0.13	1.48
honestly	0.13	3.37
addicts	0.13	1.54
habit	0.13	1.78
router	0.13	1.35
continuing	0.13	1.85
cock	0.13	1.27
account	0.13	1.61
encourages	0.14	1.71
export	0.14	2.06
commonwealth	0.14	1.40
queue	0.14	1.71
flow	0.14	1.28
olds	0.14	1.76
chunk	0.14	1.60
pupils	0.14	1.44
roman	0.14	1.16
peace	0.14	1.33
though	0.14	3.36
harmful	0.14	1.52
trading	0.14	2.45
realise	0.14	3.49
adults	0.14	1.45
determined	0.14	1.86
options	0.14	2.31
testing	0.14	1.51
studying	0.14	1.95
mandatory	0.14	1.69
voluntary	0.14	1.65
performing	0.14	1.86
india	0.14	1.27
horror	0.14	0.98
charles	0.14	1.48
pavement	0.14	1.39
stay	0.14	2.52
agent	0.14	1.56
rely	0.14	1.66
roads	0.14	1.43
regret	0.14	2.22
large	0.14	1.47
metric	0.14	1.66
moved	0.14	2.14
belgium	0.14	1.45
australia	0.14	1.43
probably	0.15	3.68
tool	0.15	1.53
switzerland	0.15	1.56
send	0.15	2.00
sweden	0.15	1.48
ii	0.15	1.30
cv	0.15	1.76
arrive	0.15	2.00
passenger	0.15	1.40
reaching	0.15	1.86
wonder	0.15	3.53
question	0.15	2.90
mortgage	0.15	1.54
crossing	0.15	1.53
connections	0.15	1.37
aka	0.15	1.13
looking	0.15	2.69
medicine	0.15	1.71
vast	0.15	1.45
requirement	0.15	1.82
free	0.15	2.07
agents	0.15	1.45
iphone	0.15	1.40
taxpayer	0.15	1.64
generated	0.15	1.37
install	0.15	1.45
retain	0.15	1.84
agrees	0.16	2.80
systems	0.16	1.60
likewise	0.16	1.32
lines	0.16	1.51
old	0.16	1.89
hell	0.16	2.84
boxes	0.16	1.39
materials	0.16	1.43
deposit	0.16	1.57
realising	0.16	2.01
theres	0.16	1.81
investments	0.16	1.46
spare	0.16	1.72
improve	0.16	2.06
figure	0.16	1.94
filters	0.16	1.50
cambridge	0.16	1.64
maintenance	0.16	1.41
inform	0.16	2.01
unit	0.16	1.38
gave	0.16	2.29
fortune	0.16	1.66
addiction	0.16	1.46
germany	0.16	1.48
stem	0.17	1.74
client	0.17	1.52
first	0.17	2.52
sit	0.17	2.07
lift	0.17	1.58
rolling	0.17	1.50
although	0.17	3.51
pocket	0.17	1.68
france	0.17	1.48
academic	0.17	1.63
models	0.17	1.88
lifestyle	0.17	1.50
olympics	0.17	1.31
audience	0.17	1.38
quote	0.17	2.19
answer	0.17	3.13
length	0.17	1.90
mark	0.17	1.30
dedicated	0.17	1.41
costs	0.17	1.46
reward	0.17	1.68
mortgages	0.17	1.47
skills	0.17	1.54
continues	0.18	1.93
fair	0.18	2.97
overtime	0.18	1.77
headline	0.18	1.73
our	0.18	2.07
connect	0.18	1.35
equity	0.18	1.52
william	0.18	1.10
sat	0.18	1.61
italy	0.18	1.45
1st	0.18	2.48
japan	0.18	1.44
requiring	0.18	1.79
training	0.18	1.65
accent	0.18	1.44
size	0.18	1.51
cable	0.18	1.29
earlier	0.18	2.33
nations	0.18	1.90
railways	0.18	1.48
should	0.18	3.47
id	0.18	1.55
technical	0.18	1.57
dress	0.18	1.38
flight	0.18	1.39
hour	0.18	2.11
bible	0.19	1.25
location	0.19	1.69
seeing	0.19	2.29
talent	0.19	1.33
unable	0.19	2.36
connected	0.19	1.38
owner	0.19	1.44
note	0.19	2.29
leaving	0.19	2.04
studies	0.19	1.87
diverse	0.19	1.35
finger	0.19	1.66
grants	0.19	1.57
noting	0.19	1.39
spending	0.19	1.56
paper	0.19	1.58
investors	0.19	1.38
drug	0.19	1.47
capital	0.19	1.44
older	0.19	1.53
passengers	0.19	1.44
jerk	0.20	1.52
zealand	0.20	1.45
january	0.20	1.82
originally	0.20	2.52
educated	0.20	1.41
copper	0.20	1.33
exam	0.20	1.60
teenagers	0.20	1.39
culturally	0.20	1.49
canada	0.20	1.45
presume	0.20	2.41
mechanism	0.20	1.57
improvements	0.20	1.59
implying	0.20	2.66
tweets	0.20	1.52
heathrow	0.20	1.41
taxi	0.20	1.42
invest	0.20	1.59
importance	0.20	1.66
asia	0.20	1.29
ll	0.20	3.26
physics	0.20	1.91
2nd	0.20	2.84
lee	0.21	1.23
plans	0.21	1.79
giving	0.21	2.11
articles	0.21	1.68
lights	0.21	1.36
looked	0.21	1.99
participate	0.21	1.90
super	0.21	1.71
lacking	0.21	1.77
boss	0.21	1.83
bothered	0.21	3.32
judging	0.21	1.76
patient	0.21	1.71
intended	0.21	2.37
news	0.21	1.53
cycling	0.21	1.44
long-term	0.21	1.75
exports	0.21	1.62
danger	0.21	1.92
intend	0.21	2.60
marked	0.21	1.43
distribution	0.22	1.45
cycle	0.22	1.46
grade	0.22	1.86
document	0.22	1.70
albeit	0.22	1.77
marks	0.22	1.82
properly	0.22	2.45
recognise	0.22	2.42
return	0.22	1.60
cards	0.22	1.44
perfect	0.22	1.92
distinct	0.22	1.43
whatever	0.22	3.11
letters	0.22	1.74
cctv	0.22	1.47
states	0.22	1.58
provided	0.22	1.85
implied	0.22	2.41
jimmy	0.22	1.44
grow	0.22	1.34
predicted	0.22	1.83
commercial	0.23	1.25
engaged	0.23	1.47
travelling	0.23	1.60
behave	0.23	1.69
industry	0.23	1.42
oxford	0.23	1.57
experts	0.23	1.47
assume	0.23	3.63
instance	0.23	1.46
equipment	0.23	1.31
filter	0.23	1.50
noticed	0.23	2.77
owned	0.23	1.40
delivery	0.23	1.48
loud	0.23	1.64
distance	0.23	1.62
formal	0.23	1.73
write	0.23	1.78
barely	0.23	2.17
planes	0.23	1.30
during	0.23	1.76
airport	0.23	1.34
larger	0.23	1.49
sovereign	0.23	1.44
went	0.23	2.23
drugs	0.23	1.52
accessible	0.24	1.56
fairer	0.24	1.81
engage	0.24	1.91
continent	0.24	1.74
subsidy	0.24	1.42
secondly	0.24	2.64
tenant	0.24	1.62
i.e	0.24	1.68
conditions	0.24	1.51
regarding	0.24	1.96
read	0.24	1.82
christian	0.24	1.36
delivered	0.24	1.54
pool	0.24	1.32
email	0.24	1.74
navy	0.25	1.36
carriers	0.25	1.43
engineer	0.25	1.46
sitting	0.25	1.76
debating	0.25	2.38
discussing	0.25	2.51
double	0.25	1.77
m	0.25	2.94
decided	0.25	2.42
via	0.25	1.56
topics	0.25	1.96
knowledge	0.25	1.63
competent	0.25	1.49
expect	0.25	3.34
costing	0.25	1.86
technology	0.25	1.72
ip	0.26	1.50
e	0.26	1.55
retirement	0.26	1.66
spell	0.26	2.93
agreeing	0.26	2.91
wanted	0.26	2.68
cost	0.26	1.58
regulated	0.26	1.44
slip	0.26	1.77
around	0.26	2.20
solution	0.26	2.31
recently	0.26	2.79
maintain	0.26	1.81
gm	0.26	1.28
realised	0.26	2.39
nation	0.26	1.85
barriers	0.26	1.52
pol	0.26	1.68
gcse	0.26	1.57
head	0.26	1.68
solutions	0.26	2.02
consumer	0.26	1.37
seeking	0.27	2.05
faces	0.27	1.45
devolved	0.27	1.46
reasonably	0.27	1.89
comedians	0.27	1.25
together	0.27	1.99
tourism	0.27	1.33
projects	0.27	1.51
replace	0.27	1.48
hang	0.27	2.15
beginning	0.27	2.01
well	0.27	3.30
providing	0.27	1.75
objective	0.27	1.84
propose	0.27	1.77
hanging	0.27	1.56
respected	0.27	1.59
engineering	0.27	1.72
sources	0.27	1.78
expenditure	0.27	1.50
file	0.27	1.52
deals	0.27	1.85
cab	0.28	1.74
professional	0.28	1.60
access	0.28	1.64
written	0.28	1.76
internet	0.28	1.41
electronic	0.28	1.44
landlord	0.28	1.54
kids	0.28	1.41
anecdotal	0.28	2.39
cannabis	0.28	1.46
attempting	0.28	2.29
approach	0.29	1.66
rail	0.29	1.52
box	0.29	1.52
odds	0.29	1.94
remaining	0.29	1.63
faster	0.29	2.12
knocking	0.29	1.64
host	0.29	1.52
argentina	0.29	1.32
europe	0.29	2.09
active	0.29	1.63
tend	0.29	1.75
replacement	0.29	1.42
holding	0.29	1.88
capita	0.29	1.65
servers	0.29	1.44
falklands	0.29	1.27
closest	0.29	1.73
ground	0.29	1.40
author	0.29	2.08
manufacturing	0.29	1.46
center	0.29	1.17
manner	0.29	1.72
installed	0.29	1.39
methods	0.29	1.68
sending	0.29	1.87
emails	0.29	1.67
margin	0.29	1.97
sticking	0.29	1.65
reporting	0.29	1.76
feet	0.30	1.76
reserve	0.30	1.44
school	0.30	1.48
bus	0.30	1.65
exchange	0.30	1.45
buses	0.30	1.51
poorly	0.30	2.47
relevant	0.30	2.11
use	0.30	1.62
actual	0.30	2.07
occasionally	0.30	1.47
remain	0.30	1.76
journalism	0.30	1.55
field	0.30	1.67
stability	0.30	1.58
breakdown	0.30	1.58
am	0.30	2.81
fly	0.30	1.38
assets	0.30	1.48
retail	0.30	1.43
hs2	0.30	1.48
fare	0.30	1.69
status	0.30	1.58
automation	0.30	1.68
deciding	0.30	2.07
weed	0.30	1.48
cheapest	0.31	3.35
spent	0.31	2.21
stolen	0.31	1.29
maintaining	0.31	1.63
lives	0.31	1.54
estimate	0.31	1.76
fibre	0.31	1.33
trains	0.31	1.51
tbh	0.31	2.10
along	0.31	1.77
monarch	0.31	1.25
destroying	0.31	1.30
information	0.31	1.65
hope	0.31	3.48
warning	0.32	1.66
staying	0.32	1.98
country	0.32	2.22
designed	0.32	2.06
function	0.32	1.68
infrastructure	0.32	1.49
heritage	0.32	1.25
grab	0.32	1.88
database	0.32	1.52
comedian	0.32	1.23
inside	0.32	1.68
vpn	0.32	1.37
linked	0.32	1.95
fee	0.32	1.45
shift	0.32	2.05
relationship	0.32	1.30
automated	0.32	1.61
ride	0.32	1.47
consumers	0.33	1.46
dr	0.33	1.28
early	0.33	1.90
oversight	0.33	1.52
holes	0.33	1.51
prices	0.33	1.44
request	0.33	1.88
magic	0.33	1.94
letter	0.33	1.81
anonymous	0.33	1.71
bottom	0.33	1.72
format	0.33	1.56
final	0.33	2.32
cocaine	0.33	1.54
planned	0.33	1.80
answering	0.33	2.41
qualified	0.33	1.53
owning	0.33	1.41
edge	0.33	1.63
science	0.34	1.69
documents	0.34	1.60
presumably	0.34	2.63
saved	0.34	1.85
studied	0.34	1.76
discussions	0.34	1.99
spend	0.34	2.00
shot	0.34	1.35
t	0.34	1.48
investing	0.34	1.54
atheist	0.34	1.52
rating	0.34	1.73
mere	0.34	1.81
blood	0.34	1.06
v	0.34	1.39
rent	0.34	1.53
incentives	0.34	1.71
order	0.34	2.34
december	0.34	1.80
answered	0.34	2.47
windows	0.34	1.48
rather	0.34	2.49
bills	0.34	1.50
generate	0.34	1.41
less	0.34	2.41
server	0.35	1.40
wait	0.35	2.63
purpose	0.35	2.16
dare	0.35	2.24
celebrities	0.35	1.45
enable	0.35	2.04
travel	0.35	1.73
michael	0.35	1.12
normal	0.35	1.73
greatest	0.35	2.86
train	0.35	1.64
hands	0.35	1.62
meh	0.35	1.55
christ	0.35	1.85
carry	0.35	1.74
door	0.35	1.73
locations	0.35	1.77
obesity	0.35	1.30
transport	0.35	1.55
study	0.36	1.79
john	0.36	1.16
bigger	0.36	1.80
bitch	0.36	2.02
normally	0.36	1.99
shared	0.36	1.48
ass	0.36	1.52
wont	0.36	2.76
improved	0.36	2.10
ability	0.36	2.35
household	0.36	1.43
regional	0.37	1.37
details	0.37	1.63
satire	0.37	1.49
files	0.37	1.52
habits	0.37	1.43
british	0.37	1.29
carrier	0.37	1.40
where	0.37	3.45
adult	0.37	1.48
falls	0.37	1.59
grown	0.37	1.34
resource	0.37	1.47
tube	0.37	1.60
kong	0.37	1.32
light	0.37	1.48
message	0.37	1.72
block	0.37	1.49
crown	0.37	1.50
hong	0.37	1.32
luckily	0.37	2.08
wear	0.37	1.50
role	0.37	1.47
shower	0.37	1.07
phones	0.37	1.36
divided	0.37	1.47
blocking	0.38	1.45
generation	0.38	2.11
able	0.38	2.61
survey	0.38	1.95
folk	0.38	1.55
market	0.38	1.45
list	0.38	1.98
registered	0.38	1.77
subtle	0.38	1.58
mid	0.38	1.78
tenants	0.38	1.50
passes	0.38	1.43
wherever	0.38	2.36
sufficient	0.38	1.63
journey	0.39	1.71
asking	0.39	2.86
central	0.39	1.42
council	0.39	1.29
countries	0.39	1.84
ms	0.39	1.45
programme	0.39	1.38
expand	0.39	1.78
c	0.39	1.57
extensive	0.39	1.38
ive	0.39	2.40
finally	0.39	2.60
laptop	0.39	1.34
councils	0.40	1.41
offered	0.40	1.99
tip	0.40	1.62
value	0.40	1.40
bang	0.40	1.33
fat	0.40	1.19
demand	0.40	1.41
iceland	0.40	1.44
tickets	0.40	1.66
earth	0.40	2.08
alongside	0.40	1.51
dont	0.40	3.28
worry	0.40	3.38
button	0.40	1.55
hand	0.40	1.82
offering	0.40	1.89
rents	0.40	1.43
routes	0.40	1.49
century	0.41	1.80
engine	0.41	1.34
coin	0.41	1.61
damned	0.41	1.49
microsoft	0.41	1.48
lock	0.41	1.84
predict	0.41	2.23
nuclear	0.41	1.39
classic	0.41	1.18
assembly	0.41	1.41
user	0.41	1.56
cross	0.41	1.31
software	0.41	1.41
flying	0.41	1.29
de	0.41	1.32
guy	0.41	2.43
reference	0.41	2.07
carrying	0.41	1.65
accommodation	0.41	1.62
pre	0.42	1.52
quicker	0.42	2.23
tomorrow	0.42	2.60
fracking	0.42	1.31
blocked	0.42	1.50
reserves	0.42	1.48
planning	0.42	1.47
users	0.42	1.55
suppose	0.42	3.48
asset	0.42	1.47
purchase	0.42	1.37
heroin	0.42	1.46
considerably	0.42	2.22
underground	0.42	1.49
sites	0.42	1.53
visible	0.42	1.33
21st	0.43	1.84
commute	0.43	1.73
landlords	0.43	1.46
sections	0.43	1.71
web	0.43	1.51
paul	0.43	1.20
married	0.43	1.36
pages	0.43	1.78
produced	0.43	1.34
new	0.43	1.57
proxy	0.43	1.45
rental	0.43	1.43
above	0.43	1.83
guessing	0.43	3.36
guess	0.43	3.57
writer	0.43	1.63
feed	0.43	1.36
unique	0.43	1.34
device	0.43	1.34
consideration	0.43	1.76
surface	0.43	1.43
available	0.44	1.81
latter	0.44	1.52
app	0.44	1.45
minimal	0.44	1.51
r/ukpolitics	0.44	1.78
credible	0.44	1.96
plant	0.44	1.24
checking	0.44	1.50
boot	0.44	1.50
covered	0.44	1.56
listen	0.44	2.42
nottingham	0.44	1.51
current	0.44	1.63
universe	0.44	1.59
serving	0.44	1.14
palace	0.44	1.40
release	0.44	1.50
expense	0.44	1.49
name	0.44	1.54
prospect	0.44	1.72
supply	0.45	1.40
familiar	0.45	2.25
construction	0.45	1.41
perfectly	0.45	2.13
space	0.45	1.33
walked	0.45	1.59
loaded	0.45	1.68
pollution	0.45	1.22
shooting	0.45	1.39
copy	0.45	1.63
certificate	0.45	1.81
topic	0.45	1.81
fashion	0.45	1.58
turkey	0.45	1.21
existing	0.45	1.62
thought	0.45	3.17
wave	0.45	1.79
frame	0.45	1.61
bearing	0.45	1.74
computers	0.45	1.40
click	0.46	1.70
computer	0.46	1.50
viable	0.46	2.04
wrote	0.46	1.93
sheffield	0.46	1.46
store	0.46	1.38
herself	0.46	2.08
foot	0.46	1.70
opportunities	0.46	1.79
cardiff	0.46	1.47
careers	0.46	1.65
answers	0.46	2.18
results	0.46	2.08
funded	0.47	1.65
career	0.47	1.66
route	0.47	1.98
sane	0.47	1.54
website	0.47	1.77
oil	0.47	1.43
factory	0.47	1.38
power	0.47	1.44
standard	0.47	1.58
knock	0.47	1.69
websites	0.47	1.52
pc	0.47	1.24
late	0.47	1.98
clothing	0.47	1.36
teeth	0.47	1.45
automatic	0.47	1.62
burn	0.47	1.22
legit	0.47	1.58
clients	0.47	1.53
cleaner	0.48	1.44
wikipedia	0.48	1.84
article	0.48	1.95
industrial	0.48	1.32
traditional	0.48	1.42
housing	0.48	1.38
incorrect	0.48	3.65
accounts	0.48	1.68
linking	0.48	1.82
renting	0.48	1.49
debate	0.48	2.02
subsidies	0.48	1.40
let	0.48	3.00
alternatives	0.48	2.16
depth	0.48	1.81
twitter	0.49	1.60
kit	0.49	1.28
advertising	0.49	1.33
christianity	0.49	1.32
unpopular	0.49	2.71
leeds	0.49	1.44
sooner	0.49	2.69
sample	0.49	1.66
programming	0.49	1.43
thin	0.49	1.34
marketing	0.49	1.25
ban	0.49	1.50
room	0.49	1.48
subject	0.49	1.79
improving	0.49	1.96
saw	0.49	2.27
house	0.49	1.49
wake	0.50	1.87
screen	0.50	1.44
item	0.50	1.35
surrounded	0.50	1.11
forever	0.50	2.72
territory	0.50	1.29
property	0.50	1.43
born	0.50	1.32
pointing	0.50	2.63
machines	0.50	1.62
perform	0.51	1.63
ensuring	0.51	1.67
mothers	0.51	1.40
humans	0.51	1.32
zone	0.51	1.60
intellectual	0.51	1.71
rented	0.51	1.48
sums	0.51	1.56
tie	0.51	1.32
encouraged	0.51	2.08
obligation	0.51	2.35
smaller	0.51	1.68
meaningful	0.51	1.90
development	0.51	1.40
window	0.51	1.55
st	0.51	1.24
shifts	0.51	1.92
weight	0.52	1.36
jokes	0.52	1.39
church	0.52	1.33
consistently	0.52	1.48
integrity	0.52	1.59
convincing	0.52	1.86
threw	0.52	1.48
1	0.52	1.83
walk	0.52	1.83
locally	0.52	1.66
storage	0.52	1.44
engaging	0.52	1.92
ffs	0.52	1.50
page	0.52	1.80
fry	0.52	1.04
climate	0.53	1.49
republic	0.53	1.36
product	0.53	1.43
subs	0.53	1.67
payer	0.53	1.68
firearms	0.53	1.64
practical	0.53	2.00
newcastle	0.53	1.46
coal	0.53	1.31
lottery	0.53	1.55
sky	0.53	1.32
hilarious	0.53	1.87
empire	0.53	1.33
hole	0.53	1.33
air	0.53	1.30
blog	0.53	1.86
nicotine	0.53	1.40
sleeping	0.53	1.56
google	0.53	1.67
fence	0.53	1.59
preferred	0.53	1.12
responded	0.53	2.31
capable	0.53	1.84
signs	0.53	1.71
manchester	0.54	1.40
smoke	0.54	1.42
border	0.54	1.40
explains	0.54	1.31
edinburgh	0.54	1.45
strength	0.54	1.33
impartial	0.54	1.73
sucks	0.54	1.61
hair	0.54	1.35
mile	0.54	1.73
ship	0.54	1.39
wording	0.54	2.65
arguing	0.54	3.27
incentive	0.55	2.05
responding	0.55	2.45
king	0.55	1.22
legs	0.55	1.52
pregnant	0.55	1.50
circlejerk	0.55	1.74
bin	0.55	1.30
capacity	0.55	1.40
illegally	0.55	1.73
fixed	0.55	2.17
devices	0.55	1.33
preference	0.55	1.40
floor	0.55	1.42
face	0.55	1.51
license	0.55	1.47
younger	0.55	1.41
outside	0.56	1.89
weird	0.56	2.01
humour	0.56	1.39
plate	0.56	1.41
yesterday	0.56	2.31
blocks	0.56	1.37
goods	0.56	1.38
bins	0.56	1.21
choose	0.56	2.41
stretch	0.56	1.69
ties	0.56	1.50
stations	0.57	1.45
prospects	0.57	1.82
discount	0.57	1.77
titles	0.57	1.92
detail	0.57	1.54
railway	0.57	1.43
petrol	0.57	1.33
energy	0.57	1.51
living	0.57	1.67
liverpool	0.57	1.42
citation	0.57	2.00
required	0.57	2.18
references	0.57	1.85
renewable	0.57	1.55
respond	0.57	2.44
demanding	0.57	2.01
woman	0.58	1.78
fuels	0.58	1.43
bodies	0.58	1.27
plants	0.58	1.32
summary	0.58	1.65
strong	0.58	1.63
renewables	0.58	1.50
sells	0.58	1.34
site	0.58	1.63
encourage	0.59	2.26
developers	0.59	1.38
london	0.59	1.60
reading	0.59	1.84
cats	0.59	1.18
chinese	0.59	1.26
honesty	0.59	1.83
analysis	0.59	1.88
redditors	0.60	2.00
shoot	0.60	1.29
solar	0.60	1.47
empty	0.60	1.43
fossil	0.60	1.42
convinced	0.60	3.29
chances	0.60	2.00
aircraft	0.60	1.43
orders	0.60	1.58
reckon	0.60	2.56
update	0.61	1.89
ticket	0.61	1.65
wall	0.61	1.47
parking	0.61	1.35
square	0.61	1.51
estate	0.61	1.43
baby	0.61	1.48
text	0.61	1.78
fuel	0.61	1.31
throughout	0.61	1.43
body	0.61	1.23
forums	0.62	1.78
discussion	0.62	1.97
whats	0.62	2.09
updated	0.62	2.15
black	0.62	1.20
digital	0.62	1.35
sized	0.62	1.28
permission	0.62	1.48
disagree	0.62	3.88
sustainable	0.62	1.82
james	0.62	1.44
toilet	0.62	1.11
she	0.63	2.57
bedroom	0.63	1.41
posters	0.63	1.84
stone	0.63	1.67
writing	0.63	1.67
boys	0.63	1.41
properties	0.63	1.41
previous	0.63	2.09
round	0.63	1.99
flat	0.63	1.53
apology	0.64	1.94
subscription	0.64	1.39
output	0.64	1.39
tweet	0.64	1.86
expert	0.64	1.78
indian	0.64	1.24
emissions	0.64	1.31
content	0.64	1.42
contains	0.64	1.44
shape	0.64	1.70
filling	0.64	1.56
station	0.64	1.50
crack	0.64	1.50
fingers	0.64	1.60
y	0.64	1.81
tear	0.64	1.29
stream	0.64	1.34
suitable	0.64	1.50
opportunity	0.65	2.22
whose	0.65	1.64
irony	0.65	1.58
than	0.65	2.32
latest	0.65	1.63
hopefully	0.65	2.86
monarchy	0.65	1.34
online	0.65	1.45
dog	0.65	1.29
r	0.65	1.85
uniform	0.65	1.41
birth	0.65	1.45
fans	0.65	1.09
items	0.65	1.43
95	0.66	2.01
style	0.66	1.39
porn	0.66	1.41
producing	0.66	1.33
plot	0.66	1.32
wondering	0.66	3.01
guaranteed	0.66	1.68
relations	0.67	1.28
till	0.67	2.02
gather	0.67	1.67
vision	0.67	1.93
sleep	0.67	1.57
profitable	0.67	1.47
keeping	0.67	1.80
stock	0.67	1.38
rooms	0.67	1.42
bed	0.67	1.45
bristol	0.68	1.49
sale	0.68	1.35
facilities	0.68	1.46
library	0.68	1.47
visited	0.68	2.07
forced	0.68	2.43
program	0.68	1.43
gov	0.68	1.65
curious	0.68	2.66
guns	0.68	1.61
theirs	0.68	2.06
setup	0.69	1.59
allows	0.69	2.31
farming	0.69	1.21
ordered	0.69	1.57
wind	0.69	1.41
ireland	0.69	1.37
crossed	0.69	1.98
lt	0.69	1.75
tobacco	0.70	1.42
contrast	0.70	1.62
electricity	0.70	1.43
bags	0.70	1.19
mistaken	0.70	3.44
united	0.70	1.43
camera	0.71	1.49
worthwhile	0.71	1.58
raw	0.71	1.57
lived	0.71	1.62
smoking	0.71	1.43
mr	0.71	1.27
responses	0.71	1.78
amazed	0.72	2.91
neighbours	0.72	1.65
paragraph	0.72	1.91
search	0.72	1.68
populations	0.72	1.34
forum	0.72	1.82
lets	0.72	2.30
royal	0.72	1.35
closed	0.73	1.58
letting	0.73	2.09
flats	0.73	1.40
licence	0.73	1.46
crew	0.73	1.30
environment	0.73	1.52
memory	0.73	1.49
folks	0.73	1.42
pissing	0.73	1.37
fast	0.73	1.37
photos	0.73	1.57
battery	0.73	1.27
efficiency	0.73	1.71
viewing	0.74	1.81
grid	0.74	1.41
choosing	0.74	2.11
roll	0.74	1.54
match	0.74	1.23
dressed	0.74	1.43
surprisingly	0.74	1.59
tag	0.75	1.49
chosen	0.75	2.05
created	0.75	1.17
production	0.75	1.33
contest	0.75	1.62
mod	0.75	1.89
warming	0.75	1.41
stronger	0.75	1.98
weekly	0.76	1.50
massive	0.76	1.25
clarify	0.76	3.06
home	0.76	1.84
york	0.76	1.44
leaves	0.76	1.63
cast	0.76	1.59
walls	0.76	1.32
justified	0.76	3.02
cigarettes	0.76	1.41
efficient	0.76	1.87
fully	0.76	2.58
reasonable	0.77	1.79
genius	0.77	1.93
concerned	0.77	2.86
electric	0.77	1.34
forcing	0.77	2.37
roof	0.77	1.46
productive	0.77	1.75
girl	0.77	1.66
footage	0.77	1.42
tree	0.78	1.16
tl	0.78	1.65
rush	0.78	1.64
build	0.78	1.37
links	0.78	1.81
threads	0.78	1.91
reliable	0.78	1.75
confused	0.79	2.86
heads	0.79	1.74
ancient	0.79	1.29
colleagues	0.79	1.52
facebook	0.79	1.73
closer	0.79	2.01
breath	0.79	1.88
bay	0.79	1.30
version	0.79	1.55
consumption	0.80	1.31
images	0.80	1.57
n	0.80	1.65
clean	0.80	1.14
response	0.80	1.89
sensitive	0.80	1.68
partner	0.80	1.45
walking	0.81	1.33
buying	0.81	1.55
shoes	0.81	1.36
refused	0.82	2.36
northern	0.82	1.30
removed	0.82	2.07
suits	0.82	1.42
map	0.82	1.77
ships	0.82	1.47
doctor	0.82	1.52
sub	0.82	1.93
cleaning	0.82	1.25
ads	0.83	1.37
thread	0.83	2.11
master	0.83	1.38
adding	0.83	1.49
plug	0.84	1.49
celebrate	0.84	1.28
street	0.84	1.51
pissed	0.84	2.49
allowing	0.84	2.32
fox	0.84	1.20
gas	0.84	1.32
rip	0.84	2.00
replied	0.84	2.45
monday	0.85	1.91
isnt	0.85	2.02
shirt	0.85	1.38
tin	0.85	1.28
ex	0.85	1.67
allow	0.85	2.50
asda	0.85	1.48
chose	0.85	2.37
diversity	0.85	1.13
opening	0.86	1.54
grammar	0.86	2.02
houses	0.86	1.34
rough	0.86	1.38
competitive	0.86	1.47
products	0.86	1.33
reddit	0.86	1.91
built	0.86	1.38
subreddit	0.86	1.92
importantly	0.86	1.62
lots	0.86	2.00
channels	0.86	1.36
famous	0.86	1.20
gambling	0.86	1.46
flag	0.87	1.19
r/scotland	0.87	1.93
worried	0.87	2.86
obliged	0.87	2.68
must	0.87	3.18
original	0.87	2.43
open	0.87	1.75
boat	0.87	1.63
queen	0.88	1.31
modern	0.88	1.43
way	0.88	3.36
disagreeing	0.88	3.63
r/unitedkingdom	0.88	1.94
aldi	0.88	1.48
comedy	0.88	1.37
broadcast	0.88	1.37
england	0.88	1.40
mouth	0.88	1.50
harry	0.89	1.32
convenient	0.89	1.64
r/uk	0.89	1.92
islands	0.89	1.28
season	0.89	1.52
chase	0.89	1.57
mods	0.89	1.95
price	0.89	1.59
carefully	0.89	2.03
banned	0.89	1.79
regions	0.89	1.42
involves	0.89	1.82
busy	0.89	1.49
sounds	0.89	1.70
sure	0.89	3.51
excess	0.90	1.31
posting	0.90	1.99
programmes	0.90	1.37
building	0.90	1.35
suit	0.90	1.50
homes	0.90	1.33
solid	0.91	1.75
refusing	0.91	2.45
karma	0.91	1.93
television	0.91	1.35
posted	0.91	2.07
refuse	0.91	2.61
reminds	0.91	1.85
tank	0.91	1.22
sold	0.91	1.37
cheaper	0.91	1.94
red	0.91	1.28
locals	0.92	1.23
critical	0.92	1.47
hall	0.92	1.47
nearest	0.92	1.50
pieces	0.92	1.49
doors	0.92	1.63
huge	0.92	1.30
boy	0.92	1.61
telling	0.92	2.69
eyes	0.93	1.62
videos	0.93	1.55
itv	0.93	1.37
recording	0.93	1.33
description	0.93	1.73
youtube	0.93	1.46
world	0.93	3.28
posts	0.93	1.96
selection	0.93	1.41
bbc	0.94	1.38
channel	0.94	1.39
bet	0.94	3.14
meant	0.94	3.65
fuck	0.94	2.21
programs	0.94	1.41
50p	0.94	1.32
metal	0.95	1.32
while	0.95	2.51
apologise	0.95	2.49
sacrifice	0.95	1.43
tesco	0.95	1.49
title	0.95	2.43
ftfy	0.95	1.45
smokers	0.96	1.39
poster	0.96	2.53
iplayer	0.96	1.38
added	0.96	1.81
steam	0.96	1.36
upvoted	0.96	1.96
exercise	0.96	1.36
morning	0.96	1.91
cat	0.96	1.31
contain	0.96	1.39
amp	0.96	1.26
centre	0.96	1.41
ball	0.97	1.35
show	0.97	1.41
consistent	0.97	1.66
explanation	0.97	1.81
clothes	0.97	1.34
subsidised	0.97	1.48
comments	0.97	1.99
affordable	0.97	1.49
yours	0.97	2.05
listened	0.98	1.70
liking	0.98	1.56
link	0.98	2.04
opened	0.98	1.57
boots	0.98	1.49
safer	0.98	2.04
sell	0.99	1.37
scratch	0.99	1.73
peaceful	0.99	1.32
clear	1.00	2.95
ensure	1.00	1.87
dark	1.00	1.35
peak	1.00	1.39
city	1.00	1.42
wiki	1.01	1.89
clip	1.01	1.38
listening	1.01	1.82
surprised	1.01	2.99
replies	1.01	2.03
selling	1.02	1.31
u	1.02	1.64
garden	1.02	1.35
walks	1.02	2.34
3rd	1.02	3.33
parent	1.02	1.54
mature	1.02	1.32
yellow	1.03	1.30
day	1.03	1.96
liked	1.03	2.10
download	1.03	1.38
confirm	1.03	1.99
contribute	1.03	1.53
neighbour	1.04	1.56
dogs	1.04	1.28
guide	1.04	1.36
near	1.05	1.88
gear	1.05	1.32
historic	1.05	1.21
bought	1.05	1.37
part	1.05	1.46
interesting	1.06	1.92
made	1.06	2.98
misunderstood	1.06	3.47
afaik	1.06	1.51
check	1.06	2.00
grass	1.07	1.32
wild	1.07	1.13
neutral	1.07	1.61
naked	1.07	1.40
delete	1.07	2.01
luxury	1.07	1.47
priced	1.08	1.40
adverts	1.08	1.35
deleted	1.08	2.13
fellow	1.08	1.47
blue	1.08	1.33
alternative	1.09	1.96
holidays	1.09	1.70
safe	1.09	1.64
shut	1.09	1.81
region	1.09	1.45
lord	1.09	1.38
iirc	1.09	1.73
downvote	1.09	1.98
river	1.09	1.32
wash	1.10	1.24
post	1.10	2.15
streets	1.10	1.37
south	1.10	1.44
downvoting	1.10	2.07
activities	1.10	1.33
secure	1.10	1.72
golden	1.10	2.28
pack	1.10	1.15
wise	1.10	1.46
enormous	1.10	1.22
advise	1.11	1.85
comment	1.11	2.16
replying	1.11	2.58
bulk	1.11	1.38
southern	1.11	1.30
brighton	1.11	1.48
comprehensive	1.12	1.38
richard	1.12	1.19
sea	1.12	1.26
wales	1.12	1.36
downvoted	1.12	2.04
helped	1.12	1.94
smart	1.13	1.59
corner	1.13	1.56
soft	1.13	1.27
parents	1.13	1.60
gift	1.13	1.60
parts	1.13	1.46
live	1.13	2.10
didnt	1.14	2.64
characters	1.14	1.20
east	1.14	1.32
performance	1.14	1.42
balanced	1.15	1.61
bugger	1.15	1.51
alternatively	1.15	1.90
stores	1.15	1.35
buy	1.15	1.54
subjects	1.15	1.73
provides	1.15	1.43
unbiased	1.15	1.57
comfort	1.15	1.51
joking	1.15	2.01
bob	1.15	1.09
weekends	1.15	1.72
joke	1.16	1.65
netflix	1.16	1.35
halal	1.16	1.13
wtf	1.16	1.39
sheep	1.17	1.14
history	1.17	1.43
holiday	1.17	1.52
nicely	1.17	1.90
local	1.17	1.33
bridge	1.17	1.38
desirable	1.18	1.45
proper	1.18	1.44
gon	1.18	2.48
concrete	1.18	1.45
midlands	1.18	1.37
bloke	1.19	2.08
flood	1.19	1.26
tv	1.19	1.35
bonus	1.19	1.33
afterwards	1.19	2.11
tolerant	1.19	1.22
upvote	1.19	1.77
good	1.19	2.09
please	1.19	2.55
fan	1.20	1.43
pictures	1.20	1.59
produce	1.20	1.37
apple	1.20	1.31
kitchen	1.20	1.26
bloody	1.20	1.52
watched	1.21	1.52
burning	1.21	1.10
shows	1.21	1.40
friday	1.21	1.77
whilst	1.21	2.12
valid	1.22	2.95
piss	1.22	1.34
serve	1.22	1.28
supposedly	1.22	1.54
band	1.22	1.32
saturday	1.22	1.78
closing	1.23	1.52
addition	1.23	1.71
storm	1.23	1.15
consume	1.23	1.37
his	1.23	1.77
chip	1.24	1.22
rational	1.24	1.62
top	1.24	3.16
washing	1.24	1.24
photo	1.25	1.65
valuable	1.25	1.48
dave	1.25	1.50
animal	1.26	1.11
teams	1.27	1.27
north	1.28	1.50
afternoon	1.29	1.81
aware	1.29	3.02
kept	1.29	1.70
diet	1.29	1.33
add	1.29	1.55
supermarkets	1.29	1.41
calories	1.29	1.38
sink	1.30	1.26
informed	1.30	1.79
plays	1.30	1.32
conversation	1.30	1.87
team	1.31	1.24
im	1.31	2.55
prince	1.32	1.22
radio	1.32	1.51
watch	1.32	1.34
ok	1.32	3.35
bag	1.32	1.28
sight	1.32	1.38
yay	1.32	2.22
future	1.32	2.92
missed	1.32	2.30
spring	1.33	1.47
kid	1.33	1.76
shop	1.33	1.39
league	1.33	1.35
supermarket	1.33	1.41
stable	1.34	1.53
nights	1.34	1.70
counties	1.34	1.35
packet	1.34	1.22
song	1.34	1.61
na	1.35	2.36
design	1.35	1.46
evening	1.36	1.75
holy	1.36	2.01
trees	1.36	1.29
bright	1.36	1.35
documentary	1.37	1.30
picture	1.37	1.66
star	1.37	1.35
quick	1.37	1.55
family	1.37	1.62
farms	1.37	1.31
book	1.38	1.45
populated	1.38	1.33
sarcasm	1.38	1.92
west	1.38	1.32
sunday	1.38	1.68
jeremy	1.39	1.26
op	1.39	2.43
stayed	1.39	1.73
better	1.40	2.90
daughter	1.40	1.68
watching	1.40	1.32
image	1.41	1.57
erm	1.41	1.75
her	1.41	1.88
dry	1.41	1.27
pirate	1.41	1.40
football	1.41	1.22
ya	1.41	1.62
downvotes	1.41	1.91
shopping	1.42	1.32
tips	1.42	1.43
interested	1.42	2.80
mother	1.42	1.69
tonight	1.43	1.75
sir	1.43	1.28
mum	1.44	2.03
entertainment	1.44	1.33
proud	1.45	2.43
grew	1.45	1.48
creative	1.45	1.34
realistic	1.45	2.63
bottles	1.45	1.41
farmers	1.46	1.22
afraid	1.46	2.82
circle	1.46	2.50
shall	1.46	2.31
wet	1.47	1.23
btw	1.47	2.27
error	1.47	2.96
father	1.47	1.69
game	1.47	1.27
advert	1.47	1.29
quality	1.47	1.37
players	1.48	1.27
assuming	1.48	3.33
forth	1.48	1.46
continue	1.48	2.41
son	1.48	1.66
grandparents	1.49	1.64
merely	1.49	3.15
husband	1.49	1.72
logical	1.50	2.76
relatives	1.50	1.51
wife	1.51	1.73
player	1.51	1.27
reply	1.51	2.11
ultimate	1.52	2.65
regularly	1.52	1.55
animals	1.52	1.11
partially	1.52	2.96
serves	1.52	2.10
orange	1.52	1.24
farm	1.53	1.20
brothers	1.53	1.37
posh	1.54	1.94
man	1.54	1.80
questioning	1.54	2.96
input	1.54	1.73
okay	1.54	2.57
tune	1.54	1.62
land	1.55	1.33
correctly	1.55	3.01
sister	1.55	1.80
friend	1.55	1.88
generous	1.56	1.24
sports	1.56	1.26
yorkshire	1.56	1.32
mine	1.56	2.09
county	1.57	1.33
piece	1.57	1.41
dad	1.57	1.76
rugby	1.57	1.25
offices	1.57	1.40
spends	1.57	2.79
hence	1.57	2.78
dunno	1.58	1.92
mistake	1.58	2.90
explaining	1.59	2.04
remote	1.59	1.06
drunk	1.59	1.49
meanwhile	1.60	2.47
luck	1.60	2.03
friends	1.60	1.75
meat	1.61	1.19
import	1.61	1.34
hotel	1.61	1.41
alcohol	1.61	1.40
lay	1.62	2.45
detailed	1.62	1.44
ai	1.62	1.81
healthy	1.63	1.36
kingdom	1.63	1.26
my	1.64	1.91
factual	1.64	3.08
club	1.64	1.31
girlfriend	1.65	1.75
mad	1.66	1.74
britain	1.66	1.26
sensible	1.66	1.69
strictly	1.67	3.02
yeah	1.67	2.40
wanting	1.67	2.84
yup	1.67	1.77
advice	1.67	1.61
wish	1.67	3.00
hunt	1.67	2.38
lad	1.68	1.60
lady	1.68	1.55
p	1.68	1.74
honest	1.69	2.89
eat	1.69	1.24
hill	1.70	1.36
heating	1.70	1.35
accurate	1.70	2.52
essex	1.71	1.37
outcomes	1.71	2.84
play	1.71	1.30
night	1.72	1.57
keen	1.72	2.69
books	1.72	1.46
apologies	1.72	2.43
hello	1.72	1.44
belt	1.72	1.33
devil	1.73	1.35
pot	1.73	1.36
sigh	1.74	1.68
fields	1.74	1.38
lunch	1.74	1.47
eating	1.74	1.26
decent	1.75	2.00
island	1.75	1.21
sorry	1.75	2.41
played	1.75	1.30
sharing	1.75	1.44
exciting	1.76	1.91
supposed	1.76	2.94
trip	1.76	1.55
confident	1.76	2.62
gold	1.77	1.66
lads	1.77	1.60
forgot	1.77	2.07
spaces	1.77	1.31
birthday	1.77	1.42
buildings	1.77	1.02
literature	1.77	1.50
whichever	1.78	2.52
bond	1.78	1.19
laughed	1.79	1.67
estates	1.79	1.29
firstly	1.80	2.61
appropriate	1.80	2.61
heh	1.80	1.73
ha	1.81	1.73
info	1.81	1.65
childhood	1.81	1.20
video	1.82	1.36
hunting	1.82	1.23
insight	1.83	1.36
rock	1.83	1.34
games	1.83	1.28
em	1.84	1.97
nope	1.84	2.18
regular	1.85	1.51
foods	1.85	1.29
er	1.85	1.62
willing	1.85	2.93
cos	1.86	1.88
cooking	1.87	1.31
allowed	1.87	2.93
hoping	1.87	2.84
food	1.87	1.27
username	1.88	2.01
kettle	1.88	1.27
trips	1.88	1.36
surrounding	1.88	1.15
prepare	1.88	1.47
til	1.89	1.57
expected	1.90	2.89
inclined	1.90	2.77
snow	1.90	1.30
thats	1.90	2.12
area	1.91	1.40
sand	1.92	1.13
heat	1.92	1.28
cities	1.93	1.35
hmm	1.93	2.12
worries	1.93	2.04
places	1.93	1.92
your	1.93	2.94
prepared	1.94	2.95
sticks	1.94	1.32
edit	1.95	2.26
eh	1.95	1.92
initial	1.95	2.94
smell	1.96	1.30
park	1.97	1.38
packed	1.98	1.34
expecting	1.99	2.88
dear	1.99	1.56
oh	2.00	1.85
fruit	2.00	1.19
episode	2.00	1.18
mate	2.00	2.08
lol	2.00	1.73
mcdonalds	2.01	1.27
character	2.01	1.11
areas	2.03	1.31
yea	2.04	1.67
careful	2.05	2.36
cup	2.06	1.24
movies	2.07	1.28
cake	2.07	1.32
glad	2.07	2.59
celebrity	2.07	2.24
spelling	2.08	2.69
centres	2.09	1.27
glass	2.09	1.36
bottle	2.10	1.38
sandwich	2.11	1.20
chain	2.12	1.50
breakfast	2.13	1.35
water	2.13	1.25
dead	2.14	2.06
theme	2.14	1.21
reputation	2.14	1.90
guys	2.14	2.06
nah	2.14	1.82
served	2.14	1.25
quo	2.15	2.53
pizza	2.15	1.21
impressive	2.15	1.53
clever	2.16	1.66
rain	2.16	1.25
shops	2.16	1.35
sport	2.18	1.25
rural	2.19	1.31
drama	2.19	1.24
mates	2.20	1.54
christmas	2.20	1.39
edited	2.22	2.87
cook	2.22	1.27
tourist	2.22	1.22
alright	2.22	1.91
sake	2.23	1.75
winter	2.23	1.32
tastes	2.25	1.29
clubs	2.25	1.22
intelligent	2.25	1.43
happier	2.25	2.35
salt	2.26	1.22
offers	2.26	1.94
summer	2.26	1.42
mix	2.26	1.23
town	2.26	1.41
laugh	2.26	1.59
forgive	2.27	2.11
pop	2.27	1.40
hot	2.27	1.26
aye	2.28	1.79
corrected	2.29	2.56
playing	2.29	1.30
tap	2.31	1.32
fish	2.31	1.15
hey	2.34	1.91
coke	2.34	1.35
happily	2.35	2.69
ah	2.36	1.86
pork	2.36	1.12
ahh	2.37	1.76
meals	2.38	1.28
dinner	2.38	1.38
sugar	2.39	1.24
excellent	2.39	1.66
close	2.40	1.88
reminded	2.40	1.72
ice	2.42	1.21
pint	2.42	1.39
cold	2.44	1.29
jesus	2.45	1.60
jam	2.46	1.20
visit	2.47	1.41
thanks	2.47	1.72
ideal	2.48	2.23
series	2.48	1.09
cheers	2.49	1.79
meal	2.49	1.28
visiting	2.49	1.35
nearby	2.50	1.40
spot	2.50	1.65
urban	2.51	1.26
egg	2.52	1.11
bread	2.52	1.13
bacon	2.52	1.11
chips	2.56	1.17
thank	2.58	1.64
chicken	2.59	1.12
restaurant	2.60	1.22
movie	2.60	1.04
comfortable	2.60	2.04
glorious	2.60	0.95
sauce	2.61	1.14
yep	2.62	1.60
bars	2.64	1.23
drinks	2.65	1.29
butter	2.66	1.13
weekend	2.67	1.36
god	2.67	1.69
fresh	2.69	1.17
cinema	2.69	1.13
cornwall	2.70	1.16
scene	2.71	1.09
cream	2.71	1.19
ready	2.72	2.37
tho	2.73	1.87
cheese	2.73	1.12
bar	2.74	1.29
looks	2.76	1.53
film	2.77	1.05
atmosphere	2.77	1.08
pub	2.78	1.33
eggs	2.78	1.81
curry	2.78	1.17
coast	2.78	1.13
calm	2.81	1.32
films	2.81	1.06
appreciate	2.83	1.72
haha	2.83	1.61
milk	2.84	1.14
dream	2.84	1.32
chocolate	2.88	1.13
wow	2.88	1.56
biscuits	2.89	1.18
tea	2.91	1.22
tons	2.91	1.74
place	2.92	2.24
great	2.93	1.38
village	2.99	1.15
towns	3.00	1.10
wonderful	3.03	1.44
drink	3.03	1.24
enjoyed	3.04	1.19
ta	3.05	1.75
impressed	3.07	1.92
pleased	3.07	1.97
brilliant	3.08	1.36
cheap	3.08	1.61
coffee	3.09	1.23
welcome	3.09	1.69
booze	3.09	1.22
kidding	3.11	1.73
weather	3.13	1.27
recommend	3.13	1.39
drinking	3.15	1.20
attractive	3.15	1.62
tits	3.16	1.64
dude	3.17	1.63
district	3.22	1.08
huh	3.22	1.61
incredible	3.24	0.99
hi	3.27	1.60
prefer	3.28	1.77
damn	3.28	1.27
miss	3.29	1.49
brother	3.29	1.96
nicer	3.41	1.61
alive	3.42	1.82
restaurants	3.47	1.39
fancy	3.51	1.54
chap	3.54	1.41
parks	3.55	0.98
fun	3.67	1.29
warm	3.77	1.30
wine	3.78	1.39
enjoying	3.80	1.55
music	3.81	1.34
chat	3.84	1.32
beer	3.86	1.36
polite	3.86	1.34
art	3.86	1.16
friendly	3.88	1.16
helpful	3.94	0.94
grey	3.98	1.15
beach	3.98	1.11
quiet	3.99	1.29
cool	4.08	1.05
pie	4.10	1.14
pleasant	4.20	0.95
pubs	4.24	1.13
taste	4.24	1.22
countryside	4.29	1.01
sweet	4.31	1.02
favourite	4.53	0.68
beautiful	4.63	0.71
enjoy	4.77	0.78
lovely	4.83	0.60
